local_id,x,y,z,rib_index,stringer_index,tag,h,global_id
797,31.6357177516464,18.1323048323686,0.01,-2,9,stringer,extrados,1
884,30.7592787611228,17.6271636565544,0.01,-2,10,stringer,extrados,2
968,29.8828397705992,17.1220224807403,0.01,-2,11,stringer,extrados,3
1050,29.0064007800756,16.6168813049261,0.01,-2,12,stringer,extrados,4
1129,28.129961789552,16.111740129112,0.01,-2,13,stringer,extrados,5
1205,27.2535227990283,15.6065989532978,0.01,-2,14,stringer,extrados,6
1278,26.3770838085047,15.1014577774836,0.01,-2,15,stringer,extrados,7
1349,25.5006448179811,14.5963166016695,0.01,-2,16,stringer,extrados,8
1417,24.6242058274575,14.0911754258553,0.01,-2,17,stringer,extrados,9
1483,23.7477668369339,13.5860342500412,0.01,-2,18,stringer,extrados,10
1546,22.8713278464103,13.080893074227,0.01,-2,19,stringer,extrados,11
1606,21.9948888558866,12.5757518984129,0.01,-2,20,stringer,extrados,12
1663,21.118449865363,12.0706107225987,0.01,-2,21,stringer,extrados,13
1717,20.2420108748394,11.5654695467845,0.01,-2,22,stringer,extrados,14
1770,19.3655718843158,11.0603283709704,0.01,-2,23,stringer,extrados,15
1820,18.4891328937922,10.5551871951562,0.01,-2,24,stringer,extrados,16
1867,17.6126939032685,10.0500460193421,0.01,-2,25,stringer,extrados,17
1911,16.7362549127449,9.54490484352792,0.01,-2,26,stringer,extrados,18
1952,15.8598159222213,9.03976366771376,0.01,-2,27,stringer,extrados,19
1990,14.9833769316977,8.53462249189961,0.01,-2,28,stringer,extrados,20
2025,14.1069379411741,8.02948131608545,0.01,-2,29,stringer,extrados,21
2058,13.2304989506505,7.5243401402713,0.01,-2,30,stringer,extrados,22
2088,12.3540599601268,7.01919896445714,0.01,-2,31,stringer,extrados,23
2115,11.4776209696032,6.51405778864298,0.01,-2,32,stringer,extrados,24
2139,10.6011819790796,6.00891661282883,0.01,-2,33,stringer,extrados,25
2160,9.72474298855598,5.50377543701467,0.01,-2,34,stringer,extrados,26
2178,8.84830399803236,4.99863426120052,0.01,-2,35,stringer,extrados,27
2193,7.97186500750874,4.49349308538636,0.01,-2,36,stringer,extrados,28
2206,7.09542601698513,3.98835190957221,0.01,-2,37,stringer,extrados,29
2216,6.2189870264615,3.48321073375805,0.01,-2,38,stringer,extrados,30
2223,5.34254803593789,2.97806955794389,0.01,-2,39,stringer,extrados,31
2227,4.46610904541427,2.47292838212974,0.01,-2,40,stringer,extrados,32
1,2.98,8.58428058428197,0.01,-1,1,stringer,extrados,33
89,2.98,8.41306116856395,0.01,-1,2,stringer,extrados,34
177,2.98,8.24184175284592,0.01,-1,3,stringer,extrados,35
265,2.98,8.07062233712789,0.01,-1,4,stringer,extrados,36
353,2.98,7.89940292140987,0.01,-1,5,stringer,extrados,37
441,2.98,7.72818350569184,0.01,-1,6,stringer,extrados,38
530,2.98,7.55696408997381,0.01,-1,7,stringer,extrados,39
619,2.98,7.38574467425578,0.01,-1,8,stringer,extrados,40
708,2.98,7.21452525853776,0.01,-1,9,stringer,extrados,41
798,2.98,7.04330584281973,0.01,-1,10,stringer,extrados,42
885,2.98,6.8720864271017,0.01,-1,11,stringer,extrados,43
969,2.98,6.70086701138368,0.01,-1,12,stringer,extrados,44
1051,2.98,6.52964759566565,0.01,-1,13,stringer,extrados,45
1130,2.98,6.35842817994762,0.01,-1,14,stringer,extrados,46
1206,2.98,6.18720876422959,0.01,-1,15,stringer,extrados,47
1279,2.98,6.01598934851157,0.01,-1,16,stringer,extrados,48
1350,2.98,5.84476993279354,0.01,-1,17,stringer,extrados,49
1418,2.98,5.67355051707551,0.01,-1,18,stringer,extrados,50
1484,2.98,5.50233110135749,0.01,-1,19,stringer,extrados,51
1547,2.98,5.33111168563946,0.01,-1,20,stringer,extrados,52
1607,2.98,5.15989226992143,0.01,-1,21,stringer,extrados,53
1664,2.98,4.9886728542034,0.01,-1,22,stringer,extrados,54
1718,2.98,4.81745343848538,0.01,-1,23,stringer,extrados,55
1771,2.98,4.64623402276735,0.01,-1,24,stringer,extrados,56
1821,2.98,4.47501460704932,0.01,-1,25,stringer,extrados,57
1868,2.98,4.3037951913313,0.01,-1,26,stringer,extrados,58
1912,2.98,4.13257577561327,0.01,-1,27,stringer,extrados,59
1953,2.98,3.96135635989524,0.01,-1,28,stringer,extrados,60
1991,2.98,3.79013694417721,0.01,-1,29,stringer,extrados,61
2026,2.98,3.61891752845919,0.01,-1,30,stringer,extrados,62
2059,2.98,3.44769811274116,0.01,-1,31,stringer,extrados,63
2089,2.98,3.27647869702313,0.01,-1,32,stringer,extrados,64
2116,2.98,3.10525928130511,0.01,-1,33,stringer,extrados,65
2140,2.98,2.93403986558708,0.01,-1,34,stringer,extrados,66
2161,2.98,2.76282044986905,0.01,-1,35,stringer,extrados,67
2179,2.98,2.59160103415102,0.01,-1,36,stringer,extrados,68
2194,2.98,2.420381618433,0.01,-1,37,stringer,extrados,69
2207,2.98,2.24916220271497,0.01,-1,38,stringer,extrados,70
2217,2.98,2.07794278699694,0.01,-1,39,stringer,extrados,71
2224,2.98,1.90672337127892,0.01,-1,40,stringer,extrados,72
1,2.98,4.82327796246619,0.01,1,-2,rear spars,extrados,73
1,3.98182376515712,2.19380748661546,0.01,1,-1,front spars,extrados,74
1719,2.98193783775272,4.81819175136302,0.01,1,23,stringer,extrados,75
1772,3.03890308484759,4.66867599759967,0.01,1,24,stringer,extrados,76
1822,3.09586833194246,4.51916024383633,0.01,1,25,stringer,extrados,77
1869,3.15283357903732,4.36964449007299,0.01,1,26,stringer,extrados,78
1913,3.20979882613219,4.22012873630964,0.01,1,27,stringer,extrados,79
1954,3.26676407322706,4.0706129825463,0.01,1,28,stringer,extrados,80
1992,3.32372932032193,3.92109722878296,0.01,1,29,stringer,extrados,81
2027,3.3806945674168,3.77158147501962,0.01,1,30,stringer,extrados,82
2060,3.43765981451167,3.62206572125627,0.01,1,31,stringer,extrados,83
2090,3.49462506160653,3.47254996749293,0.01,1,32,stringer,extrados,84
2117,3.5515903087014,3.32303421372959,0.01,1,33,stringer,extrados,85
2141,3.60855555579627,3.17351845996624,0.01,1,34,stringer,extrados,86
2162,3.66552080289114,3.0240027062029,0.01,1,35,stringer,extrados,87
2180,3.72248604998601,2.87448695243956,0.01,1,36,stringer,extrados,88
2195,3.77945129708088,2.72497119867622,0.01,1,37,stringer,extrados,89
2208,3.83641654417574,2.57545544491287,0.01,1,38,stringer,extrados,90
2218,3.89338179127061,2.42593969114953,0.01,1,39,stringer,extrados,91
2225,3.95034703836548,2.27642393738619,0.01,1,40,stringer,extrados,92
2,2.98,5.80633347184964,0.01,2,-2,rear spars,extrados,93
2,4.28892880105054,2.3708094235523,0.01,2,-1,front spars,extrados,94
1419,3.02417731363569,5.69038199819976,0.01,2,18,stringer,extrados,95
1485,3.08114256073056,5.54086624443641,0.01,2,19,stringer,extrados,96
1548,3.13810780782543,5.39135049067307,0.01,2,20,stringer,extrados,97
1608,3.1950730549203,5.24183473690973,0.01,2,21,stringer,extrados,98
1665,3.25203830201516,5.09231898314638,0.01,2,22,stringer,extrados,99
1720,3.30900354911003,4.94280322938304,0.01,2,23,stringer,extrados,100
1773,3.3659687962049,4.7932874756197,0.01,2,24,stringer,extrados,101
1823,3.42293404329977,4.64377172185635,0.01,2,25,stringer,extrados,102
1870,3.47989929039464,4.49425596809301,0.01,2,26,stringer,extrados,103
1914,3.5368645374895,4.34474021432967,0.01,2,27,stringer,extrados,104
1955,3.59382978458437,4.19522446056633,0.01,2,28,stringer,extrados,105
1993,3.65079503167924,4.04570870680298,0.01,2,29,stringer,extrados,106
2028,3.70776027877411,3.89619295303964,0.01,2,30,stringer,extrados,107
2061,3.76472552586898,3.7466771992763,0.01,2,31,stringer,extrados,108
2091,3.82169077296385,3.59716144551295,0.01,2,32,stringer,extrados,109
2118,3.87865602005871,3.44764569174961,0.01,2,33,stringer,extrados,110
2142,3.93562126715358,3.29812993798627,0.01,2,34,stringer,extrados,111
2163,3.99258651424845,3.14861418422293,0.01,2,35,stringer,extrados,112
2181,4.04955176134332,2.99909843045958,0.01,2,36,stringer,extrados,113
2196,4.10651700843819,2.84958267669624,0.01,2,37,stringer,extrados,114
2209,4.16348225553306,2.7000669229329,0.01,2,38,stringer,extrados,115
2219,4.22044750262792,2.55055116916955,0.01,2,39,stringer,extrados,116
2226,4.27741274972279,2.40103541540621,0.01,2,40,stringer,extrados,117
3,2.98,6.7893889812331,0.01,3,-2,rear spars,extrados,118
3,4.59603383694396,2.54781136048914,0.01,3,-1,front spars,extrados,119
970,3.00945154242379,6.71208799879984,0.01,3,12,stringer,extrados,120
1052,3.06641678951866,6.56257224503649,0.01,3,13,stringer,extrados,121
1131,3.12338203661353,6.41305649127315,0.01,3,14,stringer,extrados,122
1207,3.1803472837084,6.26354073750981,0.01,3,15,stringer,extrados,123
1280,3.23731253080327,6.11402498374647,0.01,3,16,stringer,extrados,124
1351,3.29427777789814,5.96450922998312,0.01,3,17,stringer,extrados,125
1420,3.351243024993,5.81499347621978,0.01,3,18,stringer,extrados,126
1486,3.40820827208787,5.66547772245644,0.01,3,19,stringer,extrados,127
1549,3.46517351918274,5.51596196869309,0.01,3,20,stringer,extrados,128
1609,3.52213876627761,5.36644621492975,0.01,3,21,stringer,extrados,129
1666,3.57910401337248,5.21693046116641,0.01,3,22,stringer,extrados,130
1721,3.63606926046735,5.06741470740306,0.01,3,23,stringer,extrados,131
1774,3.69303450756221,4.91789895363972,0.01,3,24,stringer,extrados,132
1824,3.74999975465708,4.76838319987638,0.01,3,25,stringer,extrados,133
1871,3.80696500175195,4.61886744611304,0.01,3,26,stringer,extrados,134
1915,3.86393024884682,4.46935169234969,0.01,3,27,stringer,extrados,135
1956,3.92089549594169,4.31983593858635,0.01,3,28,stringer,extrados,136
1994,3.97786074303656,4.17032018482301,0.01,3,29,stringer,extrados,137
2029,4.03482599013142,4.02080443105966,0.01,3,30,stringer,extrados,138
2062,4.09179123722629,3.87128867729632,0.01,3,31,stringer,extrados,139
2092,4.14875648432116,3.72177292353298,0.01,3,32,stringer,extrados,140
2119,4.20572173141603,3.57225716976964,0.01,3,33,stringer,extrados,141
2143,4.2626869785109,3.42274141600629,0.01,3,34,stringer,extrados,142
2164,4.31965222560576,3.27322566224295,0.01,3,35,stringer,extrados,143
2182,4.37661747270063,3.12370990847961,0.01,3,36,stringer,extrados,144
2197,4.4335827197955,2.97419415471626,0.01,3,37,stringer,extrados,145
2210,4.49054796689037,2.82467840095292,0.01,3,38,stringer,extrados,146
2220,4.54751321398524,2.67516264718958,0.01,3,39,stringer,extrados,147
4,2.98,7.77244449061655,0.01,4,-2,rear spars,extrados,148
4,4.90313887283737,2.72481329742598,0.01,4,-1,front spars,extrados,149
442,2.9947257712119,7.73379399939992,0.01,4,6,stringer,extrados,150
531,3.05169101830677,7.58427824563658,0.01,4,7,stringer,extrados,151
620,3.10865626540163,7.43476249187323,0.01,4,8,stringer,extrados,152
709,3.1656215124965,7.28524673810989,0.01,4,9,stringer,extrados,153
799,3.22258675959137,7.13573098434655,0.01,4,10,stringer,extrados,154
886,3.27955200668624,6.9862152305832,0.01,4,11,stringer,extrados,155
971,3.33651725378111,6.83669947681986,0.01,4,12,stringer,extrados,156
1053,3.39348250087597,6.68718372305652,0.01,4,13,stringer,extrados,157
1132,3.45044774797084,6.53766796929318,0.01,4,14,stringer,extrados,158
1208,3.50741299506571,6.38815221552983,0.01,4,15,stringer,extrados,159
1281,3.56437824216058,6.23863646176649,0.01,4,16,stringer,extrados,160
1352,3.62134348925545,6.08912070800315,0.01,4,17,stringer,extrados,161
1421,3.67830873635032,5.9396049542398,0.01,4,18,stringer,extrados,162
1487,3.73527398344518,5.79008920047646,0.01,4,19,stringer,extrados,163
1550,3.79223923054005,5.64057344671312,0.01,4,20,stringer,extrados,164
1610,3.84920447763492,5.49105769294977,0.01,4,21,stringer,extrados,165
1667,3.90616972472979,5.34154193918643,0.01,4,22,stringer,extrados,166
1722,3.96313497182466,5.19202618542309,0.01,4,23,stringer,extrados,167
1775,4.02010021891953,5.04251043165975,0.01,4,24,stringer,extrados,168
1825,4.07706546601439,4.8929946778964,0.01,4,25,stringer,extrados,169
1872,4.13403071310926,4.74347892413306,0.01,4,26,stringer,extrados,170
1916,4.19099596020413,4.59396317036972,0.01,4,27,stringer,extrados,171
1957,4.247961207299,4.44444741660637,0.01,4,28,stringer,extrados,172
1995,4.30492645439387,4.29493166284303,0.01,4,29,stringer,extrados,173
2030,4.36189170148874,4.14541590907969,0.01,4,30,stringer,extrados,174
2063,4.4188569485836,3.99590015531635,0.01,4,31,stringer,extrados,175
2093,4.47582219567847,3.846384401553,0.01,4,32,stringer,extrados,176
2120,4.53278744277334,3.69686864778966,0.01,4,33,stringer,extrados,177
2144,4.58975268986821,3.54735289402632,0.01,4,34,stringer,extrados,178
2165,4.64671793696308,3.39783714026297,0.01,4,35,stringer,extrados,179
2183,4.70368318405794,3.24832138649963,0.01,4,36,stringer,extrados,180
2198,4.76064843115281,3.09880563273629,0.01,4,37,stringer,extrados,181
2211,4.81761367824768,2.94928987897294,0.01,4,38,stringer,extrados,182
2221,4.87457892534255,2.7997741252096,0.01,4,39,stringer,extrados,183
5,2.98,8.7555,0.01,5,-2,rear spars,extrados,184
5,5.21024390873079,2.90181523436282,0.01,5,-1,front spars,extrados,185
2,3.03696524709487,8.60598424623666,0.01,5,1,stringer,extrados,186
90,3.09393049418974,8.45646849247332,0.01,5,2,stringer,extrados,187
178,3.15089574128461,8.30695273870997,0.01,5,3,stringer,extrados,188
266,3.20786098837947,8.15743698494663,0.01,5,4,stringer,extrados,189
354,3.26482623547434,8.00792123118329,0.01,5,5,stringer,extrados,190
443,3.32179148256921,7.85840547741994,0.01,5,6,stringer,extrados,191
532,3.37875672966408,7.7088897236566,0.01,5,7,stringer,extrados,192
621,3.43572197675895,7.55937396989326,0.01,5,8,stringer,extrados,193
710,3.49268722385382,7.40985821612991,0.01,5,9,stringer,extrados,194
800,3.54965247094868,7.26034246236657,0.01,5,10,stringer,extrados,195
887,3.60661771804355,7.11082670860323,0.01,5,11,stringer,extrados,196
972,3.66358296513842,6.96131095483989,0.01,5,12,stringer,extrados,197
1054,3.72054821223329,6.81179520107654,0.01,5,13,stringer,extrados,198
1133,3.77751345932816,6.6622794473132,0.01,5,14,stringer,extrados,199
1209,3.83447870642302,6.51276369354986,0.01,5,15,stringer,extrados,200
1282,3.89144395351789,6.36324793978651,0.01,5,16,stringer,extrados,201
1353,3.94840920061276,6.21373218602317,0.01,5,17,stringer,extrados,202
1422,4.00537444770763,6.06421643225983,0.01,5,18,stringer,extrados,203
1488,4.0623396948025,5.91470067849649,0.01,5,19,stringer,extrados,204
1551,4.11930494189737,5.76518492473314,0.01,5,20,stringer,extrados,205
1611,4.17627018899223,5.6156691709698,0.01,5,21,stringer,extrados,206
1668,4.2332354360871,5.46615341720646,0.01,5,22,stringer,extrados,207
1723,4.29020068318197,5.31663766344311,0.01,5,23,stringer,extrados,208
1776,4.34716593027684,5.16712190967977,0.01,5,24,stringer,extrados,209
1826,4.40413117737171,5.01760615591643,0.01,5,25,stringer,extrados,210
1873,4.46109642446658,4.86809040215308,0.01,5,26,stringer,extrados,211
1917,4.51806167156144,4.71857464838974,0.01,5,27,stringer,extrados,212
1958,4.57502691865631,4.5690588946264,0.01,5,28,stringer,extrados,213
1996,4.63199216575118,4.41954314086306,0.01,5,29,stringer,extrados,214
2031,4.68895741284605,4.27002738709971,0.01,5,30,stringer,extrados,215
2064,4.74592265994092,4.12051163333637,0.01,5,31,stringer,extrados,216
2094,4.80288790703579,3.97099587957303,0.01,5,32,stringer,extrados,217
2121,4.85985315413065,3.82148012580968,0.01,5,33,stringer,extrados,218
2145,4.91681840122552,3.67196437204634,0.01,5,34,stringer,extrados,219
2166,4.97378364832039,3.522448618283,0.01,5,35,stringer,extrados,220
2184,5.03074889541526,3.37293286451966,0.01,5,36,stringer,extrados,221
2199,5.08771414251013,3.22341711075631,0.01,5,37,stringer,extrados,222
2212,5.14467938960499,3.07390135699297,0.01,5,38,stringer,extrados,223
2222,5.20164463669986,2.92438560322963,0.01,5,39,stringer,extrados,224
6,3.30706571135731,8.88011147802003,0.01,6,-2,rear spars,extrados,225
6,5.51734894462421,3.07881717129966,0.01,6,-1,front spars,extrados,226
3,3.36403095845218,8.73059572425668,0.01,6,1,stringer,extrados,227
91,3.42099620554705,8.58107997049334,0.01,6,2,stringer,extrados,228
179,3.47796145264192,8.43156421673,0.01,6,3,stringer,extrados,229
267,3.53492669973679,8.28204846296665,0.01,6,4,stringer,extrados,230
355,3.59189194683165,8.13253270920331,0.01,6,5,stringer,extrados,231
444,3.64885719392652,7.98301695543997,0.01,6,6,stringer,extrados,232
533,3.70582244102139,7.83350120167662,0.01,6,7,stringer,extrados,233
622,3.76278768811626,7.68398544791328,0.01,6,8,stringer,extrados,234
711,3.81975293521113,7.53446969414994,0.01,6,9,stringer,extrados,235
801,3.876718182306,7.3849539403866,0.01,6,10,stringer,extrados,236
888,3.93368342940086,7.23543818662325,0.01,6,11,stringer,extrados,237
973,3.99064867649573,7.08592243285991,0.01,6,12,stringer,extrados,238
1055,4.0476139235906,6.93640667909657,0.01,6,13,stringer,extrados,239
1134,4.10457917068547,6.78689092533322,0.01,6,14,stringer,extrados,240
1210,4.16154441778034,6.63737517156988,0.01,6,15,stringer,extrados,241
1283,4.2185096648752,6.48785941780654,0.01,6,16,stringer,extrados,242
1354,4.27547491197007,6.3383436640432,0.01,6,17,stringer,extrados,243
1423,4.33244015906494,6.18882791027985,0.01,6,18,stringer,extrados,244
1489,4.38940540615981,6.03931215651651,0.01,6,19,stringer,extrados,245
1552,4.44637065325468,5.88979640275317,0.01,6,20,stringer,extrados,246
1612,4.50333590034955,5.74028064898982,0.01,6,21,stringer,extrados,247
1669,4.56030114744441,5.59076489522648,0.01,6,22,stringer,extrados,248
1724,4.61726639453928,5.44124914146314,0.01,6,23,stringer,extrados,249
1777,4.67423164163415,5.29173338769979,0.01,6,24,stringer,extrados,250
1827,4.73119688872902,5.14221763393645,0.01,6,25,stringer,extrados,251
1874,4.78816213582389,4.99270188017311,0.01,6,26,stringer,extrados,252
1918,4.84512738291876,4.84318612640977,0.01,6,27,stringer,extrados,253
1959,4.90209263001362,4.69367037264642,0.01,6,28,stringer,extrados,254
1997,4.95905787710849,4.54415461888308,0.01,6,29,stringer,extrados,255
2032,5.01602312420336,4.39463886511974,0.01,6,30,stringer,extrados,256
2065,5.07298837129823,4.24512311135639,0.01,6,31,stringer,extrados,257
2095,5.1299536183931,4.09560735759305,0.01,6,32,stringer,extrados,258
2122,5.18691886548797,3.94609160382971,0.01,6,33,stringer,extrados,259
2146,5.24388411258283,3.79657585006637,0.01,6,34,stringer,extrados,260
2167,5.3008493596777,3.64706009630302,0.01,6,35,stringer,extrados,261
2185,5.35781460677257,3.49754434253968,0.01,6,36,stringer,extrados,262
2200,5.41477985386744,3.34802858877634,0.01,6,37,stringer,extrados,263
2213,5.47174510096231,3.19851283501299,0.01,6,38,stringer,extrados,264
7,3.63413142271463,9.00472295604005,0.01,7,-2,rear spars,extrados,265
7,5.82445398051762,3.2558191082365,0.01,7,-1,front spars,extrados,266
4,3.69109666980949,8.85520720227671,0.01,7,1,stringer,extrados,267
92,3.74806191690436,8.70569144851336,0.01,7,2,stringer,extrados,268
180,3.80502716399923,8.55617569475002,0.01,7,3,stringer,extrados,269
268,3.8619924110941,8.40665994098668,0.01,7,4,stringer,extrados,270
356,3.91895765818897,8.25714418722334,0.01,7,5,stringer,extrados,271
445,3.97592290528384,8.10762843345999,0.01,7,6,stringer,extrados,272
534,4.0328881523787,7.95811267969665,0.01,7,7,stringer,extrados,273
623,4.08985339947357,7.80859692593331,0.01,7,8,stringer,extrados,274
712,4.14681864656844,7.65908117216996,0.01,7,9,stringer,extrados,275
802,4.20378389366331,7.50956541840662,0.01,7,10,stringer,extrados,276
889,4.26074914075818,7.36004966464328,0.01,7,11,stringer,extrados,277
974,4.31771438785305,7.21053391087993,0.01,7,12,stringer,extrados,278
1056,4.37467963494791,7.06101815711659,0.01,7,13,stringer,extrados,279
1135,4.43164488204278,6.91150240335325,0.01,7,14,stringer,extrados,280
1211,4.48861012913765,6.76198664958991,0.01,7,15,stringer,extrados,281
1284,4.54557537623252,6.61247089582656,0.01,7,16,stringer,extrados,282
1355,4.60254062332739,6.46295514206322,0.01,7,17,stringer,extrados,283
1424,4.65950587042226,6.31343938829988,0.01,7,18,stringer,extrados,284
1490,4.71647111751712,6.16392363453653,0.01,7,19,stringer,extrados,285
1553,4.77343636461199,6.01440788077319,0.01,7,20,stringer,extrados,286
1613,4.83040161170686,5.86489212700985,0.01,7,21,stringer,extrados,287
1670,4.88736685880173,5.71537637324651,0.01,7,22,stringer,extrados,288
1725,4.9443321058966,5.56586061948316,0.01,7,23,stringer,extrados,289
1778,5.00129735299146,5.41634486571982,0.01,7,24,stringer,extrados,290
1828,5.05826260008633,5.26682911195648,0.01,7,25,stringer,extrados,291
1875,5.1152278471812,5.11731335819313,0.01,7,26,stringer,extrados,292
1919,5.17219309427607,4.96779760442979,0.01,7,27,stringer,extrados,293
1960,5.22915834137094,4.81828185066645,0.01,7,28,stringer,extrados,294
1998,5.28612358846581,4.66876609690311,0.01,7,29,stringer,extrados,295
2033,5.34308883556067,4.51925034313976,0.01,7,30,stringer,extrados,296
2066,5.40005408265554,4.36973458937642,0.01,7,31,stringer,extrados,297
2096,5.45701932975041,4.22021883561308,0.01,7,32,stringer,extrados,298
2123,5.51398457684528,4.07070308184973,0.01,7,33,stringer,extrados,299
2147,5.57094982394015,3.92118732808639,0.01,7,34,stringer,extrados,300
2168,5.62791507103502,3.77167157432305,0.01,7,35,stringer,extrados,301
2186,5.68488031812988,3.6221558205597,0.01,7,36,stringer,extrados,302
2201,5.74184556522475,3.47264006679636,0.01,7,37,stringer,extrados,303
2214,5.79881081231962,3.32312431303302,0.01,7,38,stringer,extrados,304
8,3.96119713407194,9.12933443406007,0.01,8,-2,rear spars,extrados,305
8,6.13155901641104,3.43282104517334,0.01,8,-1,front spars,extrados,306
5,4.01816238116681,8.97981868029673,0.01,8,1,stringer,extrados,307
93,4.07512762826167,8.83030292653339,0.01,8,2,stringer,extrados,308
181,4.13209287535654,8.68078717277005,0.01,8,3,stringer,extrados,309
269,4.18905812245141,8.5312714190067,0.01,8,4,stringer,extrados,310
357,4.24602336954628,8.38175566524336,0.01,8,5,stringer,extrados,311
446,4.30298861664115,8.23223991148001,0.01,8,6,stringer,extrados,312
535,4.35995386373602,8.08272415771667,0.01,8,7,stringer,extrados,313
624,4.41691911083088,7.93320840395333,0.01,8,8,stringer,extrados,314
713,4.47388435792575,7.78369265018999,0.01,8,9,stringer,extrados,315
803,4.53084960502062,7.63417689642664,0.01,8,10,stringer,extrados,316
890,4.58781485211549,7.4846611426633,0.01,8,11,stringer,extrados,317
975,4.64478009921036,7.33514538889996,0.01,8,12,stringer,extrados,318
1057,4.70174534630522,7.18562963513662,0.01,8,13,stringer,extrados,319
1136,4.75871059340009,7.03611388137327,0.01,8,14,stringer,extrados,320
1212,4.81567584049496,6.88659812760993,0.01,8,15,stringer,extrados,321
1285,4.87264108758983,6.73708237384659,0.01,8,16,stringer,extrados,322
1356,4.9296063346847,6.58756662008324,0.01,8,17,stringer,extrados,323
1425,4.98657158177957,6.4380508663199,0.01,8,18,stringer,extrados,324
1491,5.04353682887443,6.28853511255656,0.01,8,19,stringer,extrados,325
1554,5.1005020759693,6.13901935879321,0.01,8,20,stringer,extrados,326
1614,5.15746732306417,5.98950360502987,0.01,8,21,stringer,extrados,327
1671,5.21443257015904,5.83998785126653,0.01,8,22,stringer,extrados,328
1726,5.27139781725391,5.69047209750319,0.01,8,23,stringer,extrados,329
1779,5.32836306434878,5.54095634373984,0.01,8,24,stringer,extrados,330
1829,5.38532831144364,5.3914405899765,0.01,8,25,stringer,extrados,331
1876,5.44229355853851,5.24192483621316,0.01,8,26,stringer,extrados,332
1920,5.49925880563338,5.09240908244981,0.01,8,27,stringer,extrados,333
1961,5.55622405272825,4.94289332868647,0.01,8,28,stringer,extrados,334
1999,5.61318929982312,4.79337757492313,0.01,8,29,stringer,extrados,335
2034,5.67015454691798,4.64386182115979,0.01,8,30,stringer,extrados,336
2067,5.72711979401285,4.49434606739644,0.01,8,31,stringer,extrados,337
2097,5.78408504110772,4.3448303136331,0.01,8,32,stringer,extrados,338
2124,5.84105028820259,4.19531455986976,0.01,8,33,stringer,extrados,339
2148,5.89801553529746,4.04579880610641,0.01,8,34,stringer,extrados,340
2169,5.95498078239233,3.89628305234307,0.01,8,35,stringer,extrados,341
2187,6.01194602948719,3.74676729857973,0.01,8,36,stringer,extrados,342
2202,6.06891127658206,3.59725154481639,0.01,8,37,stringer,extrados,343
2215,6.12587652367693,3.44773579105304,0.01,8,38,stringer,extrados,344
9,4.28826284542925,9.2539459120801,0.01,9,-2,rear spars,extrados,345
9,6.43866405230445,3.60982298211018,0.01,9,-1,front spars,extrados,346
6,4.34522809252412,9.10443015831675,0.01,9,1,stringer,extrados,347
94,4.40219333961899,8.95491440455341,0.01,9,2,stringer,extrados,348
182,4.45915858671385,8.80539865079007,0.01,9,3,stringer,extrados,349
270,4.51612383380872,8.65588289702673,0.01,9,4,stringer,extrados,350
358,4.57308908090359,8.50636714326338,0.01,9,5,stringer,extrados,351
447,4.63005432799846,8.35685138950004,0.01,9,6,stringer,extrados,352
536,4.68701957509333,8.2073356357367,0.01,9,7,stringer,extrados,353
625,4.7439848221882,8.05781988197336,0.01,9,8,stringer,extrados,354
714,4.80095006928306,7.90830412821001,0.01,9,9,stringer,extrados,355
804,4.85791531637793,7.75878837444667,0.01,9,10,stringer,extrados,356
891,4.9148805634728,7.60927262068333,0.01,9,11,stringer,extrados,357
976,4.97184581056767,7.45975686691998,0.01,9,12,stringer,extrados,358
1058,5.02881105766254,7.31024111315664,0.01,9,13,stringer,extrados,359
1137,5.08577630475741,7.1607253593933,0.01,9,14,stringer,extrados,360
1213,5.14274155185227,7.01120960562995,0.01,9,15,stringer,extrados,361
1286,5.19970679894714,6.86169385186661,0.01,9,16,stringer,extrados,362
1357,5.25667204604201,6.71217809810327,0.01,9,17,stringer,extrados,363
1426,5.31363729313688,6.56266234433993,0.01,9,18,stringer,extrados,364
1492,5.37060254023175,6.41314659057658,0.01,9,19,stringer,extrados,365
1555,5.42756778732662,6.26363083681324,0.01,9,20,stringer,extrados,366
1615,5.48453303442148,6.1141150830499,0.01,9,21,stringer,extrados,367
1672,5.54149828151635,5.96459932928655,0.01,9,22,stringer,extrados,368
1727,5.59846352861122,5.81508357552321,0.01,9,23,stringer,extrados,369
1780,5.65542877570609,5.66556782175987,0.01,9,24,stringer,extrados,370
1830,5.71239402280096,5.51605206799653,0.01,9,25,stringer,extrados,371
1877,5.76935926989583,5.36653631423318,0.01,9,26,stringer,extrados,372
1921,5.82632451699069,5.21702056046984,0.01,9,27,stringer,extrados,373
1962,5.88328976408556,5.0675048067065,0.01,9,28,stringer,extrados,374
2000,5.94025501118043,4.91798905294315,0.01,9,29,stringer,extrados,375
2035,5.9972202582753,4.76847329917981,0.01,9,30,stringer,extrados,376
2068,6.05418550537017,4.61895754541647,0.01,9,31,stringer,extrados,377
2098,6.11115075246503,4.46944179165312,0.01,9,32,stringer,extrados,378
2125,6.1681159995599,4.31992603788978,0.01,9,33,stringer,extrados,379
2149,6.22508124665477,4.17041028412644,0.01,9,34,stringer,extrados,380
2170,6.28204649374964,4.0208945303631,0.01,9,35,stringer,extrados,381
2188,6.33901174084451,3.87137877659975,0.01,9,36,stringer,extrados,382
2203,6.39597698793938,3.72186302283641,0.01,9,37,stringer,extrados,383
10,4.61532855678656,9.37855739010012,0.01,10,-2,rear spars,extrados,384
10,6.74576908819787,3.78682491904702,0.01,10,-1,front spars,extrados,385
7,4.67229380388143,9.22904163633678,0.01,10,1,stringer,extrados,386
95,4.7292590509763,9.07952588257344,0.01,10,2,stringer,extrados,387
183,4.78622429807117,8.93001012881009,0.01,10,3,stringer,extrados,388
271,4.84318954516604,8.78049437504675,0.01,10,4,stringer,extrados,389
359,4.9001547922609,8.63097862128341,0.01,10,5,stringer,extrados,390
448,4.95712003935577,8.48146286752007,0.01,10,6,stringer,extrados,391
537,5.01408528645064,8.33194711375672,0.01,10,7,stringer,extrados,392
626,5.07105053354551,8.18243135999338,0.01,10,8,stringer,extrados,393
715,5.12801578064038,8.03291560623004,0.01,10,9,stringer,extrados,394
805,5.18498102773525,7.88339985246669,0.01,10,10,stringer,extrados,395
892,5.24194627483011,7.73388409870335,0.01,10,11,stringer,extrados,396
977,5.29891152192498,7.58436834494001,0.01,10,12,stringer,extrados,397
1059,5.35587676901985,7.43485259117667,0.01,10,13,stringer,extrados,398
1138,5.41284201611472,7.28533683741332,0.01,10,14,stringer,extrados,399
1214,5.46980726320959,7.13582108364998,0.01,10,15,stringer,extrados,400
1287,5.52677251030446,6.98630532988664,0.01,10,16,stringer,extrados,401
1358,5.58373775739932,6.83678957612329,0.01,10,17,stringer,extrados,402
1427,5.64070300449419,6.68727382235995,0.01,10,18,stringer,extrados,403
1493,5.69766825158906,6.53775806859661,0.01,10,19,stringer,extrados,404
1556,5.75463349868393,6.38824231483326,0.01,10,20,stringer,extrados,405
1616,5.8115987457788,6.23872656106992,0.01,10,21,stringer,extrados,406
1673,5.86856399287367,6.08921080730658,0.01,10,22,stringer,extrados,407
1728,5.92552923996853,5.93969505354324,0.01,10,23,stringer,extrados,408
1781,5.9824944870634,5.79017929977989,0.01,10,24,stringer,extrados,409
1831,6.03945973415827,5.64066354601655,0.01,10,25,stringer,extrados,410
1878,6.09642498125314,5.49114779225321,0.01,10,26,stringer,extrados,411
1922,6.15339022834801,5.34163203848986,0.01,10,27,stringer,extrados,412
1963,6.21035547544288,5.19211628472652,0.01,10,28,stringer,extrados,413
2001,6.26732072253774,5.04260053096318,0.01,10,29,stringer,extrados,414
2036,6.32428596963261,4.89308477719984,0.01,10,30,stringer,extrados,415
2069,6.38125121672748,4.74356902343649,0.01,10,31,stringer,extrados,416
2099,6.43821646382235,4.59405326967315,0.01,10,32,stringer,extrados,417
2126,6.49518171091722,4.44453751590981,0.01,10,33,stringer,extrados,418
2150,6.55214695801209,4.29502176214646,0.01,10,34,stringer,extrados,419
2171,6.60911220510695,4.14550600838312,0.01,10,35,stringer,extrados,420
2189,6.66607745220182,3.99599025461978,0.01,10,36,stringer,extrados,421
2204,6.72304269929669,3.84647450085643,0.01,10,37,stringer,extrados,422
11,4.94239426814388,9.50316886812015,0.01,11,-2,rear spars,extrados,423
11,7.05287412409129,3.96382685598386,0.01,11,-1,front spars,extrados,424
8,4.99935951523874,9.3536531143568,0.01,11,1,stringer,extrados,425
96,5.05632476233361,9.20413736059346,0.01,11,2,stringer,extrados,426
184,5.11329000942848,9.05462160683012,0.01,11,3,stringer,extrados,427
272,5.17025525652335,8.90510585306678,0.01,11,4,stringer,extrados,428
360,5.22722050361822,8.75559009930343,0.01,11,5,stringer,extrados,429
449,5.28418575071309,8.60607434554009,0.01,11,6,stringer,extrados,430
538,5.34115099780795,8.45655859177675,0.01,11,7,stringer,extrados,431
627,5.39811624490282,8.3070428380134,0.01,11,8,stringer,extrados,432
716,5.45508149199769,8.15752708425006,0.01,11,9,stringer,extrados,433
806,5.51204673909256,8.00801133048672,0.01,11,10,stringer,extrados,434
893,5.56901198618743,7.85849557672337,0.01,11,11,stringer,extrados,435
978,5.6259772332823,7.70897982296003,0.01,11,12,stringer,extrados,436
1060,5.68294248037716,7.55946406919669,0.01,11,13,stringer,extrados,437
1139,5.73990772747203,7.40994831543335,0.01,11,14,stringer,extrados,438
1215,5.7968729745669,7.26043256167,0.01,11,15,stringer,extrados,439
1288,5.85383822166177,7.11091680790666,0.01,11,16,stringer,extrados,440
1359,5.91080346875664,6.96140105414332,0.01,11,17,stringer,extrados,441
1428,5.9677687158515,6.81188530037997,0.01,11,18,stringer,extrados,442
1494,6.02473396294637,6.66236954661663,0.01,11,19,stringer,extrados,443
1557,6.08169921004124,6.51285379285329,0.01,11,20,stringer,extrados,444
1617,6.13866445713611,6.36333803908995,0.01,11,21,stringer,extrados,445
1674,6.19562970423098,6.2138222853266,0.01,11,22,stringer,extrados,446
1729,6.25259495132585,6.06430653156326,0.01,11,23,stringer,extrados,447
1782,6.30956019842071,5.91479077779992,0.01,11,24,stringer,extrados,448
1832,6.36652544551558,5.76527502403657,0.01,11,25,stringer,extrados,449
1879,6.42349069261045,5.61575927027323,0.01,11,26,stringer,extrados,450
1923,6.48045593970532,5.46624351650989,0.01,11,27,stringer,extrados,451
1964,6.53742118680019,5.31672776274655,0.01,11,28,stringer,extrados,452
2002,6.59438643389506,5.1672120089832,0.01,11,29,stringer,extrados,453
2037,6.65135168098992,5.01769625521986,0.01,11,30,stringer,extrados,454
2070,6.70831692808479,4.86818050145652,0.01,11,31,stringer,extrados,455
2100,6.76528217517966,4.71866474769317,0.01,11,32,stringer,extrados,456
2127,6.82224742227453,4.56914899392983,0.01,11,33,stringer,extrados,457
2151,6.8792126693694,4.41963324016649,0.01,11,34,stringer,extrados,458
2172,6.93617791646427,4.27011748640314,0.01,11,35,stringer,extrados,459
2190,6.99314316355913,4.1206017326398,0.01,11,36,stringer,extrados,460
2205,7.050108410654,3.97108597887646,0.01,11,37,stringer,extrados,461
12,5.26945997950119,9.62778034614017,0.01,12,-2,rear spars,extrados,462
12,7.3599791599847,4.1408287929207,0.01,12,-1,front spars,extrados,463
9,5.32642522659606,9.47826459237683,0.01,12,1,stringer,extrados,464
97,5.38339047369093,9.32874883861349,0.01,12,2,stringer,extrados,465
185,5.44035572078579,9.17923308485014,0.01,12,3,stringer,extrados,466
273,5.49732096788066,9.0297173310868,0.01,12,4,stringer,extrados,467
361,5.55428621497553,8.88020157732346,0.01,12,5,stringer,extrados,468
450,5.6112514620704,8.73068582356011,0.01,12,6,stringer,extrados,469
539,5.66821670916527,8.58117006979677,0.01,12,7,stringer,extrados,470
628,5.72518195626014,8.43165431603343,0.01,12,8,stringer,extrados,471
717,5.782147203355,8.28213856227008,0.01,12,9,stringer,extrados,472
807,5.83911245044987,8.13262280850674,0.01,12,10,stringer,extrados,473
894,5.89607769754474,7.9831070547434,0.01,12,11,stringer,extrados,474
979,5.95304294463961,7.83359130098006,0.01,12,12,stringer,extrados,475
1061,6.01000819173448,7.68407554721671,0.01,12,13,stringer,extrados,476
1140,6.06697343882934,7.53455979345337,0.01,12,14,stringer,extrados,477
1216,6.12393868592421,7.38504403969003,0.01,12,15,stringer,extrados,478
1289,6.18090393301908,7.23552828592669,0.01,12,16,stringer,extrados,479
1360,6.23786918011395,7.08601253216334,0.01,12,17,stringer,extrados,480
1429,6.29483442720882,6.9364967784,0.01,12,18,stringer,extrados,481
1495,6.35179967430369,6.78698102463666,0.01,12,19,stringer,extrados,482
1558,6.40876492139856,6.63746527087331,0.01,12,20,stringer,extrados,483
1618,6.46573016849342,6.48794951710997,0.01,12,21,stringer,extrados,484
1675,6.52269541558829,6.33843376334663,0.01,12,22,stringer,extrados,485
1730,6.57966066268316,6.18891800958328,0.01,12,23,stringer,extrados,486
1783,6.63662590977803,6.03940225581994,0.01,12,24,stringer,extrados,487
1833,6.6935911568729,5.8898865020566,0.01,12,25,stringer,extrados,488
1880,6.75055640396776,5.74037074829326,0.01,12,26,stringer,extrados,489
1924,6.80752165106263,5.59085499452991,0.01,12,27,stringer,extrados,490
1965,6.8644868981575,5.44133924076657,0.01,12,28,stringer,extrados,491
2003,6.92145214525237,5.29182348700323,0.01,12,29,stringer,extrados,492
2038,6.97841739234724,5.14230773323988,0.01,12,30,stringer,extrados,493
2071,7.03538263944211,4.99279197947654,0.01,12,31,stringer,extrados,494
2101,7.09234788653697,4.8432762257132,0.01,12,32,stringer,extrados,495
2128,7.14931313363184,4.69376047194986,0.01,12,33,stringer,extrados,496
2152,7.20627838072671,4.54424471818651,0.01,12,34,stringer,extrados,497
2173,7.26324362782158,4.39472896442317,0.01,12,35,stringer,extrados,498
2191,7.32020887491645,4.24521321065983,0.01,12,36,stringer,extrados,499
13,5.5965256908585,9.7523918241602,0.01,13,-2,rear spars,extrados,500
13,7.66708419587812,4.31783072985754,0.01,13,-1,front spars,extrados,501
10,5.65349093795337,9.60287607039685,0.01,13,1,stringer,extrados,502
98,5.71045618504824,9.45336031663351,0.01,13,2,stringer,extrados,503
186,5.76742143214311,9.30384456287017,0.01,13,3,stringer,extrados,504
274,5.82438667923797,9.15432880910682,0.01,13,4,stringer,extrados,505
362,5.88135192633284,9.00481305534348,0.01,13,5,stringer,extrados,506
451,5.93831717342771,8.85529730158014,0.01,13,6,stringer,extrados,507
540,5.99528242052258,8.70578154781679,0.01,13,7,stringer,extrados,508
629,6.05224766761745,8.55626579405345,0.01,13,8,stringer,extrados,509
718,6.10921291471232,8.40675004029011,0.01,13,9,stringer,extrados,510
808,6.16617816180718,8.25723428652677,0.01,13,10,stringer,extrados,511
895,6.22314340890205,8.10771853276342,0.01,13,11,stringer,extrados,512
980,6.28010865599692,7.95820277900008,0.01,13,12,stringer,extrados,513
1062,6.33707390309179,7.80868702523674,0.01,13,13,stringer,extrados,514
1141,6.39403915018666,7.65917127147339,0.01,13,14,stringer,extrados,515
1217,6.45100439728153,7.50965551771005,0.01,13,15,stringer,extrados,516
1290,6.50796964437639,7.36013976394671,0.01,13,16,stringer,extrados,517
1361,6.56493489147126,7.21062401018337,0.01,13,17,stringer,extrados,518
1430,6.62190013856613,7.06110825642002,0.01,13,18,stringer,extrados,519
1496,6.678865385661,6.91159250265668,0.01,13,19,stringer,extrados,520
1559,6.73583063275587,6.76207674889334,0.01,13,20,stringer,extrados,521
1619,6.79279587985073,6.61256099512999,0.01,13,21,stringer,extrados,522
1676,6.8497611269456,6.46304524136665,0.01,13,22,stringer,extrados,523
1731,6.90672637404047,6.31352948760331,0.01,13,23,stringer,extrados,524
1784,6.96369162113534,6.16401373383997,0.01,13,24,stringer,extrados,525
1834,7.02065686823021,6.01449798007662,0.01,13,25,stringer,extrados,526
1881,7.07762211532508,5.86498222631328,0.01,13,26,stringer,extrados,527
1925,7.13458736241994,5.71546647254994,0.01,13,27,stringer,extrados,528
1966,7.19155260951481,5.56595071878659,0.01,13,28,stringer,extrados,529
2004,7.24851785660968,5.41643496502325,0.01,13,29,stringer,extrados,530
2039,7.30548310370455,5.26691921125991,0.01,13,30,stringer,extrados,531
2072,7.36244835079942,5.11740345749656,0.01,13,31,stringer,extrados,532
2102,7.41941359789429,4.96788770373322,0.01,13,32,stringer,extrados,533
2129,7.47637884498915,4.81837194996988,0.01,13,33,stringer,extrados,534
2153,7.53334409208402,4.66885619620654,0.01,13,34,stringer,extrados,535
2174,7.59030933917889,4.51934044244319,0.01,13,35,stringer,extrados,536
2192,7.64727458627376,4.36982468867985,0.01,13,36,stringer,extrados,537
14,5.92359140221581,9.87700330218022,0.01,14,-2,rear spars,extrados,538
14,7.97418923177154,4.49483266679438,0.01,14,-1,front spars,extrados,539
11,5.98055664931068,9.72748754841688,0.01,14,1,stringer,extrados,540
99,6.03752189640555,9.57797179465354,0.01,14,2,stringer,extrados,541
187,6.09448714350042,9.42845604089019,0.01,14,3,stringer,extrados,542
275,6.15145239059529,9.27894028712685,0.01,14,4,stringer,extrados,543
363,6.20841763769016,9.12942453336351,0.01,14,5,stringer,extrados,544
452,6.26538288478502,8.97990877960016,0.01,14,6,stringer,extrados,545
541,6.32234813187989,8.83039302583682,0.01,14,7,stringer,extrados,546
630,6.37931337897476,8.68087727207348,0.01,14,8,stringer,extrados,547
719,6.43627862606963,8.53136151831013,0.01,14,9,stringer,extrados,548
809,6.4932438731645,8.38184576454679,0.01,14,10,stringer,extrados,549
896,6.55020912025937,8.23233001078345,0.01,14,11,stringer,extrados,550
981,6.60717436735423,8.0828142570201,0.01,14,12,stringer,extrados,551
1063,6.6641396144491,7.93329850325676,0.01,14,13,stringer,extrados,552
1142,6.72110486154397,7.78378274949342,0.01,14,14,stringer,extrados,553
1218,6.77807010863884,7.63426699573008,0.01,14,15,stringer,extrados,554
1291,6.83503535573371,7.48475124196673,0.01,14,16,stringer,extrados,555
1362,6.89200060282857,7.33523548820339,0.01,14,17,stringer,extrados,556
1431,6.94896584992344,7.18571973444005,0.01,14,18,stringer,extrados,557
1497,7.00593109701831,7.0362039806767,0.01,14,19,stringer,extrados,558
1560,7.06289634411318,6.88668822691336,0.01,14,20,stringer,extrados,559
1620,7.11986159120805,6.73717247315002,0.01,14,21,stringer,extrados,560
1677,7.17682683830292,6.58765671938668,0.01,14,22,stringer,extrados,561
1732,7.23379208539779,6.43814096562333,0.01,14,23,stringer,extrados,562
1785,7.29075733249265,6.28862521185999,0.01,14,24,stringer,extrados,563
1835,7.34772257958752,6.13910945809665,0.01,14,25,stringer,extrados,564
1882,7.40468782668239,5.9895937043333,0.01,14,26,stringer,extrados,565
1926,7.46165307377726,5.84007795056996,0.01,14,27,stringer,extrados,566
1967,7.51861832087213,5.69056219680662,0.01,14,28,stringer,extrados,567
2005,7.575583567967,5.54104644304328,0.01,14,29,stringer,extrados,568
2040,7.63254881506186,5.39153068927993,0.01,14,30,stringer,extrados,569
2073,7.68951406215673,5.24201493551659,0.01,14,31,stringer,extrados,570
2103,7.7464793092516,5.09249918175325,0.01,14,32,stringer,extrados,571
2130,7.80344455634647,4.9429834279899,0.01,14,33,stringer,extrados,572
2154,7.86040980344134,4.79346767422656,0.01,14,34,stringer,extrados,573
2175,7.9173750505362,4.64395192046322,0.01,14,35,stringer,extrados,574
15,6.25065711357313,10.0016147802002,0.01,15,-2,rear spars,extrados,575
15,8.28129426766495,4.67183460373122,0.01,15,-1,front spars,extrados,576
12,6.307622360668,9.8520990264369,0.01,15,1,stringer,extrados,577
100,6.36458760776286,9.70258327267356,0.01,15,2,stringer,extrados,578
188,6.42155285485773,9.55306751891022,0.01,15,3,stringer,extrados,579
276,6.4785181019526,9.40355176514687,0.01,15,4,stringer,extrados,580
364,6.53548334904747,9.25403601138353,0.01,15,5,stringer,extrados,581
453,6.59244859614234,9.10452025762019,0.01,15,6,stringer,extrados,582
542,6.64941384323721,8.95500450385684,0.01,15,7,stringer,extrados,583
631,6.70637909033207,8.8054887500935,0.01,15,8,stringer,extrados,584
720,6.76334433742694,8.65597299633016,0.01,15,9,stringer,extrados,585
810,6.82030958452181,8.50645724256682,0.01,15,10,stringer,extrados,586
897,6.87727483161668,8.35694148880347,0.01,15,11,stringer,extrados,587
982,6.93424007871155,8.20742573504013,0.01,15,12,stringer,extrados,588
1064,6.99120532580642,8.05790998127679,0.01,15,13,stringer,extrados,589
1143,7.04817057290128,7.90839422751344,0.01,15,14,stringer,extrados,590
1219,7.10513581999615,7.7588784737501,0.01,15,15,stringer,extrados,591
1292,7.16210106709102,7.60936271998676,0.01,15,16,stringer,extrados,592
1363,7.21906631418589,7.45984696622341,0.01,15,17,stringer,extrados,593
1432,7.27603156128076,7.31033121246007,0.01,15,18,stringer,extrados,594
1498,7.33299680837562,7.16081545869673,0.01,15,19,stringer,extrados,595
1561,7.38996205547049,7.01129970493339,0.01,15,20,stringer,extrados,596
1621,7.44692730256536,6.86178395117004,0.01,15,21,stringer,extrados,597
1678,7.50389254966023,6.7122681974067,0.01,15,22,stringer,extrados,598
1733,7.5608577967551,6.56275244364336,0.01,15,23,stringer,extrados,599
1786,7.61782304384997,6.41323668988001,0.01,15,24,stringer,extrados,600
1836,7.67478829094483,6.26372093611667,0.01,15,25,stringer,extrados,601
1883,7.7317535380397,6.11420518235333,0.01,15,26,stringer,extrados,602
1927,7.78871878513457,5.96468942858998,0.01,15,27,stringer,extrados,603
1968,7.84568403222944,5.81517367482664,0.01,15,28,stringer,extrados,604
2006,7.90264927932431,5.6656579210633,0.01,15,29,stringer,extrados,605
2041,7.95961452641918,5.51614216729996,0.01,15,30,stringer,extrados,606
2074,8.01657977351404,5.36662641353661,0.01,15,31,stringer,extrados,607
2104,8.07354502060891,5.21711065977327,0.01,15,32,stringer,extrados,608
2131,8.13051026770378,5.06759490600993,0.01,15,33,stringer,extrados,609
2155,8.18747551479865,4.91807915224658,0.01,15,34,stringer,extrados,610
2176,8.24444076189352,4.76856339848324,0.01,15,35,stringer,extrados,611
16,6.57772282493044,10.1262262582203,0.01,16,-2,rear spars,extrados,612
16,8.58839930355837,4.84883654066805,0.01,16,-1,front spars,extrados,613
13,6.63468807202531,9.97671050445692,0.01,16,1,stringer,extrados,614
101,6.69165331912018,9.82719475069358,0.01,16,2,stringer,extrados,615
189,6.74861856621504,9.67767899693024,0.01,16,3,stringer,extrados,616
277,6.80558381330991,9.5281632431669,0.01,16,4,stringer,extrados,617
365,6.86254906040478,9.37864748940355,0.01,16,5,stringer,extrados,618
454,6.91951430749965,9.22913173564021,0.01,16,6,stringer,extrados,619
543,6.97647955459452,9.07961598187687,0.01,16,7,stringer,extrados,620
632,7.03344480168939,8.93010022811353,0.01,16,8,stringer,extrados,621
721,7.09041004878426,8.78058447435018,0.01,16,9,stringer,extrados,622
811,7.14737529587912,8.63106872058684,0.01,16,10,stringer,extrados,623
898,7.20434054297399,8.4815529668235,0.01,16,11,stringer,extrados,624
983,7.26130579006886,8.33203721306015,0.01,16,12,stringer,extrados,625
1065,7.31827103716373,8.18252145929681,0.01,16,13,stringer,extrados,626
1144,7.3752362842586,8.03300570553347,0.01,16,14,stringer,extrados,627
1220,7.43220153135346,7.88348995177012,0.01,16,15,stringer,extrados,628
1293,7.48916677844833,7.73397419800678,0.01,16,16,stringer,extrados,629
1364,7.5461320255432,7.58445844424344,0.01,16,17,stringer,extrados,630
1433,7.60309727263807,7.4349426904801,0.01,16,18,stringer,extrados,631
1499,7.66006251973294,7.28542693671675,0.01,16,19,stringer,extrados,632
1562,7.71702776682781,7.13591118295341,0.01,16,20,stringer,extrados,633
1622,7.77399301392267,6.98639542919007,0.01,16,21,stringer,extrados,634
1679,7.83095826101754,6.83687967542672,0.01,16,22,stringer,extrados,635
1734,7.88792350811241,6.68736392166338,0.01,16,23,stringer,extrados,636
1787,7.94488875520728,6.53784816790004,0.01,16,24,stringer,extrados,637
1837,8.00185400230215,6.38833241413669,0.01,16,25,stringer,extrados,638
1884,8.05881924939701,6.23881666037335,0.01,16,26,stringer,extrados,639
1928,8.11578449649188,6.08930090661001,0.01,16,27,stringer,extrados,640
1969,8.17274974358675,5.93978515284667,0.01,16,28,stringer,extrados,641
2007,8.22971499068162,5.79026939908332,0.01,16,29,stringer,extrados,642
2042,8.28668023777649,5.64075364531998,0.01,16,30,stringer,extrados,643
2075,8.34364548487136,5.49123789155664,0.01,16,31,stringer,extrados,644
2105,8.40061073196622,5.3417221377933,0.01,16,32,stringer,extrados,645
2132,8.45757597906109,5.19220638402995,0.01,16,33,stringer,extrados,646
2156,8.51454122615596,5.04269063026661,0.01,16,34,stringer,extrados,647
2177,8.57150647325083,4.89317487650327,0.01,16,35,stringer,extrados,648
17,6.90478853628775,10.2508377362403,0.01,17,-2,rear spars,extrados,649
17,8.89550433945179,5.02583847760489,0.01,17,-1,front spars,extrados,650
14,6.96175378338262,10.101321982477,0.01,17,1,stringer,extrados,651
102,7.01871903047749,9.95180622871361,0.01,17,2,stringer,extrados,652
190,7.07568427757236,9.80229047495027,0.01,17,3,stringer,extrados,653
278,7.13264952466723,9.65277472118692,0.01,17,4,stringer,extrados,654
366,7.18961477176209,9.50325896742358,0.01,17,5,stringer,extrados,655
455,7.24658001885696,9.35374321366024,0.01,17,6,stringer,extrados,656
544,7.30354526595183,9.20422745989689,0.01,17,7,stringer,extrados,657
633,7.3605105130467,9.05471170613355,0.01,17,8,stringer,extrados,658
722,7.41747576014157,8.90519595237021,0.01,17,9,stringer,extrados,659
812,7.47444100723643,8.75568019860686,0.01,17,10,stringer,extrados,660
899,7.5314062543313,8.60616444484352,0.01,17,11,stringer,extrados,661
984,7.58837150142617,8.45664869108018,0.01,17,12,stringer,extrados,662
1066,7.64533674852104,8.30713293731684,0.01,17,13,stringer,extrados,663
1145,7.70230199561591,8.15761718355349,0.01,17,14,stringer,extrados,664
1221,7.75926724271078,8.00810142979015,0.01,17,15,stringer,extrados,665
1294,7.81623248980564,7.85858567602681,0.01,17,16,stringer,extrados,666
1365,7.87319773690051,7.70906992226346,0.01,17,17,stringer,extrados,667
1434,7.93016298399538,7.55955416850012,0.01,17,18,stringer,extrados,668
1500,7.98712823109025,7.41003841473678,0.01,17,19,stringer,extrados,669
1563,8.04409347818512,7.26052266097343,0.01,17,20,stringer,extrados,670
1623,8.10105872527999,7.11100690721009,0.01,17,21,stringer,extrados,671
1680,8.15802397237485,6.96149115344675,0.01,17,22,stringer,extrados,672
1735,8.21498921946972,6.81197539968341,0.01,17,23,stringer,extrados,673
1788,8.27195446656459,6.66245964592006,0.01,17,24,stringer,extrados,674
1838,8.32891971365946,6.51294389215672,0.01,17,25,stringer,extrados,675
1885,8.38588496075433,6.36342813839338,0.01,17,26,stringer,extrados,676
1929,8.4428502078492,6.21391238463003,0.01,17,27,stringer,extrados,677
1970,8.49981545494406,6.06439663086669,0.01,17,28,stringer,extrados,678
2008,8.55678070203893,5.91488087710335,0.01,17,29,stringer,extrados,679
2043,8.6137459491338,5.76536512334,0.01,17,30,stringer,extrados,680
2076,8.67071119622867,5.61584936957666,0.01,17,31,stringer,extrados,681
2106,8.72767644332354,5.46633361581332,0.01,17,32,stringer,extrados,682
2133,8.78464169041841,5.31681786204998,0.01,17,33,stringer,extrados,683
2157,8.84160693751327,5.16730210828663,0.01,17,34,stringer,extrados,684
18,7.23185424764506,10.3754492142603,0.01,18,-2,rear spars,extrados,685
18,9.2026093753452,5.20284041454173,0.01,18,-1,front spars,extrados,686
15,7.28881949473993,10.225933460497,0.01,18,1,stringer,extrados,687
103,7.3457847418348,10.0764177067336,0.01,18,2,stringer,extrados,688
191,7.40274998892967,9.92690195297029,0.01,18,3,stringer,extrados,689
279,7.45971523602454,9.77738619920694,0.01,18,4,stringer,extrados,690
367,7.5166804831194,9.6278704454436,0.01,18,5,stringer,extrados,691
456,7.57364573021427,9.47835469168026,0.01,18,6,stringer,extrados,692
545,7.63061097730914,9.32883893791692,0.01,18,7,stringer,extrados,693
634,7.68757622440401,9.17932318415357,0.01,18,8,stringer,extrados,694
723,7.74454147149888,9.02980743039023,0.01,18,9,stringer,extrados,695
813,7.80150671859375,8.88029167662689,0.01,18,10,stringer,extrados,696
900,7.85847196568862,8.73077592286355,0.01,18,11,stringer,extrados,697
985,7.91543721278348,8.5812601691002,0.01,18,12,stringer,extrados,698
1067,7.97240245987835,8.43174441533686,0.01,18,13,stringer,extrados,699
1146,8.02936770697322,8.28222866157352,0.01,18,14,stringer,extrados,700
1222,8.08633295406809,8.13271290781017,0.01,18,15,stringer,extrados,701
1295,8.14329820116296,7.98319715404683,0.01,18,16,stringer,extrados,702
1366,8.20026344825783,7.83368140028349,0.01,18,17,stringer,extrados,703
1435,8.25722869535269,7.68416564652015,0.01,18,18,stringer,extrados,704
1501,8.31419394244756,7.5346498927568,0.01,18,19,stringer,extrados,705
1564,8.37115918954243,7.38513413899346,0.01,18,20,stringer,extrados,706
1624,8.4281244366373,7.23561838523012,0.01,18,21,stringer,extrados,707
1681,8.48508968373217,7.08610263146677,0.01,18,22,stringer,extrados,708
1736,8.54205493082704,6.93658687770343,0.01,18,23,stringer,extrados,709
1789,8.5990201779219,6.78707112394009,0.01,18,24,stringer,extrados,710
1839,8.65598542501677,6.63755537017674,0.01,18,25,stringer,extrados,711
1886,8.71295067211164,6.4880396164134,0.01,18,26,stringer,extrados,712
1930,8.76991591920651,6.33852386265006,0.01,18,27,stringer,extrados,713
1971,8.82688116630138,6.18900810888672,0.01,18,28,stringer,extrados,714
2009,8.88384641339624,6.03949235512337,0.01,18,29,stringer,extrados,715
2044,8.94081166049111,5.88997660136003,0.01,18,30,stringer,extrados,716
2077,8.99777690758598,5.74046084759669,0.01,18,31,stringer,extrados,717
2107,9.05474215468085,5.59094509383334,0.01,18,32,stringer,extrados,718
2134,9.11170740177572,5.44142934007,0.01,18,33,stringer,extrados,719
2158,9.16867264887059,5.29191358630666,0.01,18,34,stringer,extrados,720
19,7.55891995900238,10.5000606922803,0.01,19,-2,rear spars,extrados,721
19,9.50971441123862,5.37984235147857,0.01,19,-1,front spars,extrados,722
16,7.61588520609724,10.350544938517,0.01,19,1,stringer,extrados,723
104,7.67285045319211,10.2010291847537,0.01,19,2,stringer,extrados,724
192,7.72981570028698,10.0515134309903,0.01,19,3,stringer,extrados,725
280,7.78678094738185,9.90199767722697,0.01,19,4,stringer,extrados,726
368,7.84374619447672,9.75248192346363,0.01,19,5,stringer,extrados,727
457,7.90071144157159,9.60296616970028,0.01,19,6,stringer,extrados,728
546,7.95767668866645,9.45345041593694,0.01,19,7,stringer,extrados,729
635,8.01464193576132,9.3039346621736,0.01,19,8,stringer,extrados,730
724,8.07160718285619,9.15441890841026,0.01,19,9,stringer,extrados,731
814,8.12857242995106,9.00490315464691,0.01,19,10,stringer,extrados,732
901,8.18553767704593,8.85538740088357,0.01,19,11,stringer,extrados,733
986,8.2425029241408,8.70587164712023,0.01,19,12,stringer,extrados,734
1068,8.29946817123566,8.55635589335688,0.01,19,13,stringer,extrados,735
1147,8.35643341833053,8.40684013959354,0.01,19,14,stringer,extrados,736
1223,8.4133986654254,8.2573243858302,0.01,19,15,stringer,extrados,737
1296,8.47036391252027,8.10780863206685,0.01,19,16,stringer,extrados,738
1367,8.52732915961514,7.95829287830351,0.01,19,17,stringer,extrados,739
1436,8.58429440671001,7.80877712454017,0.01,19,18,stringer,extrados,740
1502,8.64125965380487,7.65926137077683,0.01,19,19,stringer,extrados,741
1565,8.69822490089974,7.50974561701348,0.01,19,20,stringer,extrados,742
1625,8.75519014799461,7.36022986325014,0.01,19,21,stringer,extrados,743
1682,8.81215539508948,7.2107141094868,0.01,19,22,stringer,extrados,744
1737,8.86912064218435,7.06119835572345,0.01,19,23,stringer,extrados,745
1790,8.92608588927922,6.91168260196011,0.01,19,24,stringer,extrados,746
1840,8.98305113637408,6.76216684819677,0.01,19,25,stringer,extrados,747
1887,9.04001638346895,6.61265109443343,0.01,19,26,stringer,extrados,748
1931,9.09698163056382,6.46313534067008,0.01,19,27,stringer,extrados,749
1972,9.15394687765869,6.31361958690674,0.01,19,28,stringer,extrados,750
2010,9.21091212475356,6.1641038331434,0.01,19,29,stringer,extrados,751
2045,9.26787737184842,6.01458807938005,0.01,19,30,stringer,extrados,752
2078,9.32484261894329,5.86507232561671,0.01,19,31,stringer,extrados,753
2108,9.38180786603816,5.71555657185337,0.01,19,32,stringer,extrados,754
2135,9.43877311313303,5.56604081809003,0.01,19,33,stringer,extrados,755
2159,9.4957383602279,5.41652506432668,0.01,19,34,stringer,extrados,756
20,7.88598567035969,10.6246721703004,0.01,20,-2,rear spars,extrados,757
20,9.81681944713204,5.55684428841541,0.01,20,-1,front spars,extrados,758
17,7.94295091745456,10.475156416537,0.01,20,1,stringer,extrados,759
105,7.99991616454943,10.3256406627737,0.01,20,2,stringer,extrados,760
193,8.05688141164429,10.1761249090103,0.01,20,3,stringer,extrados,761
281,8.11384665873916,10.026609155247,0.01,20,4,stringer,extrados,762
369,8.17081190583403,9.87709340148365,0.01,20,5,stringer,extrados,763
458,8.2277771529289,9.72757764772031,0.01,20,6,stringer,extrados,764
547,8.28474240002377,9.57806189395697,0.01,20,7,stringer,extrados,765
636,8.34170764711864,9.42854614019362,0.01,20,8,stringer,extrados,766
725,8.3986728942135,9.27903038643028,0.01,20,9,stringer,extrados,767
815,8.45563814130837,9.12951463266694,0.01,20,10,stringer,extrados,768
902,8.51260338840324,8.97999887890359,0.01,20,11,stringer,extrados,769
987,8.56956863549811,8.83048312514025,0.01,20,12,stringer,extrados,770
1069,8.62653388259298,8.68096737137691,0.01,20,13,stringer,extrados,771
1148,8.68349912968785,8.53145161761357,0.01,20,14,stringer,extrados,772
1224,8.74046437678271,8.38193586385022,0.01,20,15,stringer,extrados,773
1297,8.79742962387758,8.23242011008688,0.01,20,16,stringer,extrados,774
1368,8.85439487097245,8.08290435632354,0.01,20,17,stringer,extrados,775
1437,8.91136011806732,7.93338860256019,0.01,20,18,stringer,extrados,776
1503,8.96832536516219,7.78387284879685,0.01,20,19,stringer,extrados,777
1566,9.02529061225705,7.63435709503351,0.01,20,20,stringer,extrados,778
1626,9.08225585935192,7.48484134127016,0.01,20,21,stringer,extrados,779
1683,9.13922110644679,7.33532558750682,0.01,20,22,stringer,extrados,780
1738,9.19618635354166,7.18580983374348,0.01,20,23,stringer,extrados,781
1791,9.25315160063653,7.03629407998014,0.01,20,24,stringer,extrados,782
1841,9.3101168477314,6.88677832621679,0.01,20,25,stringer,extrados,783
1888,9.36708209482626,6.73726257245345,0.01,20,26,stringer,extrados,784
1932,9.42404734192113,6.58774681869011,0.01,20,27,stringer,extrados,785
1973,9.481012589016,6.43823106492676,0.01,20,28,stringer,extrados,786
2011,9.53797783611087,6.28871531116342,0.01,20,29,stringer,extrados,787
2046,9.59494308320574,6.13919955740008,0.01,20,30,stringer,extrados,788
2079,9.65190833030061,5.98968380363674,0.01,20,31,stringer,extrados,789
2109,9.70887357739547,5.84016804987339,0.01,20,32,stringer,extrados,790
2136,9.76583882449034,5.69065229611005,0.01,20,33,stringer,extrados,791
21,8.213051381717,10.7492836483204,0.01,21,-2,rear spars,extrados,792
21,10.1239244830255,5.73384622535225,0.01,21,-1,front spars,extrados,793
18,8.27001662881187,10.599767894557,0.01,21,1,stringer,extrados,794
106,8.32698187590674,10.4502521407937,0.01,21,2,stringer,extrados,795
194,8.38394712300161,10.3007363870304,0.01,21,3,stringer,extrados,796
282,8.44091237009648,10.151220633267,0.01,21,4,stringer,extrados,797
370,8.49787761719134,10.0017048795037,0.01,21,5,stringer,extrados,798
459,8.55484286428621,9.85218912574033,0.01,21,6,stringer,extrados,799
548,8.61180811138108,9.70267337197699,0.01,21,7,stringer,extrados,800
637,8.66877335847595,9.55315761821365,0.01,21,8,stringer,extrados,801
726,8.72573860557082,9.4036418644503,0.01,21,9,stringer,extrados,802
816,8.78270385266569,9.25412611068696,0.01,21,10,stringer,extrados,803
903,8.83966909976055,9.10461035692362,0.01,21,11,stringer,extrados,804
988,8.89663434685542,8.95509460316028,0.01,21,12,stringer,extrados,805
1070,8.95359959395029,8.80557884939693,0.01,21,13,stringer,extrados,806
1149,9.01056484104516,8.65606309563359,0.01,21,14,stringer,extrados,807
1225,9.06753008814003,8.50654734187025,0.01,21,15,stringer,extrados,808
1298,9.1244953352349,8.3570315881069,0.01,21,16,stringer,extrados,809
1369,9.18146058232976,8.20751583434356,0.01,21,17,stringer,extrados,810
1438,9.23842582942463,8.05800008058022,0.01,21,18,stringer,extrados,811
1504,9.2953910765195,7.90848432681688,0.01,21,19,stringer,extrados,812
1567,9.35235632361437,7.75896857305353,0.01,21,20,stringer,extrados,813
1627,9.40932157070924,7.60945281929019,0.01,21,21,stringer,extrados,814
1684,9.46628681780411,7.45993706552685,0.01,21,22,stringer,extrados,815
1739,9.52325206489897,7.3104213117635,0.01,21,23,stringer,extrados,816
1792,9.58021731199384,7.16090555800016,0.01,21,24,stringer,extrados,817
1842,9.63718255908871,7.01138980423682,0.01,21,25,stringer,extrados,818
1889,9.69414780618358,6.86187405047347,0.01,21,26,stringer,extrados,819
1933,9.75111305327845,6.71235829671013,0.01,21,27,stringer,extrados,820
1974,9.80807830037332,6.56284254294679,0.01,21,28,stringer,extrados,821
2012,9.86504354746818,6.41332678918345,0.01,21,29,stringer,extrados,822
2047,9.92200879456305,6.2638110354201,0.01,21,30,stringer,extrados,823
2080,9.97897404165792,6.11429528165676,0.01,21,31,stringer,extrados,824
2110,10.0359392887528,5.96477952789342,0.01,21,32,stringer,extrados,825
2137,10.0929045358477,5.81526377413007,0.01,21,33,stringer,extrados,826
22,8.54011709307431,10.8738951263404,0.01,22,-2,rear spars,extrados,827
22,10.4310295189189,5.91084816228909,0.01,22,-1,front spars,extrados,828
19,8.59708234016918,10.7243793725771,0.01,22,1,stringer,extrados,829
107,8.65404758726405,10.5748636188137,0.01,22,2,stringer,extrados,830
195,8.71101283435892,10.4253478650504,0.01,22,3,stringer,extrados,831
283,8.76797808145379,10.275832111287,0.01,22,4,stringer,extrados,832
371,8.82494332854865,10.1263163575237,0.01,22,5,stringer,extrados,833
460,8.88190857564352,9.97680060376036,0.01,22,6,stringer,extrados,834
549,8.93887382273839,9.82728484999701,0.01,22,7,stringer,extrados,835
638,8.99583906983326,9.67776909623367,0.01,22,8,stringer,extrados,836
727,9.05280431692813,9.52825334247033,0.01,22,9,stringer,extrados,837
817,9.109769564023,9.37873758870699,0.01,22,10,stringer,extrados,838
904,9.16673481111786,9.22922183494364,0.01,22,11,stringer,extrados,839
989,9.22370005821273,9.0797060811803,0.01,22,12,stringer,extrados,840
1071,9.2806653053076,8.93019032741696,0.01,22,13,stringer,extrados,841
1150,9.33763055240247,8.78067457365361,0.01,22,14,stringer,extrados,842
1226,9.39459579949734,8.63115881989027,0.01,22,15,stringer,extrados,843
1299,9.45156104659221,8.48164306612693,0.01,22,16,stringer,extrados,844
1370,9.50852629368707,8.33212731236359,0.01,22,17,stringer,extrados,845
1439,9.56549154078194,8.18261155860024,0.01,22,18,stringer,extrados,846
1505,9.62245678787681,8.0330958048369,0.01,22,19,stringer,extrados,847
1568,9.67942203497168,7.88358005107356,0.01,22,20,stringer,extrados,848
1628,9.73638728206655,7.73406429731021,0.01,22,21,stringer,extrados,849
1685,9.79335252916142,7.58454854354687,0.01,22,22,stringer,extrados,850
1740,9.85031777625628,7.43503278978353,0.01,22,23,stringer,extrados,851
1793,9.90728302335115,7.28551703602018,0.01,22,24,stringer,extrados,852
1843,9.96424827044602,7.13600128225684,0.01,22,25,stringer,extrados,853
1890,10.0212135175409,6.9864855284935,0.01,22,26,stringer,extrados,854
1934,10.0781787646358,6.83696977473015,0.01,22,27,stringer,extrados,855
1975,10.1351440117306,6.68745402096681,0.01,22,28,stringer,extrados,856
2013,10.1921092588255,6.53793826720347,0.01,22,29,stringer,extrados,857
2048,10.2490745059204,6.38842251344013,0.01,22,30,stringer,extrados,858
2081,10.3060397530152,6.23890675967678,0.01,22,31,stringer,extrados,859
2111,10.3630050001101,6.08939100591344,0.01,22,32,stringer,extrados,860
2138,10.419970247205,5.9398752521501,0.01,22,33,stringer,extrados,861
23,8.86718280443163,10.9985066043604,0.01,23,-2,rear spars,extrados,862
23,10.7381345548123,6.08785009922593,0.01,23,-1,front spars,extrados,863
20,8.9241480515265,10.8489908505971,0.01,23,1,stringer,extrados,864
108,8.98111329862137,10.6994750968338,0.01,23,2,stringer,extrados,865
196,9.03807854571624,10.5499593430704,0.01,23,3,stringer,extrados,866
284,9.0950437928111,10.4004435893071,0.01,23,4,stringer,extrados,867
372,9.15200903990597,10.2509278355437,0.01,23,5,stringer,extrados,868
461,9.20897428700084,10.1014120817804,0.01,23,6,stringer,extrados,869
550,9.26593953409571,9.95189632801704,0.01,23,7,stringer,extrados,870
639,9.32290478119057,9.8023805742537,0.01,23,8,stringer,extrados,871
728,9.37987002828544,9.65286482049035,0.01,23,9,stringer,extrados,872
818,9.43683527538031,9.50334906672701,0.01,23,10,stringer,extrados,873
905,9.49380052247518,9.35383331296367,0.01,23,11,stringer,extrados,874
990,9.55076576957005,9.20431755920032,0.01,23,12,stringer,extrados,875
1072,9.60773101666492,9.05480180543698,0.01,23,13,stringer,extrados,876
1151,9.66469626375979,8.90528605167364,0.01,23,14,stringer,extrados,877
1227,9.72166151085465,8.7557702979103,0.01,23,15,stringer,extrados,878
1300,9.77862675794952,8.60625454414695,0.01,23,16,stringer,extrados,879
1371,9.83559200504439,8.45673879038361,0.01,23,17,stringer,extrados,880
1440,9.89255725213926,8.30722303662027,0.01,23,18,stringer,extrados,881
1506,9.94952249923413,8.15770728285692,0.01,23,19,stringer,extrados,882
1569,10.006487746329,8.00819152909358,0.01,23,20,stringer,extrados,883
1629,10.0634529934239,7.85867577533024,0.01,23,21,stringer,extrados,884
1686,10.1204182405187,7.7091600215669,0.01,23,22,stringer,extrados,885
1741,10.1773834876136,7.55964426780355,0.01,23,23,stringer,extrados,886
1794,10.2343487347085,7.41012851404021,0.01,23,24,stringer,extrados,887
1844,10.2913139818033,7.26061276027687,0.01,23,25,stringer,extrados,888
1891,10.3482792288982,7.11109700651352,0.01,23,26,stringer,extrados,889
1935,10.4052444759931,6.96158125275018,0.01,23,27,stringer,extrados,890
1976,10.4622097230879,6.81206549898684,0.01,23,28,stringer,extrados,891
2014,10.5191749701828,6.6625497452235,0.01,23,29,stringer,extrados,892
2049,10.5761402172777,6.51303399146015,0.01,23,30,stringer,extrados,893
2082,10.6331054643725,6.36351823769681,0.01,23,31,stringer,extrados,894
2112,10.6900707114674,6.21400248393347,0.01,23,32,stringer,extrados,895
24,9.19424851578894,11.1231180823805,0.01,24,-2,rear spars,extrados,896
24,11.0452395907057,6.26485203616277,0.01,24,-1,front spars,extrados,897
21,9.25121376288381,10.9736023286171,0.01,24,1,stringer,extrados,898
109,9.30817900997868,10.8240865748538,0.01,24,2,stringer,extrados,899
197,9.36514425707355,10.6745708210904,0.01,24,3,stringer,extrados,900
285,9.42210950416841,10.5250550673271,0.01,24,4,stringer,extrados,901
373,9.47907475126328,10.3755393135637,0.01,24,5,stringer,extrados,902
462,9.53603999835815,10.2260235598004,0.01,24,6,stringer,extrados,903
551,9.59300524545302,10.0765078060371,0.01,24,7,stringer,extrados,904
640,9.64997049254789,9.92699205227372,0.01,24,8,stringer,extrados,905
729,9.70693573964275,9.77747629851038,0.01,24,9,stringer,extrados,906
819,9.76390098673762,9.62796054474703,0.01,24,10,stringer,extrados,907
906,9.82086623383249,9.47844479098369,0.01,24,11,stringer,extrados,908
991,9.87783148092736,9.32892903722035,0.01,24,12,stringer,extrados,909
1073,9.93479672802223,9.17941328345701,0.01,24,13,stringer,extrados,910
1152,9.9917619751171,9.02989752969366,0.01,24,14,stringer,extrados,911
1228,10.048727222212,8.88038177593032,0.01,24,15,stringer,extrados,912
1301,10.1056924693068,8.73086602216698,0.01,24,16,stringer,extrados,913
1372,10.1626577164017,8.58135026840363,0.01,24,17,stringer,extrados,914
1441,10.2196229634966,8.43183451464029,0.01,24,18,stringer,extrados,915
1507,10.2765882105914,8.28231876087695,0.01,24,19,stringer,extrados,916
1570,10.3335534576863,8.1328030071136,0.01,24,20,stringer,extrados,917
1630,10.3905187047812,7.98328725335026,0.01,24,21,stringer,extrados,918
1687,10.447483951876,7.83377149958692,0.01,24,22,stringer,extrados,919
1742,10.5044491989709,7.68425574582358,0.01,24,23,stringer,extrados,920
1795,10.5614144460658,7.53473999206023,0.01,24,24,stringer,extrados,921
1845,10.6183796931606,7.38522423829689,0.01,24,25,stringer,extrados,922
1892,10.6753449402555,7.23570848453355,0.01,24,26,stringer,extrados,923
1936,10.7323101873504,7.0861927307702,0.01,24,27,stringer,extrados,924
1977,10.7892754344453,6.93667697700686,0.01,24,28,stringer,extrados,925
2015,10.8462406815401,6.78716122324352,0.01,24,29,stringer,extrados,926
2050,10.903205928635,6.63764546948018,0.01,24,30,stringer,extrados,927
2083,10.9601711757299,6.48812971571683,0.01,24,31,stringer,extrados,928
2113,11.0171364228247,6.33861396195349,0.01,24,32,stringer,extrados,929
25,9.52131422714625,11.2477295604005,0.01,25,-2,rear spars,extrados,930
25,11.3523446265991,6.44185397309961,0.01,25,-1,front spars,extrados,931
22,9.57827947424112,11.0982138066371,0.01,25,1,stringer,extrados,932
110,9.63524472133599,10.9486980528738,0.01,25,2,stringer,extrados,933
198,9.69220996843086,10.7991822991105,0.01,25,3,stringer,extrados,934
286,9.74917521552573,10.6496665453471,0.01,25,4,stringer,extrados,935
374,9.8061404626206,10.5001507915838,0.01,25,5,stringer,extrados,936
463,9.86310570971546,10.3506350378204,0.01,25,6,stringer,extrados,937
552,9.92007095681033,10.2011192840571,0.01,25,7,stringer,extrados,938
641,9.9770362039052,10.0516035302937,0.01,25,8,stringer,extrados,939
730,10.0340014510001,9.9020877765304,0.01,25,9,stringer,extrados,940
820,10.0909666980949,9.75257202276706,0.01,25,10,stringer,extrados,941
907,10.1479319451898,9.60305626900372,0.01,25,11,stringer,extrados,942
992,10.2048971922847,9.45354051524037,0.01,25,12,stringer,extrados,943
1074,10.2618624393795,9.30402476147703,0.01,25,13,stringer,extrados,944
1153,10.3188276864744,9.15450900771369,0.01,25,14,stringer,extrados,945
1229,10.3757929335693,9.00499325395034,0.01,25,15,stringer,extrados,946
1302,10.4327581806641,8.855477500187,0.01,25,16,stringer,extrados,947
1373,10.489723427759,8.70596174642366,0.01,25,17,stringer,extrados,948
1442,10.5466886748539,8.55644599266031,0.01,25,18,stringer,extrados,949
1508,10.6036539219487,8.40693023889697,0.01,25,19,stringer,extrados,950
1571,10.6606191690436,8.25741448513363,0.01,25,20,stringer,extrados,951
1631,10.7175844161385,8.10789873137029,0.01,25,21,stringer,extrados,952
1688,10.7745496632334,7.95838297760694,0.01,25,22,stringer,extrados,953
1743,10.8315149103282,7.8088672238436,0.01,25,23,stringer,extrados,954
1796,10.8884801574231,7.65935147008026,0.01,25,24,stringer,extrados,955
1846,10.945445404518,7.50983571631692,0.01,25,25,stringer,extrados,956
1893,11.0024106516128,7.36031996255357,0.01,25,26,stringer,extrados,957
1937,11.0593758987077,7.21080420879023,0.01,25,27,stringer,extrados,958
1978,11.1163411458026,7.06128845502689,0.01,25,28,stringer,extrados,959
2016,11.1733063928974,6.91177270126354,0.01,25,29,stringer,extrados,960
2051,11.2302716399923,6.7622569475002,0.01,25,30,stringer,extrados,961
2084,11.2872368870872,6.61274119373686,0.01,25,31,stringer,extrados,962
2114,11.344202134182,6.46322543997351,0.01,25,32,stringer,extrados,963
26,9.84837993850357,11.3723410384205,0.01,26,-2,rear spars,extrados,964
26,11.6594496624925,6.61885591003645,0.01,26,-1,front spars,extrados,965
23,9.90534518559843,11.2228252846572,0.01,26,1,stringer,extrados,966
111,9.9623104326933,11.0733095308938,0.01,26,2,stringer,extrados,967
199,10.0192756797882,10.9237937771305,0.01,26,3,stringer,extrados,968
287,10.076240926883,10.7742780233671,0.01,26,4,stringer,extrados,969
375,10.1332061739779,10.6247622696038,0.01,26,5,stringer,extrados,970
464,10.1901714210728,10.4752465158405,0.01,26,6,stringer,extrados,971
553,10.2471366681676,10.3257307620771,0.01,26,7,stringer,extrados,972
642,10.3041019152625,10.1762150083138,0.01,26,8,stringer,extrados,973
731,10.3610671623574,10.0266992545504,0.01,26,9,stringer,extrados,974
821,10.4180324094522,9.87718350078708,0.01,26,10,stringer,extrados,975
908,10.4749976565471,9.72766774702374,0.01,26,11,stringer,extrados,976
993,10.531962903642,9.5781519932604,0.01,26,12,stringer,extrados,977
1075,10.5889281507369,9.42863623949706,0.01,26,13,stringer,extrados,978
1154,10.6458933978317,9.27912048573371,0.01,26,14,stringer,extrados,979
1230,10.7028586449266,9.12960473197037,0.01,26,15,stringer,extrados,980
1303,10.7598238920215,8.98008897820703,0.01,26,16,stringer,extrados,981
1374,10.8167891391163,8.83057322444368,0.01,26,17,stringer,extrados,982
1443,10.8737543862112,8.68105747068034,0.01,26,18,stringer,extrados,983
1509,10.9307196333061,8.531541716917,0.01,26,19,stringer,extrados,984
1572,10.9876848804009,8.38202596315365,0.01,26,20,stringer,extrados,985
1632,11.0446501274958,8.23251020939031,0.01,26,21,stringer,extrados,986
1689,11.1016153745907,8.08299445562697,0.01,26,22,stringer,extrados,987
1744,11.1585806216855,7.93347870186362,0.01,26,23,stringer,extrados,988
1797,11.2155458687804,7.78396294810028,0.01,26,24,stringer,extrados,989
1847,11.2725111158753,7.63444719433694,0.01,26,25,stringer,extrados,990
1894,11.3294763629701,7.4849314405736,0.01,26,26,stringer,extrados,991
1938,11.386441610065,7.33541568681025,0.01,26,27,stringer,extrados,992
1979,11.4434068571599,7.18589993304691,0.01,26,28,stringer,extrados,993
2017,11.5003721042547,7.03638417928357,0.01,26,29,stringer,extrados,994
2052,11.5573373513496,6.88686842552022,0.01,26,30,stringer,extrados,995
2085,11.6143025984445,6.73735267175688,0.01,26,31,stringer,extrados,996
27,10.1754456498609,11.4969525164405,0.01,27,-2,rear spars,extrados,997
27,11.966554698386,6.79585784697329,0.01,27,-1,front spars,extrados,998
24,10.2324108969557,11.3474367626772,0.01,27,1,stringer,extrados,999
112,10.2893761440506,11.1979210089139,0.01,27,2,stringer,extrados,1000
200,10.3463413911455,11.0484052551505,0.01,27,3,stringer,extrados,1001
288,10.4033066382404,10.8988895013872,0.01,27,4,stringer,extrados,1002
376,10.4602718853352,10.7493737476238,0.01,27,5,stringer,extrados,1003
465,10.5172371324301,10.5998579938605,0.01,27,6,stringer,extrados,1004
554,10.574202379525,10.4503422400971,0.01,27,7,stringer,extrados,1005
643,10.6311676266198,10.3008264863338,0.01,27,8,stringer,extrados,1006
732,10.6881328737147,10.1513107325705,0.01,27,9,stringer,extrados,1007
822,10.7450981208096,10.0017949788071,0.01,27,10,stringer,extrados,1008
909,10.8020633679044,9.85227922504376,0.01,27,11,stringer,extrados,1009
994,10.8590286149993,9.70276347128042,0.01,27,12,stringer,extrados,1010
1076,10.9159938620942,9.55324771751708,0.01,27,13,stringer,extrados,1011
1155,10.972959109189,9.40373196375374,0.01,27,14,stringer,extrados,1012
1231,11.0299243562839,9.25421620999039,0.01,27,15,stringer,extrados,1013
1304,11.0868896033788,9.10470045622705,0.01,27,16,stringer,extrados,1014
1375,11.1438548504736,8.95518470246371,0.01,27,17,stringer,extrados,1015
1444,11.2008200975685,8.80566894870036,0.01,27,18,stringer,extrados,1016
1510,11.2577853446634,8.65615319493702,0.01,27,19,stringer,extrados,1017
1573,11.3147505917582,8.50663744117368,0.01,27,20,stringer,extrados,1018
1633,11.3717158388531,8.35712168741033,0.01,27,21,stringer,extrados,1019
1690,11.428681085948,8.20760593364699,0.01,27,22,stringer,extrados,1020
1745,11.4856463330428,8.05809017988365,0.01,27,23,stringer,extrados,1021
1798,11.5426115801377,7.90857442612031,0.01,27,24,stringer,extrados,1022
1848,11.5995768272326,7.75905867235696,0.01,27,25,stringer,extrados,1023
1895,11.6565420743275,7.60954291859362,0.01,27,26,stringer,extrados,1024
1939,11.7135073214223,7.46002716483028,0.01,27,27,stringer,extrados,1025
1980,11.7704725685172,7.31051141106693,0.01,27,28,stringer,extrados,1026
2018,11.8274378156121,7.16099565730359,0.01,27,29,stringer,extrados,1027
2053,11.8844030627069,7.01147990354025,0.01,27,30,stringer,extrados,1028
2086,11.9413683098018,6.86196414977691,0.01,27,31,stringer,extrados,1029
28,10.5025113612182,11.6215639944606,0.01,28,-2,rear spars,extrados,1030
28,12.2736597342794,6.97285978391013,0.01,28,-1,front spars,extrados,1031
25,10.5594766083131,11.4720482406972,0.01,28,1,stringer,extrados,1032
113,10.6164418554079,11.3225324869339,0.01,28,2,stringer,extrados,1033
201,10.6734071025028,11.1730167331705,0.01,28,3,stringer,extrados,1034
289,10.7303723495977,11.0235009794072,0.01,28,4,stringer,extrados,1035
377,10.7873375966925,10.8739852256438,0.01,28,5,stringer,extrados,1036
466,10.8443028437874,10.7244694718805,0.01,28,6,stringer,extrados,1037
555,10.9012680908823,10.5749537181172,0.01,28,7,stringer,extrados,1038
644,10.9582333379771,10.4254379643538,0.01,28,8,stringer,extrados,1039
733,11.015198585072,10.2759222105905,0.01,28,9,stringer,extrados,1040
823,11.0721638321669,10.1264064568271,0.01,28,10,stringer,extrados,1041
910,11.1291290792617,9.97689070306379,0.01,28,11,stringer,extrados,1042
995,11.1860943263566,9.82737494930045,0.01,28,12,stringer,extrados,1043
1077,11.2430595734515,9.67785919553711,0.01,28,13,stringer,extrados,1044
1156,11.3000248205463,9.52834344177376,0.01,28,14,stringer,extrados,1045
1232,11.3569900676412,9.37882768801042,0.01,28,15,stringer,extrados,1046
1305,11.4139553147361,9.22931193424708,0.01,28,16,stringer,extrados,1047
1376,11.470920561831,9.07979618048373,0.01,28,17,stringer,extrados,1048
1445,11.5278858089258,8.93028042672039,0.01,28,18,stringer,extrados,1049
1511,11.5848510560207,8.78076467295705,0.01,28,19,stringer,extrados,1050
1574,11.6418163031156,8.6312489191937,0.01,28,20,stringer,extrados,1051
1634,11.6987815502104,8.48173316543036,0.01,28,21,stringer,extrados,1052
1691,11.7557467973053,8.33221741166702,0.01,28,22,stringer,extrados,1053
1746,11.8127120444002,8.18270165790367,0.01,28,23,stringer,extrados,1054
1799,11.869677291495,8.03318590414033,0.01,28,24,stringer,extrados,1055
1849,11.9266425385899,7.88367015037699,0.01,28,25,stringer,extrados,1056
1896,11.9836077856848,7.73415439661365,0.01,28,26,stringer,extrados,1057
1940,12.0405730327796,7.5846386428503,0.01,28,27,stringer,extrados,1058
1981,12.0975382798745,7.43512288908696,0.01,28,28,stringer,extrados,1059
2019,12.1545035269694,7.28560713532362,0.01,28,29,stringer,extrados,1060
2054,12.2114687740642,7.13609138156027,0.01,28,30,stringer,extrados,1061
2087,12.2684340211591,6.98657562779693,0.01,28,31,stringer,extrados,1062
29,10.8295770725755,11.7461754724806,0.01,29,-2,rear spars,extrados,1063
29,12.5807647701728,7.14986172084697,0.01,29,-1,front spars,extrados,1064
26,10.8865423196704,11.5966597187172,0.01,29,1,stringer,extrados,1065
114,10.9435075667652,11.4471439649539,0.01,29,2,stringer,extrados,1066
202,11.0004728138601,11.2976282111906,0.01,29,3,stringer,extrados,1067
290,11.057438060955,11.1481124574272,0.01,29,4,stringer,extrados,1068
378,11.1144033080498,10.9985967036639,0.01,29,5,stringer,extrados,1069
467,11.1713685551447,10.8490809499005,0.01,29,6,stringer,extrados,1070
556,11.2283338022396,10.6995651961372,0.01,29,7,stringer,extrados,1071
645,11.2852990493344,10.5500494423738,0.01,29,8,stringer,extrados,1072
734,11.3422642964293,10.4005336886105,0.01,29,9,stringer,extrados,1073
824,11.3992295435242,10.2510179348472,0.01,29,10,stringer,extrados,1074
911,11.4561947906191,10.1015021810838,0.01,29,11,stringer,extrados,1075
996,11.5131600377139,9.95198642732047,0.01,29,12,stringer,extrados,1076
1078,11.5701252848088,9.80247067355713,0.01,29,13,stringer,extrados,1077
1157,11.6270905319037,9.65295491979379,0.01,29,14,stringer,extrados,1078
1233,11.6840557789985,9.50343916603044,0.01,29,15,stringer,extrados,1079
1306,11.7410210260934,9.3539234122671,0.01,29,16,stringer,extrados,1080
1377,11.7979862731883,9.20440765850376,0.01,29,17,stringer,extrados,1081
1446,11.8549515202831,9.05489190474041,0.01,29,18,stringer,extrados,1082
1512,11.911916767378,8.90537615097707,0.01,29,19,stringer,extrados,1083
1575,11.9688820144729,8.75586039721373,0.01,29,20,stringer,extrados,1084
1635,12.0258472615677,8.60634464345038,0.01,29,21,stringer,extrados,1085
1692,12.0828125086626,8.45682888968704,0.01,29,22,stringer,extrados,1086
1747,12.1397777557575,8.3073131359237,0.01,29,23,stringer,extrados,1087
1800,12.1967430028523,8.15779738216036,0.01,29,24,stringer,extrados,1088
1850,12.2537082499472,8.00828162839701,0.01,29,25,stringer,extrados,1089
1897,12.3106734970421,7.85876587463367,0.01,29,26,stringer,extrados,1090
1941,12.3676387441369,7.70925012087033,0.01,29,27,stringer,extrados,1091
1982,12.4246039912318,7.55973436710698,0.01,29,28,stringer,extrados,1092
2020,12.4815692383267,7.41021861334364,0.01,29,29,stringer,extrados,1093
2055,12.5385344854216,7.2607028595803,0.01,29,30,stringer,extrados,1094
30,11.1566427839328,11.8707869505006,0.01,30,-2,rear spars,extrados,1095
30,12.8878698060662,7.32686365778381,0.01,30,-1,front spars,extrados,1096
27,11.2136080310277,11.7212711967373,0.01,30,1,stringer,extrados,1097
115,11.2705732781226,11.5717554429739,0.01,30,2,stringer,extrados,1098
203,11.3275385252174,11.4222396892106,0.01,30,3,stringer,extrados,1099
291,11.3845037723123,11.2727239354472,0.01,30,4,stringer,extrados,1100
379,11.4414690194072,11.1232081816839,0.01,30,5,stringer,extrados,1101
468,11.498434266502,10.9736924279206,0.01,30,6,stringer,extrados,1102
557,11.5553995135969,10.8241766741572,0.01,30,7,stringer,extrados,1103
646,11.6123647606918,10.6746609203939,0.01,30,8,stringer,extrados,1104
735,11.6693300077866,10.5251451666305,0.01,30,9,stringer,extrados,1105
825,11.7262952548815,10.3756294128672,0.01,30,10,stringer,extrados,1106
912,11.7832605019764,10.2261136591038,0.01,30,11,stringer,extrados,1107
997,11.8402257490712,10.0765979053405,0.01,30,12,stringer,extrados,1108
1079,11.8971909961661,9.92708215157715,0.01,30,13,stringer,extrados,1109
1158,11.954156243261,9.77756639781381,0.01,30,14,stringer,extrados,1110
1234,12.0111214903558,9.62805064405047,0.01,30,15,stringer,extrados,1111
1307,12.0680867374507,9.47853489028712,0.01,30,16,stringer,extrados,1112
1378,12.1250519845456,9.32901913652378,0.01,30,17,stringer,extrados,1113
1447,12.1820172316404,9.17950338276044,0.01,30,18,stringer,extrados,1114
1513,12.2389824787353,9.02998762899709,0.01,30,19,stringer,extrados,1115
1576,12.2959477258302,8.88047187523375,0.01,30,20,stringer,extrados,1116
1636,12.352912972925,8.73095612147041,0.01,30,21,stringer,extrados,1117
1693,12.4098782200199,8.58144036770707,0.01,30,22,stringer,extrados,1118
1748,12.4668434671148,8.43192461394372,0.01,30,23,stringer,extrados,1119
1801,12.5238087142097,8.28240886018038,0.01,30,24,stringer,extrados,1120
1851,12.5807739613045,8.13289310641704,0.01,30,25,stringer,extrados,1121
1898,12.6377392083994,7.98337735265369,0.01,30,26,stringer,extrados,1122
1942,12.6947044554943,7.83386159889035,0.01,30,27,stringer,extrados,1123
1983,12.7516697025891,7.68434584512701,0.01,30,28,stringer,extrados,1124
2021,12.808634949684,7.53483009136366,0.01,30,29,stringer,extrados,1125
2056,12.8656001967789,7.38531433760032,0.01,30,30,stringer,extrados,1126
31,11.4837084952901,11.9953984285206,0.01,31,-2,rear spars,extrados,1127
31,13.1949748419596,7.50386559472065,0.01,31,-1,front spars,extrados,1128
28,11.540673742385,11.8458826747573,0.01,31,1,stringer,extrados,1129
116,11.5976389894799,11.6963669209939,0.01,31,2,stringer,extrados,1130
204,11.6546042365747,11.5468511672306,0.01,31,3,stringer,extrados,1131
292,11.7115694836696,11.3973354134673,0.01,31,4,stringer,extrados,1132
380,11.7685347307645,11.2478196597039,0.01,31,5,stringer,extrados,1133
469,11.8254999778593,11.0983039059406,0.01,31,6,stringer,extrados,1134
558,11.8824652249542,10.9487881521772,0.01,31,7,stringer,extrados,1135
647,11.9394304720491,10.7992723984139,0.01,31,8,stringer,extrados,1136
736,11.9963957191439,10.6497566446505,0.01,31,9,stringer,extrados,1137
826,12.0533609662388,10.5002408908872,0.01,31,10,stringer,extrados,1138
913,12.1103262133337,10.3507251371239,0.01,31,11,stringer,extrados,1139
998,12.1672914604286,10.2012093833605,0.01,31,12,stringer,extrados,1140
1080,12.2242567075234,10.0516936295972,0.01,31,13,stringer,extrados,1141
1159,12.2812219546183,9.90217787583383,0.01,31,14,stringer,extrados,1142
1235,12.3381872017132,9.75266212207049,0.01,31,15,stringer,extrados,1143
1308,12.395152448808,9.60314636830715,0.01,31,16,stringer,extrados,1144
1379,12.4521176959029,9.4536306145438,0.01,31,17,stringer,extrados,1145
1448,12.5090829429978,9.30411486078046,0.01,31,18,stringer,extrados,1146
1514,12.5660481900926,9.15459910701712,0.01,31,19,stringer,extrados,1147
1577,12.6230134371875,9.00508335325378,0.01,31,20,stringer,extrados,1148
1637,12.6799786842824,8.85556759949043,0.01,31,21,stringer,extrados,1149
1694,12.7369439313772,8.70605184572709,0.01,31,22,stringer,extrados,1150
1749,12.7939091784721,8.55653609196375,0.01,31,23,stringer,extrados,1151
1802,12.850874425567,8.4070203382004,0.01,31,24,stringer,extrados,1152
1852,12.9078396726618,8.25750458443706,0.01,31,25,stringer,extrados,1153
1899,12.9648049197567,8.10798883067372,0.01,31,26,stringer,extrados,1154
1943,13.0217701668516,7.95847307691038,0.01,31,27,stringer,extrados,1155
1984,13.0787354139464,7.80895732314703,0.01,31,28,stringer,extrados,1156
2022,13.1357006610413,7.65944156938369,0.01,31,29,stringer,extrados,1157
2057,13.1926659081362,7.50992581562035,0.01,31,30,stringer,extrados,1158
32,11.8107742066474,12.1200099065407,0.01,32,-2,rear spars,extrados,1159
32,13.502079877853,7.68086753165749,0.01,32,-1,front spars,extrados,1160
29,11.8677394537423,11.9704941527773,0.01,32,1,stringer,extrados,1161
117,11.9247047008372,11.820978399014,0.01,32,2,stringer,extrados,1162
205,11.981669947932,11.6714626452506,0.01,32,3,stringer,extrados,1163
293,12.0386351950269,11.5219468914873,0.01,32,4,stringer,extrados,1164
381,12.0956004421218,11.3724311377239,0.01,32,5,stringer,extrados,1165
470,12.1525656892167,11.2229153839606,0.01,32,6,stringer,extrados,1166
559,12.2095309363115,11.0733996301973,0.01,32,7,stringer,extrados,1167
648,12.2664961834064,10.9238838764339,0.01,32,8,stringer,extrados,1168
737,12.3234614305013,10.7743681226706,0.01,32,9,stringer,extrados,1169
827,12.3804266775961,10.6248523689072,0.01,32,10,stringer,extrados,1170
914,12.437391924691,10.4753366151439,0.01,32,11,stringer,extrados,1171
999,12.4943571717859,10.3258208613805,0.01,32,12,stringer,extrados,1172
1081,12.5513224188807,10.1763051076172,0.01,32,13,stringer,extrados,1173
1160,12.6082876659756,10.0267893538539,0.01,32,14,stringer,extrados,1174
1236,12.6652529130705,9.87727360009051,0.01,32,15,stringer,extrados,1175
1309,12.7222181601653,9.72775784632717,0.01,32,16,stringer,extrados,1176
1380,12.7791834072602,9.57824209256383,0.01,32,17,stringer,extrados,1177
1449,12.8361486543551,9.42872633880049,0.01,32,18,stringer,extrados,1178
1515,12.8931139014499,9.27921058503714,0.01,32,19,stringer,extrados,1179
1578,12.9500791485448,9.1296948312738,0.01,32,20,stringer,extrados,1180
1638,13.0070443956397,8.98017907751046,0.01,32,21,stringer,extrados,1181
1695,13.0640096427345,8.83066332374711,0.01,32,22,stringer,extrados,1182
1750,13.1209748898294,8.68114756998377,0.01,32,23,stringer,extrados,1183
1803,13.1779401369243,8.53163181622043,0.01,32,24,stringer,extrados,1184
1853,13.2349053840192,8.38211606245709,0.01,32,25,stringer,extrados,1185
1900,13.291870631114,8.23260030869374,0.01,32,26,stringer,extrados,1186
1944,13.3488358782089,8.0830845549304,0.01,32,27,stringer,extrados,1187
1985,13.4058011253038,7.93356880116706,0.01,32,28,stringer,extrados,1188
2023,13.4627663723986,7.78405304740371,0.01,32,29,stringer,extrados,1189
33,12.1378399180048,12.2446213845607,0.01,33,-2,rear spars,extrados,1190
33,13.8091849137464,7.85786946859433,0.01,33,-1,front spars,extrados,1191
30,12.1948051650996,12.0951056307973,0.01,33,1,stringer,extrados,1192
118,12.2517704121945,11.945589877034,0.01,33,2,stringer,extrados,1193
206,12.3087356592894,11.7960741232707,0.01,33,3,stringer,extrados,1194
294,12.3657009063842,11.6465583695073,0.01,33,4,stringer,extrados,1195
382,12.4226661534791,11.497042615744,0.01,33,5,stringer,extrados,1196
471,12.479631400574,11.3475268619806,0.01,33,6,stringer,extrados,1197
560,12.5365966476688,11.1980111082173,0.01,33,7,stringer,extrados,1198
649,12.5935618947637,11.0484953544539,0.01,33,8,stringer,extrados,1199
738,12.6505271418586,10.8989796006906,0.01,33,9,stringer,extrados,1200
828,12.7074923889534,10.7494638469273,0.01,33,10,stringer,extrados,1201
915,12.7644576360483,10.5999480931639,0.01,33,11,stringer,extrados,1202
1000,12.8214228831432,10.4504323394006,0.01,33,12,stringer,extrados,1203
1082,12.878388130238,10.3009165856372,0.01,33,13,stringer,extrados,1204
1161,12.9353533773329,10.1514008318739,0.01,33,14,stringer,extrados,1205
1237,12.9923186244278,10.0018850781105,0.01,33,15,stringer,extrados,1206
1310,13.0492838715226,9.8523693243472,0.01,33,16,stringer,extrados,1207
1381,13.1062491186175,9.70285357058385,0.01,33,17,stringer,extrados,1208
1450,13.1632143657124,9.55333781682051,0.01,33,18,stringer,extrados,1209
1516,13.2201796128073,9.40382206305717,0.01,33,19,stringer,extrados,1210
1579,13.2771448599021,9.25430630929382,0.01,33,20,stringer,extrados,1211
1639,13.334110106997,9.10479055553048,0.01,33,21,stringer,extrados,1212
1696,13.3910753540919,8.95527480176714,0.01,33,22,stringer,extrados,1213
1751,13.4480406011867,8.8057590480038,0.01,33,23,stringer,extrados,1214
1804,13.5050058482816,8.65624329424045,0.01,33,24,stringer,extrados,1215
1854,13.5619710953765,8.50672754047711,0.01,33,25,stringer,extrados,1216
1901,13.6189363424713,8.35721178671377,0.01,33,26,stringer,extrados,1217
1945,13.6759015895662,8.20769603295042,0.01,33,27,stringer,extrados,1218
1986,13.7328668366611,8.05818027918708,0.01,33,28,stringer,extrados,1219
2024,13.7898320837559,7.90866452542374,0.01,33,29,stringer,extrados,1220
34,12.4649056293621,12.3692328625807,0.01,34,-2,rear spars,extrados,1221
34,14.1162899496399,8.03487140553117,0.01,34,-1,front spars,extrados,1222
31,12.5218708764569,12.2197171088174,0.01,34,1,stringer,extrados,1223
119,12.5788361235518,12.070201355054,0.01,34,2,stringer,extrados,1224
207,12.6358013706467,11.9206856012907,0.01,34,3,stringer,extrados,1225
295,12.6927666177415,11.7711698475273,0.01,34,4,stringer,extrados,1226
383,12.7497318648364,11.621654093764,0.01,34,5,stringer,extrados,1227
472,12.8066971119313,11.4721383400007,0.01,34,6,stringer,extrados,1228
561,12.8636623590261,11.3226225862373,0.01,34,7,stringer,extrados,1229
650,12.920627606121,11.173106832474,0.01,34,8,stringer,extrados,1230
739,12.9775928532159,11.0235910787106,0.01,34,9,stringer,extrados,1231
829,13.0345581003108,10.8740753249473,0.01,34,10,stringer,extrados,1232
916,13.0915233474056,10.7245595711839,0.01,34,11,stringer,extrados,1233
1001,13.1484885945005,10.5750438174206,0.01,34,12,stringer,extrados,1234
1083,13.2054538415954,10.4255280636573,0.01,34,13,stringer,extrados,1235
1162,13.2624190886902,10.2760123098939,0.01,34,14,stringer,extrados,1236
1238,13.3193843357851,10.1264965561306,0.01,34,15,stringer,extrados,1237
1311,13.37634958288,9.97698080236722,0.01,34,16,stringer,extrados,1238
1382,13.4333148299748,9.82746504860388,0.01,34,17,stringer,extrados,1239
1451,13.4902800770697,9.67794929484053,0.01,34,18,stringer,extrados,1240
1517,13.5472453241646,9.52843354107719,0.01,34,19,stringer,extrados,1241
1580,13.6042105712594,9.37891778731385,0.01,34,20,stringer,extrados,1242
1640,13.6611758183543,9.22940203355051,0.01,34,21,stringer,extrados,1243
1697,13.7181410654492,9.07988627978716,0.01,34,22,stringer,extrados,1244
1752,13.775106312544,8.93037052602382,0.01,34,23,stringer,extrados,1245
1805,13.8320715596389,8.78085477226048,0.01,34,24,stringer,extrados,1246
1855,13.8890368067338,8.63133901849714,0.01,34,25,stringer,extrados,1247
1902,13.9460020538286,8.48182326473379,0.01,34,26,stringer,extrados,1248
1946,14.0029673009235,8.33230751097045,0.01,34,27,stringer,extrados,1249
1987,14.0599325480184,8.18279175720711,0.01,34,28,stringer,extrados,1250
35,12.7919713407194,12.4938443406007,0.01,35,-2,rear spars,extrados,1251
35,14.4233949855333,8.21187334246801,0.01,35,-1,front spars,extrados,1252
32,12.8489365878142,12.3443285868374,0.01,35,1,stringer,extrados,1253
120,12.9059018349091,12.194812833074,0.01,35,2,stringer,extrados,1254
208,12.962867082004,12.0452970793107,0.01,35,3,stringer,extrados,1255
296,13.0198323290989,11.8957813255474,0.01,35,4,stringer,extrados,1256
384,13.0767975761937,11.746265571784,0.01,35,5,stringer,extrados,1257
473,13.1337628232886,11.5967498180207,0.01,35,6,stringer,extrados,1258
562,13.1907280703835,11.4472340642573,0.01,35,7,stringer,extrados,1259
651,13.2476933174783,11.297718310494,0.01,35,8,stringer,extrados,1260
740,13.3046585645732,11.1482025567306,0.01,35,9,stringer,extrados,1261
830,13.3616238116681,10.9986868029673,0.01,35,10,stringer,extrados,1262
917,13.4185890587629,10.849171049204,0.01,35,11,stringer,extrados,1263
1002,13.4755543058578,10.6996552954406,0.01,35,12,stringer,extrados,1264
1084,13.5325195529527,10.5501395416773,0.01,35,13,stringer,extrados,1265
1163,13.5894848000475,10.4006237879139,0.01,35,14,stringer,extrados,1266
1239,13.6464500471424,10.2511080341506,0.01,35,15,stringer,extrados,1267
1312,13.7034152942373,10.1015922803872,0.01,35,16,stringer,extrados,1268
1383,13.7603805413321,9.9520765266239,0.01,35,17,stringer,extrados,1269
1452,13.817345788427,9.80256077286056,0.01,35,18,stringer,extrados,1270
1518,13.8743110355219,9.65304501909722,0.01,35,19,stringer,extrados,1271
1581,13.9312762826167,9.50352926533387,0.01,35,20,stringer,extrados,1272
1641,13.9882415297116,9.35401351157053,0.01,35,21,stringer,extrados,1273
1698,14.0452067768065,9.20449775780719,0.01,35,22,stringer,extrados,1274
1753,14.1021720239013,9.05498200404384,0.01,35,23,stringer,extrados,1275
1806,14.1591372709962,8.9054662502805,0.01,35,24,stringer,extrados,1276
1856,14.2161025180911,8.75595049651716,0.01,35,25,stringer,extrados,1277
1903,14.273067765186,8.60643474275382,0.01,35,26,stringer,extrados,1278
1947,14.3300330122808,8.45691898899047,0.01,35,27,stringer,extrados,1279
1988,14.3869982593757,8.30740323522713,0.01,35,28,stringer,extrados,1280
36,13.1190370520767,12.6184558186208,0.01,36,-2,rear spars,extrados,1281
36,14.7305000214267,8.38887527940485,0.01,36,-1,front spars,extrados,1282
33,13.1760022991716,12.4689400648574,0.01,36,1,stringer,extrados,1283
121,13.2329675462664,12.3194243110941,0.01,36,2,stringer,extrados,1284
209,13.2899327933613,12.1699085573307,0.01,36,3,stringer,extrados,1285
297,13.3468980404562,12.0203928035674,0.01,36,4,stringer,extrados,1286
385,13.403863287551,11.870877049804,0.01,36,5,stringer,extrados,1287
474,13.4608285346459,11.7213612960407,0.01,36,6,stringer,extrados,1288
563,13.5177937817408,11.5718455422774,0.01,36,7,stringer,extrados,1289
652,13.5747590288356,11.422329788514,0.01,36,8,stringer,extrados,1290
741,13.6317242759305,11.2728140347507,0.01,36,9,stringer,extrados,1291
831,13.6886895230254,11.1232982809873,0.01,36,10,stringer,extrados,1292
918,13.7456547701202,10.973782527224,0.01,36,11,stringer,extrados,1293
1003,13.8026200172151,10.8242667734606,0.01,36,12,stringer,extrados,1294
1085,13.85958526431,10.6747510196973,0.01,36,13,stringer,extrados,1295
1164,13.9165505114049,10.525235265934,0.01,36,14,stringer,extrados,1296
1240,13.9735157584997,10.3757195121706,0.01,36,15,stringer,extrados,1297
1313,14.0304810055946,10.2262037584073,0.01,36,16,stringer,extrados,1298
1384,14.0874462526895,10.0766880046439,0.01,36,17,stringer,extrados,1299
1453,14.1444114997843,9.92717225088058,0.01,36,18,stringer,extrados,1300
1519,14.2013767468792,9.77765649711724,0.01,36,19,stringer,extrados,1301
1582,14.2583419939741,9.6281407433539,0.01,36,20,stringer,extrados,1302
1642,14.3153072410689,9.47862498959056,0.01,36,21,stringer,extrados,1303
1699,14.3722724881638,9.32910923582721,0.01,36,22,stringer,extrados,1304
1754,14.4292377352587,9.17959348206387,0.01,36,23,stringer,extrados,1305
1807,14.4862029823535,9.03007772830053,0.01,36,24,stringer,extrados,1306
1857,14.5431682294484,8.88056197453718,0.01,36,25,stringer,extrados,1307
1904,14.6001334765433,8.73104622077384,0.01,36,26,stringer,extrados,1308
1948,14.6570987236381,8.5815304670105,0.01,36,27,stringer,extrados,1309
1989,14.714063970733,8.43201471324715,0.01,36,28,stringer,extrados,1310
37,13.446102763434,12.7430672966408,0.01,37,-2,rear spars,extrados,1311
37,15.0376050573201,8.56587721634169,0.01,37,-1,front spars,extrados,1312
34,13.5030680105289,12.5935515428774,0.01,37,1,stringer,extrados,1313
122,13.5600332576237,12.4440357891141,0.01,37,2,stringer,extrados,1314
210,13.6169985047186,12.2945200353508,0.01,37,3,stringer,extrados,1315
298,13.6739637518135,12.1450042815874,0.01,37,4,stringer,extrados,1316
386,13.7309289989083,11.9954885278241,0.01,37,5,stringer,extrados,1317
475,13.7878942460032,11.8459727740607,0.01,37,6,stringer,extrados,1318
564,13.8448594930981,11.6964570202974,0.01,37,7,stringer,extrados,1319
653,13.901824740193,11.546941266534,0.01,37,8,stringer,extrados,1320
742,13.9587899872878,11.3974255127707,0.01,37,9,stringer,extrados,1321
832,14.0157552343827,11.2479097590074,0.01,37,10,stringer,extrados,1322
919,14.0727204814776,11.098394005244,0.01,37,11,stringer,extrados,1323
1004,14.1296857285724,10.9488782514807,0.01,37,12,stringer,extrados,1324
1086,14.1866509756673,10.7993624977173,0.01,37,13,stringer,extrados,1325
1165,14.2436162227622,10.649846743954,0.01,37,14,stringer,extrados,1326
1241,14.300581469857,10.5003309901906,0.01,37,15,stringer,extrados,1327
1314,14.3575467169519,10.3508152364273,0.01,37,16,stringer,extrados,1328
1385,14.4145119640468,10.201299482664,0.01,37,17,stringer,extrados,1329
1454,14.4714772111416,10.0517837289006,0.01,37,18,stringer,extrados,1330
1520,14.5284424582365,9.90226797513727,0.01,37,19,stringer,extrados,1331
1583,14.5854077053314,9.75275222137392,0.01,37,20,stringer,extrados,1332
1643,14.6423729524262,9.60323646761058,0.01,37,21,stringer,extrados,1333
1700,14.6993381995211,9.45372071384724,0.01,37,22,stringer,extrados,1334
1755,14.756303446616,9.30420496008389,0.01,37,23,stringer,extrados,1335
1808,14.8132686937108,9.15468920632055,0.01,37,24,stringer,extrados,1336
1858,14.8702339408057,9.00517345255721,0.01,37,25,stringer,extrados,1337
1905,14.9271991879006,8.85565769879387,0.01,37,26,stringer,extrados,1338
1949,14.9841644349955,8.70614194503052,0.01,37,27,stringer,extrados,1339
38,13.7731684747913,12.8676787746608,0.01,38,-2,rear spars,extrados,1340
38,15.3447100932135,8.74287915327853,0.01,38,-1,front spars,extrados,1341
35,13.8301337218862,12.7181630208975,0.01,38,1,stringer,extrados,1342
123,13.8870989689811,12.5686472671341,0.01,38,2,stringer,extrados,1343
211,13.9440642160759,12.4191315133708,0.01,38,3,stringer,extrados,1344
299,14.0010294631708,12.2696157596074,0.01,38,4,stringer,extrados,1345
387,14.0579947102657,12.1201000058441,0.01,38,5,stringer,extrados,1346
476,14.1149599573605,11.9705842520807,0.01,38,6,stringer,extrados,1347
565,14.1719252044554,11.8210684983174,0.01,38,7,stringer,extrados,1348
654,14.2288904515503,11.6715527445541,0.01,38,8,stringer,extrados,1349
743,14.2858556986451,11.5220369907907,0.01,38,9,stringer,extrados,1350
833,14.34282094574,11.3725212370274,0.01,38,10,stringer,extrados,1351
920,14.3997861928349,11.223005483264,0.01,38,11,stringer,extrados,1352
1005,14.4567514399297,11.0734897295007,0.01,38,12,stringer,extrados,1353
1087,14.5137166870246,10.9239739757373,0.01,38,13,stringer,extrados,1354
1166,14.5706819341195,10.774458221974,0.01,38,14,stringer,extrados,1355
1242,14.6276471812143,10.6249424682107,0.01,38,15,stringer,extrados,1356
1315,14.6846124283092,10.4754267144473,0.01,38,16,stringer,extrados,1357
1386,14.7415776754041,10.325910960684,0.01,38,17,stringer,extrados,1358
1455,14.7985429224989,10.1763952069206,0.01,38,18,stringer,extrados,1359
1521,14.8555081695938,10.0268794531573,0.01,38,19,stringer,extrados,1360
1584,14.9124734166887,9.87736369939395,0.01,38,20,stringer,extrados,1361
1644,14.9694386637836,9.7278479456306,0.01,38,21,stringer,extrados,1362
1701,15.0264039108784,9.57833219186726,0.01,38,22,stringer,extrados,1363
1756,15.0833691579733,9.42881643810392,0.01,38,23,stringer,extrados,1364
1809,15.1403344050682,9.27930068434057,0.01,38,24,stringer,extrados,1365
1859,15.197299652163,9.12978493057723,0.01,38,25,stringer,extrados,1366
1906,15.2542648992579,8.98026917681389,0.01,38,26,stringer,extrados,1367
1950,15.3112301463528,8.83075342305055,0.01,38,27,stringer,extrados,1368
39,14.1002341861486,12.9922902526808,0.01,39,-2,rear spars,extrados,1369
39,15.651815129107,8.91988109021537,0.01,39,-1,front spars,extrados,1370
36,14.1571994332435,12.8427744989175,0.01,39,1,stringer,extrados,1371
124,14.2141646803384,12.6932587451541,0.01,39,2,stringer,extrados,1372
212,14.2711299274332,12.5437429913908,0.01,39,3,stringer,extrados,1373
300,14.3280951745281,12.3942272376275,0.01,39,4,stringer,extrados,1374
388,14.385060421623,12.2447114838641,0.01,39,5,stringer,extrados,1375
477,14.4420256687178,12.0951957301008,0.01,39,6,stringer,extrados,1376
566,14.4989909158127,11.9456799763374,0.01,39,7,stringer,extrados,1377
655,14.5559561629076,11.7961642225741,0.01,39,8,stringer,extrados,1378
744,14.6129214100024,11.6466484688107,0.01,39,9,stringer,extrados,1379
834,14.6698866570973,11.4971327150474,0.01,39,10,stringer,extrados,1380
921,14.7268519041922,11.3476169612841,0.01,39,11,stringer,extrados,1381
1006,14.7838171512871,11.1981012075207,0.01,39,12,stringer,extrados,1382
1088,14.8407823983819,11.0485854537574,0.01,39,13,stringer,extrados,1383
1167,14.8977476454768,10.899069699994,0.01,39,14,stringer,extrados,1384
1243,14.9547128925717,10.7495539462307,0.01,39,15,stringer,extrados,1385
1316,15.0116781396665,10.6000381924673,0.01,39,16,stringer,extrados,1386
1387,15.0686433867614,10.450522438704,0.01,39,17,stringer,extrados,1387
1456,15.1256086338563,10.3010066849407,0.01,39,18,stringer,extrados,1388
1522,15.1825738809511,10.1514909311773,0.01,39,19,stringer,extrados,1389
1585,15.239539128046,10.001975177414,0.01,39,20,stringer,extrados,1390
1645,15.2965043751409,9.85245942365063,0.01,39,21,stringer,extrados,1391
1702,15.3534696222357,9.70294366988729,0.01,39,22,stringer,extrados,1392
1757,15.4104348693306,9.55342791612394,0.01,39,23,stringer,extrados,1393
1810,15.4674001164255,9.4039121623606,0.01,39,24,stringer,extrados,1394
1860,15.5243653635203,9.25439640859726,0.01,39,25,stringer,extrados,1395
1907,15.5813306106152,9.10488065483391,0.01,39,26,stringer,extrados,1396
1951,15.6382958577101,8.95536490107057,0.01,39,27,stringer,extrados,1397
40,14.4272998975059,13.1169017307009,0.01,40,-2,rear spars,extrados,1398
40,15.9589201650004,9.09688302715221,0.01,40,-1,front spars,extrados,1399
37,14.4842651446008,12.9673859769375,0.01,40,1,stringer,extrados,1400
125,14.5412303916957,12.8178702231742,0.01,40,2,stringer,extrados,1401
213,14.5981956387906,12.6683544694108,0.01,40,3,stringer,extrados,1402
301,14.6551608858854,12.5188387156475,0.01,40,4,stringer,extrados,1403
389,14.7121261329803,12.3693229618841,0.01,40,5,stringer,extrados,1404
478,14.7690913800752,12.2198072081208,0.01,40,6,stringer,extrados,1405
567,14.82605662717,12.0702914543575,0.01,40,7,stringer,extrados,1406
656,14.8830218742649,11.9207757005941,0.01,40,8,stringer,extrados,1407
745,14.9399871213598,11.7712599468308,0.01,40,9,stringer,extrados,1408
835,14.9969523684546,11.6217441930674,0.01,40,10,stringer,extrados,1409
922,15.0539176155495,11.4722284393041,0.01,40,11,stringer,extrados,1410
1007,15.1108828626444,11.3227126855407,0.01,40,12,stringer,extrados,1411
1089,15.1678481097392,11.1731969317774,0.01,40,13,stringer,extrados,1412
1168,15.2248133568341,11.0236811780141,0.01,40,14,stringer,extrados,1413
1244,15.281778603929,10.8741654242507,0.01,40,15,stringer,extrados,1414
1317,15.3387438510238,10.7246496704874,0.01,40,16,stringer,extrados,1415
1388,15.3957090981187,10.575133916724,0.01,40,17,stringer,extrados,1416
1457,15.4526743452136,10.4256181629607,0.01,40,18,stringer,extrados,1417
1523,15.5096395923084,10.2761024091973,0.01,40,19,stringer,extrados,1418
1586,15.5666048394033,10.126586655434,0.01,40,20,stringer,extrados,1419
1646,15.6235700864982,9.97707090167065,0.01,40,21,stringer,extrados,1420
1703,15.6805353335931,9.82755514790731,0.01,40,22,stringer,extrados,1421
1758,15.7375005806879,9.67803939414397,0.01,40,23,stringer,extrados,1422
1811,15.7944658277828,9.52852364038063,0.01,40,24,stringer,extrados,1423
1861,15.8514310748777,9.37900788661728,0.01,40,25,stringer,extrados,1424
1908,15.9083963219725,9.22949213285394,0.01,40,26,stringer,extrados,1425
41,14.7543656088633,13.2415132087209,0.01,41,-2,rear spars,extrados,1426
41,16.2660252008938,9.27388496408905,0.01,41,-1,front spars,extrados,1427
38,14.8113308559581,13.0919974549575,0.01,41,1,stringer,extrados,1428
126,14.868296103053,12.9424817011942,0.01,41,2,stringer,extrados,1429
214,14.9252613501479,12.7929659474309,0.01,41,3,stringer,extrados,1430
302,14.9822265972427,12.6434501936675,0.01,41,4,stringer,extrados,1431
390,15.0391918443376,12.4939344399042,0.01,41,5,stringer,extrados,1432
479,15.0961570914325,12.3444186861408,0.01,41,6,stringer,extrados,1433
568,15.1531223385273,12.1949029323775,0.01,41,7,stringer,extrados,1434
657,15.2100875856222,12.0453871786141,0.01,41,8,stringer,extrados,1435
746,15.2670528327171,11.8958714248508,0.01,41,9,stringer,extrados,1436
836,15.3240180798119,11.7463556710874,0.01,41,10,stringer,extrados,1437
923,15.3809833269068,11.5968399173241,0.01,41,11,stringer,extrados,1438
1008,15.4379485740017,11.4473241635608,0.01,41,12,stringer,extrados,1439
1090,15.4949138210965,11.2978084097974,0.01,41,13,stringer,extrados,1440
1169,15.5518790681914,11.1482926560341,0.01,41,14,stringer,extrados,1441
1245,15.6088443152863,10.9987769022707,0.01,41,15,stringer,extrados,1442
1318,15.6658095623812,10.8492611485074,0.01,41,16,stringer,extrados,1443
1389,15.722774809476,10.699745394744,0.01,41,17,stringer,extrados,1444
1458,15.7797400565709,10.5502296409807,0.01,41,18,stringer,extrados,1445
1524,15.8367053036658,10.4007138872174,0.01,41,19,stringer,extrados,1446
1587,15.8936705507606,10.251198133454,0.01,41,20,stringer,extrados,1447
1647,15.9506357978555,10.1016823796907,0.01,41,21,stringer,extrados,1448
1704,16.0076010449504,9.95216662592733,0.01,41,22,stringer,extrados,1449
1759,16.0645662920452,9.80265087216399,0.01,41,23,stringer,extrados,1450
1812,16.1215315391401,9.65313511840065,0.01,41,24,stringer,extrados,1451
1862,16.178496786235,9.50361936463731,0.01,41,25,stringer,extrados,1452
1909,16.2354620333298,9.35410361087396,0.01,41,26,stringer,extrados,1453
42,15.0814313202206,13.3661246867409,0.01,42,-2,rear spars,extrados,1454
42,16.5731302367872,9.45088690102589,0.01,42,-1,front spars,extrados,1455
39,15.1383965673154,13.2166089329776,0.01,42,1,stringer,extrados,1456
127,15.1953618144103,13.0670931792142,0.01,42,2,stringer,extrados,1457
215,15.2523270615052,12.9175774254509,0.01,42,3,stringer,extrados,1458
303,15.3092923086,12.7680616716875,0.01,42,4,stringer,extrados,1459
391,15.3662575556949,12.6185459179242,0.01,42,5,stringer,extrados,1460
480,15.4232228027898,12.4690301641608,0.01,42,6,stringer,extrados,1461
569,15.4801880498846,12.3195144103975,0.01,42,7,stringer,extrados,1462
658,15.5371532969795,12.1699986566342,0.01,42,8,stringer,extrados,1463
747,15.5941185440744,12.0204829028708,0.01,42,9,stringer,extrados,1464
837,15.6510837911693,11.8709671491075,0.01,42,10,stringer,extrados,1465
924,15.7080490382641,11.7214513953441,0.01,42,11,stringer,extrados,1466
1009,15.765014285359,11.5719356415808,0.01,42,12,stringer,extrados,1467
1091,15.8219795324539,11.4224198878174,0.01,42,13,stringer,extrados,1468
1170,15.8789447795487,11.2729041340541,0.01,42,14,stringer,extrados,1469
1246,15.9359100266436,11.1233883802908,0.01,42,15,stringer,extrados,1470
1319,15.9928752737385,10.9738726265274,0.01,42,16,stringer,extrados,1471
1390,16.0498405208333,10.8243568727641,0.01,42,17,stringer,extrados,1472
1459,16.1068057679282,10.6748411190007,0.01,42,18,stringer,extrados,1473
1525,16.1637710150231,10.5253253652374,0.01,42,19,stringer,extrados,1474
1588,16.2207362621179,10.375809611474,0.01,42,20,stringer,extrados,1475
1648,16.2777015092128,10.2262938577107,0.01,42,21,stringer,extrados,1476
1705,16.3346667563077,10.0767781039474,0.01,42,22,stringer,extrados,1477
1760,16.3916320034025,9.92726235018402,0.01,42,23,stringer,extrados,1478
1813,16.4485972504974,9.77774659642067,0.01,42,24,stringer,extrados,1479
1863,16.5055624975923,9.62823084265733,0.01,42,25,stringer,extrados,1480
1910,16.5625277446871,9.47871508889399,0.01,42,26,stringer,extrados,1481
43,15.4084970315779,13.4907361647609,0.01,43,-2,rear spars,extrados,1482
43,16.8802352726806,9.62788883796272,0.01,43,-1,front spars,extrados,1483
40,15.4654622786727,13.3412204109976,0.01,43,1,stringer,extrados,1484
128,15.5224275257676,13.1917046572342,0.01,43,2,stringer,extrados,1485
216,15.5793927728625,13.0421889034709,0.01,43,3,stringer,extrados,1486
304,15.6363580199574,12.8926731497076,0.01,43,4,stringer,extrados,1487
392,15.6933232670522,12.7431573959442,0.01,43,5,stringer,extrados,1488
481,15.7502885141471,12.5936416421809,0.01,43,6,stringer,extrados,1489
570,15.807253761242,12.4441258884175,0.01,43,7,stringer,extrados,1490
659,15.8642190083368,12.2946101346542,0.01,43,8,stringer,extrados,1491
748,15.9211842554317,12.1450943808908,0.01,43,9,stringer,extrados,1492
838,15.9781495025266,11.9955786271275,0.01,43,10,stringer,extrados,1493
925,16.0351147496214,11.8460628733642,0.01,43,11,stringer,extrados,1494
1010,16.0920799967163,11.6965471196008,0.01,43,12,stringer,extrados,1495
1092,16.1490452438112,11.5470313658375,0.01,43,13,stringer,extrados,1496
1171,16.206010490906,11.3975156120741,0.01,43,14,stringer,extrados,1497
1247,16.2629757380009,11.2479998583108,0.01,43,15,stringer,extrados,1498
1320,16.3199409850958,11.0984841045474,0.01,43,16,stringer,extrados,1499
1391,16.3769062321906,10.9489683507841,0.01,43,17,stringer,extrados,1500
1460,16.4338714792855,10.7994525970208,0.01,43,18,stringer,extrados,1501
1526,16.4908367263804,10.6499368432574,0.01,43,19,stringer,extrados,1502
1589,16.5478019734752,10.5004210894941,0.01,43,20,stringer,extrados,1503
1649,16.6047672205701,10.3509053357307,0.01,43,21,stringer,extrados,1504
1706,16.661732467665,10.2013895819674,0.01,43,22,stringer,extrados,1505
1761,16.7186977147599,10.051873828204,0.01,43,23,stringer,extrados,1506
1814,16.7756629618547,9.9023580744407,0.01,43,24,stringer,extrados,1507
1864,16.8326282089496,9.75284232067735,0.01,43,25,stringer,extrados,1508
44,15.7355627429352,13.615347642781,0.01,44,-2,rear spars,extrados,1509
44,17.187340308574,9.80489077489956,0.01,44,-1,front spars,extrados,1510
41,15.7925279900301,13.4658318890176,0.01,44,1,stringer,extrados,1511
129,15.8494932371249,13.3163161352543,0.01,44,2,stringer,extrados,1512
217,15.9064584842198,13.1668003814909,0.01,44,3,stringer,extrados,1513
305,15.9634237313147,13.0172846277276,0.01,44,4,stringer,extrados,1514
393,16.0203889784095,12.8677688739642,0.01,44,5,stringer,extrados,1515
482,16.0773542255044,12.7182531202009,0.01,44,6,stringer,extrados,1516
571,16.1343194725993,12.5687373664376,0.01,44,7,stringer,extrados,1517
660,16.1912847196941,12.4192216126742,0.01,44,8,stringer,extrados,1518
749,16.248249966789,12.2697058589109,0.01,44,9,stringer,extrados,1519
839,16.3052152138839,12.1201901051475,0.01,44,10,stringer,extrados,1520
926,16.3621804609787,11.9706743513842,0.01,44,11,stringer,extrados,1521
1011,16.4191457080736,11.8211585976208,0.01,44,12,stringer,extrados,1522
1093,16.4761109551685,11.6716428438575,0.01,44,13,stringer,extrados,1523
1172,16.5330762022634,11.5221270900942,0.01,44,14,stringer,extrados,1524
1248,16.5900414493582,11.3726113363308,0.01,44,15,stringer,extrados,1525
1321,16.6470066964531,11.2230955825675,0.01,44,16,stringer,extrados,1526
1392,16.703971943548,11.0735798288041,0.01,44,17,stringer,extrados,1527
1461,16.7609371906428,10.9240640750408,0.01,44,18,stringer,extrados,1528
1527,16.8179024377377,10.7745483212774,0.01,44,19,stringer,extrados,1529
1590,16.8748676848326,10.6250325675141,0.01,44,20,stringer,extrados,1530
1650,16.9318329319274,10.4755168137507,0.01,44,21,stringer,extrados,1531
1707,16.9887981790223,10.3260010599874,0.01,44,22,stringer,extrados,1532
1762,17.0457634261172,10.1764853062241,0.01,44,23,stringer,extrados,1533
1815,17.102728673212,10.0269695524607,0.01,44,24,stringer,extrados,1534
1865,17.1596939203069,9.87745379869738,0.01,44,25,stringer,extrados,1535
45,16.0626284542925,13.739959120801,0.01,45,-2,rear spars,extrados,1536
45,17.4944453444674,9.9818927118364,0.01,45,-1,front spars,extrados,1537
42,16.1195937013874,13.5904433670376,0.01,45,1,stringer,extrados,1538
130,16.1765589484822,13.4409276132743,0.01,45,2,stringer,extrados,1539
218,16.2335241955771,13.2914118595109,0.01,45,3,stringer,extrados,1540
306,16.290489442672,13.1418961057476,0.01,45,4,stringer,extrados,1541
394,16.3474546897668,12.9923803519843,0.01,45,5,stringer,extrados,1542
483,16.4044199368617,12.8428645982209,0.01,45,6,stringer,extrados,1543
572,16.4613851839566,12.6933488444576,0.01,45,7,stringer,extrados,1544
661,16.5183504310515,12.5438330906942,0.01,45,8,stringer,extrados,1545
750,16.5753156781463,12.3943173369309,0.01,45,9,stringer,extrados,1546
840,16.6322809252412,12.2448015831675,0.01,45,10,stringer,extrados,1547
927,16.6892461723361,12.0952858294042,0.01,45,11,stringer,extrados,1548
1012,16.7462114194309,11.9457700756409,0.01,45,12,stringer,extrados,1549
1094,16.8031766665258,11.7962543218775,0.01,45,13,stringer,extrados,1550
1173,16.8601419136207,11.6467385681142,0.01,45,14,stringer,extrados,1551
1249,16.9171071607155,11.4972228143508,0.01,45,15,stringer,extrados,1552
1322,16.9740724078104,11.3477070605875,0.01,45,16,stringer,extrados,1553
1393,17.0310376549053,11.1981913068241,0.01,45,17,stringer,extrados,1554
1462,17.0880029020001,11.0486755530608,0.01,45,18,stringer,extrados,1555
1528,17.144968149095,10.8991597992975,0.01,45,19,stringer,extrados,1556
1591,17.2019333961899,10.7496440455341,0.01,45,20,stringer,extrados,1557
1651,17.2588986432847,10.6001282917708,0.01,45,21,stringer,extrados,1558
1708,17.3158638903796,10.4506125380074,0.01,45,22,stringer,extrados,1559
1763,17.3728291374745,10.3010967842441,0.01,45,23,stringer,extrados,1560
1816,17.4297943845693,10.1515810304807,0.01,45,24,stringer,extrados,1561
1866,17.4867596316642,10.0020652767174,0.01,45,25,stringer,extrados,1562
46,16.3896941656498,13.864570598821,0.01,46,-2,rear spars,extrados,1563
46,17.8015503803609,10.1588946487732,0.01,46,-1,front spars,extrados,1564
43,16.4466594127447,13.7150548450577,0.01,46,1,stringer,extrados,1565
131,16.5036246598396,13.5655390912943,0.01,46,2,stringer,extrados,1566
219,16.5605899069344,13.416023337531,0.01,46,3,stringer,extrados,1567
307,16.6175551540293,13.2665075837676,0.01,46,4,stringer,extrados,1568
395,16.6745204011242,13.1169918300043,0.01,46,5,stringer,extrados,1569
484,16.731485648219,12.9674760762409,0.01,46,6,stringer,extrados,1570
573,16.7884508953139,12.8179603224776,0.01,46,7,stringer,extrados,1571
662,16.8454161424088,12.6684445687143,0.01,46,8,stringer,extrados,1572
751,16.9023813895036,12.5189288149509,0.01,46,9,stringer,extrados,1573
841,16.9593466365985,12.3694130611876,0.01,46,10,stringer,extrados,1574
928,17.0163118836934,12.2198973074242,0.01,46,11,stringer,extrados,1575
1013,17.0732771307882,12.0703815536609,0.01,46,12,stringer,extrados,1576
1095,17.1302423778831,11.9208657998975,0.01,46,13,stringer,extrados,1577
1174,17.187207624978,11.7713500461342,0.01,46,14,stringer,extrados,1578
1250,17.2441728720728,11.6218342923709,0.01,46,15,stringer,extrados,1579
1323,17.3011381191677,11.4723185386075,0.01,46,16,stringer,extrados,1580
1394,17.3581033662626,11.3228027848442,0.01,46,17,stringer,extrados,1581
1463,17.4150686133574,11.1732870310808,0.01,46,18,stringer,extrados,1582
1529,17.4720338604523,11.0237712773175,0.01,46,19,stringer,extrados,1583
1592,17.5289991075472,10.8742555235541,0.01,46,20,stringer,extrados,1584
1652,17.5859643546421,10.7247397697908,0.01,46,21,stringer,extrados,1585
1709,17.6429296017369,10.5752240160275,0.01,46,22,stringer,extrados,1586
1764,17.6998948488318,10.4257082622641,0.01,46,23,stringer,extrados,1587
1817,17.7568600959267,10.2761925085008,0.01,46,24,stringer,extrados,1588
47,16.7167598770071,13.989182076841,0.01,47,-2,rear spars,extrados,1589
47,18.1086554162543,10.3358965857101,0.01,47,-1,front spars,extrados,1590
44,16.773725124102,13.8396663230777,0.01,47,1,stringer,extrados,1591
132,16.8306903711969,13.6901505693143,0.01,47,2,stringer,extrados,1592
220,16.8876556182917,13.540634815551,0.01,47,3,stringer,extrados,1593
308,16.9446208653866,13.3911190617877,0.01,47,4,stringer,extrados,1594
396,17.0015861124815,13.2416033080243,0.01,47,5,stringer,extrados,1595
485,17.0585513595763,13.092087554261,0.01,47,6,stringer,extrados,1596
574,17.1155166066712,12.9425718004976,0.01,47,7,stringer,extrados,1597
663,17.1724818537661,12.7930560467343,0.01,47,8,stringer,extrados,1598
752,17.2294471008609,12.6435402929709,0.01,47,9,stringer,extrados,1599
842,17.2864123479558,12.4940245392076,0.01,47,10,stringer,extrados,1600
929,17.3433775950507,12.3445087854443,0.01,47,11,stringer,extrados,1601
1014,17.4003428421456,12.1949930316809,0.01,47,12,stringer,extrados,1602
1096,17.4573080892404,12.0454772779176,0.01,47,13,stringer,extrados,1603
1175,17.5142733363353,11.8959615241542,0.01,47,14,stringer,extrados,1604
1251,17.5712385834302,11.7464457703909,0.01,47,15,stringer,extrados,1605
1324,17.628203830525,11.5969300166275,0.01,47,16,stringer,extrados,1606
1395,17.6851690776199,11.4474142628642,0.01,47,17,stringer,extrados,1607
1464,17.7421343247148,11.2978985091009,0.01,47,18,stringer,extrados,1608
1530,17.7990995718096,11.1483827553375,0.01,47,19,stringer,extrados,1609
1593,17.8560648189045,10.9988670015742,0.01,47,20,stringer,extrados,1610
1653,17.9130300659994,10.8493512478108,0.01,47,21,stringer,extrados,1611
1710,17.9699953130942,10.6998354940475,0.01,47,22,stringer,extrados,1612
1765,18.0269605601891,10.5503197402841,0.01,47,23,stringer,extrados,1613
1818,18.083925807284,10.4008039865208,0.01,47,24,stringer,extrados,1614
48,17.0438255883644,14.113793554861,0.01,48,-2,rear spars,extrados,1615
48,18.4157604521477,10.5128985226469,0.01,48,-1,front spars,extrados,1616
45,17.1007908354593,13.9642778010977,0.01,48,1,stringer,extrados,1617
133,17.1577560825542,13.8147620473344,0.01,48,2,stringer,extrados,1618
221,17.214721329649,13.665246293571,0.01,48,3,stringer,extrados,1619
309,17.2716865767439,13.5157305398077,0.01,48,4,stringer,extrados,1620
397,17.3286518238388,13.3662147860443,0.01,48,5,stringer,extrados,1621
486,17.3856170709337,13.216699032281,0.01,48,6,stringer,extrados,1622
575,17.4425823180285,13.0671832785176,0.01,48,7,stringer,extrados,1623
664,17.4995475651234,12.9176675247543,0.01,48,8,stringer,extrados,1624
753,17.5565128122183,12.768151770991,0.01,48,9,stringer,extrados,1625
843,17.6134780593131,12.6186360172276,0.01,48,10,stringer,extrados,1626
930,17.670443306408,12.4691202634643,0.01,48,11,stringer,extrados,1627
1015,17.7274085535029,12.3196045097009,0.01,48,12,stringer,extrados,1628
1097,17.7843738005977,12.1700887559376,0.01,48,13,stringer,extrados,1629
1176,17.8413390476926,12.0205730021742,0.01,48,14,stringer,extrados,1630
1252,17.8983042947875,11.8710572484109,0.01,48,15,stringer,extrados,1631
1325,17.9552695418823,11.7215414946476,0.01,48,16,stringer,extrados,1632
1396,18.0122347889772,11.5720257408842,0.01,48,17,stringer,extrados,1633
1465,18.0692000360721,11.4225099871209,0.01,48,18,stringer,extrados,1634
1531,18.1261652831669,11.2729942333575,0.01,48,19,stringer,extrados,1635
1594,18.1831305302618,11.1234784795942,0.01,48,20,stringer,extrados,1636
1654,18.2400957773567,10.9739627258308,0.01,48,21,stringer,extrados,1637
1711,18.2970610244515,10.8244469720675,0.01,48,22,stringer,extrados,1638
1766,18.3540262715464,10.6749312183042,0.01,48,23,stringer,extrados,1639
1819,18.4109915186413,10.5254154645408,0.01,48,24,stringer,extrados,1640
49,17.3708912997218,14.2384050328811,0.01,49,-2,rear spars,extrados,1641
49,18.7228654880411,10.6899004595838,0.01,49,-1,front spars,extrados,1642
46,17.4278565468166,14.0888892791177,0.01,49,1,stringer,extrados,1643
134,17.4848217939115,13.9393735253544,0.01,49,2,stringer,extrados,1644
222,17.5417870410064,13.789857771591,0.01,49,3,stringer,extrados,1645
310,17.5987522881012,13.6403420178277,0.01,49,4,stringer,extrados,1646
398,17.6557175351961,13.4908262640644,0.01,49,5,stringer,extrados,1647
487,17.712682782291,13.341310510301,0.01,49,6,stringer,extrados,1648
576,17.7696480293858,13.1917947565377,0.01,49,7,stringer,extrados,1649
665,17.8266132764807,13.0422790027743,0.01,49,8,stringer,extrados,1650
754,17.8835785235756,12.892763249011,0.01,49,9,stringer,extrados,1651
844,17.9405437706704,12.7432474952476,0.01,49,10,stringer,extrados,1652
931,17.9975090177653,12.5937317414843,0.01,49,11,stringer,extrados,1653
1016,18.0544742648602,12.444215987721,0.01,49,12,stringer,extrados,1654
1098,18.111439511955,12.2947002339576,0.01,49,13,stringer,extrados,1655
1177,18.1684047590499,12.1451844801943,0.01,49,14,stringer,extrados,1656
1253,18.2253700061448,11.9956687264309,0.01,49,15,stringer,extrados,1657
1326,18.2823352532397,11.8461529726676,0.01,49,16,stringer,extrados,1658
1397,18.3393005003345,11.6966372189042,0.01,49,17,stringer,extrados,1659
1466,18.3962657474294,11.5471214651409,0.01,49,18,stringer,extrados,1660
1532,18.4532309945243,11.3976057113776,0.01,49,19,stringer,extrados,1661
1595,18.5101962416191,11.2480899576142,0.01,49,20,stringer,extrados,1662
1655,18.567161488714,11.0985742038509,0.01,49,21,stringer,extrados,1663
1712,18.6241267358089,10.9490584500875,0.01,49,22,stringer,extrados,1664
1767,18.6810919829037,10.7995426963242,0.01,49,23,stringer,extrados,1665
50,17.6979570110791,14.3630165109011,0.01,50,-2,rear spars,extrados,1666
50,19.0299705239345,10.8669023965206,0.01,50,-1,front spars,extrados,1667
47,17.7549222581739,14.2135007571378,0.01,50,1,stringer,extrados,1668
135,17.8118875052688,14.0639850033744,0.01,50,2,stringer,extrados,1669
223,17.8688527523637,13.9144692496111,0.01,50,3,stringer,extrados,1670
311,17.9258179994585,13.7649534958477,0.01,50,4,stringer,extrados,1671
399,17.9827832465534,13.6154377420844,0.01,50,5,stringer,extrados,1672
488,18.0397484936483,13.465921988321,0.01,50,6,stringer,extrados,1673
577,18.0967137407431,13.3164062345577,0.01,50,7,stringer,extrados,1674
666,18.153678987838,13.1668904807944,0.01,50,8,stringer,extrados,1675
755,18.2106442349329,13.017374727031,0.01,50,9,stringer,extrados,1676
845,18.2676094820278,12.8678589732677,0.01,50,10,stringer,extrados,1677
932,18.3245747291226,12.7183432195043,0.01,50,11,stringer,extrados,1678
1017,18.3815399762175,12.568827465741,0.01,50,12,stringer,extrados,1679
1099,18.4385052233124,12.4193117119776,0.01,50,13,stringer,extrados,1680
1178,18.4954704704072,12.2697959582143,0.01,50,14,stringer,extrados,1681
1254,18.5524357175021,12.120280204451,0.01,50,15,stringer,extrados,1682
1327,18.609400964597,11.9707644506876,0.01,50,16,stringer,extrados,1683
1398,18.6663662116918,11.8212486969243,0.01,50,17,stringer,extrados,1684
1467,18.7233314587867,11.6717329431609,0.01,50,18,stringer,extrados,1685
1533,18.7802967058816,11.5222171893976,0.01,50,19,stringer,extrados,1686
1596,18.8372619529764,11.3727014356342,0.01,50,20,stringer,extrados,1687
1656,18.8942272000713,11.2231856818709,0.01,50,21,stringer,extrados,1688
1713,18.9511924471662,11.0736699281076,0.01,50,22,stringer,extrados,1689
1768,19.008157694261,10.9241541743442,0.01,50,23,stringer,extrados,1690
51,18.0250227224364,14.4876279889211,0.01,51,-2,rear spars,extrados,1691
51,19.3370755598279,11.0439043334574,0.01,51,-1,front spars,extrados,1692
48,18.0819879695313,14.3381122351578,0.01,51,1,stringer,extrados,1693
136,18.1389532166261,14.1885964813944,0.01,51,2,stringer,extrados,1694
224,18.195918463721,14.0390807276311,0.01,51,3,stringer,extrados,1695
312,18.2528837108159,13.8895649738677,0.01,51,4,stringer,extrados,1696
400,18.3098489579107,13.7400492201044,0.01,51,5,stringer,extrados,1697
489,18.3668142050056,13.5905334663411,0.01,51,6,stringer,extrados,1698
578,18.4237794521005,13.4410177125777,0.01,51,7,stringer,extrados,1699
667,18.4807446991953,13.2915019588144,0.01,51,8,stringer,extrados,1700
756,18.5377099462902,13.141986205051,0.01,51,9,stringer,extrados,1701
846,18.5946751933851,12.9924704512877,0.01,51,10,stringer,extrados,1702
933,18.6516404404799,12.8429546975243,0.01,51,11,stringer,extrados,1703
1018,18.7086056875748,12.693438943761,0.01,51,12,stringer,extrados,1704
1100,18.7655709346697,12.5439231899977,0.01,51,13,stringer,extrados,1705
1179,18.8225361817645,12.3944074362343,0.01,51,14,stringer,extrados,1706
1255,18.8795014288594,12.244891682471,0.01,51,15,stringer,extrados,1707
1328,18.9364666759543,12.0953759287076,0.01,51,16,stringer,extrados,1708
1399,18.9934319230491,11.9458601749443,0.01,51,17,stringer,extrados,1709
1468,19.050397170144,11.7963444211809,0.01,51,18,stringer,extrados,1710
1534,19.1073624172389,11.6468286674176,0.01,51,19,stringer,extrados,1711
1597,19.1643276643337,11.4973129136543,0.01,51,20,stringer,extrados,1712
1657,19.2212929114286,11.3477971598909,0.01,51,21,stringer,extrados,1713
1714,19.2782581585235,11.1982814061276,0.01,51,22,stringer,extrados,1714
1769,19.3352234056184,11.0487656523642,0.01,51,23,stringer,extrados,1715
52,18.3520884337937,14.6122394669411,0.01,52,-2,rear spars,extrados,1716
52,19.6441805957214,11.2209062703943,0.01,52,-1,front spars,extrados,1717
49,18.4090536808886,14.4627237131778,0.01,52,1,stringer,extrados,1718
137,18.4660189279834,14.3132079594145,0.01,52,2,stringer,extrados,1719
225,18.5229841750783,14.1636922056511,0.01,52,3,stringer,extrados,1720
313,18.5799494221732,14.0141764518878,0.01,52,4,stringer,extrados,1721
401,18.636914669268,13.8646606981244,0.01,52,5,stringer,extrados,1722
490,18.6938799163629,13.7151449443611,0.01,52,6,stringer,extrados,1723
579,18.7508451634578,13.5656291905977,0.01,52,7,stringer,extrados,1724
668,18.8078104105526,13.4161134368344,0.01,52,8,stringer,extrados,1725
757,18.8647756576475,13.2665976830711,0.01,52,9,stringer,extrados,1726
847,18.9217409047424,13.1170819293077,0.01,52,10,stringer,extrados,1727
934,18.9787061518372,12.9675661755444,0.01,52,11,stringer,extrados,1728
1019,19.0356713989321,12.818050421781,0.01,52,12,stringer,extrados,1729
1101,19.092636646027,12.6685346680177,0.01,52,13,stringer,extrados,1730
1180,19.1496018931219,12.5190189142543,0.01,52,14,stringer,extrados,1731
1256,19.2065671402167,12.369503160491,0.01,52,15,stringer,extrados,1732
1329,19.2635323873116,12.2199874067277,0.01,52,16,stringer,extrados,1733
1400,19.3204976344065,12.0704716529643,0.01,52,17,stringer,extrados,1734
1469,19.3774628815013,11.920955899201,0.01,52,18,stringer,extrados,1735
1535,19.4344281285962,11.7714401454376,0.01,52,19,stringer,extrados,1736
1598,19.4913933756911,11.6219243916743,0.01,52,20,stringer,extrados,1737
1658,19.5483586227859,11.4724086379109,0.01,52,21,stringer,extrados,1738
1715,19.6053238698808,11.3228928841476,0.01,52,22,stringer,extrados,1739
53,18.679154145151,14.7368509449612,0.01,53,-2,rear spars,extrados,1740
53,19.9512856316148,11.3979082073311,0.01,53,-1,front spars,extrados,1741
50,18.7361193922459,14.5873351911978,0.01,53,1,stringer,extrados,1742
138,18.7930846393407,14.4378194374345,0.01,53,2,stringer,extrados,1743
226,18.8500498864356,14.2883036836711,0.01,53,3,stringer,extrados,1744
314,18.9070151335305,14.1387879299078,0.01,53,4,stringer,extrados,1745
402,18.9639803806253,13.9892721761445,0.01,53,5,stringer,extrados,1746
491,19.0209456277202,13.8397564223811,0.01,53,6,stringer,extrados,1747
580,19.0779108748151,13.6902406686178,0.01,53,7,stringer,extrados,1748
669,19.13487612191,13.5407249148544,0.01,53,8,stringer,extrados,1749
758,19.1918413690048,13.3912091610911,0.01,53,9,stringer,extrados,1750
848,19.2488066160997,13.2416934073277,0.01,53,10,stringer,extrados,1751
935,19.3057718631946,13.0921776535644,0.01,53,11,stringer,extrados,1752
1020,19.3627371102894,12.9426618998011,0.01,53,12,stringer,extrados,1753
1102,19.4197023573843,12.7931461460377,0.01,53,13,stringer,extrados,1754
1181,19.4766676044792,12.6436303922744,0.01,53,14,stringer,extrados,1755
1257,19.533632851574,12.494114638511,0.01,53,15,stringer,extrados,1756
1330,19.5905980986689,12.3445988847477,0.01,53,16,stringer,extrados,1757
1401,19.6475633457638,12.1950831309843,0.01,53,17,stringer,extrados,1758
1470,19.7045285928586,12.045567377221,0.01,53,18,stringer,extrados,1759
1536,19.7614938399535,11.8960516234577,0.01,53,19,stringer,extrados,1760
1599,19.8184590870484,11.7465358696943,0.01,53,20,stringer,extrados,1761
1659,19.8754243341432,11.597020115931,0.01,53,21,stringer,extrados,1762
1716,19.9323895812381,11.4475043621676,0.01,53,22,stringer,extrados,1763
54,19.0062198565083,14.8614624229812,0.01,54,-2,rear spars,extrados,1764
54,20.2583906675082,11.574910144268,0.01,54,-1,front spars,extrados,1765
51,19.0631851036032,14.7119466692179,0.01,54,1,stringer,extrados,1766
139,19.1201503506981,14.5624309154545,0.01,54,2,stringer,extrados,1767
227,19.1771155977929,14.4129151616912,0.01,54,3,stringer,extrados,1768
315,19.2340808448878,14.2633994079278,0.01,54,4,stringer,extrados,1769
403,19.2910460919827,14.1138836541645,0.01,54,5,stringer,extrados,1770
492,19.3480113390775,13.9643679004011,0.01,54,6,stringer,extrados,1771
581,19.4049765861724,13.8148521466378,0.01,54,7,stringer,extrados,1772
670,19.4619418332673,13.6653363928744,0.01,54,8,stringer,extrados,1773
759,19.5189070803621,13.5158206391111,0.01,54,9,stringer,extrados,1774
849,19.575872327457,13.3663048853478,0.01,54,10,stringer,extrados,1775
936,19.6328375745519,13.2167891315844,0.01,54,11,stringer,extrados,1776
1021,19.6898028216467,13.0672733778211,0.01,54,12,stringer,extrados,1777
1103,19.7467680687416,12.9177576240577,0.01,54,13,stringer,extrados,1778
1182,19.8037333158365,12.7682418702944,0.01,54,14,stringer,extrados,1779
1258,19.8606985629313,12.6187261165311,0.01,54,15,stringer,extrados,1780
1331,19.9176638100262,12.4692103627677,0.01,54,16,stringer,extrados,1781
1402,19.9746290571211,12.3196946090044,0.01,54,17,stringer,extrados,1782
1471,20.0315943042159,12.170178855241,0.01,54,18,stringer,extrados,1783
1537,20.0885595513108,12.0206631014777,0.01,54,19,stringer,extrados,1784
1600,20.1455247984057,11.8711473477143,0.01,54,20,stringer,extrados,1785
1660,20.2024900455006,11.721631593951,0.01,54,21,stringer,extrados,1786
55,19.3332855678656,14.9860739010012,0.01,55,-2,rear spars,extrados,1787
55,20.5654957034016,11.7519120812048,0.01,55,-1,front spars,extrados,1788
52,19.3902508149605,14.8365581472379,0.01,55,1,stringer,extrados,1789
140,19.4472160620554,14.6870423934745,0.01,55,2,stringer,extrados,1790
228,19.5041813091502,14.5375266397112,0.01,55,3,stringer,extrados,1791
316,19.5611465562451,14.3880108859478,0.01,55,4,stringer,extrados,1792
404,19.61811180334,14.2384951321845,0.01,55,5,stringer,extrados,1793
493,19.6750770504348,14.0889793784212,0.01,55,6,stringer,extrados,1794
582,19.7320422975297,13.9394636246578,0.01,55,7,stringer,extrados,1795
671,19.7890075446246,13.7899478708945,0.01,55,8,stringer,extrados,1796
760,19.8459727917194,13.6404321171311,0.01,55,9,stringer,extrados,1797
850,19.9029380388143,13.4909163633678,0.01,55,10,stringer,extrados,1798
937,19.9599032859092,13.3414006096044,0.01,55,11,stringer,extrados,1799
1022,20.016868533004,13.1918848558411,0.01,55,12,stringer,extrados,1800
1104,20.0738337800989,13.0423691020778,0.01,55,13,stringer,extrados,1801
1183,20.1307990271938,12.8928533483144,0.01,55,14,stringer,extrados,1802
1259,20.1877642742887,12.7433375945511,0.01,55,15,stringer,extrados,1803
1332,20.2447295213835,12.5938218407877,0.01,55,16,stringer,extrados,1804
1403,20.3016947684784,12.4443060870244,0.01,55,17,stringer,extrados,1805
1472,20.3586600155733,12.294790333261,0.01,55,18,stringer,extrados,1806
1538,20.4156252626681,12.1452745794977,0.01,55,19,stringer,extrados,1807
1601,20.472590509763,11.9957588257344,0.01,55,20,stringer,extrados,1808
1661,20.5295557568579,11.846243071971,0.01,55,21,stringer,extrados,1809
56,19.6603512792229,15.1106853790212,0.01,56,-2,rear spars,extrados,1810
56,20.872600739295,11.9289140181416,0.01,56,-1,front spars,extrados,1811
53,19.7173165263178,14.9611696252579,0.01,56,1,stringer,extrados,1812
141,19.7742817734127,14.8116538714946,0.01,56,2,stringer,extrados,1813
229,19.8312470205075,14.6621381177312,0.01,56,3,stringer,extrados,1814
317,19.8882122676024,14.5126223639679,0.01,56,4,stringer,extrados,1815
405,19.9451775146973,14.3631066102045,0.01,56,5,stringer,extrados,1816
494,20.0021427617922,14.2135908564412,0.01,56,6,stringer,extrados,1817
583,20.059108008887,14.0640751026778,0.01,56,7,stringer,extrados,1818
672,20.1160732559819,13.9145593489145,0.01,56,8,stringer,extrados,1819
761,20.1730385030768,13.7650435951512,0.01,56,9,stringer,extrados,1820
851,20.2300037501716,13.6155278413878,0.01,56,10,stringer,extrados,1821
938,20.2869689972665,13.4660120876245,0.01,56,11,stringer,extrados,1822
1023,20.3439342443614,13.3164963338611,0.01,56,12,stringer,extrados,1823
1105,20.4008994914562,13.1669805800978,0.01,56,13,stringer,extrados,1824
1184,20.4578647385511,13.0174648263344,0.01,56,14,stringer,extrados,1825
1260,20.514829985646,12.8679490725711,0.01,56,15,stringer,extrados,1826
1333,20.5717952327408,12.7184333188078,0.01,56,16,stringer,extrados,1827
1404,20.6287604798357,12.5689175650444,0.01,56,17,stringer,extrados,1828
1473,20.6857257269306,12.4194018112811,0.01,56,18,stringer,extrados,1829
1539,20.7426909740254,12.2698860575177,0.01,56,19,stringer,extrados,1830
1602,20.7996562211203,12.1203703037544,0.01,56,20,stringer,extrados,1831
1662,20.8566214682152,11.970854549991,0.01,56,21,stringer,extrados,1832
57,19.9874169905803,15.2352968570413,0.01,57,-2,rear spars,extrados,1833
57,21.1797057751884,12.1059159550785,0.01,57,-1,front spars,extrados,1834
54,20.0443822376751,15.0857811032779,0.01,57,1,stringer,extrados,1835
142,20.10134748477,14.9362653495146,0.01,57,2,stringer,extrados,1836
230,20.1583127318649,14.7867495957512,0.01,57,3,stringer,extrados,1837
318,20.2152779789597,14.6372338419879,0.01,57,4,stringer,extrados,1838
406,20.2722432260546,14.4877180882246,0.01,57,5,stringer,extrados,1839
495,20.3292084731495,14.3382023344612,0.01,57,6,stringer,extrados,1840
584,20.3861737202443,14.1886865806979,0.01,57,7,stringer,extrados,1841
673,20.4431389673392,14.0391708269345,0.01,57,8,stringer,extrados,1842
762,20.5001042144341,13.8896550731712,0.01,57,9,stringer,extrados,1843
852,20.5570694615289,13.7401393194078,0.01,57,10,stringer,extrados,1844
939,20.6140347086238,13.5906235656445,0.01,57,11,stringer,extrados,1845
1024,20.6709999557187,13.4411078118812,0.01,57,12,stringer,extrados,1846
1106,20.7279652028135,13.2915920581178,0.01,57,13,stringer,extrados,1847
1185,20.7849304499084,13.1420763043545,0.01,57,14,stringer,extrados,1848
1261,20.8418956970033,12.9925605505911,0.01,57,15,stringer,extrados,1849
1334,20.8988609440982,12.8430447968278,0.01,57,16,stringer,extrados,1850
1405,20.955826191193,12.6935290430644,0.01,57,17,stringer,extrados,1851
1474,21.0127914382879,12.5440132893011,0.01,57,18,stringer,extrados,1852
1540,21.0697566853828,12.3944975355378,0.01,57,19,stringer,extrados,1853
1603,21.1267219324776,12.2449817817744,0.01,57,20,stringer,extrados,1854
58,20.3144827019376,15.3599083350613,0.01,58,-2,rear spars,extrados,1855
58,21.4868108110819,12.2829178920153,0.01,58,-1,front spars,extrados,1856
55,20.3714479490324,15.2103925812979,0.01,58,1,stringer,extrados,1857
143,20.4284131961273,15.0608768275346,0.01,58,2,stringer,extrados,1858
231,20.4853784432222,14.9113610737713,0.01,58,3,stringer,extrados,1859
319,20.542343690317,14.7618453200079,0.01,58,4,stringer,extrados,1860
407,20.5993089374119,14.6123295662446,0.01,58,5,stringer,extrados,1861
496,20.6562741845068,14.4628138124812,0.01,58,6,stringer,extrados,1862
585,20.7132394316016,14.3132980587179,0.01,58,7,stringer,extrados,1863
674,20.7702046786965,14.1637823049545,0.01,58,8,stringer,extrados,1864
763,20.8271699257914,14.0142665511912,0.01,58,9,stringer,extrados,1865
853,20.8841351728863,13.8647507974279,0.01,58,10,stringer,extrados,1866
940,20.9411004199811,13.7152350436645,0.01,58,11,stringer,extrados,1867
1025,20.998065667076,13.5657192899012,0.01,58,12,stringer,extrados,1868
1107,21.0550309141709,13.4162035361378,0.01,58,13,stringer,extrados,1869
1186,21.1119961612657,13.2666877823745,0.01,58,14,stringer,extrados,1870
1262,21.1689614083606,13.1171720286111,0.01,58,15,stringer,extrados,1871
1335,21.2259266554555,12.9676562748478,0.01,58,16,stringer,extrados,1872
1406,21.2828919025503,12.8181405210845,0.01,58,17,stringer,extrados,1873
1475,21.3398571496452,12.6686247673211,0.01,58,18,stringer,extrados,1874
1541,21.3968223967401,12.5191090135578,0.01,58,19,stringer,extrados,1875
1604,21.4537876438349,12.3695932597944,0.01,58,20,stringer,extrados,1876
59,20.6415484132949,15.4845198130813,0.01,59,-2,rear spars,extrados,1877
59,21.7939158469753,12.4599198289522,0.01,59,-1,front spars,extrados,1878
56,20.6985136603898,15.335004059318,0.01,59,1,stringer,extrados,1879
144,20.7554789074846,15.1854883055546,0.01,59,2,stringer,extrados,1880
232,20.8124441545795,15.0359725517913,0.01,59,3,stringer,extrados,1881
320,20.8694094016744,14.8864567980279,0.01,59,4,stringer,extrados,1882
408,20.9263746487692,14.7369410442646,0.01,59,5,stringer,extrados,1883
497,20.9833398958641,14.5874252905013,0.01,59,6,stringer,extrados,1884
586,21.040305142959,14.4379095367379,0.01,59,7,stringer,extrados,1885
675,21.0972703900538,14.2883937829746,0.01,59,8,stringer,extrados,1886
764,21.1542356371487,14.1388780292112,0.01,59,9,stringer,extrados,1887
854,21.2112008842436,13.9893622754479,0.01,59,10,stringer,extrados,1888
941,21.2681661313384,13.8398465216845,0.01,59,11,stringer,extrados,1889
1026,21.3251313784333,13.6903307679212,0.01,59,12,stringer,extrados,1890
1108,21.3820966255282,13.5408150141579,0.01,59,13,stringer,extrados,1891
1187,21.439061872623,13.3912992603945,0.01,59,14,stringer,extrados,1892
1263,21.4960271197179,13.2417835066312,0.01,59,15,stringer,extrados,1893
1336,21.5529923668128,13.0922677528678,0.01,59,16,stringer,extrados,1894
1407,21.6099576139076,12.9427519991045,0.01,59,17,stringer,extrados,1895
1476,21.6669228610025,12.7932362453411,0.01,59,18,stringer,extrados,1896
1542,21.7238881080974,12.6437204915778,0.01,59,19,stringer,extrados,1897
1605,21.7808533551923,12.4942047378145,0.01,59,20,stringer,extrados,1898
60,20.9686141246522,15.6091312911013,0.01,60,-2,rear spars,extrados,1899
60,22.1010208828687,12.636921765889,0.01,60,-1,front spars,extrados,1900
57,21.0255793717471,15.459615537338,0.01,60,1,stringer,extrados,1901
145,21.0825446188419,15.3100997835747,0.01,60,2,stringer,extrados,1902
233,21.1395098659368,15.1605840298113,0.01,60,3,stringer,extrados,1903
321,21.1964751130317,15.011068276048,0.01,60,4,stringer,extrados,1904
409,21.2534403601265,14.8615525222846,0.01,60,5,stringer,extrados,1905
498,21.3104056072214,14.7120367685213,0.01,60,6,stringer,extrados,1906
587,21.3673708543163,14.5625210147579,0.01,60,7,stringer,extrados,1907
676,21.4243361014111,14.4130052609946,0.01,60,8,stringer,extrados,1908
765,21.481301348506,14.2634895072313,0.01,60,9,stringer,extrados,1909
855,21.5382665956009,14.1139737534679,0.01,60,10,stringer,extrados,1910
942,21.5952318426958,13.9644579997046,0.01,60,11,stringer,extrados,1911
1027,21.6521970897906,13.8149422459412,0.01,60,12,stringer,extrados,1912
1109,21.7091623368855,13.6654264921779,0.01,60,13,stringer,extrados,1913
1188,21.7661275839804,13.5159107384145,0.01,60,14,stringer,extrados,1914
1264,21.8230928310752,13.3663949846512,0.01,60,15,stringer,extrados,1915
1337,21.8800580781701,13.2168792308879,0.01,60,16,stringer,extrados,1916
1408,21.937023325265,13.0673634771245,0.01,60,17,stringer,extrados,1917
1477,21.9939885723598,12.9178477233612,0.01,60,18,stringer,extrados,1918
1543,22.0509538194547,12.7683319695978,0.01,60,19,stringer,extrados,1919
61,21.2956798360095,15.7337427691214,0.01,61,-2,rear spars,extrados,1920
61,22.4081259187621,12.8139237028258,0.01,61,-1,front spars,extrados,1921
58,21.3526450831044,15.584227015358,0.01,61,1,stringer,extrados,1922
146,21.4096103301992,15.4347112615947,0.01,61,2,stringer,extrados,1923
234,21.4665755772941,15.2851955078313,0.01,61,3,stringer,extrados,1924
322,21.523540824389,15.135679754068,0.01,61,4,stringer,extrados,1925
410,21.5805060714838,14.9861640003046,0.01,61,5,stringer,extrados,1926
499,21.6374713185787,14.8366482465413,0.01,61,6,stringer,extrados,1927
588,21.6944365656736,14.687132492778,0.01,61,7,stringer,extrados,1928
677,21.7514018127685,14.5376167390146,0.01,61,8,stringer,extrados,1929
766,21.8083670598633,14.3881009852513,0.01,61,9,stringer,extrados,1930
856,21.8653323069582,14.2385852314879,0.01,61,10,stringer,extrados,1931
943,21.9222975540531,14.0890694777246,0.01,61,11,stringer,extrados,1932
1028,21.9792628011479,13.9395537239612,0.01,61,12,stringer,extrados,1933
1110,22.0362280482428,13.7900379701979,0.01,61,13,stringer,extrados,1934
1189,22.0931932953377,13.6405222164346,0.01,61,14,stringer,extrados,1935
1265,22.1501585424325,13.4910064626712,0.01,61,15,stringer,extrados,1936
1338,22.2071237895274,13.3414907089079,0.01,61,16,stringer,extrados,1937
1409,22.2640890366223,13.1919749551445,0.01,61,17,stringer,extrados,1938
1478,22.3210542837171,13.0424592013812,0.01,61,18,stringer,extrados,1939
1544,22.378019530812,12.8929434476179,0.01,61,19,stringer,extrados,1940
62,21.6227455473668,15.8583542471414,0.01,62,-2,rear spars,extrados,1941
62,22.7152309546555,12.9909256397627,0.01,62,-1,front spars,extrados,1942
59,21.6797107944617,15.708838493378,0.01,62,1,stringer,extrados,1943
147,21.7366760415566,15.5593227396147,0.01,62,2,stringer,extrados,1944
235,21.7936412886514,15.4098069858514,0.01,62,3,stringer,extrados,1945
323,21.8506065357463,15.260291232088,0.01,62,4,stringer,extrados,1946
411,21.9075717828412,15.1107754783247,0.01,62,5,stringer,extrados,1947
500,21.964537029936,14.9612597245613,0.01,62,6,stringer,extrados,1948
589,22.0215022770309,14.811743970798,0.01,62,7,stringer,extrados,1949
678,22.0784675241258,14.6622282170346,0.01,62,8,stringer,extrados,1950
767,22.1354327712206,14.5127124632713,0.01,62,9,stringer,extrados,1951
857,22.1923980183155,14.363196709508,0.01,62,10,stringer,extrados,1952
944,22.2493632654104,14.2136809557446,0.01,62,11,stringer,extrados,1953
1029,22.3063285125052,14.0641652019813,0.01,62,12,stringer,extrados,1954
1111,22.3632937596001,13.9146494482179,0.01,62,13,stringer,extrados,1955
1190,22.420259006695,13.7651336944546,0.01,62,14,stringer,extrados,1956
1266,22.4772242537898,13.6156179406912,0.01,62,15,stringer,extrados,1957
1339,22.5341895008847,13.4661021869279,0.01,62,16,stringer,extrados,1958
1410,22.5911547479796,13.3165864331646,0.01,62,17,stringer,extrados,1959
1479,22.6481199950744,13.1670706794012,0.01,62,18,stringer,extrados,1960
1545,22.7050852421693,13.0175549256379,0.01,62,19,stringer,extrados,1961
63,21.9498112587241,15.9829657251614,0.01,63,-2,rear spars,extrados,1962
63,23.0223359905489,13.1679275766995,0.01,63,-1,front spars,extrados,1963
60,22.006776505819,15.8334499713981,0.01,63,1,stringer,extrados,1964
148,22.0637417529139,15.6839342176347,0.01,63,2,stringer,extrados,1965
236,22.1207070000087,15.5344184638714,0.01,63,3,stringer,extrados,1966
324,22.1776722471036,15.384902710108,0.01,63,4,stringer,extrados,1967
412,22.2346374941985,15.2353869563447,0.01,63,5,stringer,extrados,1968
501,22.2916027412933,15.0858712025814,0.01,63,6,stringer,extrados,1969
590,22.3485679883882,14.936355448818,0.01,63,7,stringer,extrados,1970
679,22.4055332354831,14.7868396950547,0.01,63,8,stringer,extrados,1971
768,22.4624984825779,14.6373239412913,0.01,63,9,stringer,extrados,1972
858,22.5194637296728,14.487808187528,0.01,63,10,stringer,extrados,1973
945,22.5764289767677,14.3382924337646,0.01,63,11,stringer,extrados,1974
1030,22.6333942238625,14.1887766800013,0.01,63,12,stringer,extrados,1975
1112,22.6903594709574,14.039260926238,0.01,63,13,stringer,extrados,1976
1191,22.7473247180523,13.8897451724746,0.01,63,14,stringer,extrados,1977
1267,22.8042899651472,13.7402294187113,0.01,63,15,stringer,extrados,1978
1340,22.861255212242,13.5907136649479,0.01,63,16,stringer,extrados,1979
1411,22.9182204593369,13.4411979111846,0.01,63,17,stringer,extrados,1980
1480,22.9751857064318,13.2916821574212,0.01,63,18,stringer,extrados,1981
64,22.2768769700814,16.1075772031814,0.01,64,-2,rear spars,extrados,1982
64,23.3294410264424,13.3449295136364,0.01,64,-1,front spars,extrados,1983
61,22.3338422171763,15.9580614494181,0.01,64,1,stringer,extrados,1984
149,22.3908074642712,15.8085456956548,0.01,64,2,stringer,extrados,1985
237,22.447772711366,15.6590299418914,0.01,64,3,stringer,extrados,1986
325,22.5047379584609,15.5095141881281,0.01,64,4,stringer,extrados,1987
413,22.5617032055558,15.3599984343647,0.01,64,5,stringer,extrados,1988
502,22.6186684526507,15.2104826806014,0.01,64,6,stringer,extrados,1989
591,22.6756336997455,15.060966926838,0.01,64,7,stringer,extrados,1990
680,22.7325989468404,14.9114511730747,0.01,64,8,stringer,extrados,1991
769,22.7895641939353,14.7619354193114,0.01,64,9,stringer,extrados,1992
859,22.8465294410301,14.612419665548,0.01,64,10,stringer,extrados,1993
946,22.903494688125,14.4629039117847,0.01,64,11,stringer,extrados,1994
1031,22.9604599352199,14.3133881580213,0.01,64,12,stringer,extrados,1995
1113,23.0174251823147,14.163872404258,0.01,64,13,stringer,extrados,1996
1192,23.0743904294096,14.0143566504946,0.01,64,14,stringer,extrados,1997
1268,23.1313556765045,13.8648408967313,0.01,64,15,stringer,extrados,1998
1341,23.1883209235993,13.715325142968,0.01,64,16,stringer,extrados,1999
1412,23.2452861706942,13.5658093892046,0.01,64,17,stringer,extrados,2000
1481,23.3022514177891,13.4162936354413,0.01,64,18,stringer,extrados,2001
65,22.6039426814388,16.2321886812015,0.01,65,-2,rear spars,extrados,2002
65,23.6365460623358,13.5219314505732,0.01,65,-1,front spars,extrados,2003
62,22.6609079285336,16.0826729274381,0.01,65,1,stringer,extrados,2004
150,22.7178731756285,15.9331571736748,0.01,65,2,stringer,extrados,2005
238,22.7748384227234,15.7836414199114,0.01,65,3,stringer,extrados,2006
326,22.8318036698182,15.6341256661481,0.01,65,4,stringer,extrados,2007
414,22.8887689169131,15.4846099123847,0.01,65,5,stringer,extrados,2008
503,22.945734164008,15.3350941586214,0.01,65,6,stringer,extrados,2009
592,23.0026994111028,15.1855784048581,0.01,65,7,stringer,extrados,2010
681,23.0596646581977,15.0360626510947,0.01,65,8,stringer,extrados,2011
770,23.1166299052926,14.8865468973314,0.01,65,9,stringer,extrados,2012
860,23.1735951523874,14.737031143568,0.01,65,10,stringer,extrados,2013
947,23.2305603994823,14.5875153898047,0.01,65,11,stringer,extrados,2014
1032,23.2875256465772,14.4379996360413,0.01,65,12,stringer,extrados,2015
1114,23.344490893672,14.288483882278,0.01,65,13,stringer,extrados,2016
1193,23.4014561407669,14.1389681285147,0.01,65,14,stringer,extrados,2017
1269,23.4584213878618,13.9894523747513,0.01,65,15,stringer,extrados,2018
1342,23.5153866349567,13.839936620988,0.01,65,16,stringer,extrados,2019
1413,23.5723518820515,13.6904208672246,0.01,65,17,stringer,extrados,2020
1482,23.6293171291464,13.5409051134613,0.01,65,18,stringer,extrados,2021
66,22.9310083927961,16.3568001592215,0.01,66,-2,rear spars,extrados,2022
66,23.9436510982292,13.69893338751,0.01,66,-1,front spars,extrados,2023
63,22.9879736398909,16.2072844054581,0.01,66,1,stringer,extrados,2024
151,23.0449388869858,16.0577686516948,0.01,66,2,stringer,extrados,2025
239,23.1019041340807,15.9082528979315,0.01,66,3,stringer,extrados,2026
327,23.1588693811755,15.7587371441681,0.01,66,4,stringer,extrados,2027
415,23.2158346282704,15.6092213904048,0.01,66,5,stringer,extrados,2028
504,23.2727998753653,15.4597056366414,0.01,66,6,stringer,extrados,2029
593,23.3297651224601,15.3101898828781,0.01,66,7,stringer,extrados,2030
682,23.386730369555,15.1606741291147,0.01,66,8,stringer,extrados,2031
771,23.4436956166499,15.0111583753514,0.01,66,9,stringer,extrados,2032
861,23.5006608637448,14.8616426215881,0.01,66,10,stringer,extrados,2033
948,23.5576261108396,14.7121268678247,0.01,66,11,stringer,extrados,2034
1033,23.6145913579345,14.5626111140614,0.01,66,12,stringer,extrados,2035
1115,23.6715566050294,14.413095360298,0.01,66,13,stringer,extrados,2036
1194,23.7285218521242,14.2635796065347,0.01,66,14,stringer,extrados,2037
1270,23.7854870992191,14.1140638527713,0.01,66,15,stringer,extrados,2038
1343,23.842452346314,13.964548099008,0.01,66,16,stringer,extrados,2039
1414,23.8994175934088,13.8150323452447,0.01,66,17,stringer,extrados,2040
67,23.2580741041534,16.4814116372415,0.01,67,-2,rear spars,extrados,2041
67,24.2507561341226,13.8759353244469,0.01,67,-1,front spars,extrados,2042
64,23.3150393512483,16.3318958834782,0.01,67,1,stringer,extrados,2043
152,23.3720045983431,16.1823801297148,0.01,67,2,stringer,extrados,2044
240,23.428969845438,16.0328643759515,0.01,67,3,stringer,extrados,2045
328,23.4859350925329,15.8833486221881,0.01,67,4,stringer,extrados,2046
416,23.5429003396277,15.7338328684248,0.01,67,5,stringer,extrados,2047
505,23.5998655867226,15.5843171146615,0.01,67,6,stringer,extrados,2048
594,23.6568308338175,15.4348013608981,0.01,67,7,stringer,extrados,2049
683,23.7137960809123,15.2852856071348,0.01,67,8,stringer,extrados,2050
772,23.7707613280072,15.1357698533714,0.01,67,9,stringer,extrados,2051
862,23.8277265751021,14.9862540996081,0.01,67,10,stringer,extrados,2052
949,23.8846918221969,14.8367383458447,0.01,67,11,stringer,extrados,2053
1034,23.9416570692918,14.6872225920814,0.01,67,12,stringer,extrados,2054
1116,23.9986223163867,14.5377068383181,0.01,67,13,stringer,extrados,2055
1195,24.0555875634815,14.3881910845547,0.01,67,14,stringer,extrados,2056
1271,24.1125528105764,14.2386753307914,0.01,67,15,stringer,extrados,2057
1344,24.1695180576713,14.089159577028,0.01,67,16,stringer,extrados,2058
1415,24.2264833047661,13.9396438232647,0.01,67,17,stringer,extrados,2059
68,23.5851398155107,16.6060231152615,0.01,68,-2,rear spars,extrados,2060
68,24.557861170016,14.0529372613837,0.01,68,-1,front spars,extrados,2061
65,23.6421050626056,16.4565073614982,0.01,68,1,stringer,extrados,2062
153,23.6990703097004,16.3069916077349,0.01,68,2,stringer,extrados,2063
241,23.7560355567953,16.1574758539715,0.01,68,3,stringer,extrados,2064
329,23.8130008038902,16.0079601002082,0.01,68,4,stringer,extrados,2065
417,23.869966050985,15.8584443464448,0.01,68,5,stringer,extrados,2066
506,23.9269312980799,15.7089285926815,0.01,68,6,stringer,extrados,2067
595,23.9838965451748,15.5594128389181,0.01,68,7,stringer,extrados,2068
684,24.0408617922696,15.4098970851548,0.01,68,8,stringer,extrados,2069
773,24.0978270393645,15.2603813313915,0.01,68,9,stringer,extrados,2070
863,24.1547922864594,15.1108655776281,0.01,68,10,stringer,extrados,2071
950,24.2117575335542,14.9613498238648,0.01,68,11,stringer,extrados,2072
1035,24.2687227806491,14.8118340701014,0.01,68,12,stringer,extrados,2073
1117,24.325688027744,14.6623183163381,0.01,68,13,stringer,extrados,2074
1196,24.3826532748389,14.5128025625747,0.01,68,14,stringer,extrados,2075
1272,24.4396185219337,14.3632868088114,0.01,68,15,stringer,extrados,2076
1345,24.4965837690286,14.2137710550481,0.01,68,16,stringer,extrados,2077
1416,24.5535490161235,14.0642553012847,0.01,68,17,stringer,extrados,2078
69,23.912205526868,16.7306345932816,0.01,69,-2,rear spars,extrados,2079
69,24.8649662059094,14.2299391983206,0.01,69,-1,front spars,extrados,2080
66,23.9691707739629,16.5811188395182,0.01,69,1,stringer,extrados,2081
154,24.0261360210577,16.4316030857549,0.01,69,2,stringer,extrados,2082
242,24.0831012681526,16.2820873319915,0.01,69,3,stringer,extrados,2083
330,24.1400665152475,16.1325715782282,0.01,69,4,stringer,extrados,2084
418,24.1970317623423,15.9830558244648,0.01,69,5,stringer,extrados,2085
507,24.2539970094372,15.8335400707015,0.01,69,6,stringer,extrados,2086
596,24.3109622565321,15.6840243169382,0.01,69,7,stringer,extrados,2087
685,24.367927503627,15.5345085631748,0.01,69,8,stringer,extrados,2088
774,24.4248927507218,15.3849928094115,0.01,69,9,stringer,extrados,2089
864,24.4818579978167,15.2354770556481,0.01,69,10,stringer,extrados,2090
951,24.5388232449116,15.0859613018848,0.01,69,11,stringer,extrados,2091
1036,24.5957884920064,14.9364455481214,0.01,69,12,stringer,extrados,2092
1118,24.6527537391013,14.7869297943581,0.01,69,13,stringer,extrados,2093
1197,24.7097189861962,14.6374140405948,0.01,69,14,stringer,extrados,2094
1273,24.766684233291,14.4878982868314,0.01,69,15,stringer,extrados,2095
1346,24.8236494803859,14.3383825330681,0.01,69,16,stringer,extrados,2096
70,24.2392712382253,16.8552460713016,0.01,70,-2,rear spars,extrados,2097
70,25.1720712418029,14.4069411352574,0.01,70,-1,front spars,extrados,2098
67,24.2962364853202,16.7057303175382,0.01,70,1,stringer,extrados,2099
155,24.3532017324151,16.5562145637749,0.01,70,2,stringer,extrados,2100
243,24.4101669795099,16.4066988100116,0.01,70,3,stringer,extrados,2101
331,24.4671322266048,16.2571830562482,0.01,70,4,stringer,extrados,2102
419,24.5240974736997,16.1076673024849,0.01,70,5,stringer,extrados,2103
508,24.5810627207945,15.9581515487215,0.01,70,6,stringer,extrados,2104
597,24.6380279678894,15.8086357949582,0.01,70,7,stringer,extrados,2105
686,24.6949932149843,15.6591200411948,0.01,70,8,stringer,extrados,2106
775,24.7519584620791,15.5096042874315,0.01,70,9,stringer,extrados,2107
865,24.808923709174,15.3600885336682,0.01,70,10,stringer,extrados,2108
952,24.8658889562689,15.2105727799048,0.01,70,11,stringer,extrados,2109
1037,24.9228542033637,15.0610570261415,0.01,70,12,stringer,extrados,2110
1119,24.9798194504586,14.9115412723781,0.01,70,13,stringer,extrados,2111
1198,25.0367846975535,14.7620255186148,0.01,70,14,stringer,extrados,2112
1274,25.0937499446483,14.6125097648514,0.01,70,15,stringer,extrados,2113
1347,25.1507151917432,14.4629940110881,0.01,70,16,stringer,extrados,2114
71,24.5663369495826,16.9798575493216,0.01,71,-2,rear spars,extrados,2115
71,25.4791762776963,14.5839430721942,0.01,71,-1,front spars,extrados,2116
68,24.6233021966775,16.8303417955583,0.01,71,1,stringer,extrados,2117
156,24.6802674437724,16.6808260417949,0.01,71,2,stringer,extrados,2118
244,24.7372326908672,16.5313102880316,0.01,71,3,stringer,extrados,2119
332,24.7941979379621,16.3817945342682,0.01,71,4,stringer,extrados,2120
420,24.851163185057,16.2322787805049,0.01,71,5,stringer,extrados,2121
509,24.9081284321518,16.0827630267416,0.01,71,6,stringer,extrados,2122
598,24.9650936792467,15.9332472729782,0.01,71,7,stringer,extrados,2123
687,25.0220589263416,15.7837315192149,0.01,71,8,stringer,extrados,2124
776,25.0790241734365,15.6342157654515,0.01,71,9,stringer,extrados,2125
866,25.1359894205313,15.4847000116882,0.01,71,10,stringer,extrados,2126
953,25.1929546676262,15.3351842579248,0.01,71,11,stringer,extrados,2127
1038,25.2499199147211,15.1856685041615,0.01,71,12,stringer,extrados,2128
1120,25.3068851618159,15.0361527503982,0.01,71,13,stringer,extrados,2129
1199,25.3638504089108,14.8866369966348,0.01,71,14,stringer,extrados,2130
1275,25.4208156560057,14.7371212428715,0.01,71,15,stringer,extrados,2131
1348,25.4777809031005,14.5876054891081,0.01,71,16,stringer,extrados,2132
72,24.8934026609399,17.1044690273416,0.01,72,-2,rear spars,extrados,2133
72,25.7862813135897,14.7609450091311,0.01,72,-1,front spars,extrados,2134
69,24.9503679080348,16.9549532735783,0.01,72,1,stringer,extrados,2135
157,25.0073331551297,16.8054375198149,0.01,72,2,stringer,extrados,2136
245,25.0642984022246,16.6559217660516,0.01,72,3,stringer,extrados,2137
333,25.1212636493194,16.5064060122883,0.01,72,4,stringer,extrados,2138
421,25.1782288964143,16.3568902585249,0.01,72,5,stringer,extrados,2139
510,25.2351941435092,16.2073745047616,0.01,72,6,stringer,extrados,2140
599,25.292159390604,16.0578587509982,0.01,72,7,stringer,extrados,2141
688,25.3491246376989,15.9083429972349,0.01,72,8,stringer,extrados,2142
777,25.4060898847938,15.7588272434715,0.01,72,9,stringer,extrados,2143
867,25.4630551318886,15.6093114897082,0.01,72,10,stringer,extrados,2144
954,25.5200203789835,15.4597957359449,0.01,72,11,stringer,extrados,2145
1039,25.5769856260784,15.3102799821815,0.01,72,12,stringer,extrados,2146
1121,25.6339508731732,15.1607642284182,0.01,72,13,stringer,extrados,2147
1200,25.6909161202681,15.0112484746548,0.01,72,14,stringer,extrados,2148
1276,25.747881367363,14.8617327208915,0.01,72,15,stringer,extrados,2149
73,25.2204683722973,17.2290805053617,0.01,73,-2,rear spars,extrados,2150
73,26.0933863494831,14.9379469460679,0.01,73,-1,front spars,extrados,2151
70,25.2774336193921,17.0795647515983,0.01,73,1,stringer,extrados,2152
158,25.334398866487,16.930048997835,0.01,73,2,stringer,extrados,2153
246,25.3913641135819,16.7805332440716,0.01,73,3,stringer,extrados,2154
334,25.4483293606767,16.6310174903083,0.01,73,4,stringer,extrados,2155
422,25.5052946077716,16.4815017365449,0.01,73,5,stringer,extrados,2156
511,25.5622598548665,16.3319859827816,0.01,73,6,stringer,extrados,2157
600,25.6192251019613,16.1824702290183,0.01,73,7,stringer,extrados,2158
689,25.6761903490562,16.0329544752549,0.01,73,8,stringer,extrados,2159
778,25.7331555961511,15.8834387214916,0.01,73,9,stringer,extrados,2160
868,25.7901208432459,15.7339229677282,0.01,73,10,stringer,extrados,2161
955,25.8470860903408,15.5844072139649,0.01,73,11,stringer,extrados,2162
1040,25.9040513374357,15.4348914602015,0.01,73,12,stringer,extrados,2163
1122,25.9610165845305,15.2853757064382,0.01,73,13,stringer,extrados,2164
1201,26.0179818316254,15.1358599526749,0.01,73,14,stringer,extrados,2165
1277,26.0749470787203,14.9863441989115,0.01,73,15,stringer,extrados,2166
74,25.5475340836546,17.3536919833817,0.01,74,-2,rear spars,extrados,2167
74,26.4004913853765,15.1149488830047,0.01,74,-1,front spars,extrados,2168
71,25.6044993307494,17.2041762296183,0.01,74,1,stringer,extrados,2169
159,25.6614645778443,17.054660475855,0.01,74,2,stringer,extrados,2170
247,25.7184298249392,16.9051447220917,0.01,74,3,stringer,extrados,2171
335,25.775395072034,16.7556289683283,0.01,74,4,stringer,extrados,2172
423,25.8323603191289,16.606113214565,0.01,74,5,stringer,extrados,2173
512,25.8893255662238,16.4565974608016,0.01,74,6,stringer,extrados,2174
601,25.9462908133187,16.3070817070383,0.01,74,7,stringer,extrados,2175
690,26.0032560604135,16.1575659532749,0.01,74,8,stringer,extrados,2176
779,26.0602213075084,16.0080501995116,0.01,74,9,stringer,extrados,2177
869,26.1171865546033,15.8585344457483,0.01,74,10,stringer,extrados,2178
956,26.1741518016981,15.7090186919849,0.01,74,11,stringer,extrados,2179
1041,26.231117048793,15.5595029382216,0.01,74,12,stringer,extrados,2180
1123,26.2880822958879,15.4099871844582,0.01,74,13,stringer,extrados,2181
1202,26.3450475429827,15.2604714306949,0.01,74,14,stringer,extrados,2182
75,25.8745997950119,17.4783034614017,0.01,75,-2,rear spars,extrados,2183
75,26.7075964212699,15.2919508199416,0.01,75,-1,front spars,extrados,2184
72,25.9315650421068,17.3287877076384,0.01,75,1,stringer,extrados,2185
160,25.9885302892016,17.179271953875,0.01,75,2,stringer,extrados,2186
248,26.0454955362965,17.0297562001117,0.01,75,3,stringer,extrados,2187
336,26.1024607833914,16.8802404463483,0.01,75,4,stringer,extrados,2188
424,26.1594260304862,16.730724692585,0.01,75,5,stringer,extrados,2189
513,26.2163912775811,16.5812089388216,0.01,75,6,stringer,extrados,2190
602,26.273356524676,16.4316931850583,0.01,75,7,stringer,extrados,2191
691,26.3303217717708,16.282177431295,0.01,75,8,stringer,extrados,2192
780,26.3872870188657,16.1326616775316,0.01,75,9,stringer,extrados,2193
870,26.4442522659606,15.9831459237683,0.01,75,10,stringer,extrados,2194
957,26.5012175130554,15.8336301700049,0.01,75,11,stringer,extrados,2195
1042,26.5581827601503,15.6841144162416,0.01,75,12,stringer,extrados,2196
1124,26.6151480072452,15.5345986624782,0.01,75,13,stringer,extrados,2197
1203,26.67211325434,15.3850829087149,0.01,75,14,stringer,extrados,2198
76,26.2016655063692,17.6029149394217,0.01,76,-2,rear spars,extrados,2199
76,27.0147014571633,15.4689527568784,0.01,76,-1,front spars,extrados,2200
73,26.2586307534641,17.4533991856584,0.01,76,1,stringer,extrados,2201
161,26.3155960005589,17.303883431895,0.01,76,2,stringer,extrados,2202
249,26.3725612476538,17.1543676781317,0.01,76,3,stringer,extrados,2203
337,26.4295264947487,17.0048519243684,0.01,76,4,stringer,extrados,2204
425,26.4864917418435,16.855336170605,0.01,76,5,stringer,extrados,2205
514,26.5434569889384,16.7058204168417,0.01,76,6,stringer,extrados,2206
603,26.6004222360333,16.5563046630783,0.01,76,7,stringer,extrados,2207
692,26.6573874831281,16.406788909315,0.01,76,8,stringer,extrados,2208
781,26.714352730223,16.2572731555516,0.01,76,9,stringer,extrados,2209
871,26.7713179773179,16.1077574017883,0.01,76,10,stringer,extrados,2210
958,26.8282832244127,15.958241648025,0.01,76,11,stringer,extrados,2211
1043,26.8852484715076,15.8087258942616,0.01,76,12,stringer,extrados,2212
1125,26.9422137186025,15.6592101404983,0.01,76,13,stringer,extrados,2213
1204,26.9991789656974,15.5096943867349,0.01,76,14,stringer,extrados,2214
77,26.5287312177265,17.7275264174418,0.01,77,-2,rear spars,extrados,2215
77,27.3218064930568,15.6459546938153,0.01,77,-1,front spars,extrados,2216
74,26.5856964648214,17.5780106636784,0.01,77,1,stringer,extrados,2217
162,26.6426617119162,17.4284949099151,0.01,77,2,stringer,extrados,2218
250,26.6996269590111,17.2789791561517,0.01,77,3,stringer,extrados,2219
338,26.756592206106,17.1294634023884,0.01,77,4,stringer,extrados,2220
426,26.8135574532009,16.979947648625,0.01,77,5,stringer,extrados,2221
515,26.8705227002957,16.8304318948617,0.01,77,6,stringer,extrados,2222
604,26.9274879473906,16.6809161410984,0.01,77,7,stringer,extrados,2223
693,26.9844531944855,16.531400387335,0.01,77,8,stringer,extrados,2224
782,27.0414184415803,16.3818846335717,0.01,77,9,stringer,extrados,2225
872,27.0983836886752,16.2323688798083,0.01,77,10,stringer,extrados,2226
959,27.1553489357701,16.082853126045,0.01,77,11,stringer,extrados,2227
1044,27.2123141828649,15.9333373722816,0.01,77,12,stringer,extrados,2228
1126,27.2692794299598,15.7838216185183,0.01,77,13,stringer,extrados,2229
78,26.8557969290838,17.8521378954618,0.01,78,-2,rear spars,extrados,2230
78,27.6289115289502,15.8229566307521,0.01,78,-1,front spars,extrados,2231
75,26.9127621761787,17.7026221416984,0.01,78,1,stringer,extrados,2232
163,26.9697274232736,17.5531063879351,0.01,78,2,stringer,extrados,2233
251,27.0266926703684,17.4035906341717,0.01,78,3,stringer,extrados,2234
339,27.0836579174633,17.2540748804084,0.01,78,4,stringer,extrados,2235
427,27.1406231645582,17.1045591266451,0.01,78,5,stringer,extrados,2236
516,27.197588411653,16.9550433728817,0.01,78,6,stringer,extrados,2237
605,27.2545536587479,16.8055276191184,0.01,78,7,stringer,extrados,2238
694,27.3115189058428,16.656011865355,0.01,78,8,stringer,extrados,2239
783,27.3684841529376,16.5064961115917,0.01,78,9,stringer,extrados,2240
873,27.4254494000325,16.3569803578283,0.01,78,10,stringer,extrados,2241
960,27.4824146471274,16.207464604065,0.01,78,11,stringer,extrados,2242
1045,27.5393798942222,16.0579488503017,0.01,78,12,stringer,extrados,2243
1127,27.5963451413171,15.9084330965383,0.01,78,13,stringer,extrados,2244
79,27.1828626404411,17.9767493734818,0.01,79,-2,rear spars,extrados,2245
79,27.9360165648436,15.9999585676889,0.01,79,-1,front spars,extrados,2246
76,27.239827887536,17.8272336197185,0.01,79,1,stringer,extrados,2247
164,27.2967931346309,17.6777178659551,0.01,79,2,stringer,extrados,2248
252,27.3537583817257,17.5282021121918,0.01,79,3,stringer,extrados,2249
340,27.4107236288206,17.3786863584284,0.01,79,4,stringer,extrados,2250
428,27.4676888759155,17.2291706046651,0.01,79,5,stringer,extrados,2251
517,27.5246541230103,17.0796548509017,0.01,79,6,stringer,extrados,2252
606,27.5816193701052,16.9301390971384,0.01,79,7,stringer,extrados,2253
695,27.6385846172001,16.7806233433751,0.01,79,8,stringer,extrados,2254
784,27.6955498642949,16.6311075896117,0.01,79,9,stringer,extrados,2255
874,27.7525151113898,16.4815918358484,0.01,79,10,stringer,extrados,2256
961,27.8094803584847,16.332076082085,0.01,79,11,stringer,extrados,2257
1046,27.8664456055796,16.1825603283217,0.01,79,12,stringer,extrados,2258
1128,27.9234108526744,16.0330445745583,0.01,79,13,stringer,extrados,2259
80,27.5099283517985,18.1013608515018,0.01,80,-2,rear spars,extrados,2260
80,28.243121600737,16.1769605046258,0.01,80,-1,front spars,extrados,2261
77,27.5668935988933,17.9518450977385,0.01,80,1,stringer,extrados,2262
165,27.6238588459882,17.8023293439751,0.01,80,2,stringer,extrados,2263
253,27.6808240930831,17.6528135902118,0.01,80,3,stringer,extrados,2264
341,27.7377893401779,17.5032978364485,0.01,80,4,stringer,extrados,2265
429,27.7947545872728,17.3537820826851,0.01,80,5,stringer,extrados,2266
518,27.8517198343677,17.2042663289218,0.01,80,6,stringer,extrados,2267
607,27.9086850814625,17.0547505751584,0.01,80,7,stringer,extrados,2268
696,27.9656503285574,16.9052348213951,0.01,80,8,stringer,extrados,2269
785,28.0226155756523,16.7557190676317,0.01,80,9,stringer,extrados,2270
875,28.0795808227471,16.6062033138684,0.01,80,10,stringer,extrados,2271
962,28.136546069842,16.4566875601051,0.01,80,11,stringer,extrados,2272
1047,28.1935113169369,16.3071718063417,0.01,80,12,stringer,extrados,2273
81,27.8369940631558,18.2259723295219,0.01,81,-2,rear spars,extrados,2274
81,28.5502266366304,16.3539624415626,0.01,81,-1,front spars,extrados,2275
78,27.8939593102506,18.0764565757585,0.01,81,1,stringer,extrados,2276
166,27.9509245573455,17.9269408219952,0.01,81,2,stringer,extrados,2277
254,28.0078898044404,17.7774250682318,0.01,81,3,stringer,extrados,2278
342,28.0648550515352,17.6279093144685,0.01,81,4,stringer,extrados,2279
430,28.1218202986301,17.4783935607051,0.01,81,5,stringer,extrados,2280
519,28.178785545725,17.3288778069418,0.01,81,6,stringer,extrados,2281
608,28.2357507928198,17.1793620531785,0.01,81,7,stringer,extrados,2282
697,28.2927160399147,17.0298462994151,0.01,81,8,stringer,extrados,2283
786,28.3496812870096,16.8803305456518,0.01,81,9,stringer,extrados,2284
876,28.4066465341044,16.7308147918884,0.01,81,10,stringer,extrados,2285
963,28.4636117811993,16.5812990381251,0.01,81,11,stringer,extrados,2286
1048,28.5205770282942,16.4317832843617,0.01,81,12,stringer,extrados,2287
82,28.1640597745131,18.3505838075419,0.01,82,-2,rear spars,extrados,2288
82,28.8573316725238,16.5309643784995,0.01,82,-1,front spars,extrados,2289
79,28.221025021608,18.2010680537785,0.01,82,1,stringer,extrados,2290
167,28.2779902687028,18.0515523000152,0.01,82,2,stringer,extrados,2291
255,28.3349555157977,17.9020365462518,0.01,82,3,stringer,extrados,2292
343,28.3919207628925,17.7525207924885,0.01,82,4,stringer,extrados,2293
431,28.4488860099874,17.6030050387252,0.01,82,5,stringer,extrados,2294
520,28.5058512570823,17.4534892849618,0.01,82,6,stringer,extrados,2295
609,28.5628165041772,17.3039735311985,0.01,82,7,stringer,extrados,2296
698,28.619781751272,17.1544577774351,0.01,82,8,stringer,extrados,2297
787,28.6767469983669,17.0049420236718,0.01,82,9,stringer,extrados,2298
877,28.7337122454618,16.8554262699084,0.01,82,10,stringer,extrados,2299
964,28.7906774925566,16.7059105161451,0.01,82,11,stringer,extrados,2300
1049,28.8476427396515,16.5563947623818,0.01,82,12,stringer,extrados,2301
83,28.4911254858704,18.4751952855619,0.01,83,-2,rear spars,extrados,2302
83,29.1644367084173,16.7079663154363,0.01,83,-1,front spars,extrados,2303
80,28.5480907329653,18.3256795317986,0.01,83,1,stringer,extrados,2304
168,28.6050559800601,18.1761637780352,0.01,83,2,stringer,extrados,2305
256,28.662021227155,18.0266480242719,0.01,83,3,stringer,extrados,2306
344,28.7189864742499,17.8771322705085,0.01,83,4,stringer,extrados,2307
432,28.7759517213447,17.7276165167452,0.01,83,5,stringer,extrados,2308
521,28.8329169684396,17.5781007629818,0.01,83,6,stringer,extrados,2309
610,28.8898822155345,17.4285850092185,0.01,83,7,stringer,extrados,2310
699,28.9468474626293,17.2790692554552,0.01,83,8,stringer,extrados,2311
788,29.0038127097242,17.1295535016918,0.01,83,9,stringer,extrados,2312
878,29.0607779568191,16.9800377479285,0.01,83,10,stringer,extrados,2313
965,29.1177432039139,16.8305219941651,0.01,83,11,stringer,extrados,2314
84,28.8181911972277,18.5998067635819,0.01,84,-2,rear spars,extrados,2315
84,29.4715417443107,16.8849682523731,0.01,84,-1,front spars,extrados,2316
81,28.8751564443226,18.4502910098186,0.01,84,1,stringer,extrados,2317
169,28.9321216914174,18.3007752560552,0.01,84,2,stringer,extrados,2318
257,28.9890869385123,18.1512595022919,0.01,84,3,stringer,extrados,2319
345,29.0460521856072,18.0017437485286,0.01,84,4,stringer,extrados,2320
433,29.103017432702,17.8522279947652,0.01,84,5,stringer,extrados,2321
522,29.1599826797969,17.7027122410019,0.01,84,6,stringer,extrados,2322
611,29.2169479268918,17.5531964872385,0.01,84,7,stringer,extrados,2323
700,29.2739131739866,17.4036807334752,0.01,84,8,stringer,extrados,2324
789,29.3308784210815,17.2541649797118,0.01,84,9,stringer,extrados,2325
879,29.3878436681764,17.1046492259485,0.01,84,10,stringer,extrados,2326
966,29.4448089152713,16.9551334721852,0.01,84,11,stringer,extrados,2327
85,29.145256908585,18.724418241602,0.01,85,-2,rear spars,extrados,2328
85,29.7786467802041,17.06197018931,0.01,85,-1,front spars,extrados,2329
82,29.2022221556799,18.5749024878386,0.01,85,1,stringer,extrados,2330
170,29.2591874027747,18.4253867340753,0.01,85,2,stringer,extrados,2331
258,29.3161526498696,18.2758709803119,0.01,85,3,stringer,extrados,2332
346,29.3731178969645,18.1263552265486,0.01,85,4,stringer,extrados,2333
434,29.4300831440594,17.9768394727852,0.01,85,5,stringer,extrados,2334
523,29.4870483911542,17.8273237190219,0.01,85,6,stringer,extrados,2335
612,29.5440136382491,17.6778079652585,0.01,85,7,stringer,extrados,2336
701,29.600978885344,17.5282922114952,0.01,85,8,stringer,extrados,2337
790,29.6579441324388,17.3787764577319,0.01,85,9,stringer,extrados,2338
880,29.7149093795337,17.2292607039685,0.01,85,10,stringer,extrados,2339
967,29.7718746266286,17.0797449502052,0.01,85,11,stringer,extrados,2340
86,29.4723226199423,18.849029719622,0.01,86,-2,rear spars,extrados,2341
86,30.0857518160975,17.2389721262468,0.01,86,-1,front spars,extrados,2342
83,29.5292878670372,18.6995139658586,0.01,86,1,stringer,extrados,2343
171,29.5862531141321,18.5499982120953,0.01,86,2,stringer,extrados,2344
259,29.6432183612269,18.4004824583319,0.01,86,3,stringer,extrados,2345
347,29.7001836083218,18.2509667045686,0.01,86,4,stringer,extrados,2346
435,29.7571488554167,18.1014509508053,0.01,86,5,stringer,extrados,2347
524,29.8141141025115,17.9519351970419,0.01,86,6,stringer,extrados,2348
613,29.8710793496064,17.8024194432786,0.01,86,7,stringer,extrados,2349
702,29.9280445967013,17.6529036895152,0.01,86,8,stringer,extrados,2350
791,29.9850098437961,17.5033879357519,0.01,86,9,stringer,extrados,2351
881,30.041975090891,17.3538721819885,0.01,86,10,stringer,extrados,2352
87,29.7993883312996,18.973641197642,0.01,87,-2,rear spars,extrados,2353
87,30.3928568519909,17.4159740631837,0.01,87,-1,front spars,extrados,2354
84,29.8563535783945,18.8241254438787,0.01,87,1,stringer,extrados,2355
172,29.9133188254894,18.6746096901153,0.01,87,2,stringer,extrados,2356
260,29.9702840725842,18.525093936352,0.01,87,3,stringer,extrados,2357
348,30.0272493196791,18.3755781825886,0.01,87,4,stringer,extrados,2358
436,30.084214566774,18.2260624288253,0.01,87,5,stringer,extrados,2359
525,30.1411798138688,18.0765466750619,0.01,87,6,stringer,extrados,2360
614,30.1981450609637,17.9270309212986,0.01,87,7,stringer,extrados,2361
703,30.2551103080586,17.7775151675353,0.01,87,8,stringer,extrados,2362
792,30.3120755551535,17.6279994137719,0.01,87,9,stringer,extrados,2363
882,30.3690408022483,17.4784836600086,0.01,87,10,stringer,extrados,2364
88,30.126454042657,19.098252675662,0.01,88,-2,rear spars,extrados,2365
88,30.6999618878843,17.5929760001205,0.01,88,-1,front spars,extrados,2366
85,30.1834192897518,18.9487369218987,0.01,88,1,stringer,extrados,2367
173,30.2403845368467,18.7992211681353,0.01,88,2,stringer,extrados,2368
261,30.2973497839416,18.649705414372,0.01,88,3,stringer,extrados,2369
349,30.3543150310364,18.5001896606086,0.01,88,4,stringer,extrados,2370
437,30.4112802781313,18.3506739068453,0.01,88,5,stringer,extrados,2371
526,30.4682455252262,18.201158153082,0.01,88,6,stringer,extrados,2372
615,30.525210772321,18.0516423993186,0.01,88,7,stringer,extrados,2373
704,30.5821760194159,17.9021266455553,0.01,88,8,stringer,extrados,2374
793,30.6391412665108,17.7526108917919,0.01,88,9,stringer,extrados,2375
883,30.6961065136056,17.6030951380286,0.01,88,10,stringer,extrados,2376
89,30.4535197540143,19.222864153682,0.01,89,-2,rear spars,extrados,2377
89,31.0070669237778,17.7699779370573,0.01,89,-1,front spars,extrados,2378
86,30.5104850011091,19.0733483999187,0.01,89,1,stringer,extrados,2379
174,30.567450248204,18.9238326461554,0.01,89,2,stringer,extrados,2380
262,30.6244154952989,18.774316892392,0.01,89,3,stringer,extrados,2381
350,30.6813807423937,18.6248011386287,0.01,89,4,stringer,extrados,2382
438,30.7383459894886,18.4752853848653,0.01,89,5,stringer,extrados,2383
527,30.7953112365835,18.325769631102,0.01,89,6,stringer,extrados,2384
616,30.8522764836783,18.1762538773386,0.01,89,7,stringer,extrados,2385
705,30.9092417307732,18.0267381235753,0.01,89,8,stringer,extrados,2386
794,30.9662069778681,17.877222369812,0.01,89,9,stringer,extrados,2387
90,30.7805854653716,19.3474756317021,0.01,90,-2,rear spars,extrados,2388
90,31.3141719596712,17.9469798739942,0.01,90,-1,front spars,extrados,2389
87,30.8375507124664,19.1979598779387,0.01,90,1,stringer,extrados,2390
175,30.8945159595613,19.0484441241754,0.01,90,2,stringer,extrados,2391
263,30.9514812066562,18.898928370412,0.01,90,3,stringer,extrados,2392
351,31.008446453751,18.7494126166487,0.01,90,4,stringer,extrados,2393
439,31.0654117008459,18.5998968628854,0.01,90,5,stringer,extrados,2394
528,31.1223769479408,18.450381109122,0.01,90,6,stringer,extrados,2395
617,31.1793421950357,18.3008653553587,0.01,90,7,stringer,extrados,2396
706,31.2363074421305,18.1513496015953,0.01,90,8,stringer,extrados,2397
795,31.2932726892254,18.001833847832,0.01,90,9,stringer,extrados,2398
91,31.1076511767289,19.4720871097221,0.01,91,-2,rear spars,extrados,2399
91,31.6212769955646,18.123981810931,0.01,91,-1,front spars,extrados,2400
88,31.1646164238238,19.3225713559588,0.01,91,1,stringer,extrados,2401
176,31.2215816709186,19.1730556021954,0.01,91,2,stringer,extrados,2402
264,31.2785469180135,19.0235398484321,0.01,91,3,stringer,extrados,2403
352,31.3355121651084,18.8740240946687,0.01,91,4,stringer,extrados,2404
440,31.3924774122032,18.7245083409054,0.01,91,5,stringer,extrados,2405
529,31.4494426592981,18.574992587142,0.01,91,6,stringer,extrados,2406
618,31.506407906393,18.4254768333787,0.01,91,7,stringer,extrados,2407
707,31.5633731534878,18.2759610796154,0.01,91,8,stringer,extrados,2408
796,31.6203384005827,18.126445325852,0.01,91,9,stringer,extrados,2409
92,2.98,3.84022245308274,0.01,0,-2,rear spars,extrados,2410
92,3.67471872926371,2.01680554967862,0.01,0,-1,front spars,extrados,2411
2228,2.99666361,3.79648575,0.01,0,29,stringer,extrados,2412
2229,3.05362886,3.64697,0.01,0,30,stringer,extrados,2413
2230,3.1105941,3.49745424,0.01,0,31,stringer,extrados,2414
2231,3.16755935,3.34793849,0.01,0,32,stringer,extrados,2415
2232,3.2245246,3.19842274,0.01,0,33,stringer,extrados,2416
2233,3.28148984,3.04890698,0.01,0,34,stringer,extrados,2417
2234,3.33845509,2.89939123,0.01,0,35,stringer,extrados,2418
2235,3.39542034,2.74987547,0.01,0,36,stringer,extrados,2419
2236,3.45238559,2.60035972,0.01,0,37,stringer,extrados,2420
2237,3.50935083,2.45084397,0.01,0,38,stringer,extrados,2421
2238,3.56631608,2.30132821,0.01,0,39,stringer,extrados,2422
2239,3.62328133,2.15181246,0.01,0,40,stringer,extrados,2423
1,2.98,1.6164,0.01,100000,100000,OnlyNode,extrados,2424
1,0,8.7555,0.01,1,-2,rear spars fuselaje,extrados,2425
1,0,1.6164,0.01,1,-1,front spars fuselaje,extrados,2426
1,0,8.58428058428197,0.01,1,1,stringer fuselaje,extrados,2427
10,0,8.41306116856395,0.01,1,2,stringer fuselaje,extrados,2428
19,0,8.24184175284592,0.01,1,3,stringer fuselaje,extrados,2429
28,0,8.07062233712789,0.01,1,4,stringer fuselaje,extrados,2430
37,0,7.89940292140987,0.01,1,5,stringer fuselaje,extrados,2431
46,0,7.72818350569184,0.01,1,6,stringer fuselaje,extrados,2432
55,0,7.55696408997381,0.01,1,7,stringer fuselaje,extrados,2433
64,0,7.38574467425578,0.01,1,8,stringer fuselaje,extrados,2434
73,0,7.21452525853776,0.01,1,9,stringer fuselaje,extrados,2435
82,0,7.04330584281973,0.01,1,10,stringer fuselaje,extrados,2436
91,0,6.8720864271017,0.01,1,11,stringer fuselaje,extrados,2437
100,0,6.70086701138368,0.01,1,12,stringer fuselaje,extrados,2438
109,0,6.52964759566565,0.01,1,13,stringer fuselaje,extrados,2439
118,0,6.35842817994762,0.01,1,14,stringer fuselaje,extrados,2440
127,0,6.18720876422959,0.01,1,15,stringer fuselaje,extrados,2441
136,0,6.01598934851157,0.01,1,16,stringer fuselaje,extrados,2442
145,0,5.84476993279354,0.01,1,17,stringer fuselaje,extrados,2443
154,0,5.67355051707551,0.01,1,18,stringer fuselaje,extrados,2444
163,0,5.50233110135749,0.01,1,19,stringer fuselaje,extrados,2445
172,0,5.33111168563946,0.01,1,20,stringer fuselaje,extrados,2446
181,0,5.15989226992143,0.01,1,21,stringer fuselaje,extrados,2447
190,0,4.9886728542034,0.01,1,22,stringer fuselaje,extrados,2448
199,0,4.81745343848538,0.01,1,23,stringer fuselaje,extrados,2449
208,0,4.64623402276735,0.01,1,24,stringer fuselaje,extrados,2450
217,0,4.47501460704932,0.01,1,25,stringer fuselaje,extrados,2451
226,0,4.30379519133129,0.01,1,26,stringer fuselaje,extrados,2452
235,0,4.13257577561327,0.01,1,27,stringer fuselaje,extrados,2453
244,0,3.96135635989524,0.01,1,28,stringer fuselaje,extrados,2454
253,0,3.79013694417721,0.01,1,29,stringer fuselaje,extrados,2455
262,0,3.61891752845919,0.01,1,30,stringer fuselaje,extrados,2456
271,0,3.44769811274116,0.01,1,31,stringer fuselaje,extrados,2457
280,0,3.27647869702313,0.01,1,32,stringer fuselaje,extrados,2458
289,0,3.1052592813051,0.01,1,33,stringer fuselaje,extrados,2459
298,0,2.93403986558708,0.01,1,34,stringer fuselaje,extrados,2460
307,0,2.76282044986905,0.01,1,35,stringer fuselaje,extrados,2461
316,0,2.59160103415102,0.01,1,36,stringer fuselaje,extrados,2462
325,0,2.420381618433,0.01,1,37,stringer fuselaje,extrados,2463
334,0,2.24916220271497,0.01,1,38,stringer fuselaje,extrados,2464
343,0,2.07794278699694,0.01,1,39,stringer fuselaje,extrados,2465
352,0,1.90672337127891,0.01,1,40,stringer fuselaje,extrados,2466
2,0.44,8.7555,0.01,2,-2,rear spars fuselaje,extrados,2467
2,0.44,1.6164,0.01,2,-1,front spars fuselaje,extrados,2468
2,0.44,8.58428058428197,0.01,2,1,stringer fuselaje,extrados,2469
11,0.44,8.41306116856395,0.01,2,2,stringer fuselaje,extrados,2470
20,0.44,8.24184175284592,0.01,2,3,stringer fuselaje,extrados,2471
29,0.44,8.07062233712789,0.01,2,4,stringer fuselaje,extrados,2472
38,0.44,7.89940292140987,0.01,2,5,stringer fuselaje,extrados,2473
47,0.44,7.72818350569184,0.01,2,6,stringer fuselaje,extrados,2474
56,0.44,7.55696408997381,0.01,2,7,stringer fuselaje,extrados,2475
65,0.44,7.38574467425578,0.01,2,8,stringer fuselaje,extrados,2476
74,0.44,7.21452525853776,0.01,2,9,stringer fuselaje,extrados,2477
83,0.44,7.04330584281973,0.01,2,10,stringer fuselaje,extrados,2478
92,0.44,6.8720864271017,0.01,2,11,stringer fuselaje,extrados,2479
101,0.44,6.70086701138368,0.01,2,12,stringer fuselaje,extrados,2480
110,0.44,6.52964759566565,0.01,2,13,stringer fuselaje,extrados,2481
119,0.44,6.35842817994762,0.01,2,14,stringer fuselaje,extrados,2482
128,0.44,6.18720876422959,0.01,2,15,stringer fuselaje,extrados,2483
137,0.44,6.01598934851157,0.01,2,16,stringer fuselaje,extrados,2484
146,0.44,5.84476993279354,0.01,2,17,stringer fuselaje,extrados,2485
155,0.44,5.67355051707551,0.01,2,18,stringer fuselaje,extrados,2486
164,0.44,5.50233110135749,0.01,2,19,stringer fuselaje,extrados,2487
173,0.44,5.33111168563946,0.01,2,20,stringer fuselaje,extrados,2488
182,0.44,5.15989226992143,0.01,2,21,stringer fuselaje,extrados,2489
191,0.44,4.9886728542034,0.01,2,22,stringer fuselaje,extrados,2490
200,0.44,4.81745343848538,0.01,2,23,stringer fuselaje,extrados,2491
209,0.44,4.64623402276735,0.01,2,24,stringer fuselaje,extrados,2492
218,0.44,4.47501460704932,0.01,2,25,stringer fuselaje,extrados,2493
227,0.44,4.30379519133129,0.01,2,26,stringer fuselaje,extrados,2494
236,0.44,4.13257577561327,0.01,2,27,stringer fuselaje,extrados,2495
245,0.44,3.96135635989524,0.01,2,28,stringer fuselaje,extrados,2496
254,0.44,3.79013694417721,0.01,2,29,stringer fuselaje,extrados,2497
263,0.44,3.61891752845919,0.01,2,30,stringer fuselaje,extrados,2498
272,0.44,3.44769811274116,0.01,2,31,stringer fuselaje,extrados,2499
281,0.44,3.27647869702313,0.01,2,32,stringer fuselaje,extrados,2500
290,0.44,3.1052592813051,0.01,2,33,stringer fuselaje,extrados,2501
299,0.44,2.93403986558708,0.01,2,34,stringer fuselaje,extrados,2502
308,0.44,2.76282044986905,0.01,2,35,stringer fuselaje,extrados,2503
317,0.44,2.59160103415102,0.01,2,36,stringer fuselaje,extrados,2504
326,0.44,2.420381618433,0.01,2,37,stringer fuselaje,extrados,2505
335,0.44,2.24916220271497,0.01,2,38,stringer fuselaje,extrados,2506
344,0.44,2.07794278699694,0.01,2,39,stringer fuselaje,extrados,2507
353,0.44,1.90672337127891,0.01,2,40,stringer fuselaje,extrados,2508
3,0.88,8.7555,0.01,3,-2,rear spars fuselaje,extrados,2509
3,0.88,1.6164,0.01,3,-1,front spars fuselaje,extrados,2510
3,0.88,8.58428058428197,0.01,3,1,stringer fuselaje,extrados,2511
12,0.88,8.41306116856395,0.01,3,2,stringer fuselaje,extrados,2512
21,0.88,8.24184175284592,0.01,3,3,stringer fuselaje,extrados,2513
30,0.88,8.07062233712789,0.01,3,4,stringer fuselaje,extrados,2514
39,0.88,7.89940292140987,0.01,3,5,stringer fuselaje,extrados,2515
48,0.88,7.72818350569184,0.01,3,6,stringer fuselaje,extrados,2516
57,0.88,7.55696408997381,0.01,3,7,stringer fuselaje,extrados,2517
66,0.88,7.38574467425578,0.01,3,8,stringer fuselaje,extrados,2518
75,0.88,7.21452525853776,0.01,3,9,stringer fuselaje,extrados,2519
84,0.88,7.04330584281973,0.01,3,10,stringer fuselaje,extrados,2520
93,0.88,6.8720864271017,0.01,3,11,stringer fuselaje,extrados,2521
102,0.88,6.70086701138368,0.01,3,12,stringer fuselaje,extrados,2522
111,0.88,6.52964759566565,0.01,3,13,stringer fuselaje,extrados,2523
120,0.88,6.35842817994762,0.01,3,14,stringer fuselaje,extrados,2524
129,0.88,6.18720876422959,0.01,3,15,stringer fuselaje,extrados,2525
138,0.88,6.01598934851157,0.01,3,16,stringer fuselaje,extrados,2526
147,0.88,5.84476993279354,0.01,3,17,stringer fuselaje,extrados,2527
156,0.88,5.67355051707551,0.01,3,18,stringer fuselaje,extrados,2528
165,0.88,5.50233110135749,0.01,3,19,stringer fuselaje,extrados,2529
174,0.88,5.33111168563946,0.01,3,20,stringer fuselaje,extrados,2530
183,0.88,5.15989226992143,0.01,3,21,stringer fuselaje,extrados,2531
192,0.88,4.9886728542034,0.01,3,22,stringer fuselaje,extrados,2532
201,0.88,4.81745343848538,0.01,3,23,stringer fuselaje,extrados,2533
210,0.88,4.64623402276735,0.01,3,24,stringer fuselaje,extrados,2534
219,0.88,4.47501460704932,0.01,3,25,stringer fuselaje,extrados,2535
228,0.88,4.30379519133129,0.01,3,26,stringer fuselaje,extrados,2536
237,0.88,4.13257577561327,0.01,3,27,stringer fuselaje,extrados,2537
246,0.88,3.96135635989524,0.01,3,28,stringer fuselaje,extrados,2538
255,0.88,3.79013694417721,0.01,3,29,stringer fuselaje,extrados,2539
264,0.88,3.61891752845919,0.01,3,30,stringer fuselaje,extrados,2540
273,0.88,3.44769811274116,0.01,3,31,stringer fuselaje,extrados,2541
282,0.88,3.27647869702313,0.01,3,32,stringer fuselaje,extrados,2542
291,0.88,3.1052592813051,0.01,3,33,stringer fuselaje,extrados,2543
300,0.88,2.93403986558708,0.01,3,34,stringer fuselaje,extrados,2544
309,0.88,2.76282044986905,0.01,3,35,stringer fuselaje,extrados,2545
318,0.88,2.59160103415102,0.01,3,36,stringer fuselaje,extrados,2546
327,0.88,2.420381618433,0.01,3,37,stringer fuselaje,extrados,2547
336,0.88,2.24916220271497,0.01,3,38,stringer fuselaje,extrados,2548
345,0.88,2.07794278699694,0.01,3,39,stringer fuselaje,extrados,2549
354,0.88,1.90672337127891,0.01,3,40,stringer fuselaje,extrados,2550
4,1.23,8.7555,0.01,4,-2,rear spars fuselaje,extrados,2551
4,1.23,1.6164,0.01,4,-1,front spars fuselaje,extrados,2552
4,1.23,8.58428058428197,0.01,4,1,stringer fuselaje,extrados,2553
13,1.23,8.41306116856395,0.01,4,2,stringer fuselaje,extrados,2554
22,1.23,8.24184175284592,0.01,4,3,stringer fuselaje,extrados,2555
31,1.23,8.07062233712789,0.01,4,4,stringer fuselaje,extrados,2556
40,1.23,7.89940292140987,0.01,4,5,stringer fuselaje,extrados,2557
49,1.23,7.72818350569184,0.01,4,6,stringer fuselaje,extrados,2558
58,1.23,7.55696408997381,0.01,4,7,stringer fuselaje,extrados,2559
67,1.23,7.38574467425578,0.01,4,8,stringer fuselaje,extrados,2560
76,1.23,7.21452525853776,0.01,4,9,stringer fuselaje,extrados,2561
85,1.23,7.04330584281973,0.01,4,10,stringer fuselaje,extrados,2562
94,1.23,6.8720864271017,0.01,4,11,stringer fuselaje,extrados,2563
103,1.23,6.70086701138368,0.01,4,12,stringer fuselaje,extrados,2564
112,1.23,6.52964759566565,0.01,4,13,stringer fuselaje,extrados,2565
121,1.23,6.35842817994762,0.01,4,14,stringer fuselaje,extrados,2566
130,1.23,6.18720876422959,0.01,4,15,stringer fuselaje,extrados,2567
139,1.23,6.01598934851157,0.01,4,16,stringer fuselaje,extrados,2568
148,1.23,5.84476993279354,0.01,4,17,stringer fuselaje,extrados,2569
157,1.23,5.67355051707551,0.01,4,18,stringer fuselaje,extrados,2570
166,1.23,5.50233110135749,0.01,4,19,stringer fuselaje,extrados,2571
175,1.23,5.33111168563946,0.01,4,20,stringer fuselaje,extrados,2572
184,1.23,5.15989226992143,0.01,4,21,stringer fuselaje,extrados,2573
193,1.23,4.9886728542034,0.01,4,22,stringer fuselaje,extrados,2574
202,1.23,4.81745343848538,0.01,4,23,stringer fuselaje,extrados,2575
211,1.23,4.64623402276735,0.01,4,24,stringer fuselaje,extrados,2576
220,1.23,4.47501460704932,0.01,4,25,stringer fuselaje,extrados,2577
229,1.23,4.30379519133129,0.01,4,26,stringer fuselaje,extrados,2578
238,1.23,4.13257577561327,0.01,4,27,stringer fuselaje,extrados,2579
247,1.23,3.96135635989524,0.01,4,28,stringer fuselaje,extrados,2580
256,1.23,3.79013694417721,0.01,4,29,stringer fuselaje,extrados,2581
265,1.23,3.61891752845919,0.01,4,30,stringer fuselaje,extrados,2582
274,1.23,3.44769811274116,0.01,4,31,stringer fuselaje,extrados,2583
283,1.23,3.27647869702313,0.01,4,32,stringer fuselaje,extrados,2584
292,1.23,3.1052592813051,0.01,4,33,stringer fuselaje,extrados,2585
301,1.23,2.93403986558708,0.01,4,34,stringer fuselaje,extrados,2586
310,1.23,2.76282044986905,0.01,4,35,stringer fuselaje,extrados,2587
319,1.23,2.59160103415102,0.01,4,36,stringer fuselaje,extrados,2588
328,1.23,2.420381618433,0.01,4,37,stringer fuselaje,extrados,2589
337,1.23,2.24916220271497,0.01,4,38,stringer fuselaje,extrados,2590
346,1.23,2.07794278699694,0.01,4,39,stringer fuselaje,extrados,2591
355,1.23,1.90672337127891,0.01,4,40,stringer fuselaje,extrados,2592
5,1.58,8.7555,0.01,5,-2,rear spars fuselaje,extrados,2593
5,1.58,1.6164,0.01,5,-1,front spars fuselaje,extrados,2594
5,1.58,8.58428058428197,0.01,5,1,stringer fuselaje,extrados,2595
14,1.58,8.41306116856395,0.01,5,2,stringer fuselaje,extrados,2596
23,1.58,8.24184175284592,0.01,5,3,stringer fuselaje,extrados,2597
32,1.58,8.07062233712789,0.01,5,4,stringer fuselaje,extrados,2598
41,1.58,7.89940292140987,0.01,5,5,stringer fuselaje,extrados,2599
50,1.58,7.72818350569184,0.01,5,6,stringer fuselaje,extrados,2600
59,1.58,7.55696408997381,0.01,5,7,stringer fuselaje,extrados,2601
68,1.58,7.38574467425578,0.01,5,8,stringer fuselaje,extrados,2602
77,1.58,7.21452525853776,0.01,5,9,stringer fuselaje,extrados,2603
86,1.58,7.04330584281973,0.01,5,10,stringer fuselaje,extrados,2604
95,1.58,6.8720864271017,0.01,5,11,stringer fuselaje,extrados,2605
104,1.58,6.70086701138368,0.01,5,12,stringer fuselaje,extrados,2606
113,1.58,6.52964759566565,0.01,5,13,stringer fuselaje,extrados,2607
122,1.58,6.35842817994762,0.01,5,14,stringer fuselaje,extrados,2608
131,1.58,6.18720876422959,0.01,5,15,stringer fuselaje,extrados,2609
140,1.58,6.01598934851157,0.01,5,16,stringer fuselaje,extrados,2610
149,1.58,5.84476993279354,0.01,5,17,stringer fuselaje,extrados,2611
158,1.58,5.67355051707551,0.01,5,18,stringer fuselaje,extrados,2612
167,1.58,5.50233110135749,0.01,5,19,stringer fuselaje,extrados,2613
176,1.58,5.33111168563946,0.01,5,20,stringer fuselaje,extrados,2614
185,1.58,5.15989226992143,0.01,5,21,stringer fuselaje,extrados,2615
194,1.58,4.9886728542034,0.01,5,22,stringer fuselaje,extrados,2616
203,1.58,4.81745343848538,0.01,5,23,stringer fuselaje,extrados,2617
212,1.58,4.64623402276735,0.01,5,24,stringer fuselaje,extrados,2618
221,1.58,4.47501460704932,0.01,5,25,stringer fuselaje,extrados,2619
230,1.58,4.30379519133129,0.01,5,26,stringer fuselaje,extrados,2620
239,1.58,4.13257577561327,0.01,5,27,stringer fuselaje,extrados,2621
248,1.58,3.96135635989524,0.01,5,28,stringer fuselaje,extrados,2622
257,1.58,3.79013694417721,0.01,5,29,stringer fuselaje,extrados,2623
266,1.58,3.61891752845919,0.01,5,30,stringer fuselaje,extrados,2624
275,1.58,3.44769811274116,0.01,5,31,stringer fuselaje,extrados,2625
284,1.58,3.27647869702313,0.01,5,32,stringer fuselaje,extrados,2626
293,1.58,3.1052592813051,0.01,5,33,stringer fuselaje,extrados,2627
302,1.58,2.93403986558708,0.01,5,34,stringer fuselaje,extrados,2628
311,1.58,2.76282044986905,0.01,5,35,stringer fuselaje,extrados,2629
320,1.58,2.59160103415102,0.01,5,36,stringer fuselaje,extrados,2630
329,1.58,2.420381618433,0.01,5,37,stringer fuselaje,extrados,2631
338,1.58,2.24916220271497,0.01,5,38,stringer fuselaje,extrados,2632
347,1.58,2.07794278699694,0.01,5,39,stringer fuselaje,extrados,2633
356,1.58,1.90672337127891,0.01,5,40,stringer fuselaje,extrados,2634
6,1.93,8.7555,0.01,6,-2,rear spars fuselaje,extrados,2635
6,1.93,1.6164,0.01,6,-1,front spars fuselaje,extrados,2636
6,1.93,8.58428058428197,0.01,6,1,stringer fuselaje,extrados,2637
15,1.93,8.41306116856395,0.01,6,2,stringer fuselaje,extrados,2638
24,1.93,8.24184175284592,0.01,6,3,stringer fuselaje,extrados,2639
33,1.93,8.07062233712789,0.01,6,4,stringer fuselaje,extrados,2640
42,1.93,7.89940292140987,0.01,6,5,stringer fuselaje,extrados,2641
51,1.93,7.72818350569184,0.01,6,6,stringer fuselaje,extrados,2642
60,1.93,7.55696408997381,0.01,6,7,stringer fuselaje,extrados,2643
69,1.93,7.38574467425578,0.01,6,8,stringer fuselaje,extrados,2644
78,1.93,7.21452525853776,0.01,6,9,stringer fuselaje,extrados,2645
87,1.93,7.04330584281973,0.01,6,10,stringer fuselaje,extrados,2646
96,1.93,6.8720864271017,0.01,6,11,stringer fuselaje,extrados,2647
105,1.93,6.70086701138368,0.01,6,12,stringer fuselaje,extrados,2648
114,1.93,6.52964759566565,0.01,6,13,stringer fuselaje,extrados,2649
123,1.93,6.35842817994762,0.01,6,14,stringer fuselaje,extrados,2650
132,1.93,6.18720876422959,0.01,6,15,stringer fuselaje,extrados,2651
141,1.93,6.01598934851157,0.01,6,16,stringer fuselaje,extrados,2652
150,1.93,5.84476993279354,0.01,6,17,stringer fuselaje,extrados,2653
159,1.93,5.67355051707551,0.01,6,18,stringer fuselaje,extrados,2654
168,1.93,5.50233110135749,0.01,6,19,stringer fuselaje,extrados,2655
177,1.93,5.33111168563946,0.01,6,20,stringer fuselaje,extrados,2656
186,1.93,5.15989226992143,0.01,6,21,stringer fuselaje,extrados,2657
195,1.93,4.9886728542034,0.01,6,22,stringer fuselaje,extrados,2658
204,1.93,4.81745343848538,0.01,6,23,stringer fuselaje,extrados,2659
213,1.93,4.64623402276735,0.01,6,24,stringer fuselaje,extrados,2660
222,1.93,4.47501460704932,0.01,6,25,stringer fuselaje,extrados,2661
231,1.93,4.30379519133129,0.01,6,26,stringer fuselaje,extrados,2662
240,1.93,4.13257577561327,0.01,6,27,stringer fuselaje,extrados,2663
249,1.93,3.96135635989524,0.01,6,28,stringer fuselaje,extrados,2664
258,1.93,3.79013694417721,0.01,6,29,stringer fuselaje,extrados,2665
267,1.93,3.61891752845919,0.01,6,30,stringer fuselaje,extrados,2666
276,1.93,3.44769811274116,0.01,6,31,stringer fuselaje,extrados,2667
285,1.93,3.27647869702313,0.01,6,32,stringer fuselaje,extrados,2668
294,1.93,3.1052592813051,0.01,6,33,stringer fuselaje,extrados,2669
303,1.93,2.93403986558708,0.01,6,34,stringer fuselaje,extrados,2670
312,1.93,2.76282044986905,0.01,6,35,stringer fuselaje,extrados,2671
321,1.93,2.59160103415102,0.01,6,36,stringer fuselaje,extrados,2672
330,1.93,2.420381618433,0.01,6,37,stringer fuselaje,extrados,2673
339,1.93,2.24916220271497,0.01,6,38,stringer fuselaje,extrados,2674
348,1.93,2.07794278699694,0.01,6,39,stringer fuselaje,extrados,2675
357,1.93,1.90672337127891,0.01,6,40,stringer fuselaje,extrados,2676
7,2.28,8.7555,0.01,7,-2,rear spars fuselaje,extrados,2677
7,2.28,1.6164,0.01,7,-1,front spars fuselaje,extrados,2678
7,2.28,8.58428058428197,0.01,7,1,stringer fuselaje,extrados,2679
16,2.28,8.41306116856395,0.01,7,2,stringer fuselaje,extrados,2680
25,2.28,8.24184175284592,0.01,7,3,stringer fuselaje,extrados,2681
34,2.28,8.07062233712789,0.01,7,4,stringer fuselaje,extrados,2682
43,2.28,7.89940292140987,0.01,7,5,stringer fuselaje,extrados,2683
52,2.28,7.72818350569184,0.01,7,6,stringer fuselaje,extrados,2684
61,2.28,7.55696408997381,0.01,7,7,stringer fuselaje,extrados,2685
70,2.28,7.38574467425578,0.01,7,8,stringer fuselaje,extrados,2686
79,2.28,7.21452525853776,0.01,7,9,stringer fuselaje,extrados,2687
88,2.28,7.04330584281973,0.01,7,10,stringer fuselaje,extrados,2688
97,2.28,6.8720864271017,0.01,7,11,stringer fuselaje,extrados,2689
106,2.28,6.70086701138368,0.01,7,12,stringer fuselaje,extrados,2690
115,2.28,6.52964759566565,0.01,7,13,stringer fuselaje,extrados,2691
124,2.28,6.35842817994762,0.01,7,14,stringer fuselaje,extrados,2692
133,2.28,6.18720876422959,0.01,7,15,stringer fuselaje,extrados,2693
142,2.28,6.01598934851157,0.01,7,16,stringer fuselaje,extrados,2694
151,2.28,5.84476993279354,0.01,7,17,stringer fuselaje,extrados,2695
160,2.28,5.67355051707551,0.01,7,18,stringer fuselaje,extrados,2696
169,2.28,5.50233110135749,0.01,7,19,stringer fuselaje,extrados,2697
178,2.28,5.33111168563946,0.01,7,20,stringer fuselaje,extrados,2698
187,2.28,5.15989226992143,0.01,7,21,stringer fuselaje,extrados,2699
196,2.28,4.9886728542034,0.01,7,22,stringer fuselaje,extrados,2700
205,2.28,4.81745343848538,0.01,7,23,stringer fuselaje,extrados,2701
214,2.28,4.64623402276735,0.01,7,24,stringer fuselaje,extrados,2702
223,2.28,4.47501460704932,0.01,7,25,stringer fuselaje,extrados,2703
232,2.28,4.30379519133129,0.01,7,26,stringer fuselaje,extrados,2704
241,2.28,4.13257577561327,0.01,7,27,stringer fuselaje,extrados,2705
250,2.28,3.96135635989524,0.01,7,28,stringer fuselaje,extrados,2706
259,2.28,3.79013694417721,0.01,7,29,stringer fuselaje,extrados,2707
268,2.28,3.61891752845919,0.01,7,30,stringer fuselaje,extrados,2708
277,2.28,3.44769811274116,0.01,7,31,stringer fuselaje,extrados,2709
286,2.28,3.27647869702313,0.01,7,32,stringer fuselaje,extrados,2710
295,2.28,3.1052592813051,0.01,7,33,stringer fuselaje,extrados,2711
304,2.28,2.93403986558708,0.01,7,34,stringer fuselaje,extrados,2712
313,2.28,2.76282044986905,0.01,7,35,stringer fuselaje,extrados,2713
322,2.28,2.59160103415102,0.01,7,36,stringer fuselaje,extrados,2714
331,2.28,2.420381618433,0.01,7,37,stringer fuselaje,extrados,2715
340,2.28,2.24916220271497,0.01,7,38,stringer fuselaje,extrados,2716
349,2.28,2.07794278699694,0.01,7,39,stringer fuselaje,extrados,2717
358,2.28,1.90672337127891,0.01,7,40,stringer fuselaje,extrados,2718
8,2.63,8.7555,0.01,8,-2,rear spars fuselaje,extrados,2719
8,2.63,1.6164,0.01,8,-1,front spars fuselaje,extrados,2720
8,2.63,8.58428058428197,0.01,8,1,stringer fuselaje,extrados,2721
17,2.63,8.41306116856395,0.01,8,2,stringer fuselaje,extrados,2722
26,2.63,8.24184175284592,0.01,8,3,stringer fuselaje,extrados,2723
35,2.63,8.07062233712789,0.01,8,4,stringer fuselaje,extrados,2724
44,2.63,7.89940292140987,0.01,8,5,stringer fuselaje,extrados,2725
53,2.63,7.72818350569184,0.01,8,6,stringer fuselaje,extrados,2726
62,2.63,7.55696408997381,0.01,8,7,stringer fuselaje,extrados,2727
71,2.63,7.38574467425578,0.01,8,8,stringer fuselaje,extrados,2728
80,2.63,7.21452525853776,0.01,8,9,stringer fuselaje,extrados,2729
89,2.63,7.04330584281973,0.01,8,10,stringer fuselaje,extrados,2730
98,2.63,6.8720864271017,0.01,8,11,stringer fuselaje,extrados,2731
107,2.63,6.70086701138368,0.01,8,12,stringer fuselaje,extrados,2732
116,2.63,6.52964759566565,0.01,8,13,stringer fuselaje,extrados,2733
125,2.63,6.35842817994762,0.01,8,14,stringer fuselaje,extrados,2734
134,2.63,6.18720876422959,0.01,8,15,stringer fuselaje,extrados,2735
143,2.63,6.01598934851157,0.01,8,16,stringer fuselaje,extrados,2736
152,2.63,5.84476993279354,0.01,8,17,stringer fuselaje,extrados,2737
161,2.63,5.67355051707551,0.01,8,18,stringer fuselaje,extrados,2738
170,2.63,5.50233110135749,0.01,8,19,stringer fuselaje,extrados,2739
179,2.63,5.33111168563946,0.01,8,20,stringer fuselaje,extrados,2740
188,2.63,5.15989226992143,0.01,8,21,stringer fuselaje,extrados,2741
197,2.63,4.9886728542034,0.01,8,22,stringer fuselaje,extrados,2742
206,2.63,4.81745343848538,0.01,8,23,stringer fuselaje,extrados,2743
215,2.63,4.64623402276735,0.01,8,24,stringer fuselaje,extrados,2744
224,2.63,4.47501460704932,0.01,8,25,stringer fuselaje,extrados,2745
233,2.63,4.30379519133129,0.01,8,26,stringer fuselaje,extrados,2746
242,2.63,4.13257577561327,0.01,8,27,stringer fuselaje,extrados,2747
251,2.63,3.96135635989524,0.01,8,28,stringer fuselaje,extrados,2748
260,2.63,3.79013694417721,0.01,8,29,stringer fuselaje,extrados,2749
269,2.63,3.61891752845919,0.01,8,30,stringer fuselaje,extrados,2750
278,2.63,3.44769811274116,0.01,8,31,stringer fuselaje,extrados,2751
287,2.63,3.27647869702313,0.01,8,32,stringer fuselaje,extrados,2752
296,2.63,3.1052592813051,0.01,8,33,stringer fuselaje,extrados,2753
305,2.63,2.93403986558708,0.01,8,34,stringer fuselaje,extrados,2754
314,2.63,2.76282044986905,0.01,8,35,stringer fuselaje,extrados,2755
323,2.63,2.59160103415102,0.01,8,36,stringer fuselaje,extrados,2756
332,2.63,2.420381618433,0.01,8,37,stringer fuselaje,extrados,2757
341,2.63,2.24916220271497,0.01,8,38,stringer fuselaje,extrados,2758
350,2.63,2.07794278699694,0.01,8,39,stringer fuselaje,extrados,2759
359,2.63,1.90672337127891,0.01,8,40,stringer fuselaje,extrados,2760
9,2.98,8.7555,0.01,9,-2,rear spars fuselaje,extrados,2761
9,2.98,1.6164,0.01,9,-1,front spars fuselaje,extrados,2762
9,2.98,8.58428058428197,0.01,9,1,stringer fuselaje,extrados,2763
18,2.98,8.41306116856395,0.01,9,2,stringer fuselaje,extrados,2764
27,2.98,8.24184175284592,0.01,9,3,stringer fuselaje,extrados,2765
36,2.98,8.07062233712789,0.01,9,4,stringer fuselaje,extrados,2766
45,2.98,7.89940292140987,0.01,9,5,stringer fuselaje,extrados,2767
54,2.98,7.72818350569184,0.01,9,6,stringer fuselaje,extrados,2768
63,2.98,7.55696408997381,0.01,9,7,stringer fuselaje,extrados,2769
72,2.98,7.38574467425578,0.01,9,8,stringer fuselaje,extrados,2770
81,2.98,7.21452525853776,0.01,9,9,stringer fuselaje,extrados,2771
90,2.98,7.04330584281973,0.01,9,10,stringer fuselaje,extrados,2772
99,2.98,6.8720864271017,0.01,9,11,stringer fuselaje,extrados,2773
108,2.98,6.70086701138368,0.01,9,12,stringer fuselaje,extrados,2774
117,2.98,6.52964759566565,0.01,9,13,stringer fuselaje,extrados,2775
126,2.98,6.35842817994762,0.01,9,14,stringer fuselaje,extrados,2776
135,2.98,6.18720876422959,0.01,9,15,stringer fuselaje,extrados,2777
144,2.98,6.01598934851157,0.01,9,16,stringer fuselaje,extrados,2778
153,2.98,5.84476993279354,0.01,9,17,stringer fuselaje,extrados,2779
162,2.98,5.67355051707551,0.01,9,18,stringer fuselaje,extrados,2780
171,2.98,5.50233110135749,0.01,9,19,stringer fuselaje,extrados,2781
180,2.98,5.33111168563946,0.01,9,20,stringer fuselaje,extrados,2782
189,2.98,5.15989226992143,0.01,9,21,stringer fuselaje,extrados,2783
198,2.98,4.9886728542034,0.01,9,22,stringer fuselaje,extrados,2784
207,2.98,4.81745343848538,0.01,9,23,stringer fuselaje,extrados,2785
216,2.98,4.64623402276735,0.01,9,24,stringer fuselaje,extrados,2786
225,2.98,4.47501460704932,0.01,9,25,stringer fuselaje,extrados,2787
234,2.98,4.30379519133129,0.01,9,26,stringer fuselaje,extrados,2788
243,2.98,4.13257577561327,0.01,9,27,stringer fuselaje,extrados,2789
252,2.98,3.96135635989524,0.01,9,28,stringer fuselaje,extrados,2790
261,2.98,3.79013694417721,0.01,9,29,stringer fuselaje,extrados,2791
270,2.98,3.61891752845919,0.01,9,30,stringer fuselaje,extrados,2792
279,2.98,3.44769811274116,0.01,9,31,stringer fuselaje,extrados,2793
288,2.98,3.27647869702313,0.01,9,32,stringer fuselaje,extrados,2794
297,2.98,3.1052592813051,0.01,9,33,stringer fuselaje,extrados,2795
306,2.98,2.93403986558708,0.01,9,34,stringer fuselaje,extrados,2796
315,2.98,2.76282044986905,0.01,9,35,stringer fuselaje,extrados,2797
324,2.98,2.59160103415102,0.01,9,36,stringer fuselaje,extrados,2798
333,2.98,2.420381618433,0.01,9,37,stringer fuselaje,extrados,2799
342,2.98,2.24916220271497,0.01,9,38,stringer fuselaje,extrados,2800
351,2.98,2.07794278699694,0.01,9,39,stringer fuselaje,extrados,2801
360,2.98,1.90672337127891,0.01,9,40,stringer fuselaje,extrados,2802
797,31.6357177516464,18.1323048323686,-0.01,-2,9,stringer,intrados,2803
884,30.7592787611228,17.6271636565544,-0.01,-2,10,stringer,intrados,2804
968,29.8828397705992,17.1220224807403,-0.01,-2,11,stringer,intrados,2805
1050,29.0064007800756,16.6168813049261,-0.01,-2,12,stringer,intrados,2806
1129,28.129961789552,16.111740129112,-0.01,-2,13,stringer,intrados,2807
1205,27.2535227990283,15.6065989532978,-0.01,-2,14,stringer,intrados,2808
1278,26.3770838085047,15.1014577774836,-0.01,-2,15,stringer,intrados,2809
1349,25.5006448179811,14.5963166016695,-0.01,-2,16,stringer,intrados,2810
1417,24.6242058274575,14.0911754258553,-0.01,-2,17,stringer,intrados,2811
1483,23.7477668369339,13.5860342500412,-0.01,-2,18,stringer,intrados,2812
1546,22.8713278464103,13.080893074227,-0.01,-2,19,stringer,intrados,2813
1606,21.9948888558866,12.5757518984129,-0.01,-2,20,stringer,intrados,2814
1663,21.118449865363,12.0706107225987,-0.01,-2,21,stringer,intrados,2815
1717,20.2420108748394,11.5654695467845,-0.01,-2,22,stringer,intrados,2816
1770,19.3655718843158,11.0603283709704,-0.01,-2,23,stringer,intrados,2817
1820,18.4891328937922,10.5551871951562,-0.01,-2,24,stringer,intrados,2818
1867,17.6126939032685,10.0500460193421,-0.01,-2,25,stringer,intrados,2819
1911,16.7362549127449,9.54490484352792,-0.01,-2,26,stringer,intrados,2820
1952,15.8598159222213,9.03976366771376,-0.01,-2,27,stringer,intrados,2821
1990,14.9833769316977,8.53462249189961,-0.01,-2,28,stringer,intrados,2822
2025,14.1069379411741,8.02948131608545,-0.01,-2,29,stringer,intrados,2823
2058,13.2304989506505,7.5243401402713,-0.01,-2,30,stringer,intrados,2824
2088,12.3540599601268,7.01919896445714,-0.01,-2,31,stringer,intrados,2825
2115,11.4776209696032,6.51405778864298,-0.01,-2,32,stringer,intrados,2826
2139,10.6011819790796,6.00891661282883,-0.01,-2,33,stringer,intrados,2827
2160,9.72474298855598,5.50377543701467,-0.01,-2,34,stringer,intrados,2828
2178,8.84830399803236,4.99863426120052,-0.01,-2,35,stringer,intrados,2829
2193,7.97186500750874,4.49349308538636,-0.01,-2,36,stringer,intrados,2830
2206,7.09542601698513,3.98835190957221,-0.01,-2,37,stringer,intrados,2831
2216,6.2189870264615,3.48321073375805,-0.01,-2,38,stringer,intrados,2832
2223,5.34254803593789,2.97806955794389,-0.01,-2,39,stringer,intrados,2833
2227,4.46610904541427,2.47292838212974,-0.01,-2,40,stringer,intrados,2834
1,2.98,8.58428058428197,-0.01,-1,1,stringer,intrados,2835
89,2.98,8.41306116856395,-0.01,-1,2,stringer,intrados,2836
177,2.98,8.24184175284592,-0.01,-1,3,stringer,intrados,2837
265,2.98,8.07062233712789,-0.01,-1,4,stringer,intrados,2838
353,2.98,7.89940292140987,-0.01,-1,5,stringer,intrados,2839
441,2.98,7.72818350569184,-0.01,-1,6,stringer,intrados,2840
530,2.98,7.55696408997381,-0.01,-1,7,stringer,intrados,2841
619,2.98,7.38574467425578,-0.01,-1,8,stringer,intrados,2842
708,2.98,7.21452525853776,-0.01,-1,9,stringer,intrados,2843
798,2.98,7.04330584281973,-0.01,-1,10,stringer,intrados,2844
885,2.98,6.8720864271017,-0.01,-1,11,stringer,intrados,2845
969,2.98,6.70086701138368,-0.01,-1,12,stringer,intrados,2846
1051,2.98,6.52964759566565,-0.01,-1,13,stringer,intrados,2847
1130,2.98,6.35842817994762,-0.01,-1,14,stringer,intrados,2848
1206,2.98,6.18720876422959,-0.01,-1,15,stringer,intrados,2849
1279,2.98,6.01598934851157,-0.01,-1,16,stringer,intrados,2850
1350,2.98,5.84476993279354,-0.01,-1,17,stringer,intrados,2851
1418,2.98,5.67355051707551,-0.01,-1,18,stringer,intrados,2852
1484,2.98,5.50233110135749,-0.01,-1,19,stringer,intrados,2853
1547,2.98,5.33111168563946,-0.01,-1,20,stringer,intrados,2854
1607,2.98,5.15989226992143,-0.01,-1,21,stringer,intrados,2855
1664,2.98,4.9886728542034,-0.01,-1,22,stringer,intrados,2856
1718,2.98,4.81745343848538,-0.01,-1,23,stringer,intrados,2857
1771,2.98,4.64623402276735,-0.01,-1,24,stringer,intrados,2858
1821,2.98,4.47501460704932,-0.01,-1,25,stringer,intrados,2859
1868,2.98,4.3037951913313,-0.01,-1,26,stringer,intrados,2860
1912,2.98,4.13257577561327,-0.01,-1,27,stringer,intrados,2861
1953,2.98,3.96135635989524,-0.01,-1,28,stringer,intrados,2862
1991,2.98,3.79013694417721,-0.01,-1,29,stringer,intrados,2863
2026,2.98,3.61891752845919,-0.01,-1,30,stringer,intrados,2864
2059,2.98,3.44769811274116,-0.01,-1,31,stringer,intrados,2865
2089,2.98,3.27647869702313,-0.01,-1,32,stringer,intrados,2866
2116,2.98,3.10525928130511,-0.01,-1,33,stringer,intrados,2867
2140,2.98,2.93403986558708,-0.01,-1,34,stringer,intrados,2868
2161,2.98,2.76282044986905,-0.01,-1,35,stringer,intrados,2869
2179,2.98,2.59160103415102,-0.01,-1,36,stringer,intrados,2870
2194,2.98,2.420381618433,-0.01,-1,37,stringer,intrados,2871
2207,2.98,2.24916220271497,-0.01,-1,38,stringer,intrados,2872
2217,2.98,2.07794278699694,-0.01,-1,39,stringer,intrados,2873
2224,2.98,1.90672337127892,-0.01,-1,40,stringer,intrados,2874
1,2.98,4.82327796246619,-0.01,1,-2,rear spars,intrados,2875
1,3.98182376515712,2.19380748661546,-0.01,1,-1,front spars,intrados,2876
1719,2.98193783775272,4.81819175136302,-0.01,1,23,stringer,intrados,2877
1772,3.03890308484759,4.66867599759967,-0.01,1,24,stringer,intrados,2878
1822,3.09586833194246,4.51916024383633,-0.01,1,25,stringer,intrados,2879
1869,3.15283357903732,4.36964449007299,-0.01,1,26,stringer,intrados,2880
1913,3.20979882613219,4.22012873630964,-0.01,1,27,stringer,intrados,2881
1954,3.26676407322706,4.0706129825463,-0.01,1,28,stringer,intrados,2882
1992,3.32372932032193,3.92109722878296,-0.01,1,29,stringer,intrados,2883
2027,3.3806945674168,3.77158147501962,-0.01,1,30,stringer,intrados,2884
2060,3.43765981451167,3.62206572125627,-0.01,1,31,stringer,intrados,2885
2090,3.49462506160653,3.47254996749293,-0.01,1,32,stringer,intrados,2886
2117,3.5515903087014,3.32303421372959,-0.01,1,33,stringer,intrados,2887
2141,3.60855555579627,3.17351845996624,-0.01,1,34,stringer,intrados,2888
2162,3.66552080289114,3.0240027062029,-0.01,1,35,stringer,intrados,2889
2180,3.72248604998601,2.87448695243956,-0.01,1,36,stringer,intrados,2890
2195,3.77945129708088,2.72497119867622,-0.01,1,37,stringer,intrados,2891
2208,3.83641654417574,2.57545544491287,-0.01,1,38,stringer,intrados,2892
2218,3.89338179127061,2.42593969114953,-0.01,1,39,stringer,intrados,2893
2225,3.95034703836548,2.27642393738619,-0.01,1,40,stringer,intrados,2894
2,2.98,5.80633347184964,-0.01,2,-2,rear spars,intrados,2895
2,4.28892880105054,2.3708094235523,-0.01,2,-1,front spars,intrados,2896
1419,3.02417731363569,5.69038199819976,-0.01,2,18,stringer,intrados,2897
1485,3.08114256073056,5.54086624443641,-0.01,2,19,stringer,intrados,2898
1548,3.13810780782543,5.39135049067307,-0.01,2,20,stringer,intrados,2899
1608,3.1950730549203,5.24183473690973,-0.01,2,21,stringer,intrados,2900
1665,3.25203830201516,5.09231898314638,-0.01,2,22,stringer,intrados,2901
1720,3.30900354911003,4.94280322938304,-0.01,2,23,stringer,intrados,2902
1773,3.3659687962049,4.7932874756197,-0.01,2,24,stringer,intrados,2903
1823,3.42293404329977,4.64377172185635,-0.01,2,25,stringer,intrados,2904
1870,3.47989929039464,4.49425596809301,-0.01,2,26,stringer,intrados,2905
1914,3.5368645374895,4.34474021432967,-0.01,2,27,stringer,intrados,2906
1955,3.59382978458437,4.19522446056633,-0.01,2,28,stringer,intrados,2907
1993,3.65079503167924,4.04570870680298,-0.01,2,29,stringer,intrados,2908
2028,3.70776027877411,3.89619295303964,-0.01,2,30,stringer,intrados,2909
2061,3.76472552586898,3.7466771992763,-0.01,2,31,stringer,intrados,2910
2091,3.82169077296385,3.59716144551295,-0.01,2,32,stringer,intrados,2911
2118,3.87865602005871,3.44764569174961,-0.01,2,33,stringer,intrados,2912
2142,3.93562126715358,3.29812993798627,-0.01,2,34,stringer,intrados,2913
2163,3.99258651424845,3.14861418422293,-0.01,2,35,stringer,intrados,2914
2181,4.04955176134332,2.99909843045958,-0.01,2,36,stringer,intrados,2915
2196,4.10651700843819,2.84958267669624,-0.01,2,37,stringer,intrados,2916
2209,4.16348225553306,2.7000669229329,-0.01,2,38,stringer,intrados,2917
2219,4.22044750262792,2.55055116916955,-0.01,2,39,stringer,intrados,2918
2226,4.27741274972279,2.40103541540621,-0.01,2,40,stringer,intrados,2919
3,2.98,6.7893889812331,-0.01,3,-2,rear spars,intrados,2920
3,4.59603383694396,2.54781136048914,-0.01,3,-1,front spars,intrados,2921
970,3.00945154242379,6.71208799879984,-0.01,3,12,stringer,intrados,2922
1052,3.06641678951866,6.56257224503649,-0.01,3,13,stringer,intrados,2923
1131,3.12338203661353,6.41305649127315,-0.01,3,14,stringer,intrados,2924
1207,3.1803472837084,6.26354073750981,-0.01,3,15,stringer,intrados,2925
1280,3.23731253080327,6.11402498374647,-0.01,3,16,stringer,intrados,2926
1351,3.29427777789814,5.96450922998312,-0.01,3,17,stringer,intrados,2927
1420,3.351243024993,5.81499347621978,-0.01,3,18,stringer,intrados,2928
1486,3.40820827208787,5.66547772245644,-0.01,3,19,stringer,intrados,2929
1549,3.46517351918274,5.51596196869309,-0.01,3,20,stringer,intrados,2930
1609,3.52213876627761,5.36644621492975,-0.01,3,21,stringer,intrados,2931
1666,3.57910401337248,5.21693046116641,-0.01,3,22,stringer,intrados,2932
1721,3.63606926046735,5.06741470740306,-0.01,3,23,stringer,intrados,2933
1774,3.69303450756221,4.91789895363972,-0.01,3,24,stringer,intrados,2934
1824,3.74999975465708,4.76838319987638,-0.01,3,25,stringer,intrados,2935
1871,3.80696500175195,4.61886744611304,-0.01,3,26,stringer,intrados,2936
1915,3.86393024884682,4.46935169234969,-0.01,3,27,stringer,intrados,2937
1956,3.92089549594169,4.31983593858635,-0.01,3,28,stringer,intrados,2938
1994,3.97786074303656,4.17032018482301,-0.01,3,29,stringer,intrados,2939
2029,4.03482599013142,4.02080443105966,-0.01,3,30,stringer,intrados,2940
2062,4.09179123722629,3.87128867729632,-0.01,3,31,stringer,intrados,2941
2092,4.14875648432116,3.72177292353298,-0.01,3,32,stringer,intrados,2942
2119,4.20572173141603,3.57225716976964,-0.01,3,33,stringer,intrados,2943
2143,4.2626869785109,3.42274141600629,-0.01,3,34,stringer,intrados,2944
2164,4.31965222560576,3.27322566224295,-0.01,3,35,stringer,intrados,2945
2182,4.37661747270063,3.12370990847961,-0.01,3,36,stringer,intrados,2946
2197,4.4335827197955,2.97419415471626,-0.01,3,37,stringer,intrados,2947
2210,4.49054796689037,2.82467840095292,-0.01,3,38,stringer,intrados,2948
2220,4.54751321398524,2.67516264718958,-0.01,3,39,stringer,intrados,2949
4,2.98,7.77244449061655,-0.01,4,-2,rear spars,intrados,2950
4,4.90313887283737,2.72481329742598,-0.01,4,-1,front spars,intrados,2951
442,2.9947257712119,7.73379399939992,-0.01,4,6,stringer,intrados,2952
531,3.05169101830677,7.58427824563658,-0.01,4,7,stringer,intrados,2953
620,3.10865626540163,7.43476249187323,-0.01,4,8,stringer,intrados,2954
709,3.1656215124965,7.28524673810989,-0.01,4,9,stringer,intrados,2955
799,3.22258675959137,7.13573098434655,-0.01,4,10,stringer,intrados,2956
886,3.27955200668624,6.9862152305832,-0.01,4,11,stringer,intrados,2957
971,3.33651725378111,6.83669947681986,-0.01,4,12,stringer,intrados,2958
1053,3.39348250087597,6.68718372305652,-0.01,4,13,stringer,intrados,2959
1132,3.45044774797084,6.53766796929318,-0.01,4,14,stringer,intrados,2960
1208,3.50741299506571,6.38815221552983,-0.01,4,15,stringer,intrados,2961
1281,3.56437824216058,6.23863646176649,-0.01,4,16,stringer,intrados,2962
1352,3.62134348925545,6.08912070800315,-0.01,4,17,stringer,intrados,2963
1421,3.67830873635032,5.9396049542398,-0.01,4,18,stringer,intrados,2964
1487,3.73527398344518,5.79008920047646,-0.01,4,19,stringer,intrados,2965
1550,3.79223923054005,5.64057344671312,-0.01,4,20,stringer,intrados,2966
1610,3.84920447763492,5.49105769294977,-0.01,4,21,stringer,intrados,2967
1667,3.90616972472979,5.34154193918643,-0.01,4,22,stringer,intrados,2968
1722,3.96313497182466,5.19202618542309,-0.01,4,23,stringer,intrados,2969
1775,4.02010021891953,5.04251043165975,-0.01,4,24,stringer,intrados,2970
1825,4.07706546601439,4.8929946778964,-0.01,4,25,stringer,intrados,2971
1872,4.13403071310926,4.74347892413306,-0.01,4,26,stringer,intrados,2972
1916,4.19099596020413,4.59396317036972,-0.01,4,27,stringer,intrados,2973
1957,4.247961207299,4.44444741660637,-0.01,4,28,stringer,intrados,2974
1995,4.30492645439387,4.29493166284303,-0.01,4,29,stringer,intrados,2975
2030,4.36189170148874,4.14541590907969,-0.01,4,30,stringer,intrados,2976
2063,4.4188569485836,3.99590015531635,-0.01,4,31,stringer,intrados,2977
2093,4.47582219567847,3.846384401553,-0.01,4,32,stringer,intrados,2978
2120,4.53278744277334,3.69686864778966,-0.01,4,33,stringer,intrados,2979
2144,4.58975268986821,3.54735289402632,-0.01,4,34,stringer,intrados,2980
2165,4.64671793696308,3.39783714026297,-0.01,4,35,stringer,intrados,2981
2183,4.70368318405794,3.24832138649963,-0.01,4,36,stringer,intrados,2982
2198,4.76064843115281,3.09880563273629,-0.01,4,37,stringer,intrados,2983
2211,4.81761367824768,2.94928987897294,-0.01,4,38,stringer,intrados,2984
2221,4.87457892534255,2.7997741252096,-0.01,4,39,stringer,intrados,2985
5,2.98,8.7555,-0.01,5,-2,rear spars,intrados,2986
5,5.21024390873079,2.90181523436282,-0.01,5,-1,front spars,intrados,2987
2,3.03696524709487,8.60598424623666,-0.01,5,1,stringer,intrados,2988
90,3.09393049418974,8.45646849247332,-0.01,5,2,stringer,intrados,2989
178,3.15089574128461,8.30695273870997,-0.01,5,3,stringer,intrados,2990
266,3.20786098837947,8.15743698494663,-0.01,5,4,stringer,intrados,2991
354,3.26482623547434,8.00792123118329,-0.01,5,5,stringer,intrados,2992
443,3.32179148256921,7.85840547741994,-0.01,5,6,stringer,intrados,2993
532,3.37875672966408,7.7088897236566,-0.01,5,7,stringer,intrados,2994
621,3.43572197675895,7.55937396989326,-0.01,5,8,stringer,intrados,2995
710,3.49268722385382,7.40985821612991,-0.01,5,9,stringer,intrados,2996
800,3.54965247094868,7.26034246236657,-0.01,5,10,stringer,intrados,2997
887,3.60661771804355,7.11082670860323,-0.01,5,11,stringer,intrados,2998
972,3.66358296513842,6.96131095483989,-0.01,5,12,stringer,intrados,2999
1054,3.72054821223329,6.81179520107654,-0.01,5,13,stringer,intrados,3000
1133,3.77751345932816,6.6622794473132,-0.01,5,14,stringer,intrados,3001
1209,3.83447870642302,6.51276369354986,-0.01,5,15,stringer,intrados,3002
1282,3.89144395351789,6.36324793978651,-0.01,5,16,stringer,intrados,3003
1353,3.94840920061276,6.21373218602317,-0.01,5,17,stringer,intrados,3004
1422,4.00537444770763,6.06421643225983,-0.01,5,18,stringer,intrados,3005
1488,4.0623396948025,5.91470067849649,-0.01,5,19,stringer,intrados,3006
1551,4.11930494189737,5.76518492473314,-0.01,5,20,stringer,intrados,3007
1611,4.17627018899223,5.6156691709698,-0.01,5,21,stringer,intrados,3008
1668,4.2332354360871,5.46615341720646,-0.01,5,22,stringer,intrados,3009
1723,4.29020068318197,5.31663766344311,-0.01,5,23,stringer,intrados,3010
1776,4.34716593027684,5.16712190967977,-0.01,5,24,stringer,intrados,3011
1826,4.40413117737171,5.01760615591643,-0.01,5,25,stringer,intrados,3012
1873,4.46109642446658,4.86809040215308,-0.01,5,26,stringer,intrados,3013
1917,4.51806167156144,4.71857464838974,-0.01,5,27,stringer,intrados,3014
1958,4.57502691865631,4.5690588946264,-0.01,5,28,stringer,intrados,3015
1996,4.63199216575118,4.41954314086306,-0.01,5,29,stringer,intrados,3016
2031,4.68895741284605,4.27002738709971,-0.01,5,30,stringer,intrados,3017
2064,4.74592265994092,4.12051163333637,-0.01,5,31,stringer,intrados,3018
2094,4.80288790703579,3.97099587957303,-0.01,5,32,stringer,intrados,3019
2121,4.85985315413065,3.82148012580968,-0.01,5,33,stringer,intrados,3020
2145,4.91681840122552,3.67196437204634,-0.01,5,34,stringer,intrados,3021
2166,4.97378364832039,3.522448618283,-0.01,5,35,stringer,intrados,3022
2184,5.03074889541526,3.37293286451966,-0.01,5,36,stringer,intrados,3023
2199,5.08771414251013,3.22341711075631,-0.01,5,37,stringer,intrados,3024
2212,5.14467938960499,3.07390135699297,-0.01,5,38,stringer,intrados,3025
2222,5.20164463669986,2.92438560322963,-0.01,5,39,stringer,intrados,3026
6,3.30706571135731,8.88011147802003,-0.01,6,-2,rear spars,intrados,3027
6,5.51734894462421,3.07881717129966,-0.01,6,-1,front spars,intrados,3028
3,3.36403095845218,8.73059572425668,-0.01,6,1,stringer,intrados,3029
91,3.42099620554705,8.58107997049334,-0.01,6,2,stringer,intrados,3030
179,3.47796145264192,8.43156421673,-0.01,6,3,stringer,intrados,3031
267,3.53492669973679,8.28204846296665,-0.01,6,4,stringer,intrados,3032
355,3.59189194683165,8.13253270920331,-0.01,6,5,stringer,intrados,3033
444,3.64885719392652,7.98301695543997,-0.01,6,6,stringer,intrados,3034
533,3.70582244102139,7.83350120167662,-0.01,6,7,stringer,intrados,3035
622,3.76278768811626,7.68398544791328,-0.01,6,8,stringer,intrados,3036
711,3.81975293521113,7.53446969414994,-0.01,6,9,stringer,intrados,3037
801,3.876718182306,7.3849539403866,-0.01,6,10,stringer,intrados,3038
888,3.93368342940086,7.23543818662325,-0.01,6,11,stringer,intrados,3039
973,3.99064867649573,7.08592243285991,-0.01,6,12,stringer,intrados,3040
1055,4.0476139235906,6.93640667909657,-0.01,6,13,stringer,intrados,3041
1134,4.10457917068547,6.78689092533322,-0.01,6,14,stringer,intrados,3042
1210,4.16154441778034,6.63737517156988,-0.01,6,15,stringer,intrados,3043
1283,4.2185096648752,6.48785941780654,-0.01,6,16,stringer,intrados,3044
1354,4.27547491197007,6.3383436640432,-0.01,6,17,stringer,intrados,3045
1423,4.33244015906494,6.18882791027985,-0.01,6,18,stringer,intrados,3046
1489,4.38940540615981,6.03931215651651,-0.01,6,19,stringer,intrados,3047
1552,4.44637065325468,5.88979640275317,-0.01,6,20,stringer,intrados,3048
1612,4.50333590034955,5.74028064898982,-0.01,6,21,stringer,intrados,3049
1669,4.56030114744441,5.59076489522648,-0.01,6,22,stringer,intrados,3050
1724,4.61726639453928,5.44124914146314,-0.01,6,23,stringer,intrados,3051
1777,4.67423164163415,5.29173338769979,-0.01,6,24,stringer,intrados,3052
1827,4.73119688872902,5.14221763393645,-0.01,6,25,stringer,intrados,3053
1874,4.78816213582389,4.99270188017311,-0.01,6,26,stringer,intrados,3054
1918,4.84512738291876,4.84318612640977,-0.01,6,27,stringer,intrados,3055
1959,4.90209263001362,4.69367037264642,-0.01,6,28,stringer,intrados,3056
1997,4.95905787710849,4.54415461888308,-0.01,6,29,stringer,intrados,3057
2032,5.01602312420336,4.39463886511974,-0.01,6,30,stringer,intrados,3058
2065,5.07298837129823,4.24512311135639,-0.01,6,31,stringer,intrados,3059
2095,5.1299536183931,4.09560735759305,-0.01,6,32,stringer,intrados,3060
2122,5.18691886548797,3.94609160382971,-0.01,6,33,stringer,intrados,3061
2146,5.24388411258283,3.79657585006637,-0.01,6,34,stringer,intrados,3062
2167,5.3008493596777,3.64706009630302,-0.01,6,35,stringer,intrados,3063
2185,5.35781460677257,3.49754434253968,-0.01,6,36,stringer,intrados,3064
2200,5.41477985386744,3.34802858877634,-0.01,6,37,stringer,intrados,3065
2213,5.47174510096231,3.19851283501299,-0.01,6,38,stringer,intrados,3066
7,3.63413142271463,9.00472295604005,-0.01,7,-2,rear spars,intrados,3067
7,5.82445398051762,3.2558191082365,-0.01,7,-1,front spars,intrados,3068
4,3.69109666980949,8.85520720227671,-0.01,7,1,stringer,intrados,3069
92,3.74806191690436,8.70569144851336,-0.01,7,2,stringer,intrados,3070
180,3.80502716399923,8.55617569475002,-0.01,7,3,stringer,intrados,3071
268,3.8619924110941,8.40665994098668,-0.01,7,4,stringer,intrados,3072
356,3.91895765818897,8.25714418722334,-0.01,7,5,stringer,intrados,3073
445,3.97592290528384,8.10762843345999,-0.01,7,6,stringer,intrados,3074
534,4.0328881523787,7.95811267969665,-0.01,7,7,stringer,intrados,3075
623,4.08985339947357,7.80859692593331,-0.01,7,8,stringer,intrados,3076
712,4.14681864656844,7.65908117216996,-0.01,7,9,stringer,intrados,3077
802,4.20378389366331,7.50956541840662,-0.01,7,10,stringer,intrados,3078
889,4.26074914075818,7.36004966464328,-0.01,7,11,stringer,intrados,3079
974,4.31771438785305,7.21053391087993,-0.01,7,12,stringer,intrados,3080
1056,4.37467963494791,7.06101815711659,-0.01,7,13,stringer,intrados,3081
1135,4.43164488204278,6.91150240335325,-0.01,7,14,stringer,intrados,3082
1211,4.48861012913765,6.76198664958991,-0.01,7,15,stringer,intrados,3083
1284,4.54557537623252,6.61247089582656,-0.01,7,16,stringer,intrados,3084
1355,4.60254062332739,6.46295514206322,-0.01,7,17,stringer,intrados,3085
1424,4.65950587042226,6.31343938829988,-0.01,7,18,stringer,intrados,3086
1490,4.71647111751712,6.16392363453653,-0.01,7,19,stringer,intrados,3087
1553,4.77343636461199,6.01440788077319,-0.01,7,20,stringer,intrados,3088
1613,4.83040161170686,5.86489212700985,-0.01,7,21,stringer,intrados,3089
1670,4.88736685880173,5.71537637324651,-0.01,7,22,stringer,intrados,3090
1725,4.9443321058966,5.56586061948316,-0.01,7,23,stringer,intrados,3091
1778,5.00129735299146,5.41634486571982,-0.01,7,24,stringer,intrados,3092
1828,5.05826260008633,5.26682911195648,-0.01,7,25,stringer,intrados,3093
1875,5.1152278471812,5.11731335819313,-0.01,7,26,stringer,intrados,3094
1919,5.17219309427607,4.96779760442979,-0.01,7,27,stringer,intrados,3095
1960,5.22915834137094,4.81828185066645,-0.01,7,28,stringer,intrados,3096
1998,5.28612358846581,4.66876609690311,-0.01,7,29,stringer,intrados,3097
2033,5.34308883556067,4.51925034313976,-0.01,7,30,stringer,intrados,3098
2066,5.40005408265554,4.36973458937642,-0.01,7,31,stringer,intrados,3099
2096,5.45701932975041,4.22021883561308,-0.01,7,32,stringer,intrados,3100
2123,5.51398457684528,4.07070308184973,-0.01,7,33,stringer,intrados,3101
2147,5.57094982394015,3.92118732808639,-0.01,7,34,stringer,intrados,3102
2168,5.62791507103502,3.77167157432305,-0.01,7,35,stringer,intrados,3103
2186,5.68488031812988,3.6221558205597,-0.01,7,36,stringer,intrados,3104
2201,5.74184556522475,3.47264006679636,-0.01,7,37,stringer,intrados,3105
2214,5.79881081231962,3.32312431303302,-0.01,7,38,stringer,intrados,3106
8,3.96119713407194,9.12933443406007,-0.01,8,-2,rear spars,intrados,3107
8,6.13155901641104,3.43282104517334,-0.01,8,-1,front spars,intrados,3108
5,4.01816238116681,8.97981868029673,-0.01,8,1,stringer,intrados,3109
93,4.07512762826167,8.83030292653339,-0.01,8,2,stringer,intrados,3110
181,4.13209287535654,8.68078717277005,-0.01,8,3,stringer,intrados,3111
269,4.18905812245141,8.5312714190067,-0.01,8,4,stringer,intrados,3112
357,4.24602336954628,8.38175566524336,-0.01,8,5,stringer,intrados,3113
446,4.30298861664115,8.23223991148001,-0.01,8,6,stringer,intrados,3114
535,4.35995386373602,8.08272415771667,-0.01,8,7,stringer,intrados,3115
624,4.41691911083088,7.93320840395333,-0.01,8,8,stringer,intrados,3116
713,4.47388435792575,7.78369265018999,-0.01,8,9,stringer,intrados,3117
803,4.53084960502062,7.63417689642664,-0.01,8,10,stringer,intrados,3118
890,4.58781485211549,7.4846611426633,-0.01,8,11,stringer,intrados,3119
975,4.64478009921036,7.33514538889996,-0.01,8,12,stringer,intrados,3120
1057,4.70174534630522,7.18562963513662,-0.01,8,13,stringer,intrados,3121
1136,4.75871059340009,7.03611388137327,-0.01,8,14,stringer,intrados,3122
1212,4.81567584049496,6.88659812760993,-0.01,8,15,stringer,intrados,3123
1285,4.87264108758983,6.73708237384659,-0.01,8,16,stringer,intrados,3124
1356,4.9296063346847,6.58756662008324,-0.01,8,17,stringer,intrados,3125
1425,4.98657158177957,6.4380508663199,-0.01,8,18,stringer,intrados,3126
1491,5.04353682887443,6.28853511255656,-0.01,8,19,stringer,intrados,3127
1554,5.1005020759693,6.13901935879321,-0.01,8,20,stringer,intrados,3128
1614,5.15746732306417,5.98950360502987,-0.01,8,21,stringer,intrados,3129
1671,5.21443257015904,5.83998785126653,-0.01,8,22,stringer,intrados,3130
1726,5.27139781725391,5.69047209750319,-0.01,8,23,stringer,intrados,3131
1779,5.32836306434878,5.54095634373984,-0.01,8,24,stringer,intrados,3132
1829,5.38532831144364,5.3914405899765,-0.01,8,25,stringer,intrados,3133
1876,5.44229355853851,5.24192483621316,-0.01,8,26,stringer,intrados,3134
1920,5.49925880563338,5.09240908244981,-0.01,8,27,stringer,intrados,3135
1961,5.55622405272825,4.94289332868647,-0.01,8,28,stringer,intrados,3136
1999,5.61318929982312,4.79337757492313,-0.01,8,29,stringer,intrados,3137
2034,5.67015454691798,4.64386182115979,-0.01,8,30,stringer,intrados,3138
2067,5.72711979401285,4.49434606739644,-0.01,8,31,stringer,intrados,3139
2097,5.78408504110772,4.3448303136331,-0.01,8,32,stringer,intrados,3140
2124,5.84105028820259,4.19531455986976,-0.01,8,33,stringer,intrados,3141
2148,5.89801553529746,4.04579880610641,-0.01,8,34,stringer,intrados,3142
2169,5.95498078239233,3.89628305234307,-0.01,8,35,stringer,intrados,3143
2187,6.01194602948719,3.74676729857973,-0.01,8,36,stringer,intrados,3144
2202,6.06891127658206,3.59725154481639,-0.01,8,37,stringer,intrados,3145
2215,6.12587652367693,3.44773579105304,-0.01,8,38,stringer,intrados,3146
9,4.28826284542925,9.2539459120801,-0.01,9,-2,rear spars,intrados,3147
9,6.43866405230445,3.60982298211018,-0.01,9,-1,front spars,intrados,3148
6,4.34522809252412,9.10443015831675,-0.01,9,1,stringer,intrados,3149
94,4.40219333961899,8.95491440455341,-0.01,9,2,stringer,intrados,3150
182,4.45915858671385,8.80539865079007,-0.01,9,3,stringer,intrados,3151
270,4.51612383380872,8.65588289702673,-0.01,9,4,stringer,intrados,3152
358,4.57308908090359,8.50636714326338,-0.01,9,5,stringer,intrados,3153
447,4.63005432799846,8.35685138950004,-0.01,9,6,stringer,intrados,3154
536,4.68701957509333,8.2073356357367,-0.01,9,7,stringer,intrados,3155
625,4.7439848221882,8.05781988197336,-0.01,9,8,stringer,intrados,3156
714,4.80095006928306,7.90830412821001,-0.01,9,9,stringer,intrados,3157
804,4.85791531637793,7.75878837444667,-0.01,9,10,stringer,intrados,3158
891,4.9148805634728,7.60927262068333,-0.01,9,11,stringer,intrados,3159
976,4.97184581056767,7.45975686691998,-0.01,9,12,stringer,intrados,3160
1058,5.02881105766254,7.31024111315664,-0.01,9,13,stringer,intrados,3161
1137,5.08577630475741,7.1607253593933,-0.01,9,14,stringer,intrados,3162
1213,5.14274155185227,7.01120960562995,-0.01,9,15,stringer,intrados,3163
1286,5.19970679894714,6.86169385186661,-0.01,9,16,stringer,intrados,3164
1357,5.25667204604201,6.71217809810327,-0.01,9,17,stringer,intrados,3165
1426,5.31363729313688,6.56266234433993,-0.01,9,18,stringer,intrados,3166
1492,5.37060254023175,6.41314659057658,-0.01,9,19,stringer,intrados,3167
1555,5.42756778732662,6.26363083681324,-0.01,9,20,stringer,intrados,3168
1615,5.48453303442148,6.1141150830499,-0.01,9,21,stringer,intrados,3169
1672,5.54149828151635,5.96459932928655,-0.01,9,22,stringer,intrados,3170
1727,5.59846352861122,5.81508357552321,-0.01,9,23,stringer,intrados,3171
1780,5.65542877570609,5.66556782175987,-0.01,9,24,stringer,intrados,3172
1830,5.71239402280096,5.51605206799653,-0.01,9,25,stringer,intrados,3173
1877,5.76935926989583,5.36653631423318,-0.01,9,26,stringer,intrados,3174
1921,5.82632451699069,5.21702056046984,-0.01,9,27,stringer,intrados,3175
1962,5.88328976408556,5.0675048067065,-0.01,9,28,stringer,intrados,3176
2000,5.94025501118043,4.91798905294315,-0.01,9,29,stringer,intrados,3177
2035,5.9972202582753,4.76847329917981,-0.01,9,30,stringer,intrados,3178
2068,6.05418550537017,4.61895754541647,-0.01,9,31,stringer,intrados,3179
2098,6.11115075246503,4.46944179165312,-0.01,9,32,stringer,intrados,3180
2125,6.1681159995599,4.31992603788978,-0.01,9,33,stringer,intrados,3181
2149,6.22508124665477,4.17041028412644,-0.01,9,34,stringer,intrados,3182
2170,6.28204649374964,4.0208945303631,-0.01,9,35,stringer,intrados,3183
2188,6.33901174084451,3.87137877659975,-0.01,9,36,stringer,intrados,3184
2203,6.39597698793938,3.72186302283641,-0.01,9,37,stringer,intrados,3185
10,4.61532855678656,9.37855739010012,-0.01,10,-2,rear spars,intrados,3186
10,6.74576908819787,3.78682491904702,-0.01,10,-1,front spars,intrados,3187
7,4.67229380388143,9.22904163633678,-0.01,10,1,stringer,intrados,3188
95,4.7292590509763,9.07952588257344,-0.01,10,2,stringer,intrados,3189
183,4.78622429807117,8.93001012881009,-0.01,10,3,stringer,intrados,3190
271,4.84318954516604,8.78049437504675,-0.01,10,4,stringer,intrados,3191
359,4.9001547922609,8.63097862128341,-0.01,10,5,stringer,intrados,3192
448,4.95712003935577,8.48146286752007,-0.01,10,6,stringer,intrados,3193
537,5.01408528645064,8.33194711375672,-0.01,10,7,stringer,intrados,3194
626,5.07105053354551,8.18243135999338,-0.01,10,8,stringer,intrados,3195
715,5.12801578064038,8.03291560623004,-0.01,10,9,stringer,intrados,3196
805,5.18498102773525,7.88339985246669,-0.01,10,10,stringer,intrados,3197
892,5.24194627483011,7.73388409870335,-0.01,10,11,stringer,intrados,3198
977,5.29891152192498,7.58436834494001,-0.01,10,12,stringer,intrados,3199
1059,5.35587676901985,7.43485259117667,-0.01,10,13,stringer,intrados,3200
1138,5.41284201611472,7.28533683741332,-0.01,10,14,stringer,intrados,3201
1214,5.46980726320959,7.13582108364998,-0.01,10,15,stringer,intrados,3202
1287,5.52677251030446,6.98630532988664,-0.01,10,16,stringer,intrados,3203
1358,5.58373775739932,6.83678957612329,-0.01,10,17,stringer,intrados,3204
1427,5.64070300449419,6.68727382235995,-0.01,10,18,stringer,intrados,3205
1493,5.69766825158906,6.53775806859661,-0.01,10,19,stringer,intrados,3206
1556,5.75463349868393,6.38824231483326,-0.01,10,20,stringer,intrados,3207
1616,5.8115987457788,6.23872656106992,-0.01,10,21,stringer,intrados,3208
1673,5.86856399287367,6.08921080730658,-0.01,10,22,stringer,intrados,3209
1728,5.92552923996853,5.93969505354324,-0.01,10,23,stringer,intrados,3210
1781,5.9824944870634,5.79017929977989,-0.01,10,24,stringer,intrados,3211
1831,6.03945973415827,5.64066354601655,-0.01,10,25,stringer,intrados,3212
1878,6.09642498125314,5.49114779225321,-0.01,10,26,stringer,intrados,3213
1922,6.15339022834801,5.34163203848986,-0.01,10,27,stringer,intrados,3214
1963,6.21035547544288,5.19211628472652,-0.01,10,28,stringer,intrados,3215
2001,6.26732072253774,5.04260053096318,-0.01,10,29,stringer,intrados,3216
2036,6.32428596963261,4.89308477719984,-0.01,10,30,stringer,intrados,3217
2069,6.38125121672748,4.74356902343649,-0.01,10,31,stringer,intrados,3218
2099,6.43821646382235,4.59405326967315,-0.01,10,32,stringer,intrados,3219
2126,6.49518171091722,4.44453751590981,-0.01,10,33,stringer,intrados,3220
2150,6.55214695801209,4.29502176214646,-0.01,10,34,stringer,intrados,3221
2171,6.60911220510695,4.14550600838312,-0.01,10,35,stringer,intrados,3222
2189,6.66607745220182,3.99599025461978,-0.01,10,36,stringer,intrados,3223
2204,6.72304269929669,3.84647450085643,-0.01,10,37,stringer,intrados,3224
11,4.94239426814388,9.50316886812015,-0.01,11,-2,rear spars,intrados,3225
11,7.05287412409129,3.96382685598386,-0.01,11,-1,front spars,intrados,3226
8,4.99935951523874,9.3536531143568,-0.01,11,1,stringer,intrados,3227
96,5.05632476233361,9.20413736059346,-0.01,11,2,stringer,intrados,3228
184,5.11329000942848,9.05462160683012,-0.01,11,3,stringer,intrados,3229
272,5.17025525652335,8.90510585306678,-0.01,11,4,stringer,intrados,3230
360,5.22722050361822,8.75559009930343,-0.01,11,5,stringer,intrados,3231
449,5.28418575071309,8.60607434554009,-0.01,11,6,stringer,intrados,3232
538,5.34115099780795,8.45655859177675,-0.01,11,7,stringer,intrados,3233
627,5.39811624490282,8.3070428380134,-0.01,11,8,stringer,intrados,3234
716,5.45508149199769,8.15752708425006,-0.01,11,9,stringer,intrados,3235
806,5.51204673909256,8.00801133048672,-0.01,11,10,stringer,intrados,3236
893,5.56901198618743,7.85849557672337,-0.01,11,11,stringer,intrados,3237
978,5.6259772332823,7.70897982296003,-0.01,11,12,stringer,intrados,3238
1060,5.68294248037716,7.55946406919669,-0.01,11,13,stringer,intrados,3239
1139,5.73990772747203,7.40994831543335,-0.01,11,14,stringer,intrados,3240
1215,5.7968729745669,7.26043256167,-0.01,11,15,stringer,intrados,3241
1288,5.85383822166177,7.11091680790666,-0.01,11,16,stringer,intrados,3242
1359,5.91080346875664,6.96140105414332,-0.01,11,17,stringer,intrados,3243
1428,5.9677687158515,6.81188530037997,-0.01,11,18,stringer,intrados,3244
1494,6.02473396294637,6.66236954661663,-0.01,11,19,stringer,intrados,3245
1557,6.08169921004124,6.51285379285329,-0.01,11,20,stringer,intrados,3246
1617,6.13866445713611,6.36333803908995,-0.01,11,21,stringer,intrados,3247
1674,6.19562970423098,6.2138222853266,-0.01,11,22,stringer,intrados,3248
1729,6.25259495132585,6.06430653156326,-0.01,11,23,stringer,intrados,3249
1782,6.30956019842071,5.91479077779992,-0.01,11,24,stringer,intrados,3250
1832,6.36652544551558,5.76527502403657,-0.01,11,25,stringer,intrados,3251
1879,6.42349069261045,5.61575927027323,-0.01,11,26,stringer,intrados,3252
1923,6.48045593970532,5.46624351650989,-0.01,11,27,stringer,intrados,3253
1964,6.53742118680019,5.31672776274655,-0.01,11,28,stringer,intrados,3254
2002,6.59438643389506,5.1672120089832,-0.01,11,29,stringer,intrados,3255
2037,6.65135168098992,5.01769625521986,-0.01,11,30,stringer,intrados,3256
2070,6.70831692808479,4.86818050145652,-0.01,11,31,stringer,intrados,3257
2100,6.76528217517966,4.71866474769317,-0.01,11,32,stringer,intrados,3258
2127,6.82224742227453,4.56914899392983,-0.01,11,33,stringer,intrados,3259
2151,6.8792126693694,4.41963324016649,-0.01,11,34,stringer,intrados,3260
2172,6.93617791646427,4.27011748640314,-0.01,11,35,stringer,intrados,3261
2190,6.99314316355913,4.1206017326398,-0.01,11,36,stringer,intrados,3262
2205,7.050108410654,3.97108597887646,-0.01,11,37,stringer,intrados,3263
12,5.26945997950119,9.62778034614017,-0.01,12,-2,rear spars,intrados,3264
12,7.3599791599847,4.1408287929207,-0.01,12,-1,front spars,intrados,3265
9,5.32642522659606,9.47826459237683,-0.01,12,1,stringer,intrados,3266
97,5.38339047369093,9.32874883861349,-0.01,12,2,stringer,intrados,3267
185,5.44035572078579,9.17923308485014,-0.01,12,3,stringer,intrados,3268
273,5.49732096788066,9.0297173310868,-0.01,12,4,stringer,intrados,3269
361,5.55428621497553,8.88020157732346,-0.01,12,5,stringer,intrados,3270
450,5.6112514620704,8.73068582356011,-0.01,12,6,stringer,intrados,3271
539,5.66821670916527,8.58117006979677,-0.01,12,7,stringer,intrados,3272
628,5.72518195626014,8.43165431603343,-0.01,12,8,stringer,intrados,3273
717,5.782147203355,8.28213856227008,-0.01,12,9,stringer,intrados,3274
807,5.83911245044987,8.13262280850674,-0.01,12,10,stringer,intrados,3275
894,5.89607769754474,7.9831070547434,-0.01,12,11,stringer,intrados,3276
979,5.95304294463961,7.83359130098006,-0.01,12,12,stringer,intrados,3277
1061,6.01000819173448,7.68407554721671,-0.01,12,13,stringer,intrados,3278
1140,6.06697343882934,7.53455979345337,-0.01,12,14,stringer,intrados,3279
1216,6.12393868592421,7.38504403969003,-0.01,12,15,stringer,intrados,3280
1289,6.18090393301908,7.23552828592669,-0.01,12,16,stringer,intrados,3281
1360,6.23786918011395,7.08601253216334,-0.01,12,17,stringer,intrados,3282
1429,6.29483442720882,6.9364967784,-0.01,12,18,stringer,intrados,3283
1495,6.35179967430369,6.78698102463666,-0.01,12,19,stringer,intrados,3284
1558,6.40876492139856,6.63746527087331,-0.01,12,20,stringer,intrados,3285
1618,6.46573016849342,6.48794951710997,-0.01,12,21,stringer,intrados,3286
1675,6.52269541558829,6.33843376334663,-0.01,12,22,stringer,intrados,3287
1730,6.57966066268316,6.18891800958328,-0.01,12,23,stringer,intrados,3288
1783,6.63662590977803,6.03940225581994,-0.01,12,24,stringer,intrados,3289
1833,6.6935911568729,5.8898865020566,-0.01,12,25,stringer,intrados,3290
1880,6.75055640396776,5.74037074829326,-0.01,12,26,stringer,intrados,3291
1924,6.80752165106263,5.59085499452991,-0.01,12,27,stringer,intrados,3292
1965,6.8644868981575,5.44133924076657,-0.01,12,28,stringer,intrados,3293
2003,6.92145214525237,5.29182348700323,-0.01,12,29,stringer,intrados,3294
2038,6.97841739234724,5.14230773323988,-0.01,12,30,stringer,intrados,3295
2071,7.03538263944211,4.99279197947654,-0.01,12,31,stringer,intrados,3296
2101,7.09234788653697,4.8432762257132,-0.01,12,32,stringer,intrados,3297
2128,7.14931313363184,4.69376047194986,-0.01,12,33,stringer,intrados,3298
2152,7.20627838072671,4.54424471818651,-0.01,12,34,stringer,intrados,3299
2173,7.26324362782158,4.39472896442317,-0.01,12,35,stringer,intrados,3300
2191,7.32020887491645,4.24521321065983,-0.01,12,36,stringer,intrados,3301
13,5.5965256908585,9.7523918241602,-0.01,13,-2,rear spars,intrados,3302
13,7.66708419587812,4.31783072985754,-0.01,13,-1,front spars,intrados,3303
10,5.65349093795337,9.60287607039685,-0.01,13,1,stringer,intrados,3304
98,5.71045618504824,9.45336031663351,-0.01,13,2,stringer,intrados,3305
186,5.76742143214311,9.30384456287017,-0.01,13,3,stringer,intrados,3306
274,5.82438667923797,9.15432880910682,-0.01,13,4,stringer,intrados,3307
362,5.88135192633284,9.00481305534348,-0.01,13,5,stringer,intrados,3308
451,5.93831717342771,8.85529730158014,-0.01,13,6,stringer,intrados,3309
540,5.99528242052258,8.70578154781679,-0.01,13,7,stringer,intrados,3310
629,6.05224766761745,8.55626579405345,-0.01,13,8,stringer,intrados,3311
718,6.10921291471232,8.40675004029011,-0.01,13,9,stringer,intrados,3312
808,6.16617816180718,8.25723428652677,-0.01,13,10,stringer,intrados,3313
895,6.22314340890205,8.10771853276342,-0.01,13,11,stringer,intrados,3314
980,6.28010865599692,7.95820277900008,-0.01,13,12,stringer,intrados,3315
1062,6.33707390309179,7.80868702523674,-0.01,13,13,stringer,intrados,3316
1141,6.39403915018666,7.65917127147339,-0.01,13,14,stringer,intrados,3317
1217,6.45100439728153,7.50965551771005,-0.01,13,15,stringer,intrados,3318
1290,6.50796964437639,7.36013976394671,-0.01,13,16,stringer,intrados,3319
1361,6.56493489147126,7.21062401018337,-0.01,13,17,stringer,intrados,3320
1430,6.62190013856613,7.06110825642002,-0.01,13,18,stringer,intrados,3321
1496,6.678865385661,6.91159250265668,-0.01,13,19,stringer,intrados,3322
1559,6.73583063275587,6.76207674889334,-0.01,13,20,stringer,intrados,3323
1619,6.79279587985073,6.61256099512999,-0.01,13,21,stringer,intrados,3324
1676,6.8497611269456,6.46304524136665,-0.01,13,22,stringer,intrados,3325
1731,6.90672637404047,6.31352948760331,-0.01,13,23,stringer,intrados,3326
1784,6.96369162113534,6.16401373383997,-0.01,13,24,stringer,intrados,3327
1834,7.02065686823021,6.01449798007662,-0.01,13,25,stringer,intrados,3328
1881,7.07762211532508,5.86498222631328,-0.01,13,26,stringer,intrados,3329
1925,7.13458736241994,5.71546647254994,-0.01,13,27,stringer,intrados,3330
1966,7.19155260951481,5.56595071878659,-0.01,13,28,stringer,intrados,3331
2004,7.24851785660968,5.41643496502325,-0.01,13,29,stringer,intrados,3332
2039,7.30548310370455,5.26691921125991,-0.01,13,30,stringer,intrados,3333
2072,7.36244835079942,5.11740345749656,-0.01,13,31,stringer,intrados,3334
2102,7.41941359789429,4.96788770373322,-0.01,13,32,stringer,intrados,3335
2129,7.47637884498915,4.81837194996988,-0.01,13,33,stringer,intrados,3336
2153,7.53334409208402,4.66885619620654,-0.01,13,34,stringer,intrados,3337
2174,7.59030933917889,4.51934044244319,-0.01,13,35,stringer,intrados,3338
2192,7.64727458627376,4.36982468867985,-0.01,13,36,stringer,intrados,3339
14,5.92359140221581,9.87700330218022,-0.01,14,-2,rear spars,intrados,3340
14,7.97418923177154,4.49483266679438,-0.01,14,-1,front spars,intrados,3341
11,5.98055664931068,9.72748754841688,-0.01,14,1,stringer,intrados,3342
99,6.03752189640555,9.57797179465354,-0.01,14,2,stringer,intrados,3343
187,6.09448714350042,9.42845604089019,-0.01,14,3,stringer,intrados,3344
275,6.15145239059529,9.27894028712685,-0.01,14,4,stringer,intrados,3345
363,6.20841763769016,9.12942453336351,-0.01,14,5,stringer,intrados,3346
452,6.26538288478502,8.97990877960016,-0.01,14,6,stringer,intrados,3347
541,6.32234813187989,8.83039302583682,-0.01,14,7,stringer,intrados,3348
630,6.37931337897476,8.68087727207348,-0.01,14,8,stringer,intrados,3349
719,6.43627862606963,8.53136151831013,-0.01,14,9,stringer,intrados,3350
809,6.4932438731645,8.38184576454679,-0.01,14,10,stringer,intrados,3351
896,6.55020912025937,8.23233001078345,-0.01,14,11,stringer,intrados,3352
981,6.60717436735423,8.0828142570201,-0.01,14,12,stringer,intrados,3353
1063,6.6641396144491,7.93329850325676,-0.01,14,13,stringer,intrados,3354
1142,6.72110486154397,7.78378274949342,-0.01,14,14,stringer,intrados,3355
1218,6.77807010863884,7.63426699573008,-0.01,14,15,stringer,intrados,3356
1291,6.83503535573371,7.48475124196673,-0.01,14,16,stringer,intrados,3357
1362,6.89200060282857,7.33523548820339,-0.01,14,17,stringer,intrados,3358
1431,6.94896584992344,7.18571973444005,-0.01,14,18,stringer,intrados,3359
1497,7.00593109701831,7.0362039806767,-0.01,14,19,stringer,intrados,3360
1560,7.06289634411318,6.88668822691336,-0.01,14,20,stringer,intrados,3361
1620,7.11986159120805,6.73717247315002,-0.01,14,21,stringer,intrados,3362
1677,7.17682683830292,6.58765671938668,-0.01,14,22,stringer,intrados,3363
1732,7.23379208539779,6.43814096562333,-0.01,14,23,stringer,intrados,3364
1785,7.29075733249265,6.28862521185999,-0.01,14,24,stringer,intrados,3365
1835,7.34772257958752,6.13910945809665,-0.01,14,25,stringer,intrados,3366
1882,7.40468782668239,5.9895937043333,-0.01,14,26,stringer,intrados,3367
1926,7.46165307377726,5.84007795056996,-0.01,14,27,stringer,intrados,3368
1967,7.51861832087213,5.69056219680662,-0.01,14,28,stringer,intrados,3369
2005,7.575583567967,5.54104644304328,-0.01,14,29,stringer,intrados,3370
2040,7.63254881506186,5.39153068927993,-0.01,14,30,stringer,intrados,3371
2073,7.68951406215673,5.24201493551659,-0.01,14,31,stringer,intrados,3372
2103,7.7464793092516,5.09249918175325,-0.01,14,32,stringer,intrados,3373
2130,7.80344455634647,4.9429834279899,-0.01,14,33,stringer,intrados,3374
2154,7.86040980344134,4.79346767422656,-0.01,14,34,stringer,intrados,3375
2175,7.9173750505362,4.64395192046322,-0.01,14,35,stringer,intrados,3376
15,6.25065711357313,10.0016147802002,-0.01,15,-2,rear spars,intrados,3377
15,8.28129426766495,4.67183460373122,-0.01,15,-1,front spars,intrados,3378
12,6.307622360668,9.8520990264369,-0.01,15,1,stringer,intrados,3379
100,6.36458760776286,9.70258327267356,-0.01,15,2,stringer,intrados,3380
188,6.42155285485773,9.55306751891022,-0.01,15,3,stringer,intrados,3381
276,6.4785181019526,9.40355176514687,-0.01,15,4,stringer,intrados,3382
364,6.53548334904747,9.25403601138353,-0.01,15,5,stringer,intrados,3383
453,6.59244859614234,9.10452025762019,-0.01,15,6,stringer,intrados,3384
542,6.64941384323721,8.95500450385684,-0.01,15,7,stringer,intrados,3385
631,6.70637909033207,8.8054887500935,-0.01,15,8,stringer,intrados,3386
720,6.76334433742694,8.65597299633016,-0.01,15,9,stringer,intrados,3387
810,6.82030958452181,8.50645724256682,-0.01,15,10,stringer,intrados,3388
897,6.87727483161668,8.35694148880347,-0.01,15,11,stringer,intrados,3389
982,6.93424007871155,8.20742573504013,-0.01,15,12,stringer,intrados,3390
1064,6.99120532580642,8.05790998127679,-0.01,15,13,stringer,intrados,3391
1143,7.04817057290128,7.90839422751344,-0.01,15,14,stringer,intrados,3392
1219,7.10513581999615,7.7588784737501,-0.01,15,15,stringer,intrados,3393
1292,7.16210106709102,7.60936271998676,-0.01,15,16,stringer,intrados,3394
1363,7.21906631418589,7.45984696622341,-0.01,15,17,stringer,intrados,3395
1432,7.27603156128076,7.31033121246007,-0.01,15,18,stringer,intrados,3396
1498,7.33299680837562,7.16081545869673,-0.01,15,19,stringer,intrados,3397
1561,7.38996205547049,7.01129970493339,-0.01,15,20,stringer,intrados,3398
1621,7.44692730256536,6.86178395117004,-0.01,15,21,stringer,intrados,3399
1678,7.50389254966023,6.7122681974067,-0.01,15,22,stringer,intrados,3400
1733,7.5608577967551,6.56275244364336,-0.01,15,23,stringer,intrados,3401
1786,7.61782304384997,6.41323668988001,-0.01,15,24,stringer,intrados,3402
1836,7.67478829094483,6.26372093611667,-0.01,15,25,stringer,intrados,3403
1883,7.7317535380397,6.11420518235333,-0.01,15,26,stringer,intrados,3404
1927,7.78871878513457,5.96468942858998,-0.01,15,27,stringer,intrados,3405
1968,7.84568403222944,5.81517367482664,-0.01,15,28,stringer,intrados,3406
2006,7.90264927932431,5.6656579210633,-0.01,15,29,stringer,intrados,3407
2041,7.95961452641918,5.51614216729996,-0.01,15,30,stringer,intrados,3408
2074,8.01657977351404,5.36662641353661,-0.01,15,31,stringer,intrados,3409
2104,8.07354502060891,5.21711065977327,-0.01,15,32,stringer,intrados,3410
2131,8.13051026770378,5.06759490600993,-0.01,15,33,stringer,intrados,3411
2155,8.18747551479865,4.91807915224658,-0.01,15,34,stringer,intrados,3412
2176,8.24444076189352,4.76856339848324,-0.01,15,35,stringer,intrados,3413
16,6.57772282493044,10.1262262582203,-0.01,16,-2,rear spars,intrados,3414
16,8.58839930355837,4.84883654066805,-0.01,16,-1,front spars,intrados,3415
13,6.63468807202531,9.97671050445692,-0.01,16,1,stringer,intrados,3416
101,6.69165331912018,9.82719475069358,-0.01,16,2,stringer,intrados,3417
189,6.74861856621504,9.67767899693024,-0.01,16,3,stringer,intrados,3418
277,6.80558381330991,9.5281632431669,-0.01,16,4,stringer,intrados,3419
365,6.86254906040478,9.37864748940355,-0.01,16,5,stringer,intrados,3420
454,6.91951430749965,9.22913173564021,-0.01,16,6,stringer,intrados,3421
543,6.97647955459452,9.07961598187687,-0.01,16,7,stringer,intrados,3422
632,7.03344480168939,8.93010022811353,-0.01,16,8,stringer,intrados,3423
721,7.09041004878426,8.78058447435018,-0.01,16,9,stringer,intrados,3424
811,7.14737529587912,8.63106872058684,-0.01,16,10,stringer,intrados,3425
898,7.20434054297399,8.4815529668235,-0.01,16,11,stringer,intrados,3426
983,7.26130579006886,8.33203721306015,-0.01,16,12,stringer,intrados,3427
1065,7.31827103716373,8.18252145929681,-0.01,16,13,stringer,intrados,3428
1144,7.3752362842586,8.03300570553347,-0.01,16,14,stringer,intrados,3429
1220,7.43220153135346,7.88348995177012,-0.01,16,15,stringer,intrados,3430
1293,7.48916677844833,7.73397419800678,-0.01,16,16,stringer,intrados,3431
1364,7.5461320255432,7.58445844424344,-0.01,16,17,stringer,intrados,3432
1433,7.60309727263807,7.4349426904801,-0.01,16,18,stringer,intrados,3433
1499,7.66006251973294,7.28542693671675,-0.01,16,19,stringer,intrados,3434
1562,7.71702776682781,7.13591118295341,-0.01,16,20,stringer,intrados,3435
1622,7.77399301392267,6.98639542919007,-0.01,16,21,stringer,intrados,3436
1679,7.83095826101754,6.83687967542672,-0.01,16,22,stringer,intrados,3437
1734,7.88792350811241,6.68736392166338,-0.01,16,23,stringer,intrados,3438
1787,7.94488875520728,6.53784816790004,-0.01,16,24,stringer,intrados,3439
1837,8.00185400230215,6.38833241413669,-0.01,16,25,stringer,intrados,3440
1884,8.05881924939701,6.23881666037335,-0.01,16,26,stringer,intrados,3441
1928,8.11578449649188,6.08930090661001,-0.01,16,27,stringer,intrados,3442
1969,8.17274974358675,5.93978515284667,-0.01,16,28,stringer,intrados,3443
2007,8.22971499068162,5.79026939908332,-0.01,16,29,stringer,intrados,3444
2042,8.28668023777649,5.64075364531998,-0.01,16,30,stringer,intrados,3445
2075,8.34364548487136,5.49123789155664,-0.01,16,31,stringer,intrados,3446
2105,8.40061073196622,5.3417221377933,-0.01,16,32,stringer,intrados,3447
2132,8.45757597906109,5.19220638402995,-0.01,16,33,stringer,intrados,3448
2156,8.51454122615596,5.04269063026661,-0.01,16,34,stringer,intrados,3449
2177,8.57150647325083,4.89317487650327,-0.01,16,35,stringer,intrados,3450
17,6.90478853628775,10.2508377362403,-0.01,17,-2,rear spars,intrados,3451
17,8.89550433945179,5.02583847760489,-0.01,17,-1,front spars,intrados,3452
14,6.96175378338262,10.101321982477,-0.01,17,1,stringer,intrados,3453
102,7.01871903047749,9.95180622871361,-0.01,17,2,stringer,intrados,3454
190,7.07568427757236,9.80229047495027,-0.01,17,3,stringer,intrados,3455
278,7.13264952466723,9.65277472118692,-0.01,17,4,stringer,intrados,3456
366,7.18961477176209,9.50325896742358,-0.01,17,5,stringer,intrados,3457
455,7.24658001885696,9.35374321366024,-0.01,17,6,stringer,intrados,3458
544,7.30354526595183,9.20422745989689,-0.01,17,7,stringer,intrados,3459
633,7.3605105130467,9.05471170613355,-0.01,17,8,stringer,intrados,3460
722,7.41747576014157,8.90519595237021,-0.01,17,9,stringer,intrados,3461
812,7.47444100723643,8.75568019860686,-0.01,17,10,stringer,intrados,3462
899,7.5314062543313,8.60616444484352,-0.01,17,11,stringer,intrados,3463
984,7.58837150142617,8.45664869108018,-0.01,17,12,stringer,intrados,3464
1066,7.64533674852104,8.30713293731684,-0.01,17,13,stringer,intrados,3465
1145,7.70230199561591,8.15761718355349,-0.01,17,14,stringer,intrados,3466
1221,7.75926724271078,8.00810142979015,-0.01,17,15,stringer,intrados,3467
1294,7.81623248980564,7.85858567602681,-0.01,17,16,stringer,intrados,3468
1365,7.87319773690051,7.70906992226346,-0.01,17,17,stringer,intrados,3469
1434,7.93016298399538,7.55955416850012,-0.01,17,18,stringer,intrados,3470
1500,7.98712823109025,7.41003841473678,-0.01,17,19,stringer,intrados,3471
1563,8.04409347818512,7.26052266097343,-0.01,17,20,stringer,intrados,3472
1623,8.10105872527999,7.11100690721009,-0.01,17,21,stringer,intrados,3473
1680,8.15802397237485,6.96149115344675,-0.01,17,22,stringer,intrados,3474
1735,8.21498921946972,6.81197539968341,-0.01,17,23,stringer,intrados,3475
1788,8.27195446656459,6.66245964592006,-0.01,17,24,stringer,intrados,3476
1838,8.32891971365946,6.51294389215672,-0.01,17,25,stringer,intrados,3477
1885,8.38588496075433,6.36342813839338,-0.01,17,26,stringer,intrados,3478
1929,8.4428502078492,6.21391238463003,-0.01,17,27,stringer,intrados,3479
1970,8.49981545494406,6.06439663086669,-0.01,17,28,stringer,intrados,3480
2008,8.55678070203893,5.91488087710335,-0.01,17,29,stringer,intrados,3481
2043,8.6137459491338,5.76536512334,-0.01,17,30,stringer,intrados,3482
2076,8.67071119622867,5.61584936957666,-0.01,17,31,stringer,intrados,3483
2106,8.72767644332354,5.46633361581332,-0.01,17,32,stringer,intrados,3484
2133,8.78464169041841,5.31681786204998,-0.01,17,33,stringer,intrados,3485
2157,8.84160693751327,5.16730210828663,-0.01,17,34,stringer,intrados,3486
18,7.23185424764506,10.3754492142603,-0.01,18,-2,rear spars,intrados,3487
18,9.2026093753452,5.20284041454173,-0.01,18,-1,front spars,intrados,3488
15,7.28881949473993,10.225933460497,-0.01,18,1,stringer,intrados,3489
103,7.3457847418348,10.0764177067336,-0.01,18,2,stringer,intrados,3490
191,7.40274998892967,9.92690195297029,-0.01,18,3,stringer,intrados,3491
279,7.45971523602454,9.77738619920694,-0.01,18,4,stringer,intrados,3492
367,7.5166804831194,9.6278704454436,-0.01,18,5,stringer,intrados,3493
456,7.57364573021427,9.47835469168026,-0.01,18,6,stringer,intrados,3494
545,7.63061097730914,9.32883893791692,-0.01,18,7,stringer,intrados,3495
634,7.68757622440401,9.17932318415357,-0.01,18,8,stringer,intrados,3496
723,7.74454147149888,9.02980743039023,-0.01,18,9,stringer,intrados,3497
813,7.80150671859375,8.88029167662689,-0.01,18,10,stringer,intrados,3498
900,7.85847196568862,8.73077592286355,-0.01,18,11,stringer,intrados,3499
985,7.91543721278348,8.5812601691002,-0.01,18,12,stringer,intrados,3500
1067,7.97240245987835,8.43174441533686,-0.01,18,13,stringer,intrados,3501
1146,8.02936770697322,8.28222866157352,-0.01,18,14,stringer,intrados,3502
1222,8.08633295406809,8.13271290781017,-0.01,18,15,stringer,intrados,3503
1295,8.14329820116296,7.98319715404683,-0.01,18,16,stringer,intrados,3504
1366,8.20026344825783,7.83368140028349,-0.01,18,17,stringer,intrados,3505
1435,8.25722869535269,7.68416564652015,-0.01,18,18,stringer,intrados,3506
1501,8.31419394244756,7.5346498927568,-0.01,18,19,stringer,intrados,3507
1564,8.37115918954243,7.38513413899346,-0.01,18,20,stringer,intrados,3508
1624,8.4281244366373,7.23561838523012,-0.01,18,21,stringer,intrados,3509
1681,8.48508968373217,7.08610263146677,-0.01,18,22,stringer,intrados,3510
1736,8.54205493082704,6.93658687770343,-0.01,18,23,stringer,intrados,3511
1789,8.5990201779219,6.78707112394009,-0.01,18,24,stringer,intrados,3512
1839,8.65598542501677,6.63755537017674,-0.01,18,25,stringer,intrados,3513
1886,8.71295067211164,6.4880396164134,-0.01,18,26,stringer,intrados,3514
1930,8.76991591920651,6.33852386265006,-0.01,18,27,stringer,intrados,3515
1971,8.82688116630138,6.18900810888672,-0.01,18,28,stringer,intrados,3516
2009,8.88384641339624,6.03949235512337,-0.01,18,29,stringer,intrados,3517
2044,8.94081166049111,5.88997660136003,-0.01,18,30,stringer,intrados,3518
2077,8.99777690758598,5.74046084759669,-0.01,18,31,stringer,intrados,3519
2107,9.05474215468085,5.59094509383334,-0.01,18,32,stringer,intrados,3520
2134,9.11170740177572,5.44142934007,-0.01,18,33,stringer,intrados,3521
2158,9.16867264887059,5.29191358630666,-0.01,18,34,stringer,intrados,3522
19,7.55891995900238,10.5000606922803,-0.01,19,-2,rear spars,intrados,3523
19,9.50971441123862,5.37984235147857,-0.01,19,-1,front spars,intrados,3524
16,7.61588520609724,10.350544938517,-0.01,19,1,stringer,intrados,3525
104,7.67285045319211,10.2010291847537,-0.01,19,2,stringer,intrados,3526
192,7.72981570028698,10.0515134309903,-0.01,19,3,stringer,intrados,3527
280,7.78678094738185,9.90199767722697,-0.01,19,4,stringer,intrados,3528
368,7.84374619447672,9.75248192346363,-0.01,19,5,stringer,intrados,3529
457,7.90071144157159,9.60296616970028,-0.01,19,6,stringer,intrados,3530
546,7.95767668866645,9.45345041593694,-0.01,19,7,stringer,intrados,3531
635,8.01464193576132,9.3039346621736,-0.01,19,8,stringer,intrados,3532
724,8.07160718285619,9.15441890841026,-0.01,19,9,stringer,intrados,3533
814,8.12857242995106,9.00490315464691,-0.01,19,10,stringer,intrados,3534
901,8.18553767704593,8.85538740088357,-0.01,19,11,stringer,intrados,3535
986,8.2425029241408,8.70587164712023,-0.01,19,12,stringer,intrados,3536
1068,8.29946817123566,8.55635589335688,-0.01,19,13,stringer,intrados,3537
1147,8.35643341833053,8.40684013959354,-0.01,19,14,stringer,intrados,3538
1223,8.4133986654254,8.2573243858302,-0.01,19,15,stringer,intrados,3539
1296,8.47036391252027,8.10780863206685,-0.01,19,16,stringer,intrados,3540
1367,8.52732915961514,7.95829287830351,-0.01,19,17,stringer,intrados,3541
1436,8.58429440671001,7.80877712454017,-0.01,19,18,stringer,intrados,3542
1502,8.64125965380487,7.65926137077683,-0.01,19,19,stringer,intrados,3543
1565,8.69822490089974,7.50974561701348,-0.01,19,20,stringer,intrados,3544
1625,8.75519014799461,7.36022986325014,-0.01,19,21,stringer,intrados,3545
1682,8.81215539508948,7.2107141094868,-0.01,19,22,stringer,intrados,3546
1737,8.86912064218435,7.06119835572345,-0.01,19,23,stringer,intrados,3547
1790,8.92608588927922,6.91168260196011,-0.01,19,24,stringer,intrados,3548
1840,8.98305113637408,6.76216684819677,-0.01,19,25,stringer,intrados,3549
1887,9.04001638346895,6.61265109443343,-0.01,19,26,stringer,intrados,3550
1931,9.09698163056382,6.46313534067008,-0.01,19,27,stringer,intrados,3551
1972,9.15394687765869,6.31361958690674,-0.01,19,28,stringer,intrados,3552
2010,9.21091212475356,6.1641038331434,-0.01,19,29,stringer,intrados,3553
2045,9.26787737184842,6.01458807938005,-0.01,19,30,stringer,intrados,3554
2078,9.32484261894329,5.86507232561671,-0.01,19,31,stringer,intrados,3555
2108,9.38180786603816,5.71555657185337,-0.01,19,32,stringer,intrados,3556
2135,9.43877311313303,5.56604081809003,-0.01,19,33,stringer,intrados,3557
2159,9.4957383602279,5.41652506432668,-0.01,19,34,stringer,intrados,3558
20,7.88598567035969,10.6246721703004,-0.01,20,-2,rear spars,intrados,3559
20,9.81681944713204,5.55684428841541,-0.01,20,-1,front spars,intrados,3560
17,7.94295091745456,10.475156416537,-0.01,20,1,stringer,intrados,3561
105,7.99991616454943,10.3256406627737,-0.01,20,2,stringer,intrados,3562
193,8.05688141164429,10.1761249090103,-0.01,20,3,stringer,intrados,3563
281,8.11384665873916,10.026609155247,-0.01,20,4,stringer,intrados,3564
369,8.17081190583403,9.87709340148365,-0.01,20,5,stringer,intrados,3565
458,8.2277771529289,9.72757764772031,-0.01,20,6,stringer,intrados,3566
547,8.28474240002377,9.57806189395697,-0.01,20,7,stringer,intrados,3567
636,8.34170764711864,9.42854614019362,-0.01,20,8,stringer,intrados,3568
725,8.3986728942135,9.27903038643028,-0.01,20,9,stringer,intrados,3569
815,8.45563814130837,9.12951463266694,-0.01,20,10,stringer,intrados,3570
902,8.51260338840324,8.97999887890359,-0.01,20,11,stringer,intrados,3571
987,8.56956863549811,8.83048312514025,-0.01,20,12,stringer,intrados,3572
1069,8.62653388259298,8.68096737137691,-0.01,20,13,stringer,intrados,3573
1148,8.68349912968785,8.53145161761357,-0.01,20,14,stringer,intrados,3574
1224,8.74046437678271,8.38193586385022,-0.01,20,15,stringer,intrados,3575
1297,8.79742962387758,8.23242011008688,-0.01,20,16,stringer,intrados,3576
1368,8.85439487097245,8.08290435632354,-0.01,20,17,stringer,intrados,3577
1437,8.91136011806732,7.93338860256019,-0.01,20,18,stringer,intrados,3578
1503,8.96832536516219,7.78387284879685,-0.01,20,19,stringer,intrados,3579
1566,9.02529061225705,7.63435709503351,-0.01,20,20,stringer,intrados,3580
1626,9.08225585935192,7.48484134127016,-0.01,20,21,stringer,intrados,3581
1683,9.13922110644679,7.33532558750682,-0.01,20,22,stringer,intrados,3582
1738,9.19618635354166,7.18580983374348,-0.01,20,23,stringer,intrados,3583
1791,9.25315160063653,7.03629407998014,-0.01,20,24,stringer,intrados,3584
1841,9.3101168477314,6.88677832621679,-0.01,20,25,stringer,intrados,3585
1888,9.36708209482626,6.73726257245345,-0.01,20,26,stringer,intrados,3586
1932,9.42404734192113,6.58774681869011,-0.01,20,27,stringer,intrados,3587
1973,9.481012589016,6.43823106492676,-0.01,20,28,stringer,intrados,3588
2011,9.53797783611087,6.28871531116342,-0.01,20,29,stringer,intrados,3589
2046,9.59494308320574,6.13919955740008,-0.01,20,30,stringer,intrados,3590
2079,9.65190833030061,5.98968380363674,-0.01,20,31,stringer,intrados,3591
2109,9.70887357739547,5.84016804987339,-0.01,20,32,stringer,intrados,3592
2136,9.76583882449034,5.69065229611005,-0.01,20,33,stringer,intrados,3593
21,8.213051381717,10.7492836483204,-0.01,21,-2,rear spars,intrados,3594
21,10.1239244830255,5.73384622535225,-0.01,21,-1,front spars,intrados,3595
18,8.27001662881187,10.599767894557,-0.01,21,1,stringer,intrados,3596
106,8.32698187590674,10.4502521407937,-0.01,21,2,stringer,intrados,3597
194,8.38394712300161,10.3007363870304,-0.01,21,3,stringer,intrados,3598
282,8.44091237009648,10.151220633267,-0.01,21,4,stringer,intrados,3599
370,8.49787761719134,10.0017048795037,-0.01,21,5,stringer,intrados,3600
459,8.55484286428621,9.85218912574033,-0.01,21,6,stringer,intrados,3601
548,8.61180811138108,9.70267337197699,-0.01,21,7,stringer,intrados,3602
637,8.66877335847595,9.55315761821365,-0.01,21,8,stringer,intrados,3603
726,8.72573860557082,9.4036418644503,-0.01,21,9,stringer,intrados,3604
816,8.78270385266569,9.25412611068696,-0.01,21,10,stringer,intrados,3605
903,8.83966909976055,9.10461035692362,-0.01,21,11,stringer,intrados,3606
988,8.89663434685542,8.95509460316028,-0.01,21,12,stringer,intrados,3607
1070,8.95359959395029,8.80557884939693,-0.01,21,13,stringer,intrados,3608
1149,9.01056484104516,8.65606309563359,-0.01,21,14,stringer,intrados,3609
1225,9.06753008814003,8.50654734187025,-0.01,21,15,stringer,intrados,3610
1298,9.1244953352349,8.3570315881069,-0.01,21,16,stringer,intrados,3611
1369,9.18146058232976,8.20751583434356,-0.01,21,17,stringer,intrados,3612
1438,9.23842582942463,8.05800008058022,-0.01,21,18,stringer,intrados,3613
1504,9.2953910765195,7.90848432681688,-0.01,21,19,stringer,intrados,3614
1567,9.35235632361437,7.75896857305353,-0.01,21,20,stringer,intrados,3615
1627,9.40932157070924,7.60945281929019,-0.01,21,21,stringer,intrados,3616
1684,9.46628681780411,7.45993706552685,-0.01,21,22,stringer,intrados,3617
1739,9.52325206489897,7.3104213117635,-0.01,21,23,stringer,intrados,3618
1792,9.58021731199384,7.16090555800016,-0.01,21,24,stringer,intrados,3619
1842,9.63718255908871,7.01138980423682,-0.01,21,25,stringer,intrados,3620
1889,9.69414780618358,6.86187405047347,-0.01,21,26,stringer,intrados,3621
1933,9.75111305327845,6.71235829671013,-0.01,21,27,stringer,intrados,3622
1974,9.80807830037332,6.56284254294679,-0.01,21,28,stringer,intrados,3623
2012,9.86504354746818,6.41332678918345,-0.01,21,29,stringer,intrados,3624
2047,9.92200879456305,6.2638110354201,-0.01,21,30,stringer,intrados,3625
2080,9.97897404165792,6.11429528165676,-0.01,21,31,stringer,intrados,3626
2110,10.0359392887528,5.96477952789342,-0.01,21,32,stringer,intrados,3627
2137,10.0929045358477,5.81526377413007,-0.01,21,33,stringer,intrados,3628
22,8.54011709307431,10.8738951263404,-0.01,22,-2,rear spars,intrados,3629
22,10.4310295189189,5.91084816228909,-0.01,22,-1,front spars,intrados,3630
19,8.59708234016918,10.7243793725771,-0.01,22,1,stringer,intrados,3631
107,8.65404758726405,10.5748636188137,-0.01,22,2,stringer,intrados,3632
195,8.71101283435892,10.4253478650504,-0.01,22,3,stringer,intrados,3633
283,8.76797808145379,10.275832111287,-0.01,22,4,stringer,intrados,3634
371,8.82494332854865,10.1263163575237,-0.01,22,5,stringer,intrados,3635
460,8.88190857564352,9.97680060376036,-0.01,22,6,stringer,intrados,3636
549,8.93887382273839,9.82728484999701,-0.01,22,7,stringer,intrados,3637
638,8.99583906983326,9.67776909623367,-0.01,22,8,stringer,intrados,3638
727,9.05280431692813,9.52825334247033,-0.01,22,9,stringer,intrados,3639
817,9.109769564023,9.37873758870699,-0.01,22,10,stringer,intrados,3640
904,9.16673481111786,9.22922183494364,-0.01,22,11,stringer,intrados,3641
989,9.22370005821273,9.0797060811803,-0.01,22,12,stringer,intrados,3642
1071,9.2806653053076,8.93019032741696,-0.01,22,13,stringer,intrados,3643
1150,9.33763055240247,8.78067457365361,-0.01,22,14,stringer,intrados,3644
1226,9.39459579949734,8.63115881989027,-0.01,22,15,stringer,intrados,3645
1299,9.45156104659221,8.48164306612693,-0.01,22,16,stringer,intrados,3646
1370,9.50852629368707,8.33212731236359,-0.01,22,17,stringer,intrados,3647
1439,9.56549154078194,8.18261155860024,-0.01,22,18,stringer,intrados,3648
1505,9.62245678787681,8.0330958048369,-0.01,22,19,stringer,intrados,3649
1568,9.67942203497168,7.88358005107356,-0.01,22,20,stringer,intrados,3650
1628,9.73638728206655,7.73406429731021,-0.01,22,21,stringer,intrados,3651
1685,9.79335252916142,7.58454854354687,-0.01,22,22,stringer,intrados,3652
1740,9.85031777625628,7.43503278978353,-0.01,22,23,stringer,intrados,3653
1793,9.90728302335115,7.28551703602018,-0.01,22,24,stringer,intrados,3654
1843,9.96424827044602,7.13600128225684,-0.01,22,25,stringer,intrados,3655
1890,10.0212135175409,6.9864855284935,-0.01,22,26,stringer,intrados,3656
1934,10.0781787646358,6.83696977473015,-0.01,22,27,stringer,intrados,3657
1975,10.1351440117306,6.68745402096681,-0.01,22,28,stringer,intrados,3658
2013,10.1921092588255,6.53793826720347,-0.01,22,29,stringer,intrados,3659
2048,10.2490745059204,6.38842251344013,-0.01,22,30,stringer,intrados,3660
2081,10.3060397530152,6.23890675967678,-0.01,22,31,stringer,intrados,3661
2111,10.3630050001101,6.08939100591344,-0.01,22,32,stringer,intrados,3662
2138,10.419970247205,5.9398752521501,-0.01,22,33,stringer,intrados,3663
23,8.86718280443163,10.9985066043604,-0.01,23,-2,rear spars,intrados,3664
23,10.7381345548123,6.08785009922593,-0.01,23,-1,front spars,intrados,3665
20,8.9241480515265,10.8489908505971,-0.01,23,1,stringer,intrados,3666
108,8.98111329862137,10.6994750968338,-0.01,23,2,stringer,intrados,3667
196,9.03807854571624,10.5499593430704,-0.01,23,3,stringer,intrados,3668
284,9.0950437928111,10.4004435893071,-0.01,23,4,stringer,intrados,3669
372,9.15200903990597,10.2509278355437,-0.01,23,5,stringer,intrados,3670
461,9.20897428700084,10.1014120817804,-0.01,23,6,stringer,intrados,3671
550,9.26593953409571,9.95189632801704,-0.01,23,7,stringer,intrados,3672
639,9.32290478119057,9.8023805742537,-0.01,23,8,stringer,intrados,3673
728,9.37987002828544,9.65286482049035,-0.01,23,9,stringer,intrados,3674
818,9.43683527538031,9.50334906672701,-0.01,23,10,stringer,intrados,3675
905,9.49380052247518,9.35383331296367,-0.01,23,11,stringer,intrados,3676
990,9.55076576957005,9.20431755920032,-0.01,23,12,stringer,intrados,3677
1072,9.60773101666492,9.05480180543698,-0.01,23,13,stringer,intrados,3678
1151,9.66469626375979,8.90528605167364,-0.01,23,14,stringer,intrados,3679
1227,9.72166151085465,8.7557702979103,-0.01,23,15,stringer,intrados,3680
1300,9.77862675794952,8.60625454414695,-0.01,23,16,stringer,intrados,3681
1371,9.83559200504439,8.45673879038361,-0.01,23,17,stringer,intrados,3682
1440,9.89255725213926,8.30722303662027,-0.01,23,18,stringer,intrados,3683
1506,9.94952249923413,8.15770728285692,-0.01,23,19,stringer,intrados,3684
1569,10.006487746329,8.00819152909358,-0.01,23,20,stringer,intrados,3685
1629,10.0634529934239,7.85867577533024,-0.01,23,21,stringer,intrados,3686
1686,10.1204182405187,7.7091600215669,-0.01,23,22,stringer,intrados,3687
1741,10.1773834876136,7.55964426780355,-0.01,23,23,stringer,intrados,3688
1794,10.2343487347085,7.41012851404021,-0.01,23,24,stringer,intrados,3689
1844,10.2913139818033,7.26061276027687,-0.01,23,25,stringer,intrados,3690
1891,10.3482792288982,7.11109700651352,-0.01,23,26,stringer,intrados,3691
1935,10.4052444759931,6.96158125275018,-0.01,23,27,stringer,intrados,3692
1976,10.4622097230879,6.81206549898684,-0.01,23,28,stringer,intrados,3693
2014,10.5191749701828,6.6625497452235,-0.01,23,29,stringer,intrados,3694
2049,10.5761402172777,6.51303399146015,-0.01,23,30,stringer,intrados,3695
2082,10.6331054643725,6.36351823769681,-0.01,23,31,stringer,intrados,3696
2112,10.6900707114674,6.21400248393347,-0.01,23,32,stringer,intrados,3697
24,9.19424851578894,11.1231180823805,-0.01,24,-2,rear spars,intrados,3698
24,11.0452395907057,6.26485203616277,-0.01,24,-1,front spars,intrados,3699
21,9.25121376288381,10.9736023286171,-0.01,24,1,stringer,intrados,3700
109,9.30817900997868,10.8240865748538,-0.01,24,2,stringer,intrados,3701
197,9.36514425707355,10.6745708210904,-0.01,24,3,stringer,intrados,3702
285,9.42210950416841,10.5250550673271,-0.01,24,4,stringer,intrados,3703
373,9.47907475126328,10.3755393135637,-0.01,24,5,stringer,intrados,3704
462,9.53603999835815,10.2260235598004,-0.01,24,6,stringer,intrados,3705
551,9.59300524545302,10.0765078060371,-0.01,24,7,stringer,intrados,3706
640,9.64997049254789,9.92699205227372,-0.01,24,8,stringer,intrados,3707
729,9.70693573964275,9.77747629851038,-0.01,24,9,stringer,intrados,3708
819,9.76390098673762,9.62796054474703,-0.01,24,10,stringer,intrados,3709
906,9.82086623383249,9.47844479098369,-0.01,24,11,stringer,intrados,3710
991,9.87783148092736,9.32892903722035,-0.01,24,12,stringer,intrados,3711
1073,9.93479672802223,9.17941328345701,-0.01,24,13,stringer,intrados,3712
1152,9.9917619751171,9.02989752969366,-0.01,24,14,stringer,intrados,3713
1228,10.048727222212,8.88038177593032,-0.01,24,15,stringer,intrados,3714
1301,10.1056924693068,8.73086602216698,-0.01,24,16,stringer,intrados,3715
1372,10.1626577164017,8.58135026840363,-0.01,24,17,stringer,intrados,3716
1441,10.2196229634966,8.43183451464029,-0.01,24,18,stringer,intrados,3717
1507,10.2765882105914,8.28231876087695,-0.01,24,19,stringer,intrados,3718
1570,10.3335534576863,8.1328030071136,-0.01,24,20,stringer,intrados,3719
1630,10.3905187047812,7.98328725335026,-0.01,24,21,stringer,intrados,3720
1687,10.447483951876,7.83377149958692,-0.01,24,22,stringer,intrados,3721
1742,10.5044491989709,7.68425574582358,-0.01,24,23,stringer,intrados,3722
1795,10.5614144460658,7.53473999206023,-0.01,24,24,stringer,intrados,3723
1845,10.6183796931606,7.38522423829689,-0.01,24,25,stringer,intrados,3724
1892,10.6753449402555,7.23570848453355,-0.01,24,26,stringer,intrados,3725
1936,10.7323101873504,7.0861927307702,-0.01,24,27,stringer,intrados,3726
1977,10.7892754344453,6.93667697700686,-0.01,24,28,stringer,intrados,3727
2015,10.8462406815401,6.78716122324352,-0.01,24,29,stringer,intrados,3728
2050,10.903205928635,6.63764546948018,-0.01,24,30,stringer,intrados,3729
2083,10.9601711757299,6.48812971571683,-0.01,24,31,stringer,intrados,3730
2113,11.0171364228247,6.33861396195349,-0.01,24,32,stringer,intrados,3731
25,9.52131422714625,11.2477295604005,-0.01,25,-2,rear spars,intrados,3732
25,11.3523446265991,6.44185397309961,-0.01,25,-1,front spars,intrados,3733
22,9.57827947424112,11.0982138066371,-0.01,25,1,stringer,intrados,3734
110,9.63524472133599,10.9486980528738,-0.01,25,2,stringer,intrados,3735
198,9.69220996843086,10.7991822991105,-0.01,25,3,stringer,intrados,3736
286,9.74917521552573,10.6496665453471,-0.01,25,4,stringer,intrados,3737
374,9.8061404626206,10.5001507915838,-0.01,25,5,stringer,intrados,3738
463,9.86310570971546,10.3506350378204,-0.01,25,6,stringer,intrados,3739
552,9.92007095681033,10.2011192840571,-0.01,25,7,stringer,intrados,3740
641,9.9770362039052,10.0516035302937,-0.01,25,8,stringer,intrados,3741
730,10.0340014510001,9.9020877765304,-0.01,25,9,stringer,intrados,3742
820,10.0909666980949,9.75257202276706,-0.01,25,10,stringer,intrados,3743
907,10.1479319451898,9.60305626900372,-0.01,25,11,stringer,intrados,3744
992,10.2048971922847,9.45354051524037,-0.01,25,12,stringer,intrados,3745
1074,10.2618624393795,9.30402476147703,-0.01,25,13,stringer,intrados,3746
1153,10.3188276864744,9.15450900771369,-0.01,25,14,stringer,intrados,3747
1229,10.3757929335693,9.00499325395034,-0.01,25,15,stringer,intrados,3748
1302,10.4327581806641,8.855477500187,-0.01,25,16,stringer,intrados,3749
1373,10.489723427759,8.70596174642366,-0.01,25,17,stringer,intrados,3750
1442,10.5466886748539,8.55644599266031,-0.01,25,18,stringer,intrados,3751
1508,10.6036539219487,8.40693023889697,-0.01,25,19,stringer,intrados,3752
1571,10.6606191690436,8.25741448513363,-0.01,25,20,stringer,intrados,3753
1631,10.7175844161385,8.10789873137029,-0.01,25,21,stringer,intrados,3754
1688,10.7745496632334,7.95838297760694,-0.01,25,22,stringer,intrados,3755
1743,10.8315149103282,7.8088672238436,-0.01,25,23,stringer,intrados,3756
1796,10.8884801574231,7.65935147008026,-0.01,25,24,stringer,intrados,3757
1846,10.945445404518,7.50983571631692,-0.01,25,25,stringer,intrados,3758
1893,11.0024106516128,7.36031996255357,-0.01,25,26,stringer,intrados,3759
1937,11.0593758987077,7.21080420879023,-0.01,25,27,stringer,intrados,3760
1978,11.1163411458026,7.06128845502689,-0.01,25,28,stringer,intrados,3761
2016,11.1733063928974,6.91177270126354,-0.01,25,29,stringer,intrados,3762
2051,11.2302716399923,6.7622569475002,-0.01,25,30,stringer,intrados,3763
2084,11.2872368870872,6.61274119373686,-0.01,25,31,stringer,intrados,3764
2114,11.344202134182,6.46322543997351,-0.01,25,32,stringer,intrados,3765
26,9.84837993850357,11.3723410384205,-0.01,26,-2,rear spars,intrados,3766
26,11.6594496624925,6.61885591003645,-0.01,26,-1,front spars,intrados,3767
23,9.90534518559843,11.2228252846572,-0.01,26,1,stringer,intrados,3768
111,9.9623104326933,11.0733095308938,-0.01,26,2,stringer,intrados,3769
199,10.0192756797882,10.9237937771305,-0.01,26,3,stringer,intrados,3770
287,10.076240926883,10.7742780233671,-0.01,26,4,stringer,intrados,3771
375,10.1332061739779,10.6247622696038,-0.01,26,5,stringer,intrados,3772
464,10.1901714210728,10.4752465158405,-0.01,26,6,stringer,intrados,3773
553,10.2471366681676,10.3257307620771,-0.01,26,7,stringer,intrados,3774
642,10.3041019152625,10.1762150083138,-0.01,26,8,stringer,intrados,3775
731,10.3610671623574,10.0266992545504,-0.01,26,9,stringer,intrados,3776
821,10.4180324094522,9.87718350078708,-0.01,26,10,stringer,intrados,3777
908,10.4749976565471,9.72766774702374,-0.01,26,11,stringer,intrados,3778
993,10.531962903642,9.5781519932604,-0.01,26,12,stringer,intrados,3779
1075,10.5889281507369,9.42863623949706,-0.01,26,13,stringer,intrados,3780
1154,10.6458933978317,9.27912048573371,-0.01,26,14,stringer,intrados,3781
1230,10.7028586449266,9.12960473197037,-0.01,26,15,stringer,intrados,3782
1303,10.7598238920215,8.98008897820703,-0.01,26,16,stringer,intrados,3783
1374,10.8167891391163,8.83057322444368,-0.01,26,17,stringer,intrados,3784
1443,10.8737543862112,8.68105747068034,-0.01,26,18,stringer,intrados,3785
1509,10.9307196333061,8.531541716917,-0.01,26,19,stringer,intrados,3786
1572,10.9876848804009,8.38202596315365,-0.01,26,20,stringer,intrados,3787
1632,11.0446501274958,8.23251020939031,-0.01,26,21,stringer,intrados,3788
1689,11.1016153745907,8.08299445562697,-0.01,26,22,stringer,intrados,3789
1744,11.1585806216855,7.93347870186362,-0.01,26,23,stringer,intrados,3790
1797,11.2155458687804,7.78396294810028,-0.01,26,24,stringer,intrados,3791
1847,11.2725111158753,7.63444719433694,-0.01,26,25,stringer,intrados,3792
1894,11.3294763629701,7.4849314405736,-0.01,26,26,stringer,intrados,3793
1938,11.386441610065,7.33541568681025,-0.01,26,27,stringer,intrados,3794
1979,11.4434068571599,7.18589993304691,-0.01,26,28,stringer,intrados,3795
2017,11.5003721042547,7.03638417928357,-0.01,26,29,stringer,intrados,3796
2052,11.5573373513496,6.88686842552022,-0.01,26,30,stringer,intrados,3797
2085,11.6143025984445,6.73735267175688,-0.01,26,31,stringer,intrados,3798
27,10.1754456498609,11.4969525164405,-0.01,27,-2,rear spars,intrados,3799
27,11.966554698386,6.79585784697329,-0.01,27,-1,front spars,intrados,3800
24,10.2324108969557,11.3474367626772,-0.01,27,1,stringer,intrados,3801
112,10.2893761440506,11.1979210089139,-0.01,27,2,stringer,intrados,3802
200,10.3463413911455,11.0484052551505,-0.01,27,3,stringer,intrados,3803
288,10.4033066382404,10.8988895013872,-0.01,27,4,stringer,intrados,3804
376,10.4602718853352,10.7493737476238,-0.01,27,5,stringer,intrados,3805
465,10.5172371324301,10.5998579938605,-0.01,27,6,stringer,intrados,3806
554,10.574202379525,10.4503422400971,-0.01,27,7,stringer,intrados,3807
643,10.6311676266198,10.3008264863338,-0.01,27,8,stringer,intrados,3808
732,10.6881328737147,10.1513107325705,-0.01,27,9,stringer,intrados,3809
822,10.7450981208096,10.0017949788071,-0.01,27,10,stringer,intrados,3810
909,10.8020633679044,9.85227922504376,-0.01,27,11,stringer,intrados,3811
994,10.8590286149993,9.70276347128042,-0.01,27,12,stringer,intrados,3812
1076,10.9159938620942,9.55324771751708,-0.01,27,13,stringer,intrados,3813
1155,10.972959109189,9.40373196375374,-0.01,27,14,stringer,intrados,3814
1231,11.0299243562839,9.25421620999039,-0.01,27,15,stringer,intrados,3815
1304,11.0868896033788,9.10470045622705,-0.01,27,16,stringer,intrados,3816
1375,11.1438548504736,8.95518470246371,-0.01,27,17,stringer,intrados,3817
1444,11.2008200975685,8.80566894870036,-0.01,27,18,stringer,intrados,3818
1510,11.2577853446634,8.65615319493702,-0.01,27,19,stringer,intrados,3819
1573,11.3147505917582,8.50663744117368,-0.01,27,20,stringer,intrados,3820
1633,11.3717158388531,8.35712168741033,-0.01,27,21,stringer,intrados,3821
1690,11.428681085948,8.20760593364699,-0.01,27,22,stringer,intrados,3822
1745,11.4856463330428,8.05809017988365,-0.01,27,23,stringer,intrados,3823
1798,11.5426115801377,7.90857442612031,-0.01,27,24,stringer,intrados,3824
1848,11.5995768272326,7.75905867235696,-0.01,27,25,stringer,intrados,3825
1895,11.6565420743275,7.60954291859362,-0.01,27,26,stringer,intrados,3826
1939,11.7135073214223,7.46002716483028,-0.01,27,27,stringer,intrados,3827
1980,11.7704725685172,7.31051141106693,-0.01,27,28,stringer,intrados,3828
2018,11.8274378156121,7.16099565730359,-0.01,27,29,stringer,intrados,3829
2053,11.8844030627069,7.01147990354025,-0.01,27,30,stringer,intrados,3830
2086,11.9413683098018,6.86196414977691,-0.01,27,31,stringer,intrados,3831
28,10.5025113612182,11.6215639944606,-0.01,28,-2,rear spars,intrados,3832
28,12.2736597342794,6.97285978391013,-0.01,28,-1,front spars,intrados,3833
25,10.5594766083131,11.4720482406972,-0.01,28,1,stringer,intrados,3834
113,10.6164418554079,11.3225324869339,-0.01,28,2,stringer,intrados,3835
201,10.6734071025028,11.1730167331705,-0.01,28,3,stringer,intrados,3836
289,10.7303723495977,11.0235009794072,-0.01,28,4,stringer,intrados,3837
377,10.7873375966925,10.8739852256438,-0.01,28,5,stringer,intrados,3838
466,10.8443028437874,10.7244694718805,-0.01,28,6,stringer,intrados,3839
555,10.9012680908823,10.5749537181172,-0.01,28,7,stringer,intrados,3840
644,10.9582333379771,10.4254379643538,-0.01,28,8,stringer,intrados,3841
733,11.015198585072,10.2759222105905,-0.01,28,9,stringer,intrados,3842
823,11.0721638321669,10.1264064568271,-0.01,28,10,stringer,intrados,3843
910,11.1291290792617,9.97689070306379,-0.01,28,11,stringer,intrados,3844
995,11.1860943263566,9.82737494930045,-0.01,28,12,stringer,intrados,3845
1077,11.2430595734515,9.67785919553711,-0.01,28,13,stringer,intrados,3846
1156,11.3000248205463,9.52834344177376,-0.01,28,14,stringer,intrados,3847
1232,11.3569900676412,9.37882768801042,-0.01,28,15,stringer,intrados,3848
1305,11.4139553147361,9.22931193424708,-0.01,28,16,stringer,intrados,3849
1376,11.470920561831,9.07979618048373,-0.01,28,17,stringer,intrados,3850
1445,11.5278858089258,8.93028042672039,-0.01,28,18,stringer,intrados,3851
1511,11.5848510560207,8.78076467295705,-0.01,28,19,stringer,intrados,3852
1574,11.6418163031156,8.6312489191937,-0.01,28,20,stringer,intrados,3853
1634,11.6987815502104,8.48173316543036,-0.01,28,21,stringer,intrados,3854
1691,11.7557467973053,8.33221741166702,-0.01,28,22,stringer,intrados,3855
1746,11.8127120444002,8.18270165790367,-0.01,28,23,stringer,intrados,3856
1799,11.869677291495,8.03318590414033,-0.01,28,24,stringer,intrados,3857
1849,11.9266425385899,7.88367015037699,-0.01,28,25,stringer,intrados,3858
1896,11.9836077856848,7.73415439661365,-0.01,28,26,stringer,intrados,3859
1940,12.0405730327796,7.5846386428503,-0.01,28,27,stringer,intrados,3860
1981,12.0975382798745,7.43512288908696,-0.01,28,28,stringer,intrados,3861
2019,12.1545035269694,7.28560713532362,-0.01,28,29,stringer,intrados,3862
2054,12.2114687740642,7.13609138156027,-0.01,28,30,stringer,intrados,3863
2087,12.2684340211591,6.98657562779693,-0.01,28,31,stringer,intrados,3864
29,10.8295770725755,11.7461754724806,-0.01,29,-2,rear spars,intrados,3865
29,12.5807647701728,7.14986172084697,-0.01,29,-1,front spars,intrados,3866
26,10.8865423196704,11.5966597187172,-0.01,29,1,stringer,intrados,3867
114,10.9435075667652,11.4471439649539,-0.01,29,2,stringer,intrados,3868
202,11.0004728138601,11.2976282111906,-0.01,29,3,stringer,intrados,3869
290,11.057438060955,11.1481124574272,-0.01,29,4,stringer,intrados,3870
378,11.1144033080498,10.9985967036639,-0.01,29,5,stringer,intrados,3871
467,11.1713685551447,10.8490809499005,-0.01,29,6,stringer,intrados,3872
556,11.2283338022396,10.6995651961372,-0.01,29,7,stringer,intrados,3873
645,11.2852990493344,10.5500494423738,-0.01,29,8,stringer,intrados,3874
734,11.3422642964293,10.4005336886105,-0.01,29,9,stringer,intrados,3875
824,11.3992295435242,10.2510179348472,-0.01,29,10,stringer,intrados,3876
911,11.4561947906191,10.1015021810838,-0.01,29,11,stringer,intrados,3877
996,11.5131600377139,9.95198642732047,-0.01,29,12,stringer,intrados,3878
1078,11.5701252848088,9.80247067355713,-0.01,29,13,stringer,intrados,3879
1157,11.6270905319037,9.65295491979379,-0.01,29,14,stringer,intrados,3880
1233,11.6840557789985,9.50343916603044,-0.01,29,15,stringer,intrados,3881
1306,11.7410210260934,9.3539234122671,-0.01,29,16,stringer,intrados,3882
1377,11.7979862731883,9.20440765850376,-0.01,29,17,stringer,intrados,3883
1446,11.8549515202831,9.05489190474041,-0.01,29,18,stringer,intrados,3884
1512,11.911916767378,8.90537615097707,-0.01,29,19,stringer,intrados,3885
1575,11.9688820144729,8.75586039721373,-0.01,29,20,stringer,intrados,3886
1635,12.0258472615677,8.60634464345038,-0.01,29,21,stringer,intrados,3887
1692,12.0828125086626,8.45682888968704,-0.01,29,22,stringer,intrados,3888
1747,12.1397777557575,8.3073131359237,-0.01,29,23,stringer,intrados,3889
1800,12.1967430028523,8.15779738216036,-0.01,29,24,stringer,intrados,3890
1850,12.2537082499472,8.00828162839701,-0.01,29,25,stringer,intrados,3891
1897,12.3106734970421,7.85876587463367,-0.01,29,26,stringer,intrados,3892
1941,12.3676387441369,7.70925012087033,-0.01,29,27,stringer,intrados,3893
1982,12.4246039912318,7.55973436710698,-0.01,29,28,stringer,intrados,3894
2020,12.4815692383267,7.41021861334364,-0.01,29,29,stringer,intrados,3895
2055,12.5385344854216,7.2607028595803,-0.01,29,30,stringer,intrados,3896
30,11.1566427839328,11.8707869505006,-0.01,30,-2,rear spars,intrados,3897
30,12.8878698060662,7.32686365778381,-0.01,30,-1,front spars,intrados,3898
27,11.2136080310277,11.7212711967373,-0.01,30,1,stringer,intrados,3899
115,11.2705732781226,11.5717554429739,-0.01,30,2,stringer,intrados,3900
203,11.3275385252174,11.4222396892106,-0.01,30,3,stringer,intrados,3901
291,11.3845037723123,11.2727239354472,-0.01,30,4,stringer,intrados,3902
379,11.4414690194072,11.1232081816839,-0.01,30,5,stringer,intrados,3903
468,11.498434266502,10.9736924279206,-0.01,30,6,stringer,intrados,3904
557,11.5553995135969,10.8241766741572,-0.01,30,7,stringer,intrados,3905
646,11.6123647606918,10.6746609203939,-0.01,30,8,stringer,intrados,3906
735,11.6693300077866,10.5251451666305,-0.01,30,9,stringer,intrados,3907
825,11.7262952548815,10.3756294128672,-0.01,30,10,stringer,intrados,3908
912,11.7832605019764,10.2261136591038,-0.01,30,11,stringer,intrados,3909
997,11.8402257490712,10.0765979053405,-0.01,30,12,stringer,intrados,3910
1079,11.8971909961661,9.92708215157715,-0.01,30,13,stringer,intrados,3911
1158,11.954156243261,9.77756639781381,-0.01,30,14,stringer,intrados,3912
1234,12.0111214903558,9.62805064405047,-0.01,30,15,stringer,intrados,3913
1307,12.0680867374507,9.47853489028712,-0.01,30,16,stringer,intrados,3914
1378,12.1250519845456,9.32901913652378,-0.01,30,17,stringer,intrados,3915
1447,12.1820172316404,9.17950338276044,-0.01,30,18,stringer,intrados,3916
1513,12.2389824787353,9.02998762899709,-0.01,30,19,stringer,intrados,3917
1576,12.2959477258302,8.88047187523375,-0.01,30,20,stringer,intrados,3918
1636,12.352912972925,8.73095612147041,-0.01,30,21,stringer,intrados,3919
1693,12.4098782200199,8.58144036770707,-0.01,30,22,stringer,intrados,3920
1748,12.4668434671148,8.43192461394372,-0.01,30,23,stringer,intrados,3921
1801,12.5238087142097,8.28240886018038,-0.01,30,24,stringer,intrados,3922
1851,12.5807739613045,8.13289310641704,-0.01,30,25,stringer,intrados,3923
1898,12.6377392083994,7.98337735265369,-0.01,30,26,stringer,intrados,3924
1942,12.6947044554943,7.83386159889035,-0.01,30,27,stringer,intrados,3925
1983,12.7516697025891,7.68434584512701,-0.01,30,28,stringer,intrados,3926
2021,12.808634949684,7.53483009136366,-0.01,30,29,stringer,intrados,3927
2056,12.8656001967789,7.38531433760032,-0.01,30,30,stringer,intrados,3928
31,11.4837084952901,11.9953984285206,-0.01,31,-2,rear spars,intrados,3929
31,13.1949748419596,7.50386559472065,-0.01,31,-1,front spars,intrados,3930
28,11.540673742385,11.8458826747573,-0.01,31,1,stringer,intrados,3931
116,11.5976389894799,11.6963669209939,-0.01,31,2,stringer,intrados,3932
204,11.6546042365747,11.5468511672306,-0.01,31,3,stringer,intrados,3933
292,11.7115694836696,11.3973354134673,-0.01,31,4,stringer,intrados,3934
380,11.7685347307645,11.2478196597039,-0.01,31,5,stringer,intrados,3935
469,11.8254999778593,11.0983039059406,-0.01,31,6,stringer,intrados,3936
558,11.8824652249542,10.9487881521772,-0.01,31,7,stringer,intrados,3937
647,11.9394304720491,10.7992723984139,-0.01,31,8,stringer,intrados,3938
736,11.9963957191439,10.6497566446505,-0.01,31,9,stringer,intrados,3939
826,12.0533609662388,10.5002408908872,-0.01,31,10,stringer,intrados,3940
913,12.1103262133337,10.3507251371239,-0.01,31,11,stringer,intrados,3941
998,12.1672914604286,10.2012093833605,-0.01,31,12,stringer,intrados,3942
1080,12.2242567075234,10.0516936295972,-0.01,31,13,stringer,intrados,3943
1159,12.2812219546183,9.90217787583383,-0.01,31,14,stringer,intrados,3944
1235,12.3381872017132,9.75266212207049,-0.01,31,15,stringer,intrados,3945
1308,12.395152448808,9.60314636830715,-0.01,31,16,stringer,intrados,3946
1379,12.4521176959029,9.4536306145438,-0.01,31,17,stringer,intrados,3947
1448,12.5090829429978,9.30411486078046,-0.01,31,18,stringer,intrados,3948
1514,12.5660481900926,9.15459910701712,-0.01,31,19,stringer,intrados,3949
1577,12.6230134371875,9.00508335325378,-0.01,31,20,stringer,intrados,3950
1637,12.6799786842824,8.85556759949043,-0.01,31,21,stringer,intrados,3951
1694,12.7369439313772,8.70605184572709,-0.01,31,22,stringer,intrados,3952
1749,12.7939091784721,8.55653609196375,-0.01,31,23,stringer,intrados,3953
1802,12.850874425567,8.4070203382004,-0.01,31,24,stringer,intrados,3954
1852,12.9078396726618,8.25750458443706,-0.01,31,25,stringer,intrados,3955
1899,12.9648049197567,8.10798883067372,-0.01,31,26,stringer,intrados,3956
1943,13.0217701668516,7.95847307691038,-0.01,31,27,stringer,intrados,3957
1984,13.0787354139464,7.80895732314703,-0.01,31,28,stringer,intrados,3958
2022,13.1357006610413,7.65944156938369,-0.01,31,29,stringer,intrados,3959
2057,13.1926659081362,7.50992581562035,-0.01,31,30,stringer,intrados,3960
32,11.8107742066474,12.1200099065407,-0.01,32,-2,rear spars,intrados,3961
32,13.502079877853,7.68086753165749,-0.01,32,-1,front spars,intrados,3962
29,11.8677394537423,11.9704941527773,-0.01,32,1,stringer,intrados,3963
117,11.9247047008372,11.820978399014,-0.01,32,2,stringer,intrados,3964
205,11.981669947932,11.6714626452506,-0.01,32,3,stringer,intrados,3965
293,12.0386351950269,11.5219468914873,-0.01,32,4,stringer,intrados,3966
381,12.0956004421218,11.3724311377239,-0.01,32,5,stringer,intrados,3967
470,12.1525656892167,11.2229153839606,-0.01,32,6,stringer,intrados,3968
559,12.2095309363115,11.0733996301973,-0.01,32,7,stringer,intrados,3969
648,12.2664961834064,10.9238838764339,-0.01,32,8,stringer,intrados,3970
737,12.3234614305013,10.7743681226706,-0.01,32,9,stringer,intrados,3971
827,12.3804266775961,10.6248523689072,-0.01,32,10,stringer,intrados,3972
914,12.437391924691,10.4753366151439,-0.01,32,11,stringer,intrados,3973
999,12.4943571717859,10.3258208613805,-0.01,32,12,stringer,intrados,3974
1081,12.5513224188807,10.1763051076172,-0.01,32,13,stringer,intrados,3975
1160,12.6082876659756,10.0267893538539,-0.01,32,14,stringer,intrados,3976
1236,12.6652529130705,9.87727360009051,-0.01,32,15,stringer,intrados,3977
1309,12.7222181601653,9.72775784632717,-0.01,32,16,stringer,intrados,3978
1380,12.7791834072602,9.57824209256383,-0.01,32,17,stringer,intrados,3979
1449,12.8361486543551,9.42872633880049,-0.01,32,18,stringer,intrados,3980
1515,12.8931139014499,9.27921058503714,-0.01,32,19,stringer,intrados,3981
1578,12.9500791485448,9.1296948312738,-0.01,32,20,stringer,intrados,3982
1638,13.0070443956397,8.98017907751046,-0.01,32,21,stringer,intrados,3983
1695,13.0640096427345,8.83066332374711,-0.01,32,22,stringer,intrados,3984
1750,13.1209748898294,8.68114756998377,-0.01,32,23,stringer,intrados,3985
1803,13.1779401369243,8.53163181622043,-0.01,32,24,stringer,intrados,3986
1853,13.2349053840192,8.38211606245709,-0.01,32,25,stringer,intrados,3987
1900,13.291870631114,8.23260030869374,-0.01,32,26,stringer,intrados,3988
1944,13.3488358782089,8.0830845549304,-0.01,32,27,stringer,intrados,3989
1985,13.4058011253038,7.93356880116706,-0.01,32,28,stringer,intrados,3990
2023,13.4627663723986,7.78405304740371,-0.01,32,29,stringer,intrados,3991
33,12.1378399180048,12.2446213845607,-0.01,33,-2,rear spars,intrados,3992
33,13.8091849137464,7.85786946859433,-0.01,33,-1,front spars,intrados,3993
30,12.1948051650996,12.0951056307973,-0.01,33,1,stringer,intrados,3994
118,12.2517704121945,11.945589877034,-0.01,33,2,stringer,intrados,3995
206,12.3087356592894,11.7960741232707,-0.01,33,3,stringer,intrados,3996
294,12.3657009063842,11.6465583695073,-0.01,33,4,stringer,intrados,3997
382,12.4226661534791,11.497042615744,-0.01,33,5,stringer,intrados,3998
471,12.479631400574,11.3475268619806,-0.01,33,6,stringer,intrados,3999
560,12.5365966476688,11.1980111082173,-0.01,33,7,stringer,intrados,4000
649,12.5935618947637,11.0484953544539,-0.01,33,8,stringer,intrados,4001
738,12.6505271418586,10.8989796006906,-0.01,33,9,stringer,intrados,4002
828,12.7074923889534,10.7494638469273,-0.01,33,10,stringer,intrados,4003
915,12.7644576360483,10.5999480931639,-0.01,33,11,stringer,intrados,4004
1000,12.8214228831432,10.4504323394006,-0.01,33,12,stringer,intrados,4005
1082,12.878388130238,10.3009165856372,-0.01,33,13,stringer,intrados,4006
1161,12.9353533773329,10.1514008318739,-0.01,33,14,stringer,intrados,4007
1237,12.9923186244278,10.0018850781105,-0.01,33,15,stringer,intrados,4008
1310,13.0492838715226,9.8523693243472,-0.01,33,16,stringer,intrados,4009
1381,13.1062491186175,9.70285357058385,-0.01,33,17,stringer,intrados,4010
1450,13.1632143657124,9.55333781682051,-0.01,33,18,stringer,intrados,4011
1516,13.2201796128073,9.40382206305717,-0.01,33,19,stringer,intrados,4012
1579,13.2771448599021,9.25430630929382,-0.01,33,20,stringer,intrados,4013
1639,13.334110106997,9.10479055553048,-0.01,33,21,stringer,intrados,4014
1696,13.3910753540919,8.95527480176714,-0.01,33,22,stringer,intrados,4015
1751,13.4480406011867,8.8057590480038,-0.01,33,23,stringer,intrados,4016
1804,13.5050058482816,8.65624329424045,-0.01,33,24,stringer,intrados,4017
1854,13.5619710953765,8.50672754047711,-0.01,33,25,stringer,intrados,4018
1901,13.6189363424713,8.35721178671377,-0.01,33,26,stringer,intrados,4019
1945,13.6759015895662,8.20769603295042,-0.01,33,27,stringer,intrados,4020
1986,13.7328668366611,8.05818027918708,-0.01,33,28,stringer,intrados,4021
2024,13.7898320837559,7.90866452542374,-0.01,33,29,stringer,intrados,4022
34,12.4649056293621,12.3692328625807,-0.01,34,-2,rear spars,intrados,4023
34,14.1162899496399,8.03487140553117,-0.01,34,-1,front spars,intrados,4024
31,12.5218708764569,12.2197171088174,-0.01,34,1,stringer,intrados,4025
119,12.5788361235518,12.070201355054,-0.01,34,2,stringer,intrados,4026
207,12.6358013706467,11.9206856012907,-0.01,34,3,stringer,intrados,4027
295,12.6927666177415,11.7711698475273,-0.01,34,4,stringer,intrados,4028
383,12.7497318648364,11.621654093764,-0.01,34,5,stringer,intrados,4029
472,12.8066971119313,11.4721383400007,-0.01,34,6,stringer,intrados,4030
561,12.8636623590261,11.3226225862373,-0.01,34,7,stringer,intrados,4031
650,12.920627606121,11.173106832474,-0.01,34,8,stringer,intrados,4032
739,12.9775928532159,11.0235910787106,-0.01,34,9,stringer,intrados,4033
829,13.0345581003108,10.8740753249473,-0.01,34,10,stringer,intrados,4034
916,13.0915233474056,10.7245595711839,-0.01,34,11,stringer,intrados,4035
1001,13.1484885945005,10.5750438174206,-0.01,34,12,stringer,intrados,4036
1083,13.2054538415954,10.4255280636573,-0.01,34,13,stringer,intrados,4037
1162,13.2624190886902,10.2760123098939,-0.01,34,14,stringer,intrados,4038
1238,13.3193843357851,10.1264965561306,-0.01,34,15,stringer,intrados,4039
1311,13.37634958288,9.97698080236722,-0.01,34,16,stringer,intrados,4040
1382,13.4333148299748,9.82746504860388,-0.01,34,17,stringer,intrados,4041
1451,13.4902800770697,9.67794929484053,-0.01,34,18,stringer,intrados,4042
1517,13.5472453241646,9.52843354107719,-0.01,34,19,stringer,intrados,4043
1580,13.6042105712594,9.37891778731385,-0.01,34,20,stringer,intrados,4044
1640,13.6611758183543,9.22940203355051,-0.01,34,21,stringer,intrados,4045
1697,13.7181410654492,9.07988627978716,-0.01,34,22,stringer,intrados,4046
1752,13.775106312544,8.93037052602382,-0.01,34,23,stringer,intrados,4047
1805,13.8320715596389,8.78085477226048,-0.01,34,24,stringer,intrados,4048
1855,13.8890368067338,8.63133901849714,-0.01,34,25,stringer,intrados,4049
1902,13.9460020538286,8.48182326473379,-0.01,34,26,stringer,intrados,4050
1946,14.0029673009235,8.33230751097045,-0.01,34,27,stringer,intrados,4051
1987,14.0599325480184,8.18279175720711,-0.01,34,28,stringer,intrados,4052
35,12.7919713407194,12.4938443406007,-0.01,35,-2,rear spars,intrados,4053
35,14.4233949855333,8.21187334246801,-0.01,35,-1,front spars,intrados,4054
32,12.8489365878142,12.3443285868374,-0.01,35,1,stringer,intrados,4055
120,12.9059018349091,12.194812833074,-0.01,35,2,stringer,intrados,4056
208,12.962867082004,12.0452970793107,-0.01,35,3,stringer,intrados,4057
296,13.0198323290989,11.8957813255474,-0.01,35,4,stringer,intrados,4058
384,13.0767975761937,11.746265571784,-0.01,35,5,stringer,intrados,4059
473,13.1337628232886,11.5967498180207,-0.01,35,6,stringer,intrados,4060
562,13.1907280703835,11.4472340642573,-0.01,35,7,stringer,intrados,4061
651,13.2476933174783,11.297718310494,-0.01,35,8,stringer,intrados,4062
740,13.3046585645732,11.1482025567306,-0.01,35,9,stringer,intrados,4063
830,13.3616238116681,10.9986868029673,-0.01,35,10,stringer,intrados,4064
917,13.4185890587629,10.849171049204,-0.01,35,11,stringer,intrados,4065
1002,13.4755543058578,10.6996552954406,-0.01,35,12,stringer,intrados,4066
1084,13.5325195529527,10.5501395416773,-0.01,35,13,stringer,intrados,4067
1163,13.5894848000475,10.4006237879139,-0.01,35,14,stringer,intrados,4068
1239,13.6464500471424,10.2511080341506,-0.01,35,15,stringer,intrados,4069
1312,13.7034152942373,10.1015922803872,-0.01,35,16,stringer,intrados,4070
1383,13.7603805413321,9.9520765266239,-0.01,35,17,stringer,intrados,4071
1452,13.817345788427,9.80256077286056,-0.01,35,18,stringer,intrados,4072
1518,13.8743110355219,9.65304501909722,-0.01,35,19,stringer,intrados,4073
1581,13.9312762826167,9.50352926533387,-0.01,35,20,stringer,intrados,4074
1641,13.9882415297116,9.35401351157053,-0.01,35,21,stringer,intrados,4075
1698,14.0452067768065,9.20449775780719,-0.01,35,22,stringer,intrados,4076
1753,14.1021720239013,9.05498200404384,-0.01,35,23,stringer,intrados,4077
1806,14.1591372709962,8.9054662502805,-0.01,35,24,stringer,intrados,4078
1856,14.2161025180911,8.75595049651716,-0.01,35,25,stringer,intrados,4079
1903,14.273067765186,8.60643474275382,-0.01,35,26,stringer,intrados,4080
1947,14.3300330122808,8.45691898899047,-0.01,35,27,stringer,intrados,4081
1988,14.3869982593757,8.30740323522713,-0.01,35,28,stringer,intrados,4082
36,13.1190370520767,12.6184558186208,-0.01,36,-2,rear spars,intrados,4083
36,14.7305000214267,8.38887527940485,-0.01,36,-1,front spars,intrados,4084
33,13.1760022991716,12.4689400648574,-0.01,36,1,stringer,intrados,4085
121,13.2329675462664,12.3194243110941,-0.01,36,2,stringer,intrados,4086
209,13.2899327933613,12.1699085573307,-0.01,36,3,stringer,intrados,4087
297,13.3468980404562,12.0203928035674,-0.01,36,4,stringer,intrados,4088
385,13.403863287551,11.870877049804,-0.01,36,5,stringer,intrados,4089
474,13.4608285346459,11.7213612960407,-0.01,36,6,stringer,intrados,4090
563,13.5177937817408,11.5718455422774,-0.01,36,7,stringer,intrados,4091
652,13.5747590288356,11.422329788514,-0.01,36,8,stringer,intrados,4092
741,13.6317242759305,11.2728140347507,-0.01,36,9,stringer,intrados,4093
831,13.6886895230254,11.1232982809873,-0.01,36,10,stringer,intrados,4094
918,13.7456547701202,10.973782527224,-0.01,36,11,stringer,intrados,4095
1003,13.8026200172151,10.8242667734606,-0.01,36,12,stringer,intrados,4096
1085,13.85958526431,10.6747510196973,-0.01,36,13,stringer,intrados,4097
1164,13.9165505114049,10.525235265934,-0.01,36,14,stringer,intrados,4098
1240,13.9735157584997,10.3757195121706,-0.01,36,15,stringer,intrados,4099
1313,14.0304810055946,10.2262037584073,-0.01,36,16,stringer,intrados,4100
1384,14.0874462526895,10.0766880046439,-0.01,36,17,stringer,intrados,4101
1453,14.1444114997843,9.92717225088058,-0.01,36,18,stringer,intrados,4102
1519,14.2013767468792,9.77765649711724,-0.01,36,19,stringer,intrados,4103
1582,14.2583419939741,9.6281407433539,-0.01,36,20,stringer,intrados,4104
1642,14.3153072410689,9.47862498959056,-0.01,36,21,stringer,intrados,4105
1699,14.3722724881638,9.32910923582721,-0.01,36,22,stringer,intrados,4106
1754,14.4292377352587,9.17959348206387,-0.01,36,23,stringer,intrados,4107
1807,14.4862029823535,9.03007772830053,-0.01,36,24,stringer,intrados,4108
1857,14.5431682294484,8.88056197453718,-0.01,36,25,stringer,intrados,4109
1904,14.6001334765433,8.73104622077384,-0.01,36,26,stringer,intrados,4110
1948,14.6570987236381,8.5815304670105,-0.01,36,27,stringer,intrados,4111
1989,14.714063970733,8.43201471324715,-0.01,36,28,stringer,intrados,4112
37,13.446102763434,12.7430672966408,-0.01,37,-2,rear spars,intrados,4113
37,15.0376050573201,8.56587721634169,-0.01,37,-1,front spars,intrados,4114
34,13.5030680105289,12.5935515428774,-0.01,37,1,stringer,intrados,4115
122,13.5600332576237,12.4440357891141,-0.01,37,2,stringer,intrados,4116
210,13.6169985047186,12.2945200353508,-0.01,37,3,stringer,intrados,4117
298,13.6739637518135,12.1450042815874,-0.01,37,4,stringer,intrados,4118
386,13.7309289989083,11.9954885278241,-0.01,37,5,stringer,intrados,4119
475,13.7878942460032,11.8459727740607,-0.01,37,6,stringer,intrados,4120
564,13.8448594930981,11.6964570202974,-0.01,37,7,stringer,intrados,4121
653,13.901824740193,11.546941266534,-0.01,37,8,stringer,intrados,4122
742,13.9587899872878,11.3974255127707,-0.01,37,9,stringer,intrados,4123
832,14.0157552343827,11.2479097590074,-0.01,37,10,stringer,intrados,4124
919,14.0727204814776,11.098394005244,-0.01,37,11,stringer,intrados,4125
1004,14.1296857285724,10.9488782514807,-0.01,37,12,stringer,intrados,4126
1086,14.1866509756673,10.7993624977173,-0.01,37,13,stringer,intrados,4127
1165,14.2436162227622,10.649846743954,-0.01,37,14,stringer,intrados,4128
1241,14.300581469857,10.5003309901906,-0.01,37,15,stringer,intrados,4129
1314,14.3575467169519,10.3508152364273,-0.01,37,16,stringer,intrados,4130
1385,14.4145119640468,10.201299482664,-0.01,37,17,stringer,intrados,4131
1454,14.4714772111416,10.0517837289006,-0.01,37,18,stringer,intrados,4132
1520,14.5284424582365,9.90226797513727,-0.01,37,19,stringer,intrados,4133
1583,14.5854077053314,9.75275222137392,-0.01,37,20,stringer,intrados,4134
1643,14.6423729524262,9.60323646761058,-0.01,37,21,stringer,intrados,4135
1700,14.6993381995211,9.45372071384724,-0.01,37,22,stringer,intrados,4136
1755,14.756303446616,9.30420496008389,-0.01,37,23,stringer,intrados,4137
1808,14.8132686937108,9.15468920632055,-0.01,37,24,stringer,intrados,4138
1858,14.8702339408057,9.00517345255721,-0.01,37,25,stringer,intrados,4139
1905,14.9271991879006,8.85565769879387,-0.01,37,26,stringer,intrados,4140
1949,14.9841644349955,8.70614194503052,-0.01,37,27,stringer,intrados,4141
38,13.7731684747913,12.8676787746608,-0.01,38,-2,rear spars,intrados,4142
38,15.3447100932135,8.74287915327853,-0.01,38,-1,front spars,intrados,4143
35,13.8301337218862,12.7181630208975,-0.01,38,1,stringer,intrados,4144
123,13.8870989689811,12.5686472671341,-0.01,38,2,stringer,intrados,4145
211,13.9440642160759,12.4191315133708,-0.01,38,3,stringer,intrados,4146
299,14.0010294631708,12.2696157596074,-0.01,38,4,stringer,intrados,4147
387,14.0579947102657,12.1201000058441,-0.01,38,5,stringer,intrados,4148
476,14.1149599573605,11.9705842520807,-0.01,38,6,stringer,intrados,4149
565,14.1719252044554,11.8210684983174,-0.01,38,7,stringer,intrados,4150
654,14.2288904515503,11.6715527445541,-0.01,38,8,stringer,intrados,4151
743,14.2858556986451,11.5220369907907,-0.01,38,9,stringer,intrados,4152
833,14.34282094574,11.3725212370274,-0.01,38,10,stringer,intrados,4153
920,14.3997861928349,11.223005483264,-0.01,38,11,stringer,intrados,4154
1005,14.4567514399297,11.0734897295007,-0.01,38,12,stringer,intrados,4155
1087,14.5137166870246,10.9239739757373,-0.01,38,13,stringer,intrados,4156
1166,14.5706819341195,10.774458221974,-0.01,38,14,stringer,intrados,4157
1242,14.6276471812143,10.6249424682107,-0.01,38,15,stringer,intrados,4158
1315,14.6846124283092,10.4754267144473,-0.01,38,16,stringer,intrados,4159
1386,14.7415776754041,10.325910960684,-0.01,38,17,stringer,intrados,4160
1455,14.7985429224989,10.1763952069206,-0.01,38,18,stringer,intrados,4161
1521,14.8555081695938,10.0268794531573,-0.01,38,19,stringer,intrados,4162
1584,14.9124734166887,9.87736369939395,-0.01,38,20,stringer,intrados,4163
1644,14.9694386637836,9.7278479456306,-0.01,38,21,stringer,intrados,4164
1701,15.0264039108784,9.57833219186726,-0.01,38,22,stringer,intrados,4165
1756,15.0833691579733,9.42881643810392,-0.01,38,23,stringer,intrados,4166
1809,15.1403344050682,9.27930068434057,-0.01,38,24,stringer,intrados,4167
1859,15.197299652163,9.12978493057723,-0.01,38,25,stringer,intrados,4168
1906,15.2542648992579,8.98026917681389,-0.01,38,26,stringer,intrados,4169
1950,15.3112301463528,8.83075342305055,-0.01,38,27,stringer,intrados,4170
39,14.1002341861486,12.9922902526808,-0.01,39,-2,rear spars,intrados,4171
39,15.651815129107,8.91988109021537,-0.01,39,-1,front spars,intrados,4172
36,14.1571994332435,12.8427744989175,-0.01,39,1,stringer,intrados,4173
124,14.2141646803384,12.6932587451541,-0.01,39,2,stringer,intrados,4174
212,14.2711299274332,12.5437429913908,-0.01,39,3,stringer,intrados,4175
300,14.3280951745281,12.3942272376275,-0.01,39,4,stringer,intrados,4176
388,14.385060421623,12.2447114838641,-0.01,39,5,stringer,intrados,4177
477,14.4420256687178,12.0951957301008,-0.01,39,6,stringer,intrados,4178
566,14.4989909158127,11.9456799763374,-0.01,39,7,stringer,intrados,4179
655,14.5559561629076,11.7961642225741,-0.01,39,8,stringer,intrados,4180
744,14.6129214100024,11.6466484688107,-0.01,39,9,stringer,intrados,4181
834,14.6698866570973,11.4971327150474,-0.01,39,10,stringer,intrados,4182
921,14.7268519041922,11.3476169612841,-0.01,39,11,stringer,intrados,4183
1006,14.7838171512871,11.1981012075207,-0.01,39,12,stringer,intrados,4184
1088,14.8407823983819,11.0485854537574,-0.01,39,13,stringer,intrados,4185
1167,14.8977476454768,10.899069699994,-0.01,39,14,stringer,intrados,4186
1243,14.9547128925717,10.7495539462307,-0.01,39,15,stringer,intrados,4187
1316,15.0116781396665,10.6000381924673,-0.01,39,16,stringer,intrados,4188
1387,15.0686433867614,10.450522438704,-0.01,39,17,stringer,intrados,4189
1456,15.1256086338563,10.3010066849407,-0.01,39,18,stringer,intrados,4190
1522,15.1825738809511,10.1514909311773,-0.01,39,19,stringer,intrados,4191
1585,15.239539128046,10.001975177414,-0.01,39,20,stringer,intrados,4192
1645,15.2965043751409,9.85245942365063,-0.01,39,21,stringer,intrados,4193
1702,15.3534696222357,9.70294366988729,-0.01,39,22,stringer,intrados,4194
1757,15.4104348693306,9.55342791612394,-0.01,39,23,stringer,intrados,4195
1810,15.4674001164255,9.4039121623606,-0.01,39,24,stringer,intrados,4196
1860,15.5243653635203,9.25439640859726,-0.01,39,25,stringer,intrados,4197
1907,15.5813306106152,9.10488065483391,-0.01,39,26,stringer,intrados,4198
1951,15.6382958577101,8.95536490107057,-0.01,39,27,stringer,intrados,4199
40,14.4272998975059,13.1169017307009,-0.01,40,-2,rear spars,intrados,4200
40,15.9589201650004,9.09688302715221,-0.01,40,-1,front spars,intrados,4201
37,14.4842651446008,12.9673859769375,-0.01,40,1,stringer,intrados,4202
125,14.5412303916957,12.8178702231742,-0.01,40,2,stringer,intrados,4203
213,14.5981956387906,12.6683544694108,-0.01,40,3,stringer,intrados,4204
301,14.6551608858854,12.5188387156475,-0.01,40,4,stringer,intrados,4205
389,14.7121261329803,12.3693229618841,-0.01,40,5,stringer,intrados,4206
478,14.7690913800752,12.2198072081208,-0.01,40,6,stringer,intrados,4207
567,14.82605662717,12.0702914543575,-0.01,40,7,stringer,intrados,4208
656,14.8830218742649,11.9207757005941,-0.01,40,8,stringer,intrados,4209
745,14.9399871213598,11.7712599468308,-0.01,40,9,stringer,intrados,4210
835,14.9969523684546,11.6217441930674,-0.01,40,10,stringer,intrados,4211
922,15.0539176155495,11.4722284393041,-0.01,40,11,stringer,intrados,4212
1007,15.1108828626444,11.3227126855407,-0.01,40,12,stringer,intrados,4213
1089,15.1678481097392,11.1731969317774,-0.01,40,13,stringer,intrados,4214
1168,15.2248133568341,11.0236811780141,-0.01,40,14,stringer,intrados,4215
1244,15.281778603929,10.8741654242507,-0.01,40,15,stringer,intrados,4216
1317,15.3387438510238,10.7246496704874,-0.01,40,16,stringer,intrados,4217
1388,15.3957090981187,10.575133916724,-0.01,40,17,stringer,intrados,4218
1457,15.4526743452136,10.4256181629607,-0.01,40,18,stringer,intrados,4219
1523,15.5096395923084,10.2761024091973,-0.01,40,19,stringer,intrados,4220
1586,15.5666048394033,10.126586655434,-0.01,40,20,stringer,intrados,4221
1646,15.6235700864982,9.97707090167065,-0.01,40,21,stringer,intrados,4222
1703,15.6805353335931,9.82755514790731,-0.01,40,22,stringer,intrados,4223
1758,15.7375005806879,9.67803939414397,-0.01,40,23,stringer,intrados,4224
1811,15.7944658277828,9.52852364038063,-0.01,40,24,stringer,intrados,4225
1861,15.8514310748777,9.37900788661728,-0.01,40,25,stringer,intrados,4226
1908,15.9083963219725,9.22949213285394,-0.01,40,26,stringer,intrados,4227
41,14.7543656088633,13.2415132087209,-0.01,41,-2,rear spars,intrados,4228
41,16.2660252008938,9.27388496408905,-0.01,41,-1,front spars,intrados,4229
38,14.8113308559581,13.0919974549575,-0.01,41,1,stringer,intrados,4230
126,14.868296103053,12.9424817011942,-0.01,41,2,stringer,intrados,4231
214,14.9252613501479,12.7929659474309,-0.01,41,3,stringer,intrados,4232
302,14.9822265972427,12.6434501936675,-0.01,41,4,stringer,intrados,4233
390,15.0391918443376,12.4939344399042,-0.01,41,5,stringer,intrados,4234
479,15.0961570914325,12.3444186861408,-0.01,41,6,stringer,intrados,4235
568,15.1531223385273,12.1949029323775,-0.01,41,7,stringer,intrados,4236
657,15.2100875856222,12.0453871786141,-0.01,41,8,stringer,intrados,4237
746,15.2670528327171,11.8958714248508,-0.01,41,9,stringer,intrados,4238
836,15.3240180798119,11.7463556710874,-0.01,41,10,stringer,intrados,4239
923,15.3809833269068,11.5968399173241,-0.01,41,11,stringer,intrados,4240
1008,15.4379485740017,11.4473241635608,-0.01,41,12,stringer,intrados,4241
1090,15.4949138210965,11.2978084097974,-0.01,41,13,stringer,intrados,4242
1169,15.5518790681914,11.1482926560341,-0.01,41,14,stringer,intrados,4243
1245,15.6088443152863,10.9987769022707,-0.01,41,15,stringer,intrados,4244
1318,15.6658095623812,10.8492611485074,-0.01,41,16,stringer,intrados,4245
1389,15.722774809476,10.699745394744,-0.01,41,17,stringer,intrados,4246
1458,15.7797400565709,10.5502296409807,-0.01,41,18,stringer,intrados,4247
1524,15.8367053036658,10.4007138872174,-0.01,41,19,stringer,intrados,4248
1587,15.8936705507606,10.251198133454,-0.01,41,20,stringer,intrados,4249
1647,15.9506357978555,10.1016823796907,-0.01,41,21,stringer,intrados,4250
1704,16.0076010449504,9.95216662592733,-0.01,41,22,stringer,intrados,4251
1759,16.0645662920452,9.80265087216399,-0.01,41,23,stringer,intrados,4252
1812,16.1215315391401,9.65313511840065,-0.01,41,24,stringer,intrados,4253
1862,16.178496786235,9.50361936463731,-0.01,41,25,stringer,intrados,4254
1909,16.2354620333298,9.35410361087396,-0.01,41,26,stringer,intrados,4255
42,15.0814313202206,13.3661246867409,-0.01,42,-2,rear spars,intrados,4256
42,16.5731302367872,9.45088690102589,-0.01,42,-1,front spars,intrados,4257
39,15.1383965673154,13.2166089329776,-0.01,42,1,stringer,intrados,4258
127,15.1953618144103,13.0670931792142,-0.01,42,2,stringer,intrados,4259
215,15.2523270615052,12.9175774254509,-0.01,42,3,stringer,intrados,4260
303,15.3092923086,12.7680616716875,-0.01,42,4,stringer,intrados,4261
391,15.3662575556949,12.6185459179242,-0.01,42,5,stringer,intrados,4262
480,15.4232228027898,12.4690301641608,-0.01,42,6,stringer,intrados,4263
569,15.4801880498846,12.3195144103975,-0.01,42,7,stringer,intrados,4264
658,15.5371532969795,12.1699986566342,-0.01,42,8,stringer,intrados,4265
747,15.5941185440744,12.0204829028708,-0.01,42,9,stringer,intrados,4266
837,15.6510837911693,11.8709671491075,-0.01,42,10,stringer,intrados,4267
924,15.7080490382641,11.7214513953441,-0.01,42,11,stringer,intrados,4268
1009,15.765014285359,11.5719356415808,-0.01,42,12,stringer,intrados,4269
1091,15.8219795324539,11.4224198878174,-0.01,42,13,stringer,intrados,4270
1170,15.8789447795487,11.2729041340541,-0.01,42,14,stringer,intrados,4271
1246,15.9359100266436,11.1233883802908,-0.01,42,15,stringer,intrados,4272
1319,15.9928752737385,10.9738726265274,-0.01,42,16,stringer,intrados,4273
1390,16.0498405208333,10.8243568727641,-0.01,42,17,stringer,intrados,4274
1459,16.1068057679282,10.6748411190007,-0.01,42,18,stringer,intrados,4275
1525,16.1637710150231,10.5253253652374,-0.01,42,19,stringer,intrados,4276
1588,16.2207362621179,10.375809611474,-0.01,42,20,stringer,intrados,4277
1648,16.2777015092128,10.2262938577107,-0.01,42,21,stringer,intrados,4278
1705,16.3346667563077,10.0767781039474,-0.01,42,22,stringer,intrados,4279
1760,16.3916320034025,9.92726235018402,-0.01,42,23,stringer,intrados,4280
1813,16.4485972504974,9.77774659642067,-0.01,42,24,stringer,intrados,4281
1863,16.5055624975923,9.62823084265733,-0.01,42,25,stringer,intrados,4282
1910,16.5625277446871,9.47871508889399,-0.01,42,26,stringer,intrados,4283
43,15.4084970315779,13.4907361647609,-0.01,43,-2,rear spars,intrados,4284
43,16.8802352726806,9.62788883796272,-0.01,43,-1,front spars,intrados,4285
40,15.4654622786727,13.3412204109976,-0.01,43,1,stringer,intrados,4286
128,15.5224275257676,13.1917046572342,-0.01,43,2,stringer,intrados,4287
216,15.5793927728625,13.0421889034709,-0.01,43,3,stringer,intrados,4288
304,15.6363580199574,12.8926731497076,-0.01,43,4,stringer,intrados,4289
392,15.6933232670522,12.7431573959442,-0.01,43,5,stringer,intrados,4290
481,15.7502885141471,12.5936416421809,-0.01,43,6,stringer,intrados,4291
570,15.807253761242,12.4441258884175,-0.01,43,7,stringer,intrados,4292
659,15.8642190083368,12.2946101346542,-0.01,43,8,stringer,intrados,4293
748,15.9211842554317,12.1450943808908,-0.01,43,9,stringer,intrados,4294
838,15.9781495025266,11.9955786271275,-0.01,43,10,stringer,intrados,4295
925,16.0351147496214,11.8460628733642,-0.01,43,11,stringer,intrados,4296
1010,16.0920799967163,11.6965471196008,-0.01,43,12,stringer,intrados,4297
1092,16.1490452438112,11.5470313658375,-0.01,43,13,stringer,intrados,4298
1171,16.206010490906,11.3975156120741,-0.01,43,14,stringer,intrados,4299
1247,16.2629757380009,11.2479998583108,-0.01,43,15,stringer,intrados,4300
1320,16.3199409850958,11.0984841045474,-0.01,43,16,stringer,intrados,4301
1391,16.3769062321906,10.9489683507841,-0.01,43,17,stringer,intrados,4302
1460,16.4338714792855,10.7994525970208,-0.01,43,18,stringer,intrados,4303
1526,16.4908367263804,10.6499368432574,-0.01,43,19,stringer,intrados,4304
1589,16.5478019734752,10.5004210894941,-0.01,43,20,stringer,intrados,4305
1649,16.6047672205701,10.3509053357307,-0.01,43,21,stringer,intrados,4306
1706,16.661732467665,10.2013895819674,-0.01,43,22,stringer,intrados,4307
1761,16.7186977147599,10.051873828204,-0.01,43,23,stringer,intrados,4308
1814,16.7756629618547,9.9023580744407,-0.01,43,24,stringer,intrados,4309
1864,16.8326282089496,9.75284232067735,-0.01,43,25,stringer,intrados,4310
44,15.7355627429352,13.615347642781,-0.01,44,-2,rear spars,intrados,4311
44,17.187340308574,9.80489077489956,-0.01,44,-1,front spars,intrados,4312
41,15.7925279900301,13.4658318890176,-0.01,44,1,stringer,intrados,4313
129,15.8494932371249,13.3163161352543,-0.01,44,2,stringer,intrados,4314
217,15.9064584842198,13.1668003814909,-0.01,44,3,stringer,intrados,4315
305,15.9634237313147,13.0172846277276,-0.01,44,4,stringer,intrados,4316
393,16.0203889784095,12.8677688739642,-0.01,44,5,stringer,intrados,4317
482,16.0773542255044,12.7182531202009,-0.01,44,6,stringer,intrados,4318
571,16.1343194725993,12.5687373664376,-0.01,44,7,stringer,intrados,4319
660,16.1912847196941,12.4192216126742,-0.01,44,8,stringer,intrados,4320
749,16.248249966789,12.2697058589109,-0.01,44,9,stringer,intrados,4321
839,16.3052152138839,12.1201901051475,-0.01,44,10,stringer,intrados,4322
926,16.3621804609787,11.9706743513842,-0.01,44,11,stringer,intrados,4323
1011,16.4191457080736,11.8211585976208,-0.01,44,12,stringer,intrados,4324
1093,16.4761109551685,11.6716428438575,-0.01,44,13,stringer,intrados,4325
1172,16.5330762022634,11.5221270900942,-0.01,44,14,stringer,intrados,4326
1248,16.5900414493582,11.3726113363308,-0.01,44,15,stringer,intrados,4327
1321,16.6470066964531,11.2230955825675,-0.01,44,16,stringer,intrados,4328
1392,16.703971943548,11.0735798288041,-0.01,44,17,stringer,intrados,4329
1461,16.7609371906428,10.9240640750408,-0.01,44,18,stringer,intrados,4330
1527,16.8179024377377,10.7745483212774,-0.01,44,19,stringer,intrados,4331
1590,16.8748676848326,10.6250325675141,-0.01,44,20,stringer,intrados,4332
1650,16.9318329319274,10.4755168137507,-0.01,44,21,stringer,intrados,4333
1707,16.9887981790223,10.3260010599874,-0.01,44,22,stringer,intrados,4334
1762,17.0457634261172,10.1764853062241,-0.01,44,23,stringer,intrados,4335
1815,17.102728673212,10.0269695524607,-0.01,44,24,stringer,intrados,4336
1865,17.1596939203069,9.87745379869738,-0.01,44,25,stringer,intrados,4337
45,16.0626284542925,13.739959120801,-0.01,45,-2,rear spars,intrados,4338
45,17.4944453444674,9.9818927118364,-0.01,45,-1,front spars,intrados,4339
42,16.1195937013874,13.5904433670376,-0.01,45,1,stringer,intrados,4340
130,16.1765589484822,13.4409276132743,-0.01,45,2,stringer,intrados,4341
218,16.2335241955771,13.2914118595109,-0.01,45,3,stringer,intrados,4342
306,16.290489442672,13.1418961057476,-0.01,45,4,stringer,intrados,4343
394,16.3474546897668,12.9923803519843,-0.01,45,5,stringer,intrados,4344
483,16.4044199368617,12.8428645982209,-0.01,45,6,stringer,intrados,4345
572,16.4613851839566,12.6933488444576,-0.01,45,7,stringer,intrados,4346
661,16.5183504310515,12.5438330906942,-0.01,45,8,stringer,intrados,4347
750,16.5753156781463,12.3943173369309,-0.01,45,9,stringer,intrados,4348
840,16.6322809252412,12.2448015831675,-0.01,45,10,stringer,intrados,4349
927,16.6892461723361,12.0952858294042,-0.01,45,11,stringer,intrados,4350
1012,16.7462114194309,11.9457700756409,-0.01,45,12,stringer,intrados,4351
1094,16.8031766665258,11.7962543218775,-0.01,45,13,stringer,intrados,4352
1173,16.8601419136207,11.6467385681142,-0.01,45,14,stringer,intrados,4353
1249,16.9171071607155,11.4972228143508,-0.01,45,15,stringer,intrados,4354
1322,16.9740724078104,11.3477070605875,-0.01,45,16,stringer,intrados,4355
1393,17.0310376549053,11.1981913068241,-0.01,45,17,stringer,intrados,4356
1462,17.0880029020001,11.0486755530608,-0.01,45,18,stringer,intrados,4357
1528,17.144968149095,10.8991597992975,-0.01,45,19,stringer,intrados,4358
1591,17.2019333961899,10.7496440455341,-0.01,45,20,stringer,intrados,4359
1651,17.2588986432847,10.6001282917708,-0.01,45,21,stringer,intrados,4360
1708,17.3158638903796,10.4506125380074,-0.01,45,22,stringer,intrados,4361
1763,17.3728291374745,10.3010967842441,-0.01,45,23,stringer,intrados,4362
1816,17.4297943845693,10.1515810304807,-0.01,45,24,stringer,intrados,4363
1866,17.4867596316642,10.0020652767174,-0.01,45,25,stringer,intrados,4364
46,16.3896941656498,13.864570598821,-0.01,46,-2,rear spars,intrados,4365
46,17.8015503803609,10.1588946487732,-0.01,46,-1,front spars,intrados,4366
43,16.4466594127447,13.7150548450577,-0.01,46,1,stringer,intrados,4367
131,16.5036246598396,13.5655390912943,-0.01,46,2,stringer,intrados,4368
219,16.5605899069344,13.416023337531,-0.01,46,3,stringer,intrados,4369
307,16.6175551540293,13.2665075837676,-0.01,46,4,stringer,intrados,4370
395,16.6745204011242,13.1169918300043,-0.01,46,5,stringer,intrados,4371
484,16.731485648219,12.9674760762409,-0.01,46,6,stringer,intrados,4372
573,16.7884508953139,12.8179603224776,-0.01,46,7,stringer,intrados,4373
662,16.8454161424088,12.6684445687143,-0.01,46,8,stringer,intrados,4374
751,16.9023813895036,12.5189288149509,-0.01,46,9,stringer,intrados,4375
841,16.9593466365985,12.3694130611876,-0.01,46,10,stringer,intrados,4376
928,17.0163118836934,12.2198973074242,-0.01,46,11,stringer,intrados,4377
1013,17.0732771307882,12.0703815536609,-0.01,46,12,stringer,intrados,4378
1095,17.1302423778831,11.9208657998975,-0.01,46,13,stringer,intrados,4379
1174,17.187207624978,11.7713500461342,-0.01,46,14,stringer,intrados,4380
1250,17.2441728720728,11.6218342923709,-0.01,46,15,stringer,intrados,4381
1323,17.3011381191677,11.4723185386075,-0.01,46,16,stringer,intrados,4382
1394,17.3581033662626,11.3228027848442,-0.01,46,17,stringer,intrados,4383
1463,17.4150686133574,11.1732870310808,-0.01,46,18,stringer,intrados,4384
1529,17.4720338604523,11.0237712773175,-0.01,46,19,stringer,intrados,4385
1592,17.5289991075472,10.8742555235541,-0.01,46,20,stringer,intrados,4386
1652,17.5859643546421,10.7247397697908,-0.01,46,21,stringer,intrados,4387
1709,17.6429296017369,10.5752240160275,-0.01,46,22,stringer,intrados,4388
1764,17.6998948488318,10.4257082622641,-0.01,46,23,stringer,intrados,4389
1817,17.7568600959267,10.2761925085008,-0.01,46,24,stringer,intrados,4390
47,16.7167598770071,13.989182076841,-0.01,47,-2,rear spars,intrados,4391
47,18.1086554162543,10.3358965857101,-0.01,47,-1,front spars,intrados,4392
44,16.773725124102,13.8396663230777,-0.01,47,1,stringer,intrados,4393
132,16.8306903711969,13.6901505693143,-0.01,47,2,stringer,intrados,4394
220,16.8876556182917,13.540634815551,-0.01,47,3,stringer,intrados,4395
308,16.9446208653866,13.3911190617877,-0.01,47,4,stringer,intrados,4396
396,17.0015861124815,13.2416033080243,-0.01,47,5,stringer,intrados,4397
485,17.0585513595763,13.092087554261,-0.01,47,6,stringer,intrados,4398
574,17.1155166066712,12.9425718004976,-0.01,47,7,stringer,intrados,4399
663,17.1724818537661,12.7930560467343,-0.01,47,8,stringer,intrados,4400
752,17.2294471008609,12.6435402929709,-0.01,47,9,stringer,intrados,4401
842,17.2864123479558,12.4940245392076,-0.01,47,10,stringer,intrados,4402
929,17.3433775950507,12.3445087854443,-0.01,47,11,stringer,intrados,4403
1014,17.4003428421456,12.1949930316809,-0.01,47,12,stringer,intrados,4404
1096,17.4573080892404,12.0454772779176,-0.01,47,13,stringer,intrados,4405
1175,17.5142733363353,11.8959615241542,-0.01,47,14,stringer,intrados,4406
1251,17.5712385834302,11.7464457703909,-0.01,47,15,stringer,intrados,4407
1324,17.628203830525,11.5969300166275,-0.01,47,16,stringer,intrados,4408
1395,17.6851690776199,11.4474142628642,-0.01,47,17,stringer,intrados,4409
1464,17.7421343247148,11.2978985091009,-0.01,47,18,stringer,intrados,4410
1530,17.7990995718096,11.1483827553375,-0.01,47,19,stringer,intrados,4411
1593,17.8560648189045,10.9988670015742,-0.01,47,20,stringer,intrados,4412
1653,17.9130300659994,10.8493512478108,-0.01,47,21,stringer,intrados,4413
1710,17.9699953130942,10.6998354940475,-0.01,47,22,stringer,intrados,4414
1765,18.0269605601891,10.5503197402841,-0.01,47,23,stringer,intrados,4415
1818,18.083925807284,10.4008039865208,-0.01,47,24,stringer,intrados,4416
48,17.0438255883644,14.113793554861,-0.01,48,-2,rear spars,intrados,4417
48,18.4157604521477,10.5128985226469,-0.01,48,-1,front spars,intrados,4418
45,17.1007908354593,13.9642778010977,-0.01,48,1,stringer,intrados,4419
133,17.1577560825542,13.8147620473344,-0.01,48,2,stringer,intrados,4420
221,17.214721329649,13.665246293571,-0.01,48,3,stringer,intrados,4421
309,17.2716865767439,13.5157305398077,-0.01,48,4,stringer,intrados,4422
397,17.3286518238388,13.3662147860443,-0.01,48,5,stringer,intrados,4423
486,17.3856170709337,13.216699032281,-0.01,48,6,stringer,intrados,4424
575,17.4425823180285,13.0671832785176,-0.01,48,7,stringer,intrados,4425
664,17.4995475651234,12.9176675247543,-0.01,48,8,stringer,intrados,4426
753,17.5565128122183,12.768151770991,-0.01,48,9,stringer,intrados,4427
843,17.6134780593131,12.6186360172276,-0.01,48,10,stringer,intrados,4428
930,17.670443306408,12.4691202634643,-0.01,48,11,stringer,intrados,4429
1015,17.7274085535029,12.3196045097009,-0.01,48,12,stringer,intrados,4430
1097,17.7843738005977,12.1700887559376,-0.01,48,13,stringer,intrados,4431
1176,17.8413390476926,12.0205730021742,-0.01,48,14,stringer,intrados,4432
1252,17.8983042947875,11.8710572484109,-0.01,48,15,stringer,intrados,4433
1325,17.9552695418823,11.7215414946476,-0.01,48,16,stringer,intrados,4434
1396,18.0122347889772,11.5720257408842,-0.01,48,17,stringer,intrados,4435
1465,18.0692000360721,11.4225099871209,-0.01,48,18,stringer,intrados,4436
1531,18.1261652831669,11.2729942333575,-0.01,48,19,stringer,intrados,4437
1594,18.1831305302618,11.1234784795942,-0.01,48,20,stringer,intrados,4438
1654,18.2400957773567,10.9739627258308,-0.01,48,21,stringer,intrados,4439
1711,18.2970610244515,10.8244469720675,-0.01,48,22,stringer,intrados,4440
1766,18.3540262715464,10.6749312183042,-0.01,48,23,stringer,intrados,4441
1819,18.4109915186413,10.5254154645408,-0.01,48,24,stringer,intrados,4442
49,17.3708912997218,14.2384050328811,-0.01,49,-2,rear spars,intrados,4443
49,18.7228654880411,10.6899004595838,-0.01,49,-1,front spars,intrados,4444
46,17.4278565468166,14.0888892791177,-0.01,49,1,stringer,intrados,4445
134,17.4848217939115,13.9393735253544,-0.01,49,2,stringer,intrados,4446
222,17.5417870410064,13.789857771591,-0.01,49,3,stringer,intrados,4447
310,17.5987522881012,13.6403420178277,-0.01,49,4,stringer,intrados,4448
398,17.6557175351961,13.4908262640644,-0.01,49,5,stringer,intrados,4449
487,17.712682782291,13.341310510301,-0.01,49,6,stringer,intrados,4450
576,17.7696480293858,13.1917947565377,-0.01,49,7,stringer,intrados,4451
665,17.8266132764807,13.0422790027743,-0.01,49,8,stringer,intrados,4452
754,17.8835785235756,12.892763249011,-0.01,49,9,stringer,intrados,4453
844,17.9405437706704,12.7432474952476,-0.01,49,10,stringer,intrados,4454
931,17.9975090177653,12.5937317414843,-0.01,49,11,stringer,intrados,4455
1016,18.0544742648602,12.444215987721,-0.01,49,12,stringer,intrados,4456
1098,18.111439511955,12.2947002339576,-0.01,49,13,stringer,intrados,4457
1177,18.1684047590499,12.1451844801943,-0.01,49,14,stringer,intrados,4458
1253,18.2253700061448,11.9956687264309,-0.01,49,15,stringer,intrados,4459
1326,18.2823352532397,11.8461529726676,-0.01,49,16,stringer,intrados,4460
1397,18.3393005003345,11.6966372189042,-0.01,49,17,stringer,intrados,4461
1466,18.3962657474294,11.5471214651409,-0.01,49,18,stringer,intrados,4462
1532,18.4532309945243,11.3976057113776,-0.01,49,19,stringer,intrados,4463
1595,18.5101962416191,11.2480899576142,-0.01,49,20,stringer,intrados,4464
1655,18.567161488714,11.0985742038509,-0.01,49,21,stringer,intrados,4465
1712,18.6241267358089,10.9490584500875,-0.01,49,22,stringer,intrados,4466
1767,18.6810919829037,10.7995426963242,-0.01,49,23,stringer,intrados,4467
50,17.6979570110791,14.3630165109011,-0.01,50,-2,rear spars,intrados,4468
50,19.0299705239345,10.8669023965206,-0.01,50,-1,front spars,intrados,4469
47,17.7549222581739,14.2135007571378,-0.01,50,1,stringer,intrados,4470
135,17.8118875052688,14.0639850033744,-0.01,50,2,stringer,intrados,4471
223,17.8688527523637,13.9144692496111,-0.01,50,3,stringer,intrados,4472
311,17.9258179994585,13.7649534958477,-0.01,50,4,stringer,intrados,4473
399,17.9827832465534,13.6154377420844,-0.01,50,5,stringer,intrados,4474
488,18.0397484936483,13.465921988321,-0.01,50,6,stringer,intrados,4475
577,18.0967137407431,13.3164062345577,-0.01,50,7,stringer,intrados,4476
666,18.153678987838,13.1668904807944,-0.01,50,8,stringer,intrados,4477
755,18.2106442349329,13.017374727031,-0.01,50,9,stringer,intrados,4478
845,18.2676094820278,12.8678589732677,-0.01,50,10,stringer,intrados,4479
932,18.3245747291226,12.7183432195043,-0.01,50,11,stringer,intrados,4480
1017,18.3815399762175,12.568827465741,-0.01,50,12,stringer,intrados,4481
1099,18.4385052233124,12.4193117119776,-0.01,50,13,stringer,intrados,4482
1178,18.4954704704072,12.2697959582143,-0.01,50,14,stringer,intrados,4483
1254,18.5524357175021,12.120280204451,-0.01,50,15,stringer,intrados,4484
1327,18.609400964597,11.9707644506876,-0.01,50,16,stringer,intrados,4485
1398,18.6663662116918,11.8212486969243,-0.01,50,17,stringer,intrados,4486
1467,18.7233314587867,11.6717329431609,-0.01,50,18,stringer,intrados,4487
1533,18.7802967058816,11.5222171893976,-0.01,50,19,stringer,intrados,4488
1596,18.8372619529764,11.3727014356342,-0.01,50,20,stringer,intrados,4489
1656,18.8942272000713,11.2231856818709,-0.01,50,21,stringer,intrados,4490
1713,18.9511924471662,11.0736699281076,-0.01,50,22,stringer,intrados,4491
1768,19.008157694261,10.9241541743442,-0.01,50,23,stringer,intrados,4492
51,18.0250227224364,14.4876279889211,-0.01,51,-2,rear spars,intrados,4493
51,19.3370755598279,11.0439043334574,-0.01,51,-1,front spars,intrados,4494
48,18.0819879695313,14.3381122351578,-0.01,51,1,stringer,intrados,4495
136,18.1389532166261,14.1885964813944,-0.01,51,2,stringer,intrados,4496
224,18.195918463721,14.0390807276311,-0.01,51,3,stringer,intrados,4497
312,18.2528837108159,13.8895649738677,-0.01,51,4,stringer,intrados,4498
400,18.3098489579107,13.7400492201044,-0.01,51,5,stringer,intrados,4499
489,18.3668142050056,13.5905334663411,-0.01,51,6,stringer,intrados,4500
578,18.4237794521005,13.4410177125777,-0.01,51,7,stringer,intrados,4501
667,18.4807446991953,13.2915019588144,-0.01,51,8,stringer,intrados,4502
756,18.5377099462902,13.141986205051,-0.01,51,9,stringer,intrados,4503
846,18.5946751933851,12.9924704512877,-0.01,51,10,stringer,intrados,4504
933,18.6516404404799,12.8429546975243,-0.01,51,11,stringer,intrados,4505
1018,18.7086056875748,12.693438943761,-0.01,51,12,stringer,intrados,4506
1100,18.7655709346697,12.5439231899977,-0.01,51,13,stringer,intrados,4507
1179,18.8225361817645,12.3944074362343,-0.01,51,14,stringer,intrados,4508
1255,18.8795014288594,12.244891682471,-0.01,51,15,stringer,intrados,4509
1328,18.9364666759543,12.0953759287076,-0.01,51,16,stringer,intrados,4510
1399,18.9934319230491,11.9458601749443,-0.01,51,17,stringer,intrados,4511
1468,19.050397170144,11.7963444211809,-0.01,51,18,stringer,intrados,4512
1534,19.1073624172389,11.6468286674176,-0.01,51,19,stringer,intrados,4513
1597,19.1643276643337,11.4973129136543,-0.01,51,20,stringer,intrados,4514
1657,19.2212929114286,11.3477971598909,-0.01,51,21,stringer,intrados,4515
1714,19.2782581585235,11.1982814061276,-0.01,51,22,stringer,intrados,4516
1769,19.3352234056184,11.0487656523642,-0.01,51,23,stringer,intrados,4517
52,18.3520884337937,14.6122394669411,-0.01,52,-2,rear spars,intrados,4518
52,19.6441805957214,11.2209062703943,-0.01,52,-1,front spars,intrados,4519
49,18.4090536808886,14.4627237131778,-0.01,52,1,stringer,intrados,4520
137,18.4660189279834,14.3132079594145,-0.01,52,2,stringer,intrados,4521
225,18.5229841750783,14.1636922056511,-0.01,52,3,stringer,intrados,4522
313,18.5799494221732,14.0141764518878,-0.01,52,4,stringer,intrados,4523
401,18.636914669268,13.8646606981244,-0.01,52,5,stringer,intrados,4524
490,18.6938799163629,13.7151449443611,-0.01,52,6,stringer,intrados,4525
579,18.7508451634578,13.5656291905977,-0.01,52,7,stringer,intrados,4526
668,18.8078104105526,13.4161134368344,-0.01,52,8,stringer,intrados,4527
757,18.8647756576475,13.2665976830711,-0.01,52,9,stringer,intrados,4528
847,18.9217409047424,13.1170819293077,-0.01,52,10,stringer,intrados,4529
934,18.9787061518372,12.9675661755444,-0.01,52,11,stringer,intrados,4530
1019,19.0356713989321,12.818050421781,-0.01,52,12,stringer,intrados,4531
1101,19.092636646027,12.6685346680177,-0.01,52,13,stringer,intrados,4532
1180,19.1496018931219,12.5190189142543,-0.01,52,14,stringer,intrados,4533
1256,19.2065671402167,12.369503160491,-0.01,52,15,stringer,intrados,4534
1329,19.2635323873116,12.2199874067277,-0.01,52,16,stringer,intrados,4535
1400,19.3204976344065,12.0704716529643,-0.01,52,17,stringer,intrados,4536
1469,19.3774628815013,11.920955899201,-0.01,52,18,stringer,intrados,4537
1535,19.4344281285962,11.7714401454376,-0.01,52,19,stringer,intrados,4538
1598,19.4913933756911,11.6219243916743,-0.01,52,20,stringer,intrados,4539
1658,19.5483586227859,11.4724086379109,-0.01,52,21,stringer,intrados,4540
1715,19.6053238698808,11.3228928841476,-0.01,52,22,stringer,intrados,4541
53,18.679154145151,14.7368509449612,-0.01,53,-2,rear spars,intrados,4542
53,19.9512856316148,11.3979082073311,-0.01,53,-1,front spars,intrados,4543
50,18.7361193922459,14.5873351911978,-0.01,53,1,stringer,intrados,4544
138,18.7930846393407,14.4378194374345,-0.01,53,2,stringer,intrados,4545
226,18.8500498864356,14.2883036836711,-0.01,53,3,stringer,intrados,4546
314,18.9070151335305,14.1387879299078,-0.01,53,4,stringer,intrados,4547
402,18.9639803806253,13.9892721761445,-0.01,53,5,stringer,intrados,4548
491,19.0209456277202,13.8397564223811,-0.01,53,6,stringer,intrados,4549
580,19.0779108748151,13.6902406686178,-0.01,53,7,stringer,intrados,4550
669,19.13487612191,13.5407249148544,-0.01,53,8,stringer,intrados,4551
758,19.1918413690048,13.3912091610911,-0.01,53,9,stringer,intrados,4552
848,19.2488066160997,13.2416934073277,-0.01,53,10,stringer,intrados,4553
935,19.3057718631946,13.0921776535644,-0.01,53,11,stringer,intrados,4554
1020,19.3627371102894,12.9426618998011,-0.01,53,12,stringer,intrados,4555
1102,19.4197023573843,12.7931461460377,-0.01,53,13,stringer,intrados,4556
1181,19.4766676044792,12.6436303922744,-0.01,53,14,stringer,intrados,4557
1257,19.533632851574,12.494114638511,-0.01,53,15,stringer,intrados,4558
1330,19.5905980986689,12.3445988847477,-0.01,53,16,stringer,intrados,4559
1401,19.6475633457638,12.1950831309843,-0.01,53,17,stringer,intrados,4560
1470,19.7045285928586,12.045567377221,-0.01,53,18,stringer,intrados,4561
1536,19.7614938399535,11.8960516234577,-0.01,53,19,stringer,intrados,4562
1599,19.8184590870484,11.7465358696943,-0.01,53,20,stringer,intrados,4563
1659,19.8754243341432,11.597020115931,-0.01,53,21,stringer,intrados,4564
1716,19.9323895812381,11.4475043621676,-0.01,53,22,stringer,intrados,4565
54,19.0062198565083,14.8614624229812,-0.01,54,-2,rear spars,intrados,4566
54,20.2583906675082,11.574910144268,-0.01,54,-1,front spars,intrados,4567
51,19.0631851036032,14.7119466692179,-0.01,54,1,stringer,intrados,4568
139,19.1201503506981,14.5624309154545,-0.01,54,2,stringer,intrados,4569
227,19.1771155977929,14.4129151616912,-0.01,54,3,stringer,intrados,4570
315,19.2340808448878,14.2633994079278,-0.01,54,4,stringer,intrados,4571
403,19.2910460919827,14.1138836541645,-0.01,54,5,stringer,intrados,4572
492,19.3480113390775,13.9643679004011,-0.01,54,6,stringer,intrados,4573
581,19.4049765861724,13.8148521466378,-0.01,54,7,stringer,intrados,4574
670,19.4619418332673,13.6653363928744,-0.01,54,8,stringer,intrados,4575
759,19.5189070803621,13.5158206391111,-0.01,54,9,stringer,intrados,4576
849,19.575872327457,13.3663048853478,-0.01,54,10,stringer,intrados,4577
936,19.6328375745519,13.2167891315844,-0.01,54,11,stringer,intrados,4578
1021,19.6898028216467,13.0672733778211,-0.01,54,12,stringer,intrados,4579
1103,19.7467680687416,12.9177576240577,-0.01,54,13,stringer,intrados,4580
1182,19.8037333158365,12.7682418702944,-0.01,54,14,stringer,intrados,4581
1258,19.8606985629313,12.6187261165311,-0.01,54,15,stringer,intrados,4582
1331,19.9176638100262,12.4692103627677,-0.01,54,16,stringer,intrados,4583
1402,19.9746290571211,12.3196946090044,-0.01,54,17,stringer,intrados,4584
1471,20.0315943042159,12.170178855241,-0.01,54,18,stringer,intrados,4585
1537,20.0885595513108,12.0206631014777,-0.01,54,19,stringer,intrados,4586
1600,20.1455247984057,11.8711473477143,-0.01,54,20,stringer,intrados,4587
1660,20.2024900455006,11.721631593951,-0.01,54,21,stringer,intrados,4588
55,19.3332855678656,14.9860739010012,-0.01,55,-2,rear spars,intrados,4589
55,20.5654957034016,11.7519120812048,-0.01,55,-1,front spars,intrados,4590
52,19.3902508149605,14.8365581472379,-0.01,55,1,stringer,intrados,4591
140,19.4472160620554,14.6870423934745,-0.01,55,2,stringer,intrados,4592
228,19.5041813091502,14.5375266397112,-0.01,55,3,stringer,intrados,4593
316,19.5611465562451,14.3880108859478,-0.01,55,4,stringer,intrados,4594
404,19.61811180334,14.2384951321845,-0.01,55,5,stringer,intrados,4595
493,19.6750770504348,14.0889793784212,-0.01,55,6,stringer,intrados,4596
582,19.7320422975297,13.9394636246578,-0.01,55,7,stringer,intrados,4597
671,19.7890075446246,13.7899478708945,-0.01,55,8,stringer,intrados,4598
760,19.8459727917194,13.6404321171311,-0.01,55,9,stringer,intrados,4599
850,19.9029380388143,13.4909163633678,-0.01,55,10,stringer,intrados,4600
937,19.9599032859092,13.3414006096044,-0.01,55,11,stringer,intrados,4601
1022,20.016868533004,13.1918848558411,-0.01,55,12,stringer,intrados,4602
1104,20.0738337800989,13.0423691020778,-0.01,55,13,stringer,intrados,4603
1183,20.1307990271938,12.8928533483144,-0.01,55,14,stringer,intrados,4604
1259,20.1877642742887,12.7433375945511,-0.01,55,15,stringer,intrados,4605
1332,20.2447295213835,12.5938218407877,-0.01,55,16,stringer,intrados,4606
1403,20.3016947684784,12.4443060870244,-0.01,55,17,stringer,intrados,4607
1472,20.3586600155733,12.294790333261,-0.01,55,18,stringer,intrados,4608
1538,20.4156252626681,12.1452745794977,-0.01,55,19,stringer,intrados,4609
1601,20.472590509763,11.9957588257344,-0.01,55,20,stringer,intrados,4610
1661,20.5295557568579,11.846243071971,-0.01,55,21,stringer,intrados,4611
56,19.6603512792229,15.1106853790212,-0.01,56,-2,rear spars,intrados,4612
56,20.872600739295,11.9289140181416,-0.01,56,-1,front spars,intrados,4613
53,19.7173165263178,14.9611696252579,-0.01,56,1,stringer,intrados,4614
141,19.7742817734127,14.8116538714946,-0.01,56,2,stringer,intrados,4615
229,19.8312470205075,14.6621381177312,-0.01,56,3,stringer,intrados,4616
317,19.8882122676024,14.5126223639679,-0.01,56,4,stringer,intrados,4617
405,19.9451775146973,14.3631066102045,-0.01,56,5,stringer,intrados,4618
494,20.0021427617922,14.2135908564412,-0.01,56,6,stringer,intrados,4619
583,20.059108008887,14.0640751026778,-0.01,56,7,stringer,intrados,4620
672,20.1160732559819,13.9145593489145,-0.01,56,8,stringer,intrados,4621
761,20.1730385030768,13.7650435951512,-0.01,56,9,stringer,intrados,4622
851,20.2300037501716,13.6155278413878,-0.01,56,10,stringer,intrados,4623
938,20.2869689972665,13.4660120876245,-0.01,56,11,stringer,intrados,4624
1023,20.3439342443614,13.3164963338611,-0.01,56,12,stringer,intrados,4625
1105,20.4008994914562,13.1669805800978,-0.01,56,13,stringer,intrados,4626
1184,20.4578647385511,13.0174648263344,-0.01,56,14,stringer,intrados,4627
1260,20.514829985646,12.8679490725711,-0.01,56,15,stringer,intrados,4628
1333,20.5717952327408,12.7184333188078,-0.01,56,16,stringer,intrados,4629
1404,20.6287604798357,12.5689175650444,-0.01,56,17,stringer,intrados,4630
1473,20.6857257269306,12.4194018112811,-0.01,56,18,stringer,intrados,4631
1539,20.7426909740254,12.2698860575177,-0.01,56,19,stringer,intrados,4632
1602,20.7996562211203,12.1203703037544,-0.01,56,20,stringer,intrados,4633
1662,20.8566214682152,11.970854549991,-0.01,56,21,stringer,intrados,4634
57,19.9874169905803,15.2352968570413,-0.01,57,-2,rear spars,intrados,4635
57,21.1797057751884,12.1059159550785,-0.01,57,-1,front spars,intrados,4636
54,20.0443822376751,15.0857811032779,-0.01,57,1,stringer,intrados,4637
142,20.10134748477,14.9362653495146,-0.01,57,2,stringer,intrados,4638
230,20.1583127318649,14.7867495957512,-0.01,57,3,stringer,intrados,4639
318,20.2152779789597,14.6372338419879,-0.01,57,4,stringer,intrados,4640
406,20.2722432260546,14.4877180882246,-0.01,57,5,stringer,intrados,4641
495,20.3292084731495,14.3382023344612,-0.01,57,6,stringer,intrados,4642
584,20.3861737202443,14.1886865806979,-0.01,57,7,stringer,intrados,4643
673,20.4431389673392,14.0391708269345,-0.01,57,8,stringer,intrados,4644
762,20.5001042144341,13.8896550731712,-0.01,57,9,stringer,intrados,4645
852,20.5570694615289,13.7401393194078,-0.01,57,10,stringer,intrados,4646
939,20.6140347086238,13.5906235656445,-0.01,57,11,stringer,intrados,4647
1024,20.6709999557187,13.4411078118812,-0.01,57,12,stringer,intrados,4648
1106,20.7279652028135,13.2915920581178,-0.01,57,13,stringer,intrados,4649
1185,20.7849304499084,13.1420763043545,-0.01,57,14,stringer,intrados,4650
1261,20.8418956970033,12.9925605505911,-0.01,57,15,stringer,intrados,4651
1334,20.8988609440982,12.8430447968278,-0.01,57,16,stringer,intrados,4652
1405,20.955826191193,12.6935290430644,-0.01,57,17,stringer,intrados,4653
1474,21.0127914382879,12.5440132893011,-0.01,57,18,stringer,intrados,4654
1540,21.0697566853828,12.3944975355378,-0.01,57,19,stringer,intrados,4655
1603,21.1267219324776,12.2449817817744,-0.01,57,20,stringer,intrados,4656
58,20.3144827019376,15.3599083350613,-0.01,58,-2,rear spars,intrados,4657
58,21.4868108110819,12.2829178920153,-0.01,58,-1,front spars,intrados,4658
55,20.3714479490324,15.2103925812979,-0.01,58,1,stringer,intrados,4659
143,20.4284131961273,15.0608768275346,-0.01,58,2,stringer,intrados,4660
231,20.4853784432222,14.9113610737713,-0.01,58,3,stringer,intrados,4661
319,20.542343690317,14.7618453200079,-0.01,58,4,stringer,intrados,4662
407,20.5993089374119,14.6123295662446,-0.01,58,5,stringer,intrados,4663
496,20.6562741845068,14.4628138124812,-0.01,58,6,stringer,intrados,4664
585,20.7132394316016,14.3132980587179,-0.01,58,7,stringer,intrados,4665
674,20.7702046786965,14.1637823049545,-0.01,58,8,stringer,intrados,4666
763,20.8271699257914,14.0142665511912,-0.01,58,9,stringer,intrados,4667
853,20.8841351728863,13.8647507974279,-0.01,58,10,stringer,intrados,4668
940,20.9411004199811,13.7152350436645,-0.01,58,11,stringer,intrados,4669
1025,20.998065667076,13.5657192899012,-0.01,58,12,stringer,intrados,4670
1107,21.0550309141709,13.4162035361378,-0.01,58,13,stringer,intrados,4671
1186,21.1119961612657,13.2666877823745,-0.01,58,14,stringer,intrados,4672
1262,21.1689614083606,13.1171720286111,-0.01,58,15,stringer,intrados,4673
1335,21.2259266554555,12.9676562748478,-0.01,58,16,stringer,intrados,4674
1406,21.2828919025503,12.8181405210845,-0.01,58,17,stringer,intrados,4675
1475,21.3398571496452,12.6686247673211,-0.01,58,18,stringer,intrados,4676
1541,21.3968223967401,12.5191090135578,-0.01,58,19,stringer,intrados,4677
1604,21.4537876438349,12.3695932597944,-0.01,58,20,stringer,intrados,4678
59,20.6415484132949,15.4845198130813,-0.01,59,-2,rear spars,intrados,4679
59,21.7939158469753,12.4599198289522,-0.01,59,-1,front spars,intrados,4680
56,20.6985136603898,15.335004059318,-0.01,59,1,stringer,intrados,4681
144,20.7554789074846,15.1854883055546,-0.01,59,2,stringer,intrados,4682
232,20.8124441545795,15.0359725517913,-0.01,59,3,stringer,intrados,4683
320,20.8694094016744,14.8864567980279,-0.01,59,4,stringer,intrados,4684
408,20.9263746487692,14.7369410442646,-0.01,59,5,stringer,intrados,4685
497,20.9833398958641,14.5874252905013,-0.01,59,6,stringer,intrados,4686
586,21.040305142959,14.4379095367379,-0.01,59,7,stringer,intrados,4687
675,21.0972703900538,14.2883937829746,-0.01,59,8,stringer,intrados,4688
764,21.1542356371487,14.1388780292112,-0.01,59,9,stringer,intrados,4689
854,21.2112008842436,13.9893622754479,-0.01,59,10,stringer,intrados,4690
941,21.2681661313384,13.8398465216845,-0.01,59,11,stringer,intrados,4691
1026,21.3251313784333,13.6903307679212,-0.01,59,12,stringer,intrados,4692
1108,21.3820966255282,13.5408150141579,-0.01,59,13,stringer,intrados,4693
1187,21.439061872623,13.3912992603945,-0.01,59,14,stringer,intrados,4694
1263,21.4960271197179,13.2417835066312,-0.01,59,15,stringer,intrados,4695
1336,21.5529923668128,13.0922677528678,-0.01,59,16,stringer,intrados,4696
1407,21.6099576139076,12.9427519991045,-0.01,59,17,stringer,intrados,4697
1476,21.6669228610025,12.7932362453411,-0.01,59,18,stringer,intrados,4698
1542,21.7238881080974,12.6437204915778,-0.01,59,19,stringer,intrados,4699
1605,21.7808533551923,12.4942047378145,-0.01,59,20,stringer,intrados,4700
60,20.9686141246522,15.6091312911013,-0.01,60,-2,rear spars,intrados,4701
60,22.1010208828687,12.636921765889,-0.01,60,-1,front spars,intrados,4702
57,21.0255793717471,15.459615537338,-0.01,60,1,stringer,intrados,4703
145,21.0825446188419,15.3100997835747,-0.01,60,2,stringer,intrados,4704
233,21.1395098659368,15.1605840298113,-0.01,60,3,stringer,intrados,4705
321,21.1964751130317,15.011068276048,-0.01,60,4,stringer,intrados,4706
409,21.2534403601265,14.8615525222846,-0.01,60,5,stringer,intrados,4707
498,21.3104056072214,14.7120367685213,-0.01,60,6,stringer,intrados,4708
587,21.3673708543163,14.5625210147579,-0.01,60,7,stringer,intrados,4709
676,21.4243361014111,14.4130052609946,-0.01,60,8,stringer,intrados,4710
765,21.481301348506,14.2634895072313,-0.01,60,9,stringer,intrados,4711
855,21.5382665956009,14.1139737534679,-0.01,60,10,stringer,intrados,4712
942,21.5952318426958,13.9644579997046,-0.01,60,11,stringer,intrados,4713
1027,21.6521970897906,13.8149422459412,-0.01,60,12,stringer,intrados,4714
1109,21.7091623368855,13.6654264921779,-0.01,60,13,stringer,intrados,4715
1188,21.7661275839804,13.5159107384145,-0.01,60,14,stringer,intrados,4716
1264,21.8230928310752,13.3663949846512,-0.01,60,15,stringer,intrados,4717
1337,21.8800580781701,13.2168792308879,-0.01,60,16,stringer,intrados,4718
1408,21.937023325265,13.0673634771245,-0.01,60,17,stringer,intrados,4719
1477,21.9939885723598,12.9178477233612,-0.01,60,18,stringer,intrados,4720
1543,22.0509538194547,12.7683319695978,-0.01,60,19,stringer,intrados,4721
61,21.2956798360095,15.7337427691214,-0.01,61,-2,rear spars,intrados,4722
61,22.4081259187621,12.8139237028258,-0.01,61,-1,front spars,intrados,4723
58,21.3526450831044,15.584227015358,-0.01,61,1,stringer,intrados,4724
146,21.4096103301992,15.4347112615947,-0.01,61,2,stringer,intrados,4725
234,21.4665755772941,15.2851955078313,-0.01,61,3,stringer,intrados,4726
322,21.523540824389,15.135679754068,-0.01,61,4,stringer,intrados,4727
410,21.5805060714838,14.9861640003046,-0.01,61,5,stringer,intrados,4728
499,21.6374713185787,14.8366482465413,-0.01,61,6,stringer,intrados,4729
588,21.6944365656736,14.687132492778,-0.01,61,7,stringer,intrados,4730
677,21.7514018127685,14.5376167390146,-0.01,61,8,stringer,intrados,4731
766,21.8083670598633,14.3881009852513,-0.01,61,9,stringer,intrados,4732
856,21.8653323069582,14.2385852314879,-0.01,61,10,stringer,intrados,4733
943,21.9222975540531,14.0890694777246,-0.01,61,11,stringer,intrados,4734
1028,21.9792628011479,13.9395537239612,-0.01,61,12,stringer,intrados,4735
1110,22.0362280482428,13.7900379701979,-0.01,61,13,stringer,intrados,4736
1189,22.0931932953377,13.6405222164346,-0.01,61,14,stringer,intrados,4737
1265,22.1501585424325,13.4910064626712,-0.01,61,15,stringer,intrados,4738
1338,22.2071237895274,13.3414907089079,-0.01,61,16,stringer,intrados,4739
1409,22.2640890366223,13.1919749551445,-0.01,61,17,stringer,intrados,4740
1478,22.3210542837171,13.0424592013812,-0.01,61,18,stringer,intrados,4741
1544,22.378019530812,12.8929434476179,-0.01,61,19,stringer,intrados,4742
62,21.6227455473668,15.8583542471414,-0.01,62,-2,rear spars,intrados,4743
62,22.7152309546555,12.9909256397627,-0.01,62,-1,front spars,intrados,4744
59,21.6797107944617,15.708838493378,-0.01,62,1,stringer,intrados,4745
147,21.7366760415566,15.5593227396147,-0.01,62,2,stringer,intrados,4746
235,21.7936412886514,15.4098069858514,-0.01,62,3,stringer,intrados,4747
323,21.8506065357463,15.260291232088,-0.01,62,4,stringer,intrados,4748
411,21.9075717828412,15.1107754783247,-0.01,62,5,stringer,intrados,4749
500,21.964537029936,14.9612597245613,-0.01,62,6,stringer,intrados,4750
589,22.0215022770309,14.811743970798,-0.01,62,7,stringer,intrados,4751
678,22.0784675241258,14.6622282170346,-0.01,62,8,stringer,intrados,4752
767,22.1354327712206,14.5127124632713,-0.01,62,9,stringer,intrados,4753
857,22.1923980183155,14.363196709508,-0.01,62,10,stringer,intrados,4754
944,22.2493632654104,14.2136809557446,-0.01,62,11,stringer,intrados,4755
1029,22.3063285125052,14.0641652019813,-0.01,62,12,stringer,intrados,4756
1111,22.3632937596001,13.9146494482179,-0.01,62,13,stringer,intrados,4757
1190,22.420259006695,13.7651336944546,-0.01,62,14,stringer,intrados,4758
1266,22.4772242537898,13.6156179406912,-0.01,62,15,stringer,intrados,4759
1339,22.5341895008847,13.4661021869279,-0.01,62,16,stringer,intrados,4760
1410,22.5911547479796,13.3165864331646,-0.01,62,17,stringer,intrados,4761
1479,22.6481199950744,13.1670706794012,-0.01,62,18,stringer,intrados,4762
1545,22.7050852421693,13.0175549256379,-0.01,62,19,stringer,intrados,4763
63,21.9498112587241,15.9829657251614,-0.01,63,-2,rear spars,intrados,4764
63,23.0223359905489,13.1679275766995,-0.01,63,-1,front spars,intrados,4765
60,22.006776505819,15.8334499713981,-0.01,63,1,stringer,intrados,4766
148,22.0637417529139,15.6839342176347,-0.01,63,2,stringer,intrados,4767
236,22.1207070000087,15.5344184638714,-0.01,63,3,stringer,intrados,4768
324,22.1776722471036,15.384902710108,-0.01,63,4,stringer,intrados,4769
412,22.2346374941985,15.2353869563447,-0.01,63,5,stringer,intrados,4770
501,22.2916027412933,15.0858712025814,-0.01,63,6,stringer,intrados,4771
590,22.3485679883882,14.936355448818,-0.01,63,7,stringer,intrados,4772
679,22.4055332354831,14.7868396950547,-0.01,63,8,stringer,intrados,4773
768,22.4624984825779,14.6373239412913,-0.01,63,9,stringer,intrados,4774
858,22.5194637296728,14.487808187528,-0.01,63,10,stringer,intrados,4775
945,22.5764289767677,14.3382924337646,-0.01,63,11,stringer,intrados,4776
1030,22.6333942238625,14.1887766800013,-0.01,63,12,stringer,intrados,4777
1112,22.6903594709574,14.039260926238,-0.01,63,13,stringer,intrados,4778
1191,22.7473247180523,13.8897451724746,-0.01,63,14,stringer,intrados,4779
1267,22.8042899651472,13.7402294187113,-0.01,63,15,stringer,intrados,4780
1340,22.861255212242,13.5907136649479,-0.01,63,16,stringer,intrados,4781
1411,22.9182204593369,13.4411979111846,-0.01,63,17,stringer,intrados,4782
1480,22.9751857064318,13.2916821574212,-0.01,63,18,stringer,intrados,4783
64,22.2768769700814,16.1075772031814,-0.01,64,-2,rear spars,intrados,4784
64,23.3294410264424,13.3449295136364,-0.01,64,-1,front spars,intrados,4785
61,22.3338422171763,15.9580614494181,-0.01,64,1,stringer,intrados,4786
149,22.3908074642712,15.8085456956548,-0.01,64,2,stringer,intrados,4787
237,22.447772711366,15.6590299418914,-0.01,64,3,stringer,intrados,4788
325,22.5047379584609,15.5095141881281,-0.01,64,4,stringer,intrados,4789
413,22.5617032055558,15.3599984343647,-0.01,64,5,stringer,intrados,4790
502,22.6186684526507,15.2104826806014,-0.01,64,6,stringer,intrados,4791
591,22.6756336997455,15.060966926838,-0.01,64,7,stringer,intrados,4792
680,22.7325989468404,14.9114511730747,-0.01,64,8,stringer,intrados,4793
769,22.7895641939353,14.7619354193114,-0.01,64,9,stringer,intrados,4794
859,22.8465294410301,14.612419665548,-0.01,64,10,stringer,intrados,4795
946,22.903494688125,14.4629039117847,-0.01,64,11,stringer,intrados,4796
1031,22.9604599352199,14.3133881580213,-0.01,64,12,stringer,intrados,4797
1113,23.0174251823147,14.163872404258,-0.01,64,13,stringer,intrados,4798
1192,23.0743904294096,14.0143566504946,-0.01,64,14,stringer,intrados,4799
1268,23.1313556765045,13.8648408967313,-0.01,64,15,stringer,intrados,4800
1341,23.1883209235993,13.715325142968,-0.01,64,16,stringer,intrados,4801
1412,23.2452861706942,13.5658093892046,-0.01,64,17,stringer,intrados,4802
1481,23.3022514177891,13.4162936354413,-0.01,64,18,stringer,intrados,4803
65,22.6039426814388,16.2321886812015,-0.01,65,-2,rear spars,intrados,4804
65,23.6365460623358,13.5219314505732,-0.01,65,-1,front spars,intrados,4805
62,22.6609079285336,16.0826729274381,-0.01,65,1,stringer,intrados,4806
150,22.7178731756285,15.9331571736748,-0.01,65,2,stringer,intrados,4807
238,22.7748384227234,15.7836414199114,-0.01,65,3,stringer,intrados,4808
326,22.8318036698182,15.6341256661481,-0.01,65,4,stringer,intrados,4809
414,22.8887689169131,15.4846099123847,-0.01,65,5,stringer,intrados,4810
503,22.945734164008,15.3350941586214,-0.01,65,6,stringer,intrados,4811
592,23.0026994111028,15.1855784048581,-0.01,65,7,stringer,intrados,4812
681,23.0596646581977,15.0360626510947,-0.01,65,8,stringer,intrados,4813
770,23.1166299052926,14.8865468973314,-0.01,65,9,stringer,intrados,4814
860,23.1735951523874,14.737031143568,-0.01,65,10,stringer,intrados,4815
947,23.2305603994823,14.5875153898047,-0.01,65,11,stringer,intrados,4816
1032,23.2875256465772,14.4379996360413,-0.01,65,12,stringer,intrados,4817
1114,23.344490893672,14.288483882278,-0.01,65,13,stringer,intrados,4818
1193,23.4014561407669,14.1389681285147,-0.01,65,14,stringer,intrados,4819
1269,23.4584213878618,13.9894523747513,-0.01,65,15,stringer,intrados,4820
1342,23.5153866349567,13.839936620988,-0.01,65,16,stringer,intrados,4821
1413,23.5723518820515,13.6904208672246,-0.01,65,17,stringer,intrados,4822
1482,23.6293171291464,13.5409051134613,-0.01,65,18,stringer,intrados,4823
66,22.9310083927961,16.3568001592215,-0.01,66,-2,rear spars,intrados,4824
66,23.9436510982292,13.69893338751,-0.01,66,-1,front spars,intrados,4825
63,22.9879736398909,16.2072844054581,-0.01,66,1,stringer,intrados,4826
151,23.0449388869858,16.0577686516948,-0.01,66,2,stringer,intrados,4827
239,23.1019041340807,15.9082528979315,-0.01,66,3,stringer,intrados,4828
327,23.1588693811755,15.7587371441681,-0.01,66,4,stringer,intrados,4829
415,23.2158346282704,15.6092213904048,-0.01,66,5,stringer,intrados,4830
504,23.2727998753653,15.4597056366414,-0.01,66,6,stringer,intrados,4831
593,23.3297651224601,15.3101898828781,-0.01,66,7,stringer,intrados,4832
682,23.386730369555,15.1606741291147,-0.01,66,8,stringer,intrados,4833
771,23.4436956166499,15.0111583753514,-0.01,66,9,stringer,intrados,4834
861,23.5006608637448,14.8616426215881,-0.01,66,10,stringer,intrados,4835
948,23.5576261108396,14.7121268678247,-0.01,66,11,stringer,intrados,4836
1033,23.6145913579345,14.5626111140614,-0.01,66,12,stringer,intrados,4837
1115,23.6715566050294,14.413095360298,-0.01,66,13,stringer,intrados,4838
1194,23.7285218521242,14.2635796065347,-0.01,66,14,stringer,intrados,4839
1270,23.7854870992191,14.1140638527713,-0.01,66,15,stringer,intrados,4840
1343,23.842452346314,13.964548099008,-0.01,66,16,stringer,intrados,4841
1414,23.8994175934088,13.8150323452447,-0.01,66,17,stringer,intrados,4842
67,23.2580741041534,16.4814116372415,-0.01,67,-2,rear spars,intrados,4843
67,24.2507561341226,13.8759353244469,-0.01,67,-1,front spars,intrados,4844
64,23.3150393512483,16.3318958834782,-0.01,67,1,stringer,intrados,4845
152,23.3720045983431,16.1823801297148,-0.01,67,2,stringer,intrados,4846
240,23.428969845438,16.0328643759515,-0.01,67,3,stringer,intrados,4847
328,23.4859350925329,15.8833486221881,-0.01,67,4,stringer,intrados,4848
416,23.5429003396277,15.7338328684248,-0.01,67,5,stringer,intrados,4849
505,23.5998655867226,15.5843171146615,-0.01,67,6,stringer,intrados,4850
594,23.6568308338175,15.4348013608981,-0.01,67,7,stringer,intrados,4851
683,23.7137960809123,15.2852856071348,-0.01,67,8,stringer,intrados,4852
772,23.7707613280072,15.1357698533714,-0.01,67,9,stringer,intrados,4853
862,23.8277265751021,14.9862540996081,-0.01,67,10,stringer,intrados,4854
949,23.8846918221969,14.8367383458447,-0.01,67,11,stringer,intrados,4855
1034,23.9416570692918,14.6872225920814,-0.01,67,12,stringer,intrados,4856
1116,23.9986223163867,14.5377068383181,-0.01,67,13,stringer,intrados,4857
1195,24.0555875634815,14.3881910845547,-0.01,67,14,stringer,intrados,4858
1271,24.1125528105764,14.2386753307914,-0.01,67,15,stringer,intrados,4859
1344,24.1695180576713,14.089159577028,-0.01,67,16,stringer,intrados,4860
1415,24.2264833047661,13.9396438232647,-0.01,67,17,stringer,intrados,4861
68,23.5851398155107,16.6060231152615,-0.01,68,-2,rear spars,intrados,4862
68,24.557861170016,14.0529372613837,-0.01,68,-1,front spars,intrados,4863
65,23.6421050626056,16.4565073614982,-0.01,68,1,stringer,intrados,4864
153,23.6990703097004,16.3069916077349,-0.01,68,2,stringer,intrados,4865
241,23.7560355567953,16.1574758539715,-0.01,68,3,stringer,intrados,4866
329,23.8130008038902,16.0079601002082,-0.01,68,4,stringer,intrados,4867
417,23.869966050985,15.8584443464448,-0.01,68,5,stringer,intrados,4868
506,23.9269312980799,15.7089285926815,-0.01,68,6,stringer,intrados,4869
595,23.9838965451748,15.5594128389181,-0.01,68,7,stringer,intrados,4870
684,24.0408617922696,15.4098970851548,-0.01,68,8,stringer,intrados,4871
773,24.0978270393645,15.2603813313915,-0.01,68,9,stringer,intrados,4872
863,24.1547922864594,15.1108655776281,-0.01,68,10,stringer,intrados,4873
950,24.2117575335542,14.9613498238648,-0.01,68,11,stringer,intrados,4874
1035,24.2687227806491,14.8118340701014,-0.01,68,12,stringer,intrados,4875
1117,24.325688027744,14.6623183163381,-0.01,68,13,stringer,intrados,4876
1196,24.3826532748389,14.5128025625747,-0.01,68,14,stringer,intrados,4877
1272,24.4396185219337,14.3632868088114,-0.01,68,15,stringer,intrados,4878
1345,24.4965837690286,14.2137710550481,-0.01,68,16,stringer,intrados,4879
1416,24.5535490161235,14.0642553012847,-0.01,68,17,stringer,intrados,4880
69,23.912205526868,16.7306345932816,-0.01,69,-2,rear spars,intrados,4881
69,24.8649662059094,14.2299391983206,-0.01,69,-1,front spars,intrados,4882
66,23.9691707739629,16.5811188395182,-0.01,69,1,stringer,intrados,4883
154,24.0261360210577,16.4316030857549,-0.01,69,2,stringer,intrados,4884
242,24.0831012681526,16.2820873319915,-0.01,69,3,stringer,intrados,4885
330,24.1400665152475,16.1325715782282,-0.01,69,4,stringer,intrados,4886
418,24.1970317623423,15.9830558244648,-0.01,69,5,stringer,intrados,4887
507,24.2539970094372,15.8335400707015,-0.01,69,6,stringer,intrados,4888
596,24.3109622565321,15.6840243169382,-0.01,69,7,stringer,intrados,4889
685,24.367927503627,15.5345085631748,-0.01,69,8,stringer,intrados,4890
774,24.4248927507218,15.3849928094115,-0.01,69,9,stringer,intrados,4891
864,24.4818579978167,15.2354770556481,-0.01,69,10,stringer,intrados,4892
951,24.5388232449116,15.0859613018848,-0.01,69,11,stringer,intrados,4893
1036,24.5957884920064,14.9364455481214,-0.01,69,12,stringer,intrados,4894
1118,24.6527537391013,14.7869297943581,-0.01,69,13,stringer,intrados,4895
1197,24.7097189861962,14.6374140405948,-0.01,69,14,stringer,intrados,4896
1273,24.766684233291,14.4878982868314,-0.01,69,15,stringer,intrados,4897
1346,24.8236494803859,14.3383825330681,-0.01,69,16,stringer,intrados,4898
70,24.2392712382253,16.8552460713016,-0.01,70,-2,rear spars,intrados,4899
70,25.1720712418029,14.4069411352574,-0.01,70,-1,front spars,intrados,4900
67,24.2962364853202,16.7057303175382,-0.01,70,1,stringer,intrados,4901
155,24.3532017324151,16.5562145637749,-0.01,70,2,stringer,intrados,4902
243,24.4101669795099,16.4066988100116,-0.01,70,3,stringer,intrados,4903
331,24.4671322266048,16.2571830562482,-0.01,70,4,stringer,intrados,4904
419,24.5240974736997,16.1076673024849,-0.01,70,5,stringer,intrados,4905
508,24.5810627207945,15.9581515487215,-0.01,70,6,stringer,intrados,4906
597,24.6380279678894,15.8086357949582,-0.01,70,7,stringer,intrados,4907
686,24.6949932149843,15.6591200411948,-0.01,70,8,stringer,intrados,4908
775,24.7519584620791,15.5096042874315,-0.01,70,9,stringer,intrados,4909
865,24.808923709174,15.3600885336682,-0.01,70,10,stringer,intrados,4910
952,24.8658889562689,15.2105727799048,-0.01,70,11,stringer,intrados,4911
1037,24.9228542033637,15.0610570261415,-0.01,70,12,stringer,intrados,4912
1119,24.9798194504586,14.9115412723781,-0.01,70,13,stringer,intrados,4913
1198,25.0367846975535,14.7620255186148,-0.01,70,14,stringer,intrados,4914
1274,25.0937499446483,14.6125097648514,-0.01,70,15,stringer,intrados,4915
1347,25.1507151917432,14.4629940110881,-0.01,70,16,stringer,intrados,4916
71,24.5663369495826,16.9798575493216,-0.01,71,-2,rear spars,intrados,4917
71,25.4791762776963,14.5839430721942,-0.01,71,-1,front spars,intrados,4918
68,24.6233021966775,16.8303417955583,-0.01,71,1,stringer,intrados,4919
156,24.6802674437724,16.6808260417949,-0.01,71,2,stringer,intrados,4920
244,24.7372326908672,16.5313102880316,-0.01,71,3,stringer,intrados,4921
332,24.7941979379621,16.3817945342682,-0.01,71,4,stringer,intrados,4922
420,24.851163185057,16.2322787805049,-0.01,71,5,stringer,intrados,4923
509,24.9081284321518,16.0827630267416,-0.01,71,6,stringer,intrados,4924
598,24.9650936792467,15.9332472729782,-0.01,71,7,stringer,intrados,4925
687,25.0220589263416,15.7837315192149,-0.01,71,8,stringer,intrados,4926
776,25.0790241734365,15.6342157654515,-0.01,71,9,stringer,intrados,4927
866,25.1359894205313,15.4847000116882,-0.01,71,10,stringer,intrados,4928
953,25.1929546676262,15.3351842579248,-0.01,71,11,stringer,intrados,4929
1038,25.2499199147211,15.1856685041615,-0.01,71,12,stringer,intrados,4930
1120,25.3068851618159,15.0361527503982,-0.01,71,13,stringer,intrados,4931
1199,25.3638504089108,14.8866369966348,-0.01,71,14,stringer,intrados,4932
1275,25.4208156560057,14.7371212428715,-0.01,71,15,stringer,intrados,4933
1348,25.4777809031005,14.5876054891081,-0.01,71,16,stringer,intrados,4934
72,24.8934026609399,17.1044690273416,-0.01,72,-2,rear spars,intrados,4935
72,25.7862813135897,14.7609450091311,-0.01,72,-1,front spars,intrados,4936
69,24.9503679080348,16.9549532735783,-0.01,72,1,stringer,intrados,4937
157,25.0073331551297,16.8054375198149,-0.01,72,2,stringer,intrados,4938
245,25.0642984022246,16.6559217660516,-0.01,72,3,stringer,intrados,4939
333,25.1212636493194,16.5064060122883,-0.01,72,4,stringer,intrados,4940
421,25.1782288964143,16.3568902585249,-0.01,72,5,stringer,intrados,4941
510,25.2351941435092,16.2073745047616,-0.01,72,6,stringer,intrados,4942
599,25.292159390604,16.0578587509982,-0.01,72,7,stringer,intrados,4943
688,25.3491246376989,15.9083429972349,-0.01,72,8,stringer,intrados,4944
777,25.4060898847938,15.7588272434715,-0.01,72,9,stringer,intrados,4945
867,25.4630551318886,15.6093114897082,-0.01,72,10,stringer,intrados,4946
954,25.5200203789835,15.4597957359449,-0.01,72,11,stringer,intrados,4947
1039,25.5769856260784,15.3102799821815,-0.01,72,12,stringer,intrados,4948
1121,25.6339508731732,15.1607642284182,-0.01,72,13,stringer,intrados,4949
1200,25.6909161202681,15.0112484746548,-0.01,72,14,stringer,intrados,4950
1276,25.747881367363,14.8617327208915,-0.01,72,15,stringer,intrados,4951
73,25.2204683722973,17.2290805053617,-0.01,73,-2,rear spars,intrados,4952
73,26.0933863494831,14.9379469460679,-0.01,73,-1,front spars,intrados,4953
70,25.2774336193921,17.0795647515983,-0.01,73,1,stringer,intrados,4954
158,25.334398866487,16.930048997835,-0.01,73,2,stringer,intrados,4955
246,25.3913641135819,16.7805332440716,-0.01,73,3,stringer,intrados,4956
334,25.4483293606767,16.6310174903083,-0.01,73,4,stringer,intrados,4957
422,25.5052946077716,16.4815017365449,-0.01,73,5,stringer,intrados,4958
511,25.5622598548665,16.3319859827816,-0.01,73,6,stringer,intrados,4959
600,25.6192251019613,16.1824702290183,-0.01,73,7,stringer,intrados,4960
689,25.6761903490562,16.0329544752549,-0.01,73,8,stringer,intrados,4961
778,25.7331555961511,15.8834387214916,-0.01,73,9,stringer,intrados,4962
868,25.7901208432459,15.7339229677282,-0.01,73,10,stringer,intrados,4963
955,25.8470860903408,15.5844072139649,-0.01,73,11,stringer,intrados,4964
1040,25.9040513374357,15.4348914602015,-0.01,73,12,stringer,intrados,4965
1122,25.9610165845305,15.2853757064382,-0.01,73,13,stringer,intrados,4966
1201,26.0179818316254,15.1358599526749,-0.01,73,14,stringer,intrados,4967
1277,26.0749470787203,14.9863441989115,-0.01,73,15,stringer,intrados,4968
74,25.5475340836546,17.3536919833817,-0.01,74,-2,rear spars,intrados,4969
74,26.4004913853765,15.1149488830047,-0.01,74,-1,front spars,intrados,4970
71,25.6044993307494,17.2041762296183,-0.01,74,1,stringer,intrados,4971
159,25.6614645778443,17.054660475855,-0.01,74,2,stringer,intrados,4972
247,25.7184298249392,16.9051447220917,-0.01,74,3,stringer,intrados,4973
335,25.775395072034,16.7556289683283,-0.01,74,4,stringer,intrados,4974
423,25.8323603191289,16.606113214565,-0.01,74,5,stringer,intrados,4975
512,25.8893255662238,16.4565974608016,-0.01,74,6,stringer,intrados,4976
601,25.9462908133187,16.3070817070383,-0.01,74,7,stringer,intrados,4977
690,26.0032560604135,16.1575659532749,-0.01,74,8,stringer,intrados,4978
779,26.0602213075084,16.0080501995116,-0.01,74,9,stringer,intrados,4979
869,26.1171865546033,15.8585344457483,-0.01,74,10,stringer,intrados,4980
956,26.1741518016981,15.7090186919849,-0.01,74,11,stringer,intrados,4981
1041,26.231117048793,15.5595029382216,-0.01,74,12,stringer,intrados,4982
1123,26.2880822958879,15.4099871844582,-0.01,74,13,stringer,intrados,4983
1202,26.3450475429827,15.2604714306949,-0.01,74,14,stringer,intrados,4984
75,25.8745997950119,17.4783034614017,-0.01,75,-2,rear spars,intrados,4985
75,26.7075964212699,15.2919508199416,-0.01,75,-1,front spars,intrados,4986
72,25.9315650421068,17.3287877076384,-0.01,75,1,stringer,intrados,4987
160,25.9885302892016,17.179271953875,-0.01,75,2,stringer,intrados,4988
248,26.0454955362965,17.0297562001117,-0.01,75,3,stringer,intrados,4989
336,26.1024607833914,16.8802404463483,-0.01,75,4,stringer,intrados,4990
424,26.1594260304862,16.730724692585,-0.01,75,5,stringer,intrados,4991
513,26.2163912775811,16.5812089388216,-0.01,75,6,stringer,intrados,4992
602,26.273356524676,16.4316931850583,-0.01,75,7,stringer,intrados,4993
691,26.3303217717708,16.282177431295,-0.01,75,8,stringer,intrados,4994
780,26.3872870188657,16.1326616775316,-0.01,75,9,stringer,intrados,4995
870,26.4442522659606,15.9831459237683,-0.01,75,10,stringer,intrados,4996
957,26.5012175130554,15.8336301700049,-0.01,75,11,stringer,intrados,4997
1042,26.5581827601503,15.6841144162416,-0.01,75,12,stringer,intrados,4998
1124,26.6151480072452,15.5345986624782,-0.01,75,13,stringer,intrados,4999
1203,26.67211325434,15.3850829087149,-0.01,75,14,stringer,intrados,5000
76,26.2016655063692,17.6029149394217,-0.01,76,-2,rear spars,intrados,5001
76,27.0147014571633,15.4689527568784,-0.01,76,-1,front spars,intrados,5002
73,26.2586307534641,17.4533991856584,-0.01,76,1,stringer,intrados,5003
161,26.3155960005589,17.303883431895,-0.01,76,2,stringer,intrados,5004
249,26.3725612476538,17.1543676781317,-0.01,76,3,stringer,intrados,5005
337,26.4295264947487,17.0048519243684,-0.01,76,4,stringer,intrados,5006
425,26.4864917418435,16.855336170605,-0.01,76,5,stringer,intrados,5007
514,26.5434569889384,16.7058204168417,-0.01,76,6,stringer,intrados,5008
603,26.6004222360333,16.5563046630783,-0.01,76,7,stringer,intrados,5009
692,26.6573874831281,16.406788909315,-0.01,76,8,stringer,intrados,5010
781,26.714352730223,16.2572731555516,-0.01,76,9,stringer,intrados,5011
871,26.7713179773179,16.1077574017883,-0.01,76,10,stringer,intrados,5012
958,26.8282832244127,15.958241648025,-0.01,76,11,stringer,intrados,5013
1043,26.8852484715076,15.8087258942616,-0.01,76,12,stringer,intrados,5014
1125,26.9422137186025,15.6592101404983,-0.01,76,13,stringer,intrados,5015
1204,26.9991789656974,15.5096943867349,-0.01,76,14,stringer,intrados,5016
77,26.5287312177265,17.7275264174418,-0.01,77,-2,rear spars,intrados,5017
77,27.3218064930568,15.6459546938153,-0.01,77,-1,front spars,intrados,5018
74,26.5856964648214,17.5780106636784,-0.01,77,1,stringer,intrados,5019
162,26.6426617119162,17.4284949099151,-0.01,77,2,stringer,intrados,5020
250,26.6996269590111,17.2789791561517,-0.01,77,3,stringer,intrados,5021
338,26.756592206106,17.1294634023884,-0.01,77,4,stringer,intrados,5022
426,26.8135574532009,16.979947648625,-0.01,77,5,stringer,intrados,5023
515,26.8705227002957,16.8304318948617,-0.01,77,6,stringer,intrados,5024
604,26.9274879473906,16.6809161410984,-0.01,77,7,stringer,intrados,5025
693,26.9844531944855,16.531400387335,-0.01,77,8,stringer,intrados,5026
782,27.0414184415803,16.3818846335717,-0.01,77,9,stringer,intrados,5027
872,27.0983836886752,16.2323688798083,-0.01,77,10,stringer,intrados,5028
959,27.1553489357701,16.082853126045,-0.01,77,11,stringer,intrados,5029
1044,27.2123141828649,15.9333373722816,-0.01,77,12,stringer,intrados,5030
1126,27.2692794299598,15.7838216185183,-0.01,77,13,stringer,intrados,5031
78,26.8557969290838,17.8521378954618,-0.01,78,-2,rear spars,intrados,5032
78,27.6289115289502,15.8229566307521,-0.01,78,-1,front spars,intrados,5033
75,26.9127621761787,17.7026221416984,-0.01,78,1,stringer,intrados,5034
163,26.9697274232736,17.5531063879351,-0.01,78,2,stringer,intrados,5035
251,27.0266926703684,17.4035906341717,-0.01,78,3,stringer,intrados,5036
339,27.0836579174633,17.2540748804084,-0.01,78,4,stringer,intrados,5037
427,27.1406231645582,17.1045591266451,-0.01,78,5,stringer,intrados,5038
516,27.197588411653,16.9550433728817,-0.01,78,6,stringer,intrados,5039
605,27.2545536587479,16.8055276191184,-0.01,78,7,stringer,intrados,5040
694,27.3115189058428,16.656011865355,-0.01,78,8,stringer,intrados,5041
783,27.3684841529376,16.5064961115917,-0.01,78,9,stringer,intrados,5042
873,27.4254494000325,16.3569803578283,-0.01,78,10,stringer,intrados,5043
960,27.4824146471274,16.207464604065,-0.01,78,11,stringer,intrados,5044
1045,27.5393798942222,16.0579488503017,-0.01,78,12,stringer,intrados,5045
1127,27.5963451413171,15.9084330965383,-0.01,78,13,stringer,intrados,5046
79,27.1828626404411,17.9767493734818,-0.01,79,-2,rear spars,intrados,5047
79,27.9360165648436,15.9999585676889,-0.01,79,-1,front spars,intrados,5048
76,27.239827887536,17.8272336197185,-0.01,79,1,stringer,intrados,5049
164,27.2967931346309,17.6777178659551,-0.01,79,2,stringer,intrados,5050
252,27.3537583817257,17.5282021121918,-0.01,79,3,stringer,intrados,5051
340,27.4107236288206,17.3786863584284,-0.01,79,4,stringer,intrados,5052
428,27.4676888759155,17.2291706046651,-0.01,79,5,stringer,intrados,5053
517,27.5246541230103,17.0796548509017,-0.01,79,6,stringer,intrados,5054
606,27.5816193701052,16.9301390971384,-0.01,79,7,stringer,intrados,5055
695,27.6385846172001,16.7806233433751,-0.01,79,8,stringer,intrados,5056
784,27.6955498642949,16.6311075896117,-0.01,79,9,stringer,intrados,5057
874,27.7525151113898,16.4815918358484,-0.01,79,10,stringer,intrados,5058
961,27.8094803584847,16.332076082085,-0.01,79,11,stringer,intrados,5059
1046,27.8664456055796,16.1825603283217,-0.01,79,12,stringer,intrados,5060
1128,27.9234108526744,16.0330445745583,-0.01,79,13,stringer,intrados,5061
80,27.5099283517985,18.1013608515018,-0.01,80,-2,rear spars,intrados,5062
80,28.243121600737,16.1769605046258,-0.01,80,-1,front spars,intrados,5063
77,27.5668935988933,17.9518450977385,-0.01,80,1,stringer,intrados,5064
165,27.6238588459882,17.8023293439751,-0.01,80,2,stringer,intrados,5065
253,27.6808240930831,17.6528135902118,-0.01,80,3,stringer,intrados,5066
341,27.7377893401779,17.5032978364485,-0.01,80,4,stringer,intrados,5067
429,27.7947545872728,17.3537820826851,-0.01,80,5,stringer,intrados,5068
518,27.8517198343677,17.2042663289218,-0.01,80,6,stringer,intrados,5069
607,27.9086850814625,17.0547505751584,-0.01,80,7,stringer,intrados,5070
696,27.9656503285574,16.9052348213951,-0.01,80,8,stringer,intrados,5071
785,28.0226155756523,16.7557190676317,-0.01,80,9,stringer,intrados,5072
875,28.0795808227471,16.6062033138684,-0.01,80,10,stringer,intrados,5073
962,28.136546069842,16.4566875601051,-0.01,80,11,stringer,intrados,5074
1047,28.1935113169369,16.3071718063417,-0.01,80,12,stringer,intrados,5075
81,27.8369940631558,18.2259723295219,-0.01,81,-2,rear spars,intrados,5076
81,28.5502266366304,16.3539624415626,-0.01,81,-1,front spars,intrados,5077
78,27.8939593102506,18.0764565757585,-0.01,81,1,stringer,intrados,5078
166,27.9509245573455,17.9269408219952,-0.01,81,2,stringer,intrados,5079
254,28.0078898044404,17.7774250682318,-0.01,81,3,stringer,intrados,5080
342,28.0648550515352,17.6279093144685,-0.01,81,4,stringer,intrados,5081
430,28.1218202986301,17.4783935607051,-0.01,81,5,stringer,intrados,5082
519,28.178785545725,17.3288778069418,-0.01,81,6,stringer,intrados,5083
608,28.2357507928198,17.1793620531785,-0.01,81,7,stringer,intrados,5084
697,28.2927160399147,17.0298462994151,-0.01,81,8,stringer,intrados,5085
786,28.3496812870096,16.8803305456518,-0.01,81,9,stringer,intrados,5086
876,28.4066465341044,16.7308147918884,-0.01,81,10,stringer,intrados,5087
963,28.4636117811993,16.5812990381251,-0.01,81,11,stringer,intrados,5088
1048,28.5205770282942,16.4317832843617,-0.01,81,12,stringer,intrados,5089
82,28.1640597745131,18.3505838075419,-0.01,82,-2,rear spars,intrados,5090
82,28.8573316725238,16.5309643784995,-0.01,82,-1,front spars,intrados,5091
79,28.221025021608,18.2010680537785,-0.01,82,1,stringer,intrados,5092
167,28.2779902687028,18.0515523000152,-0.01,82,2,stringer,intrados,5093
255,28.3349555157977,17.9020365462518,-0.01,82,3,stringer,intrados,5094
343,28.3919207628925,17.7525207924885,-0.01,82,4,stringer,intrados,5095
431,28.4488860099874,17.6030050387252,-0.01,82,5,stringer,intrados,5096
520,28.5058512570823,17.4534892849618,-0.01,82,6,stringer,intrados,5097
609,28.5628165041772,17.3039735311985,-0.01,82,7,stringer,intrados,5098
698,28.619781751272,17.1544577774351,-0.01,82,8,stringer,intrados,5099
787,28.6767469983669,17.0049420236718,-0.01,82,9,stringer,intrados,5100
877,28.7337122454618,16.8554262699084,-0.01,82,10,stringer,intrados,5101
964,28.7906774925566,16.7059105161451,-0.01,82,11,stringer,intrados,5102
1049,28.8476427396515,16.5563947623818,-0.01,82,12,stringer,intrados,5103
83,28.4911254858704,18.4751952855619,-0.01,83,-2,rear spars,intrados,5104
83,29.1644367084173,16.7079663154363,-0.01,83,-1,front spars,intrados,5105
80,28.5480907329653,18.3256795317986,-0.01,83,1,stringer,intrados,5106
168,28.6050559800601,18.1761637780352,-0.01,83,2,stringer,intrados,5107
256,28.662021227155,18.0266480242719,-0.01,83,3,stringer,intrados,5108
344,28.7189864742499,17.8771322705085,-0.01,83,4,stringer,intrados,5109
432,28.7759517213447,17.7276165167452,-0.01,83,5,stringer,intrados,5110
521,28.8329169684396,17.5781007629818,-0.01,83,6,stringer,intrados,5111
610,28.8898822155345,17.4285850092185,-0.01,83,7,stringer,intrados,5112
699,28.9468474626293,17.2790692554552,-0.01,83,8,stringer,intrados,5113
788,29.0038127097242,17.1295535016918,-0.01,83,9,stringer,intrados,5114
878,29.0607779568191,16.9800377479285,-0.01,83,10,stringer,intrados,5115
965,29.1177432039139,16.8305219941651,-0.01,83,11,stringer,intrados,5116
84,28.8181911972277,18.5998067635819,-0.01,84,-2,rear spars,intrados,5117
84,29.4715417443107,16.8849682523731,-0.01,84,-1,front spars,intrados,5118
81,28.8751564443226,18.4502910098186,-0.01,84,1,stringer,intrados,5119
169,28.9321216914174,18.3007752560552,-0.01,84,2,stringer,intrados,5120
257,28.9890869385123,18.1512595022919,-0.01,84,3,stringer,intrados,5121
345,29.0460521856072,18.0017437485286,-0.01,84,4,stringer,intrados,5122
433,29.103017432702,17.8522279947652,-0.01,84,5,stringer,intrados,5123
522,29.1599826797969,17.7027122410019,-0.01,84,6,stringer,intrados,5124
611,29.2169479268918,17.5531964872385,-0.01,84,7,stringer,intrados,5125
700,29.2739131739866,17.4036807334752,-0.01,84,8,stringer,intrados,5126
789,29.3308784210815,17.2541649797118,-0.01,84,9,stringer,intrados,5127
879,29.3878436681764,17.1046492259485,-0.01,84,10,stringer,intrados,5128
966,29.4448089152713,16.9551334721852,-0.01,84,11,stringer,intrados,5129
85,29.145256908585,18.724418241602,-0.01,85,-2,rear spars,intrados,5130
85,29.7786467802041,17.06197018931,-0.01,85,-1,front spars,intrados,5131
82,29.2022221556799,18.5749024878386,-0.01,85,1,stringer,intrados,5132
170,29.2591874027747,18.4253867340753,-0.01,85,2,stringer,intrados,5133
258,29.3161526498696,18.2758709803119,-0.01,85,3,stringer,intrados,5134
346,29.3731178969645,18.1263552265486,-0.01,85,4,stringer,intrados,5135
434,29.4300831440594,17.9768394727852,-0.01,85,5,stringer,intrados,5136
523,29.4870483911542,17.8273237190219,-0.01,85,6,stringer,intrados,5137
612,29.5440136382491,17.6778079652585,-0.01,85,7,stringer,intrados,5138
701,29.600978885344,17.5282922114952,-0.01,85,8,stringer,intrados,5139
790,29.6579441324388,17.3787764577319,-0.01,85,9,stringer,intrados,5140
880,29.7149093795337,17.2292607039685,-0.01,85,10,stringer,intrados,5141
967,29.7718746266286,17.0797449502052,-0.01,85,11,stringer,intrados,5142
86,29.4723226199423,18.849029719622,-0.01,86,-2,rear spars,intrados,5143
86,30.0857518160975,17.2389721262468,-0.01,86,-1,front spars,intrados,5144
83,29.5292878670372,18.6995139658586,-0.01,86,1,stringer,intrados,5145
171,29.5862531141321,18.5499982120953,-0.01,86,2,stringer,intrados,5146
259,29.6432183612269,18.4004824583319,-0.01,86,3,stringer,intrados,5147
347,29.7001836083218,18.2509667045686,-0.01,86,4,stringer,intrados,5148
435,29.7571488554167,18.1014509508053,-0.01,86,5,stringer,intrados,5149
524,29.8141141025115,17.9519351970419,-0.01,86,6,stringer,intrados,5150
613,29.8710793496064,17.8024194432786,-0.01,86,7,stringer,intrados,5151
702,29.9280445967013,17.6529036895152,-0.01,86,8,stringer,intrados,5152
791,29.9850098437961,17.5033879357519,-0.01,86,9,stringer,intrados,5153
881,30.041975090891,17.3538721819885,-0.01,86,10,stringer,intrados,5154
87,29.7993883312996,18.973641197642,-0.01,87,-2,rear spars,intrados,5155
87,30.3928568519909,17.4159740631837,-0.01,87,-1,front spars,intrados,5156
84,29.8563535783945,18.8241254438787,-0.01,87,1,stringer,intrados,5157
172,29.9133188254894,18.6746096901153,-0.01,87,2,stringer,intrados,5158
260,29.9702840725842,18.525093936352,-0.01,87,3,stringer,intrados,5159
348,30.0272493196791,18.3755781825886,-0.01,87,4,stringer,intrados,5160
436,30.084214566774,18.2260624288253,-0.01,87,5,stringer,intrados,5161
525,30.1411798138688,18.0765466750619,-0.01,87,6,stringer,intrados,5162
614,30.1981450609637,17.9270309212986,-0.01,87,7,stringer,intrados,5163
703,30.2551103080586,17.7775151675353,-0.01,87,8,stringer,intrados,5164
792,30.3120755551535,17.6279994137719,-0.01,87,9,stringer,intrados,5165
882,30.3690408022483,17.4784836600086,-0.01,87,10,stringer,intrados,5166
88,30.126454042657,19.098252675662,-0.01,88,-2,rear spars,intrados,5167
88,30.6999618878843,17.5929760001205,-0.01,88,-1,front spars,intrados,5168
85,30.1834192897518,18.9487369218987,-0.01,88,1,stringer,intrados,5169
173,30.2403845368467,18.7992211681353,-0.01,88,2,stringer,intrados,5170
261,30.2973497839416,18.649705414372,-0.01,88,3,stringer,intrados,5171
349,30.3543150310364,18.5001896606086,-0.01,88,4,stringer,intrados,5172
437,30.4112802781313,18.3506739068453,-0.01,88,5,stringer,intrados,5173
526,30.4682455252262,18.201158153082,-0.01,88,6,stringer,intrados,5174
615,30.525210772321,18.0516423993186,-0.01,88,7,stringer,intrados,5175
704,30.5821760194159,17.9021266455553,-0.01,88,8,stringer,intrados,5176
793,30.6391412665108,17.7526108917919,-0.01,88,9,stringer,intrados,5177
883,30.6961065136056,17.6030951380286,-0.01,88,10,stringer,intrados,5178
89,30.4535197540143,19.222864153682,-0.01,89,-2,rear spars,intrados,5179
89,31.0070669237778,17.7699779370573,-0.01,89,-1,front spars,intrados,5180
86,30.5104850011091,19.0733483999187,-0.01,89,1,stringer,intrados,5181
174,30.567450248204,18.9238326461554,-0.01,89,2,stringer,intrados,5182
262,30.6244154952989,18.774316892392,-0.01,89,3,stringer,intrados,5183
350,30.6813807423937,18.6248011386287,-0.01,89,4,stringer,intrados,5184
438,30.7383459894886,18.4752853848653,-0.01,89,5,stringer,intrados,5185
527,30.7953112365835,18.325769631102,-0.01,89,6,stringer,intrados,5186
616,30.8522764836783,18.1762538773386,-0.01,89,7,stringer,intrados,5187
705,30.9092417307732,18.0267381235753,-0.01,89,8,stringer,intrados,5188
794,30.9662069778681,17.877222369812,-0.01,89,9,stringer,intrados,5189
90,30.7805854653716,19.3474756317021,-0.01,90,-2,rear spars,intrados,5190
90,31.3141719596712,17.9469798739942,-0.01,90,-1,front spars,intrados,5191
87,30.8375507124664,19.1979598779387,-0.01,90,1,stringer,intrados,5192
175,30.8945159595613,19.0484441241754,-0.01,90,2,stringer,intrados,5193
263,30.9514812066562,18.898928370412,-0.01,90,3,stringer,intrados,5194
351,31.008446453751,18.7494126166487,-0.01,90,4,stringer,intrados,5195
439,31.0654117008459,18.5998968628854,-0.01,90,5,stringer,intrados,5196
528,31.1223769479408,18.450381109122,-0.01,90,6,stringer,intrados,5197
617,31.1793421950357,18.3008653553587,-0.01,90,7,stringer,intrados,5198
706,31.2363074421305,18.1513496015953,-0.01,90,8,stringer,intrados,5199
795,31.2932726892254,18.001833847832,-0.01,90,9,stringer,intrados,5200
91,31.1076511767289,19.4720871097221,-0.01,91,-2,rear spars,intrados,5201
91,31.6212769955646,18.123981810931,-0.01,91,-1,front spars,intrados,5202
88,31.1646164238238,19.3225713559588,-0.01,91,1,stringer,intrados,5203
176,31.2215816709186,19.1730556021954,-0.01,91,2,stringer,intrados,5204
264,31.2785469180135,19.0235398484321,-0.01,91,3,stringer,intrados,5205
352,31.3355121651084,18.8740240946687,-0.01,91,4,stringer,intrados,5206
440,31.3924774122032,18.7245083409054,-0.01,91,5,stringer,intrados,5207
529,31.4494426592981,18.574992587142,-0.01,91,6,stringer,intrados,5208
618,31.506407906393,18.4254768333787,-0.01,91,7,stringer,intrados,5209
707,31.5633731534878,18.2759610796154,-0.01,91,8,stringer,intrados,5210
796,31.6203384005827,18.126445325852,-0.01,91,9,stringer,intrados,5211
92,2.98,3.84022245308274,-0.01,0,-2,rear spars,intrados,5212
92,3.67471872926371,2.01680554967862,-0.01,0,-1,front spars,intrados,5213
2228,2.99666361,3.79648575,-0.01,0,29,stringer,intrados,5214
2229,3.05362886,3.64697,-0.01,0,30,stringer,intrados,5215
2230,3.1105941,3.49745424,-0.01,0,31,stringer,intrados,5216
2231,3.16755935,3.34793849,-0.01,0,32,stringer,intrados,5217
2232,3.2245246,3.19842274,-0.01,0,33,stringer,intrados,5218
2233,3.28148984,3.04890698,-0.01,0,34,stringer,intrados,5219
2234,3.33845509,2.89939123,-0.01,0,35,stringer,intrados,5220
2235,3.39542034,2.74987547,-0.01,0,36,stringer,intrados,5221
2236,3.45238559,2.60035972,-0.01,0,37,stringer,intrados,5222
2237,3.50935083,2.45084397,-0.01,0,38,stringer,intrados,5223
2238,3.56631608,2.30132821,-0.01,0,39,stringer,intrados,5224
2239,3.62328133,2.15181246,-0.01,0,40,stringer,intrados,5225
1,2.98,1.6164,-0.01,100000,100000,OnlyNode,intrados,5226
1,0,8.7555,-0.01,1,-2,rear spars fuselaje,intrados,5227
1,0,1.6164,-0.01,1,-1,front spars fuselaje,intrados,5228
1,0,8.58428058428197,-0.01,1,1,stringer fuselaje,intrados,5229
10,0,8.41306116856395,-0.01,1,2,stringer fuselaje,intrados,5230
19,0,8.24184175284592,-0.01,1,3,stringer fuselaje,intrados,5231
28,0,8.07062233712789,-0.01,1,4,stringer fuselaje,intrados,5232
37,0,7.89940292140987,-0.01,1,5,stringer fuselaje,intrados,5233
46,0,7.72818350569184,-0.01,1,6,stringer fuselaje,intrados,5234
55,0,7.55696408997381,-0.01,1,7,stringer fuselaje,intrados,5235
64,0,7.38574467425578,-0.01,1,8,stringer fuselaje,intrados,5236
73,0,7.21452525853776,-0.01,1,9,stringer fuselaje,intrados,5237
82,0,7.04330584281973,-0.01,1,10,stringer fuselaje,intrados,5238
91,0,6.8720864271017,-0.01,1,11,stringer fuselaje,intrados,5239
100,0,6.70086701138368,-0.01,1,12,stringer fuselaje,intrados,5240
109,0,6.52964759566565,-0.01,1,13,stringer fuselaje,intrados,5241
118,0,6.35842817994762,-0.01,1,14,stringer fuselaje,intrados,5242
127,0,6.18720876422959,-0.01,1,15,stringer fuselaje,intrados,5243
136,0,6.01598934851157,-0.01,1,16,stringer fuselaje,intrados,5244
145,0,5.84476993279354,-0.01,1,17,stringer fuselaje,intrados,5245
154,0,5.67355051707551,-0.01,1,18,stringer fuselaje,intrados,5246
163,0,5.50233110135749,-0.01,1,19,stringer fuselaje,intrados,5247
172,0,5.33111168563946,-0.01,1,20,stringer fuselaje,intrados,5248
181,0,5.15989226992143,-0.01,1,21,stringer fuselaje,intrados,5249
190,0,4.9886728542034,-0.01,1,22,stringer fuselaje,intrados,5250
199,0,4.81745343848538,-0.01,1,23,stringer fuselaje,intrados,5251
208,0,4.64623402276735,-0.01,1,24,stringer fuselaje,intrados,5252
217,0,4.47501460704932,-0.01,1,25,stringer fuselaje,intrados,5253
226,0,4.30379519133129,-0.01,1,26,stringer fuselaje,intrados,5254
235,0,4.13257577561327,-0.01,1,27,stringer fuselaje,intrados,5255
244,0,3.96135635989524,-0.01,1,28,stringer fuselaje,intrados,5256
253,0,3.79013694417721,-0.01,1,29,stringer fuselaje,intrados,5257
262,0,3.61891752845919,-0.01,1,30,stringer fuselaje,intrados,5258
271,0,3.44769811274116,-0.01,1,31,stringer fuselaje,intrados,5259
280,0,3.27647869702313,-0.01,1,32,stringer fuselaje,intrados,5260
289,0,3.1052592813051,-0.01,1,33,stringer fuselaje,intrados,5261
298,0,2.93403986558708,-0.01,1,34,stringer fuselaje,intrados,5262
307,0,2.76282044986905,-0.01,1,35,stringer fuselaje,intrados,5263
316,0,2.59160103415102,-0.01,1,36,stringer fuselaje,intrados,5264
325,0,2.420381618433,-0.01,1,37,stringer fuselaje,intrados,5265
334,0,2.24916220271497,-0.01,1,38,stringer fuselaje,intrados,5266
343,0,2.07794278699694,-0.01,1,39,stringer fuselaje,intrados,5267
352,0,1.90672337127891,-0.01,1,40,stringer fuselaje,intrados,5268
2,0.44,8.7555,-0.01,2,-2,rear spars fuselaje,intrados,5269
2,0.44,1.6164,-0.01,2,-1,front spars fuselaje,intrados,5270
2,0.44,8.58428058428197,-0.01,2,1,stringer fuselaje,intrados,5271
11,0.44,8.41306116856395,-0.01,2,2,stringer fuselaje,intrados,5272
20,0.44,8.24184175284592,-0.01,2,3,stringer fuselaje,intrados,5273
29,0.44,8.07062233712789,-0.01,2,4,stringer fuselaje,intrados,5274
38,0.44,7.89940292140987,-0.01,2,5,stringer fuselaje,intrados,5275
47,0.44,7.72818350569184,-0.01,2,6,stringer fuselaje,intrados,5276
56,0.44,7.55696408997381,-0.01,2,7,stringer fuselaje,intrados,5277
65,0.44,7.38574467425578,-0.01,2,8,stringer fuselaje,intrados,5278
74,0.44,7.21452525853776,-0.01,2,9,stringer fuselaje,intrados,5279
83,0.44,7.04330584281973,-0.01,2,10,stringer fuselaje,intrados,5280
92,0.44,6.8720864271017,-0.01,2,11,stringer fuselaje,intrados,5281
101,0.44,6.70086701138368,-0.01,2,12,stringer fuselaje,intrados,5282
110,0.44,6.52964759566565,-0.01,2,13,stringer fuselaje,intrados,5283
119,0.44,6.35842817994762,-0.01,2,14,stringer fuselaje,intrados,5284
128,0.44,6.18720876422959,-0.01,2,15,stringer fuselaje,intrados,5285
137,0.44,6.01598934851157,-0.01,2,16,stringer fuselaje,intrados,5286
146,0.44,5.84476993279354,-0.01,2,17,stringer fuselaje,intrados,5287
155,0.44,5.67355051707551,-0.01,2,18,stringer fuselaje,intrados,5288
164,0.44,5.50233110135749,-0.01,2,19,stringer fuselaje,intrados,5289
173,0.44,5.33111168563946,-0.01,2,20,stringer fuselaje,intrados,5290
182,0.44,5.15989226992143,-0.01,2,21,stringer fuselaje,intrados,5291
191,0.44,4.9886728542034,-0.01,2,22,stringer fuselaje,intrados,5292
200,0.44,4.81745343848538,-0.01,2,23,stringer fuselaje,intrados,5293
209,0.44,4.64623402276735,-0.01,2,24,stringer fuselaje,intrados,5294
218,0.44,4.47501460704932,-0.01,2,25,stringer fuselaje,intrados,5295
227,0.44,4.30379519133129,-0.01,2,26,stringer fuselaje,intrados,5296
236,0.44,4.13257577561327,-0.01,2,27,stringer fuselaje,intrados,5297
245,0.44,3.96135635989524,-0.01,2,28,stringer fuselaje,intrados,5298
254,0.44,3.79013694417721,-0.01,2,29,stringer fuselaje,intrados,5299
263,0.44,3.61891752845919,-0.01,2,30,stringer fuselaje,intrados,5300
272,0.44,3.44769811274116,-0.01,2,31,stringer fuselaje,intrados,5301
281,0.44,3.27647869702313,-0.01,2,32,stringer fuselaje,intrados,5302
290,0.44,3.1052592813051,-0.01,2,33,stringer fuselaje,intrados,5303
299,0.44,2.93403986558708,-0.01,2,34,stringer fuselaje,intrados,5304
308,0.44,2.76282044986905,-0.01,2,35,stringer fuselaje,intrados,5305
317,0.44,2.59160103415102,-0.01,2,36,stringer fuselaje,intrados,5306
326,0.44,2.420381618433,-0.01,2,37,stringer fuselaje,intrados,5307
335,0.44,2.24916220271497,-0.01,2,38,stringer fuselaje,intrados,5308
344,0.44,2.07794278699694,-0.01,2,39,stringer fuselaje,intrados,5309
353,0.44,1.90672337127891,-0.01,2,40,stringer fuselaje,intrados,5310
3,0.88,8.7555,-0.01,3,-2,rear spars fuselaje,intrados,5311
3,0.88,1.6164,-0.01,3,-1,front spars fuselaje,intrados,5312
3,0.88,8.58428058428197,-0.01,3,1,stringer fuselaje,intrados,5313
12,0.88,8.41306116856395,-0.01,3,2,stringer fuselaje,intrados,5314
21,0.88,8.24184175284592,-0.01,3,3,stringer fuselaje,intrados,5315
30,0.88,8.07062233712789,-0.01,3,4,stringer fuselaje,intrados,5316
39,0.88,7.89940292140987,-0.01,3,5,stringer fuselaje,intrados,5317
48,0.88,7.72818350569184,-0.01,3,6,stringer fuselaje,intrados,5318
57,0.88,7.55696408997381,-0.01,3,7,stringer fuselaje,intrados,5319
66,0.88,7.38574467425578,-0.01,3,8,stringer fuselaje,intrados,5320
75,0.88,7.21452525853776,-0.01,3,9,stringer fuselaje,intrados,5321
84,0.88,7.04330584281973,-0.01,3,10,stringer fuselaje,intrados,5322
93,0.88,6.8720864271017,-0.01,3,11,stringer fuselaje,intrados,5323
102,0.88,6.70086701138368,-0.01,3,12,stringer fuselaje,intrados,5324
111,0.88,6.52964759566565,-0.01,3,13,stringer fuselaje,intrados,5325
120,0.88,6.35842817994762,-0.01,3,14,stringer fuselaje,intrados,5326
129,0.88,6.18720876422959,-0.01,3,15,stringer fuselaje,intrados,5327
138,0.88,6.01598934851157,-0.01,3,16,stringer fuselaje,intrados,5328
147,0.88,5.84476993279354,-0.01,3,17,stringer fuselaje,intrados,5329
156,0.88,5.67355051707551,-0.01,3,18,stringer fuselaje,intrados,5330
165,0.88,5.50233110135749,-0.01,3,19,stringer fuselaje,intrados,5331
174,0.88,5.33111168563946,-0.01,3,20,stringer fuselaje,intrados,5332
183,0.88,5.15989226992143,-0.01,3,21,stringer fuselaje,intrados,5333
192,0.88,4.9886728542034,-0.01,3,22,stringer fuselaje,intrados,5334
201,0.88,4.81745343848538,-0.01,3,23,stringer fuselaje,intrados,5335
210,0.88,4.64623402276735,-0.01,3,24,stringer fuselaje,intrados,5336
219,0.88,4.47501460704932,-0.01,3,25,stringer fuselaje,intrados,5337
228,0.88,4.30379519133129,-0.01,3,26,stringer fuselaje,intrados,5338
237,0.88,4.13257577561327,-0.01,3,27,stringer fuselaje,intrados,5339
246,0.88,3.96135635989524,-0.01,3,28,stringer fuselaje,intrados,5340
255,0.88,3.79013694417721,-0.01,3,29,stringer fuselaje,intrados,5341
264,0.88,3.61891752845919,-0.01,3,30,stringer fuselaje,intrados,5342
273,0.88,3.44769811274116,-0.01,3,31,stringer fuselaje,intrados,5343
282,0.88,3.27647869702313,-0.01,3,32,stringer fuselaje,intrados,5344
291,0.88,3.1052592813051,-0.01,3,33,stringer fuselaje,intrados,5345
300,0.88,2.93403986558708,-0.01,3,34,stringer fuselaje,intrados,5346
309,0.88,2.76282044986905,-0.01,3,35,stringer fuselaje,intrados,5347
318,0.88,2.59160103415102,-0.01,3,36,stringer fuselaje,intrados,5348
327,0.88,2.420381618433,-0.01,3,37,stringer fuselaje,intrados,5349
336,0.88,2.24916220271497,-0.01,3,38,stringer fuselaje,intrados,5350
345,0.88,2.07794278699694,-0.01,3,39,stringer fuselaje,intrados,5351
354,0.88,1.90672337127891,-0.01,3,40,stringer fuselaje,intrados,5352
4,1.23,8.7555,-0.01,4,-2,rear spars fuselaje,intrados,5353
4,1.23,1.6164,-0.01,4,-1,front spars fuselaje,intrados,5354
4,1.23,8.58428058428197,-0.01,4,1,stringer fuselaje,intrados,5355
13,1.23,8.41306116856395,-0.01,4,2,stringer fuselaje,intrados,5356
22,1.23,8.24184175284592,-0.01,4,3,stringer fuselaje,intrados,5357
31,1.23,8.07062233712789,-0.01,4,4,stringer fuselaje,intrados,5358
40,1.23,7.89940292140987,-0.01,4,5,stringer fuselaje,intrados,5359
49,1.23,7.72818350569184,-0.01,4,6,stringer fuselaje,intrados,5360
58,1.23,7.55696408997381,-0.01,4,7,stringer fuselaje,intrados,5361
67,1.23,7.38574467425578,-0.01,4,8,stringer fuselaje,intrados,5362
76,1.23,7.21452525853776,-0.01,4,9,stringer fuselaje,intrados,5363
85,1.23,7.04330584281973,-0.01,4,10,stringer fuselaje,intrados,5364
94,1.23,6.8720864271017,-0.01,4,11,stringer fuselaje,intrados,5365
103,1.23,6.70086701138368,-0.01,4,12,stringer fuselaje,intrados,5366
112,1.23,6.52964759566565,-0.01,4,13,stringer fuselaje,intrados,5367
121,1.23,6.35842817994762,-0.01,4,14,stringer fuselaje,intrados,5368
130,1.23,6.18720876422959,-0.01,4,15,stringer fuselaje,intrados,5369
139,1.23,6.01598934851157,-0.01,4,16,stringer fuselaje,intrados,5370
148,1.23,5.84476993279354,-0.01,4,17,stringer fuselaje,intrados,5371
157,1.23,5.67355051707551,-0.01,4,18,stringer fuselaje,intrados,5372
166,1.23,5.50233110135749,-0.01,4,19,stringer fuselaje,intrados,5373
175,1.23,5.33111168563946,-0.01,4,20,stringer fuselaje,intrados,5374
184,1.23,5.15989226992143,-0.01,4,21,stringer fuselaje,intrados,5375
193,1.23,4.9886728542034,-0.01,4,22,stringer fuselaje,intrados,5376
202,1.23,4.81745343848538,-0.01,4,23,stringer fuselaje,intrados,5377
211,1.23,4.64623402276735,-0.01,4,24,stringer fuselaje,intrados,5378
220,1.23,4.47501460704932,-0.01,4,25,stringer fuselaje,intrados,5379
229,1.23,4.30379519133129,-0.01,4,26,stringer fuselaje,intrados,5380
238,1.23,4.13257577561327,-0.01,4,27,stringer fuselaje,intrados,5381
247,1.23,3.96135635989524,-0.01,4,28,stringer fuselaje,intrados,5382
256,1.23,3.79013694417721,-0.01,4,29,stringer fuselaje,intrados,5383
265,1.23,3.61891752845919,-0.01,4,30,stringer fuselaje,intrados,5384
274,1.23,3.44769811274116,-0.01,4,31,stringer fuselaje,intrados,5385
283,1.23,3.27647869702313,-0.01,4,32,stringer fuselaje,intrados,5386
292,1.23,3.1052592813051,-0.01,4,33,stringer fuselaje,intrados,5387
301,1.23,2.93403986558708,-0.01,4,34,stringer fuselaje,intrados,5388
310,1.23,2.76282044986905,-0.01,4,35,stringer fuselaje,intrados,5389
319,1.23,2.59160103415102,-0.01,4,36,stringer fuselaje,intrados,5390
328,1.23,2.420381618433,-0.01,4,37,stringer fuselaje,intrados,5391
337,1.23,2.24916220271497,-0.01,4,38,stringer fuselaje,intrados,5392
346,1.23,2.07794278699694,-0.01,4,39,stringer fuselaje,intrados,5393
355,1.23,1.90672337127891,-0.01,4,40,stringer fuselaje,intrados,5394
5,1.58,8.7555,-0.01,5,-2,rear spars fuselaje,intrados,5395
5,1.58,1.6164,-0.01,5,-1,front spars fuselaje,intrados,5396
5,1.58,8.58428058428197,-0.01,5,1,stringer fuselaje,intrados,5397
14,1.58,8.41306116856395,-0.01,5,2,stringer fuselaje,intrados,5398
23,1.58,8.24184175284592,-0.01,5,3,stringer fuselaje,intrados,5399
32,1.58,8.07062233712789,-0.01,5,4,stringer fuselaje,intrados,5400
41,1.58,7.89940292140987,-0.01,5,5,stringer fuselaje,intrados,5401
50,1.58,7.72818350569184,-0.01,5,6,stringer fuselaje,intrados,5402
59,1.58,7.55696408997381,-0.01,5,7,stringer fuselaje,intrados,5403
68,1.58,7.38574467425578,-0.01,5,8,stringer fuselaje,intrados,5404
77,1.58,7.21452525853776,-0.01,5,9,stringer fuselaje,intrados,5405
86,1.58,7.04330584281973,-0.01,5,10,stringer fuselaje,intrados,5406
95,1.58,6.8720864271017,-0.01,5,11,stringer fuselaje,intrados,5407
104,1.58,6.70086701138368,-0.01,5,12,stringer fuselaje,intrados,5408
113,1.58,6.52964759566565,-0.01,5,13,stringer fuselaje,intrados,5409
122,1.58,6.35842817994762,-0.01,5,14,stringer fuselaje,intrados,5410
131,1.58,6.18720876422959,-0.01,5,15,stringer fuselaje,intrados,5411
140,1.58,6.01598934851157,-0.01,5,16,stringer fuselaje,intrados,5412
149,1.58,5.84476993279354,-0.01,5,17,stringer fuselaje,intrados,5413
158,1.58,5.67355051707551,-0.01,5,18,stringer fuselaje,intrados,5414
167,1.58,5.50233110135749,-0.01,5,19,stringer fuselaje,intrados,5415
176,1.58,5.33111168563946,-0.01,5,20,stringer fuselaje,intrados,5416
185,1.58,5.15989226992143,-0.01,5,21,stringer fuselaje,intrados,5417
194,1.58,4.9886728542034,-0.01,5,22,stringer fuselaje,intrados,5418
203,1.58,4.81745343848538,-0.01,5,23,stringer fuselaje,intrados,5419
212,1.58,4.64623402276735,-0.01,5,24,stringer fuselaje,intrados,5420
221,1.58,4.47501460704932,-0.01,5,25,stringer fuselaje,intrados,5421
230,1.58,4.30379519133129,-0.01,5,26,stringer fuselaje,intrados,5422
239,1.58,4.13257577561327,-0.01,5,27,stringer fuselaje,intrados,5423
248,1.58,3.96135635989524,-0.01,5,28,stringer fuselaje,intrados,5424
257,1.58,3.79013694417721,-0.01,5,29,stringer fuselaje,intrados,5425
266,1.58,3.61891752845919,-0.01,5,30,stringer fuselaje,intrados,5426
275,1.58,3.44769811274116,-0.01,5,31,stringer fuselaje,intrados,5427
284,1.58,3.27647869702313,-0.01,5,32,stringer fuselaje,intrados,5428
293,1.58,3.1052592813051,-0.01,5,33,stringer fuselaje,intrados,5429
302,1.58,2.93403986558708,-0.01,5,34,stringer fuselaje,intrados,5430
311,1.58,2.76282044986905,-0.01,5,35,stringer fuselaje,intrados,5431
320,1.58,2.59160103415102,-0.01,5,36,stringer fuselaje,intrados,5432
329,1.58,2.420381618433,-0.01,5,37,stringer fuselaje,intrados,5433
338,1.58,2.24916220271497,-0.01,5,38,stringer fuselaje,intrados,5434
347,1.58,2.07794278699694,-0.01,5,39,stringer fuselaje,intrados,5435
356,1.58,1.90672337127891,-0.01,5,40,stringer fuselaje,intrados,5436
6,1.93,8.7555,-0.01,6,-2,rear spars fuselaje,intrados,5437
6,1.93,1.6164,-0.01,6,-1,front spars fuselaje,intrados,5438
6,1.93,8.58428058428197,-0.01,6,1,stringer fuselaje,intrados,5439
15,1.93,8.41306116856395,-0.01,6,2,stringer fuselaje,intrados,5440
24,1.93,8.24184175284592,-0.01,6,3,stringer fuselaje,intrados,5441
33,1.93,8.07062233712789,-0.01,6,4,stringer fuselaje,intrados,5442
42,1.93,7.89940292140987,-0.01,6,5,stringer fuselaje,intrados,5443
51,1.93,7.72818350569184,-0.01,6,6,stringer fuselaje,intrados,5444
60,1.93,7.55696408997381,-0.01,6,7,stringer fuselaje,intrados,5445
69,1.93,7.38574467425578,-0.01,6,8,stringer fuselaje,intrados,5446
78,1.93,7.21452525853776,-0.01,6,9,stringer fuselaje,intrados,5447
87,1.93,7.04330584281973,-0.01,6,10,stringer fuselaje,intrados,5448
96,1.93,6.8720864271017,-0.01,6,11,stringer fuselaje,intrados,5449
105,1.93,6.70086701138368,-0.01,6,12,stringer fuselaje,intrados,5450
114,1.93,6.52964759566565,-0.01,6,13,stringer fuselaje,intrados,5451
123,1.93,6.35842817994762,-0.01,6,14,stringer fuselaje,intrados,5452
132,1.93,6.18720876422959,-0.01,6,15,stringer fuselaje,intrados,5453
141,1.93,6.01598934851157,-0.01,6,16,stringer fuselaje,intrados,5454
150,1.93,5.84476993279354,-0.01,6,17,stringer fuselaje,intrados,5455
159,1.93,5.67355051707551,-0.01,6,18,stringer fuselaje,intrados,5456
168,1.93,5.50233110135749,-0.01,6,19,stringer fuselaje,intrados,5457
177,1.93,5.33111168563946,-0.01,6,20,stringer fuselaje,intrados,5458
186,1.93,5.15989226992143,-0.01,6,21,stringer fuselaje,intrados,5459
195,1.93,4.9886728542034,-0.01,6,22,stringer fuselaje,intrados,5460
204,1.93,4.81745343848538,-0.01,6,23,stringer fuselaje,intrados,5461
213,1.93,4.64623402276735,-0.01,6,24,stringer fuselaje,intrados,5462
222,1.93,4.47501460704932,-0.01,6,25,stringer fuselaje,intrados,5463
231,1.93,4.30379519133129,-0.01,6,26,stringer fuselaje,intrados,5464
240,1.93,4.13257577561327,-0.01,6,27,stringer fuselaje,intrados,5465
249,1.93,3.96135635989524,-0.01,6,28,stringer fuselaje,intrados,5466
258,1.93,3.79013694417721,-0.01,6,29,stringer fuselaje,intrados,5467
267,1.93,3.61891752845919,-0.01,6,30,stringer fuselaje,intrados,5468
276,1.93,3.44769811274116,-0.01,6,31,stringer fuselaje,intrados,5469
285,1.93,3.27647869702313,-0.01,6,32,stringer fuselaje,intrados,5470
294,1.93,3.1052592813051,-0.01,6,33,stringer fuselaje,intrados,5471
303,1.93,2.93403986558708,-0.01,6,34,stringer fuselaje,intrados,5472
312,1.93,2.76282044986905,-0.01,6,35,stringer fuselaje,intrados,5473
321,1.93,2.59160103415102,-0.01,6,36,stringer fuselaje,intrados,5474
330,1.93,2.420381618433,-0.01,6,37,stringer fuselaje,intrados,5475
339,1.93,2.24916220271497,-0.01,6,38,stringer fuselaje,intrados,5476
348,1.93,2.07794278699694,-0.01,6,39,stringer fuselaje,intrados,5477
357,1.93,1.90672337127891,-0.01,6,40,stringer fuselaje,intrados,5478
7,2.28,8.7555,-0.01,7,-2,rear spars fuselaje,intrados,5479
7,2.28,1.6164,-0.01,7,-1,front spars fuselaje,intrados,5480
7,2.28,8.58428058428197,-0.01,7,1,stringer fuselaje,intrados,5481
16,2.28,8.41306116856395,-0.01,7,2,stringer fuselaje,intrados,5482
25,2.28,8.24184175284592,-0.01,7,3,stringer fuselaje,intrados,5483
34,2.28,8.07062233712789,-0.01,7,4,stringer fuselaje,intrados,5484
43,2.28,7.89940292140987,-0.01,7,5,stringer fuselaje,intrados,5485
52,2.28,7.72818350569184,-0.01,7,6,stringer fuselaje,intrados,5486
61,2.28,7.55696408997381,-0.01,7,7,stringer fuselaje,intrados,5487
70,2.28,7.38574467425578,-0.01,7,8,stringer fuselaje,intrados,5488
79,2.28,7.21452525853776,-0.01,7,9,stringer fuselaje,intrados,5489
88,2.28,7.04330584281973,-0.01,7,10,stringer fuselaje,intrados,5490
97,2.28,6.8720864271017,-0.01,7,11,stringer fuselaje,intrados,5491
106,2.28,6.70086701138368,-0.01,7,12,stringer fuselaje,intrados,5492
115,2.28,6.52964759566565,-0.01,7,13,stringer fuselaje,intrados,5493
124,2.28,6.35842817994762,-0.01,7,14,stringer fuselaje,intrados,5494
133,2.28,6.18720876422959,-0.01,7,15,stringer fuselaje,intrados,5495
142,2.28,6.01598934851157,-0.01,7,16,stringer fuselaje,intrados,5496
151,2.28,5.84476993279354,-0.01,7,17,stringer fuselaje,intrados,5497
160,2.28,5.67355051707551,-0.01,7,18,stringer fuselaje,intrados,5498
169,2.28,5.50233110135749,-0.01,7,19,stringer fuselaje,intrados,5499
178,2.28,5.33111168563946,-0.01,7,20,stringer fuselaje,intrados,5500
187,2.28,5.15989226992143,-0.01,7,21,stringer fuselaje,intrados,5501
196,2.28,4.9886728542034,-0.01,7,22,stringer fuselaje,intrados,5502
205,2.28,4.81745343848538,-0.01,7,23,stringer fuselaje,intrados,5503
214,2.28,4.64623402276735,-0.01,7,24,stringer fuselaje,intrados,5504
223,2.28,4.47501460704932,-0.01,7,25,stringer fuselaje,intrados,5505
232,2.28,4.30379519133129,-0.01,7,26,stringer fuselaje,intrados,5506
241,2.28,4.13257577561327,-0.01,7,27,stringer fuselaje,intrados,5507
250,2.28,3.96135635989524,-0.01,7,28,stringer fuselaje,intrados,5508
259,2.28,3.79013694417721,-0.01,7,29,stringer fuselaje,intrados,5509
268,2.28,3.61891752845919,-0.01,7,30,stringer fuselaje,intrados,5510
277,2.28,3.44769811274116,-0.01,7,31,stringer fuselaje,intrados,5511
286,2.28,3.27647869702313,-0.01,7,32,stringer fuselaje,intrados,5512
295,2.28,3.1052592813051,-0.01,7,33,stringer fuselaje,intrados,5513
304,2.28,2.93403986558708,-0.01,7,34,stringer fuselaje,intrados,5514
313,2.28,2.76282044986905,-0.01,7,35,stringer fuselaje,intrados,5515
322,2.28,2.59160103415102,-0.01,7,36,stringer fuselaje,intrados,5516
331,2.28,2.420381618433,-0.01,7,37,stringer fuselaje,intrados,5517
340,2.28,2.24916220271497,-0.01,7,38,stringer fuselaje,intrados,5518
349,2.28,2.07794278699694,-0.01,7,39,stringer fuselaje,intrados,5519
358,2.28,1.90672337127891,-0.01,7,40,stringer fuselaje,intrados,5520
8,2.63,8.7555,-0.01,8,-2,rear spars fuselaje,intrados,5521
8,2.63,1.6164,-0.01,8,-1,front spars fuselaje,intrados,5522
8,2.63,8.58428058428197,-0.01,8,1,stringer fuselaje,intrados,5523
17,2.63,8.41306116856395,-0.01,8,2,stringer fuselaje,intrados,5524
26,2.63,8.24184175284592,-0.01,8,3,stringer fuselaje,intrados,5525
35,2.63,8.07062233712789,-0.01,8,4,stringer fuselaje,intrados,5526
44,2.63,7.89940292140987,-0.01,8,5,stringer fuselaje,intrados,5527
53,2.63,7.72818350569184,-0.01,8,6,stringer fuselaje,intrados,5528
62,2.63,7.55696408997381,-0.01,8,7,stringer fuselaje,intrados,5529
71,2.63,7.38574467425578,-0.01,8,8,stringer fuselaje,intrados,5530
80,2.63,7.21452525853776,-0.01,8,9,stringer fuselaje,intrados,5531
89,2.63,7.04330584281973,-0.01,8,10,stringer fuselaje,intrados,5532
98,2.63,6.8720864271017,-0.01,8,11,stringer fuselaje,intrados,5533
107,2.63,6.70086701138368,-0.01,8,12,stringer fuselaje,intrados,5534
116,2.63,6.52964759566565,-0.01,8,13,stringer fuselaje,intrados,5535
125,2.63,6.35842817994762,-0.01,8,14,stringer fuselaje,intrados,5536
134,2.63,6.18720876422959,-0.01,8,15,stringer fuselaje,intrados,5537
143,2.63,6.01598934851157,-0.01,8,16,stringer fuselaje,intrados,5538
152,2.63,5.84476993279354,-0.01,8,17,stringer fuselaje,intrados,5539
161,2.63,5.67355051707551,-0.01,8,18,stringer fuselaje,intrados,5540
170,2.63,5.50233110135749,-0.01,8,19,stringer fuselaje,intrados,5541
179,2.63,5.33111168563946,-0.01,8,20,stringer fuselaje,intrados,5542
188,2.63,5.15989226992143,-0.01,8,21,stringer fuselaje,intrados,5543
197,2.63,4.9886728542034,-0.01,8,22,stringer fuselaje,intrados,5544
206,2.63,4.81745343848538,-0.01,8,23,stringer fuselaje,intrados,5545
215,2.63,4.64623402276735,-0.01,8,24,stringer fuselaje,intrados,5546
224,2.63,4.47501460704932,-0.01,8,25,stringer fuselaje,intrados,5547
233,2.63,4.30379519133129,-0.01,8,26,stringer fuselaje,intrados,5548
242,2.63,4.13257577561327,-0.01,8,27,stringer fuselaje,intrados,5549
251,2.63,3.96135635989524,-0.01,8,28,stringer fuselaje,intrados,5550
260,2.63,3.79013694417721,-0.01,8,29,stringer fuselaje,intrados,5551
269,2.63,3.61891752845919,-0.01,8,30,stringer fuselaje,intrados,5552
278,2.63,3.44769811274116,-0.01,8,31,stringer fuselaje,intrados,5553
287,2.63,3.27647869702313,-0.01,8,32,stringer fuselaje,intrados,5554
296,2.63,3.1052592813051,-0.01,8,33,stringer fuselaje,intrados,5555
305,2.63,2.93403986558708,-0.01,8,34,stringer fuselaje,intrados,5556
314,2.63,2.76282044986905,-0.01,8,35,stringer fuselaje,intrados,5557
323,2.63,2.59160103415102,-0.01,8,36,stringer fuselaje,intrados,5558
332,2.63,2.420381618433,-0.01,8,37,stringer fuselaje,intrados,5559
341,2.63,2.24916220271497,-0.01,8,38,stringer fuselaje,intrados,5560
350,2.63,2.07794278699694,-0.01,8,39,stringer fuselaje,intrados,5561
359,2.63,1.90672337127891,-0.01,8,40,stringer fuselaje,intrados,5562
9,2.98,8.7555,-0.01,9,-2,rear spars fuselaje,intrados,5563
9,2.98,1.6164,-0.01,9,-1,front spars fuselaje,intrados,5564
9,2.98,8.58428058428197,-0.01,9,1,stringer fuselaje,intrados,5565
18,2.98,8.41306116856395,-0.01,9,2,stringer fuselaje,intrados,5566
27,2.98,8.24184175284592,-0.01,9,3,stringer fuselaje,intrados,5567
36,2.98,8.07062233712789,-0.01,9,4,stringer fuselaje,intrados,5568
45,2.98,7.89940292140987,-0.01,9,5,stringer fuselaje,intrados,5569
54,2.98,7.72818350569184,-0.01,9,6,stringer fuselaje,intrados,5570
63,2.98,7.55696408997381,-0.01,9,7,stringer fuselaje,intrados,5571
72,2.98,7.38574467425578,-0.01,9,8,stringer fuselaje,intrados,5572
81,2.98,7.21452525853776,-0.01,9,9,stringer fuselaje,intrados,5573
90,2.98,7.04330584281973,-0.01,9,10,stringer fuselaje,intrados,5574
99,2.98,6.8720864271017,-0.01,9,11,stringer fuselaje,intrados,5575
108,2.98,6.70086701138368,-0.01,9,12,stringer fuselaje,intrados,5576
117,2.98,6.52964759566565,-0.01,9,13,stringer fuselaje,intrados,5577
126,2.98,6.35842817994762,-0.01,9,14,stringer fuselaje,intrados,5578
135,2.98,6.18720876422959,-0.01,9,15,stringer fuselaje,intrados,5579
144,2.98,6.01598934851157,-0.01,9,16,stringer fuselaje,intrados,5580
153,2.98,5.84476993279354,-0.01,9,17,stringer fuselaje,intrados,5581
162,2.98,5.67355051707551,-0.01,9,18,stringer fuselaje,intrados,5582
171,2.98,5.50233110135749,-0.01,9,19,stringer fuselaje,intrados,5583
180,2.98,5.33111168563946,-0.01,9,20,stringer fuselaje,intrados,5584
189,2.98,5.15989226992143,-0.01,9,21,stringer fuselaje,intrados,5585
198,2.98,4.9886728542034,-0.01,9,22,stringer fuselaje,intrados,5586
207,2.98,4.81745343848538,-0.01,9,23,stringer fuselaje,intrados,5587
216,2.98,4.64623402276735,-0.01,9,24,stringer fuselaje,intrados,5588
225,2.98,4.47501460704932,-0.01,9,25,stringer fuselaje,intrados,5589
234,2.98,4.30379519133129,-0.01,9,26,stringer fuselaje,intrados,5590
243,2.98,4.13257577561327,-0.01,9,27,stringer fuselaje,intrados,5591
252,2.98,3.96135635989524,-0.01,9,28,stringer fuselaje,intrados,5592
261,2.98,3.79013694417721,-0.01,9,29,stringer fuselaje,intrados,5593
270,2.98,3.61891752845919,-0.01,9,30,stringer fuselaje,intrados,5594
279,2.98,3.44769811274116,-0.01,9,31,stringer fuselaje,intrados,5595
288,2.98,3.27647869702313,-0.01,9,32,stringer fuselaje,intrados,5596
297,2.98,3.1052592813051,-0.01,9,33,stringer fuselaje,intrados,5597
306,2.98,2.93403986558708,-0.01,9,34,stringer fuselaje,intrados,5598
315,2.98,2.76282044986905,-0.01,9,35,stringer fuselaje,intrados,5599
324,2.98,2.59160103415102,-0.01,9,36,stringer fuselaje,intrados,5600
333,2.98,2.420381618433,-0.01,9,37,stringer fuselaje,intrados,5601
342,2.98,2.24916220271497,-0.01,9,38,stringer fuselaje,intrados,5602
351,2.98,2.07794278699694,-0.01,9,39,stringer fuselaje,intrados,5603
360,2.98,1.90672337127891,-0.01,9,40,stringer fuselaje,intrados,5604
