CEND
BEGIN BULK
GRID,1,0,31.635718,18.132305,0.500000,0
GRID,2,0,30.759279,17.627164,0.500000,0
GRID,3,0,29.882840,17.122022,0.500000,0
GRID,4,0,29.006401,16.616881,0.500000,0
GRID,5,0,28.129962,16.111740,0.500000,0
GRID,6,0,27.253523,15.606599,0.500000,0
GRID,7,0,26.377084,15.101458,0.500000,0
GRID,8,0,25.500645,14.596317,0.500000,0
GRID,9,0,24.624206,14.091175,0.500000,0
GRID,10,0,23.747767,13.586034,0.500000,0
GRID,11,0,22.871328,13.080893,0.500000,0
GRID,12,0,21.994889,12.575752,0.500000,0
GRID,13,0,21.118450,12.070611,0.500000,0
GRID,14,0,20.242011,11.565470,0.500000,0
GRID,15,0,19.365572,11.060328,0.500000,0
GRID,16,0,18.489133,10.555187,0.500000,0
GRID,17,0,17.612694,10.050046,0.500000,0
GRID,18,0,16.736255,9.544905,0.500000,0
GRID,19,0,15.859816,9.039764,0.500000,0
GRID,20,0,14.983377,8.534622,0.500000,0
GRID,21,0,14.106938,8.029481,0.500000,0
GRID,22,0,13.230499,7.524340,0.500000,0
GRID,23,0,12.354060,7.019199,0.500000,0
GRID,24,0,11.477621,6.514058,0.500000,0
GRID,25,0,10.601182,6.008917,0.500000,0
GRID,26,0,9.724743,5.503775,0.500000,0
GRID,27,0,8.848304,4.998634,0.500000,0
GRID,28,0,7.971865,4.493493,0.500000,0
GRID,29,0,7.095426,3.988352,0.500000,0
GRID,30,0,6.218987,3.483211,0.500000,0
GRID,31,0,5.342548,2.978070,0.500000,0
GRID,32,0,4.466109,2.472928,0.500000,0
GRID,33,0,2.980000,8.584281,0.500000,0
GRID,34,0,2.980000,8.413061,0.500000,0
GRID,35,0,2.980000,8.241842,0.500000,0
GRID,36,0,2.980000,8.070622,0.500000,0
GRID,37,0,2.980000,7.899403,0.500000,0
GRID,38,0,2.980000,7.728184,0.500000,0
GRID,39,0,2.980000,7.556964,0.500000,0
GRID,40,0,2.980000,7.385745,0.500000,0
GRID,41,0,2.980000,7.214525,0.500000,0
GRID,42,0,2.980000,7.043306,0.500000,0
GRID,43,0,2.980000,6.872086,0.500000,0
GRID,44,0,2.980000,6.700867,0.500000,0
GRID,45,0,2.980000,6.529648,0.500000,0
GRID,46,0,2.980000,6.358428,0.500000,0
GRID,47,0,2.980000,6.187209,0.500000,0
GRID,48,0,2.980000,6.015989,0.500000,0
GRID,49,0,2.980000,5.844770,0.500000,0
GRID,50,0,2.980000,5.673551,0.500000,0
GRID,51,0,2.980000,5.502331,0.500000,0
GRID,52,0,2.980000,5.331112,0.500000,0
GRID,53,0,2.980000,5.159892,0.500000,0
GRID,54,0,2.980000,4.988673,0.500000,0
GRID,55,0,2.980000,4.817453,0.500000,0
GRID,56,0,2.980000,4.646234,0.500000,0
GRID,57,0,2.980000,4.475015,0.500000,0
GRID,58,0,2.980000,4.303795,0.500000,0
GRID,59,0,2.980000,4.132576,0.500000,0
GRID,60,0,2.980000,3.961356,0.500000,0
GRID,61,0,2.980000,3.790137,0.500000,0
GRID,62,0,2.980000,3.618918,0.500000,0
GRID,63,0,2.980000,3.447698,0.500000,0
GRID,64,0,2.980000,3.276479,0.500000,0
GRID,65,0,2.980000,3.105259,0.500000,0
GRID,66,0,2.980000,2.934040,0.500000,0
GRID,67,0,2.980000,2.762820,0.500000,0
GRID,68,0,2.980000,2.591601,0.500000,0
GRID,69,0,2.980000,2.420382,0.500000,0
GRID,70,0,2.980000,2.249162,0.500000,0
GRID,71,0,2.980000,2.077943,0.500000,0
GRID,72,0,2.980000,1.906723,0.500000,0
GRID,73,0,2.980000,4.823278,0.500000,0
GRID,74,0,3.981824,2.193807,0.500000,0
GRID,75,0,2.981938,4.818192,0.500000,0
GRID,76,0,3.038903,4.668676,0.500000,0
GRID,77,0,3.095868,4.519160,0.500000,0
GRID,78,0,3.152834,4.369644,0.500000,0
GRID,79,0,3.209799,4.220129,0.500000,0
GRID,80,0,3.266764,4.070613,0.500000,0
GRID,81,0,3.323729,3.921097,0.500000,0
GRID,82,0,3.380695,3.771581,0.500000,0
GRID,83,0,3.437660,3.622066,0.500000,0
GRID,84,0,3.494625,3.472550,0.500000,0
GRID,85,0,3.551590,3.323034,0.500000,0
GRID,86,0,3.608556,3.173518,0.500000,0
GRID,87,0,3.665521,3.024003,0.500000,0
GRID,88,0,3.722486,2.874487,0.500000,0
GRID,89,0,3.779451,2.724971,0.500000,0
GRID,90,0,3.836417,2.575455,0.500000,0
GRID,91,0,3.893382,2.425940,0.500000,0
GRID,92,0,3.950347,2.276424,0.500000,0
GRID,93,0,2.980000,5.806333,0.500000,0
GRID,94,0,4.288929,2.370809,0.500000,0
GRID,95,0,3.024177,5.690382,0.500000,0
GRID,96,0,3.081143,5.540866,0.500000,0
GRID,97,0,3.138108,5.391350,0.500000,0
GRID,98,0,3.195073,5.241835,0.500000,0
GRID,99,0,3.252038,5.092319,0.500000,0
GRID,100,0,3.309004,4.942803,0.500000,0
GRID,101,0,3.365969,4.793287,0.500000,0
GRID,102,0,3.422934,4.643772,0.500000,0
GRID,103,0,3.479899,4.494256,0.500000,0
GRID,104,0,3.536865,4.344740,0.500000,0
GRID,105,0,3.593830,4.195224,0.500000,0
GRID,106,0,3.650795,4.045709,0.500000,0
GRID,107,0,3.707760,3.896193,0.500000,0
GRID,108,0,3.764726,3.746677,0.500000,0
GRID,109,0,3.821691,3.597161,0.500000,0
GRID,110,0,3.878656,3.447646,0.500000,0
GRID,111,0,3.935621,3.298130,0.500000,0
GRID,112,0,3.992587,3.148614,0.500000,0
GRID,113,0,4.049552,2.999098,0.500000,0
GRID,114,0,4.106517,2.849583,0.500000,0
GRID,115,0,4.163482,2.700067,0.500000,0
GRID,116,0,4.220448,2.550551,0.500000,0
GRID,117,0,4.277413,2.401035,0.500000,0
GRID,118,0,2.980000,6.789389,0.500000,0
GRID,119,0,4.596034,2.547811,0.500000,0
GRID,120,0,3.009452,6.712088,0.500000,0
GRID,121,0,3.066417,6.562572,0.500000,0
GRID,122,0,3.123382,6.413056,0.500000,0
GRID,123,0,3.180347,6.263541,0.500000,0
GRID,124,0,3.237313,6.114025,0.500000,0
GRID,125,0,3.294278,5.964509,0.500000,0
GRID,126,0,3.351243,5.814993,0.500000,0
GRID,127,0,3.408208,5.665478,0.500000,0
GRID,128,0,3.465174,5.515962,0.500000,0
GRID,129,0,3.522139,5.366446,0.500000,0
GRID,130,0,3.579104,5.216930,0.500000,0
GRID,131,0,3.636069,5.067415,0.500000,0
GRID,132,0,3.693035,4.917899,0.500000,0
GRID,133,0,3.750000,4.768383,0.500000,0
GRID,134,0,3.806965,4.618867,0.500000,0
GRID,135,0,3.863930,4.469352,0.500000,0
GRID,136,0,3.920895,4.319836,0.500000,0
GRID,137,0,3.977861,4.170320,0.500000,0
GRID,138,0,4.034826,4.020804,0.500000,0
GRID,139,0,4.091791,3.871289,0.500000,0
GRID,140,0,4.148756,3.721773,0.500000,0
GRID,141,0,4.205722,3.572257,0.500000,0
GRID,142,0,4.262687,3.422741,0.500000,0
GRID,143,0,4.319652,3.273226,0.500000,0
GRID,144,0,4.376617,3.123710,0.500000,0
GRID,145,0,4.433583,2.974194,0.500000,0
GRID,146,0,4.490548,2.824678,0.500000,0
GRID,147,0,4.547513,2.675163,0.500000,0
GRID,148,0,2.980000,7.772444,0.500000,0
GRID,149,0,4.903139,2.724813,0.500000,0
GRID,150,0,2.994726,7.733794,0.500000,0
GRID,151,0,3.051691,7.584278,0.500000,0
GRID,152,0,3.108656,7.434762,0.500000,0
GRID,153,0,3.165622,7.285247,0.500000,0
GRID,154,0,3.222587,7.135731,0.500000,0
GRID,155,0,3.279552,6.986215,0.500000,0
GRID,156,0,3.336517,6.836699,0.500000,0
GRID,157,0,3.393483,6.687184,0.500000,0
GRID,158,0,3.450448,6.537668,0.500000,0
GRID,159,0,3.507413,6.388152,0.500000,0
GRID,160,0,3.564378,6.238636,0.500000,0
GRID,161,0,3.621343,6.089121,0.500000,0
GRID,162,0,3.678309,5.939605,0.500000,0
GRID,163,0,3.735274,5.790089,0.500000,0
GRID,164,0,3.792239,5.640573,0.500000,0
GRID,165,0,3.849204,5.491058,0.500000,0
GRID,166,0,3.906170,5.341542,0.500000,0
GRID,167,0,3.963135,5.192026,0.500000,0
GRID,168,0,4.020100,5.042510,0.500000,0
GRID,169,0,4.077065,4.892995,0.500000,0
GRID,170,0,4.134031,4.743479,0.500000,0
GRID,171,0,4.190996,4.593963,0.500000,0
GRID,172,0,4.247961,4.444447,0.500000,0
GRID,173,0,4.304926,4.294932,0.500000,0
GRID,174,0,4.361892,4.145416,0.500000,0
GRID,175,0,4.418857,3.995900,0.500000,0
GRID,176,0,4.475822,3.846384,0.500000,0
GRID,177,0,4.532787,3.696869,0.500000,0
GRID,178,0,4.589753,3.547353,0.500000,0
GRID,179,0,4.646718,3.397837,0.500000,0
GRID,180,0,4.703683,3.248321,0.500000,0
GRID,181,0,4.760648,3.098806,0.500000,0
GRID,182,0,4.817614,2.949290,0.500000,0
GRID,183,0,4.874579,2.799774,0.500000,0
GRID,184,0,2.980000,8.755500,0.500000,0
GRID,185,0,5.210244,2.901815,0.500000,0
GRID,186,0,3.036965,8.605984,0.500000,0
GRID,187,0,3.093930,8.456468,0.500000,0
GRID,188,0,3.150896,8.306953,0.500000,0
GRID,189,0,3.207861,8.157437,0.500000,0
GRID,190,0,3.264826,8.007921,0.500000,0
GRID,191,0,3.321791,7.858405,0.500000,0
GRID,192,0,3.378757,7.708890,0.500000,0
GRID,193,0,3.435722,7.559374,0.500000,0
GRID,194,0,3.492687,7.409858,0.500000,0
GRID,195,0,3.549652,7.260342,0.500000,0
GRID,196,0,3.606618,7.110827,0.500000,0
GRID,197,0,3.663583,6.961311,0.500000,0
GRID,198,0,3.720548,6.811795,0.500000,0
GRID,199,0,3.777513,6.662279,0.500000,0
GRID,200,0,3.834479,6.512764,0.500000,0
GRID,201,0,3.891444,6.363248,0.500000,0
GRID,202,0,3.948409,6.213732,0.500000,0
GRID,203,0,4.005374,6.064216,0.500000,0
GRID,204,0,4.062340,5.914701,0.500000,0
GRID,205,0,4.119305,5.765185,0.500000,0
GRID,206,0,4.176270,5.615669,0.500000,0
GRID,207,0,4.233235,5.466153,0.500000,0
GRID,208,0,4.290201,5.316638,0.500000,0
GRID,209,0,4.347166,5.167122,0.500000,0
GRID,210,0,4.404131,5.017606,0.500000,0
GRID,211,0,4.461096,4.868090,0.500000,0
GRID,212,0,4.518062,4.718575,0.500000,0
GRID,213,0,4.575027,4.569059,0.500000,0
GRID,214,0,4.631992,4.419543,0.500000,0
GRID,215,0,4.688957,4.270027,0.500000,0
GRID,216,0,4.745923,4.120512,0.500000,0
GRID,217,0,4.802888,3.970996,0.500000,0
GRID,218,0,4.859853,3.821480,0.500000,0
GRID,219,0,4.916818,3.671964,0.500000,0
GRID,220,0,4.973784,3.522449,0.500000,0
GRID,221,0,5.030749,3.372933,0.500000,0
GRID,222,0,5.087714,3.223417,0.500000,0
GRID,223,0,5.144679,3.073901,0.500000,0
GRID,224,0,5.201645,2.924386,0.500000,0
GRID,225,0,3.307066,8.880111,0.500000,0
GRID,226,0,5.517349,3.078817,0.500000,0
GRID,227,0,3.364031,8.730596,0.500000,0
GRID,228,0,3.420996,8.581080,0.500000,0
GRID,229,0,3.477961,8.431564,0.500000,0
GRID,230,0,3.534927,8.282048,0.500000,0
GRID,231,0,3.591892,8.132533,0.500000,0
GRID,232,0,3.648857,7.983017,0.500000,0
GRID,233,0,3.705822,7.833501,0.500000,0
GRID,234,0,3.762788,7.683985,0.500000,0
GRID,235,0,3.819753,7.534470,0.500000,0
GRID,236,0,3.876718,7.384954,0.500000,0
GRID,237,0,3.933683,7.235438,0.500000,0
GRID,238,0,3.990649,7.085922,0.500000,0
GRID,239,0,4.047614,6.936407,0.500000,0
GRID,240,0,4.104579,6.786891,0.500000,0
GRID,241,0,4.161544,6.637375,0.500000,0
GRID,242,0,4.218510,6.487859,0.500000,0
GRID,243,0,4.275475,6.338344,0.500000,0
GRID,244,0,4.332440,6.188828,0.500000,0
GRID,245,0,4.389405,6.039312,0.500000,0
GRID,246,0,4.446371,5.889796,0.500000,0
GRID,247,0,4.503336,5.740281,0.500000,0
GRID,248,0,4.560301,5.590765,0.500000,0
GRID,249,0,4.617266,5.441249,0.500000,0
GRID,250,0,4.674232,5.291733,0.500000,0
GRID,251,0,4.731197,5.142218,0.500000,0
GRID,252,0,4.788162,4.992702,0.500000,0
GRID,253,0,4.845127,4.843186,0.500000,0
GRID,254,0,4.902093,4.693670,0.500000,0
GRID,255,0,4.959058,4.544155,0.500000,0
GRID,256,0,5.016023,4.394639,0.500000,0
GRID,257,0,5.072988,4.245123,0.500000,0
GRID,258,0,5.129954,4.095607,0.500000,0
GRID,259,0,5.186919,3.946092,0.500000,0
GRID,260,0,5.243884,3.796576,0.500000,0
GRID,261,0,5.300849,3.647060,0.500000,0
GRID,262,0,5.357815,3.497544,0.500000,0
GRID,263,0,5.414780,3.348029,0.500000,0
GRID,264,0,5.471745,3.198513,0.500000,0
GRID,265,0,3.634131,9.004723,0.500000,0
GRID,266,0,5.824454,3.255819,0.500000,0
GRID,267,0,3.691097,8.855207,0.500000,0
GRID,268,0,3.748062,8.705691,0.500000,0
GRID,269,0,3.805027,8.556176,0.500000,0
GRID,270,0,3.861992,8.406660,0.500000,0
GRID,271,0,3.918958,8.257144,0.500000,0
GRID,272,0,3.975923,8.107628,0.500000,0
GRID,273,0,4.032888,7.958113,0.500000,0
GRID,274,0,4.089853,7.808597,0.500000,0
GRID,275,0,4.146819,7.659081,0.500000,0
GRID,276,0,4.203784,7.509565,0.500000,0
GRID,277,0,4.260749,7.360050,0.500000,0
GRID,278,0,4.317714,7.210534,0.500000,0
GRID,279,0,4.374680,7.061018,0.500000,0
GRID,280,0,4.431645,6.911502,0.500000,0
GRID,281,0,4.488610,6.761987,0.500000,0
GRID,282,0,4.545575,6.612471,0.500000,0
GRID,283,0,4.602541,6.462955,0.500000,0
GRID,284,0,4.659506,6.313439,0.500000,0
GRID,285,0,4.716471,6.163924,0.500000,0
GRID,286,0,4.773436,6.014408,0.500000,0
GRID,287,0,4.830402,5.864892,0.500000,0
GRID,288,0,4.887367,5.715376,0.500000,0
GRID,289,0,4.944332,5.565861,0.500000,0
GRID,290,0,5.001297,5.416345,0.500000,0
GRID,291,0,5.058263,5.266829,0.500000,0
GRID,292,0,5.115228,5.117313,0.500000,0
GRID,293,0,5.172193,4.967798,0.500000,0
GRID,294,0,5.229158,4.818282,0.500000,0
GRID,295,0,5.286124,4.668766,0.500000,0
GRID,296,0,5.343089,4.519250,0.500000,0
GRID,297,0,5.400054,4.369735,0.500000,0
GRID,298,0,5.457019,4.220219,0.500000,0
GRID,299,0,5.513985,4.070703,0.500000,0
GRID,300,0,5.570950,3.921187,0.500000,0
GRID,301,0,5.627915,3.771672,0.500000,0
GRID,302,0,5.684880,3.622156,0.500000,0
GRID,303,0,5.741846,3.472640,0.500000,0
GRID,304,0,5.798811,3.323124,0.500000,0
GRID,305,0,3.961197,9.129334,0.500000,0
GRID,306,0,6.131559,3.432821,0.500000,0
GRID,307,0,4.018162,8.979819,0.500000,0
GRID,308,0,4.075128,8.830303,0.500000,0
GRID,309,0,4.132093,8.680787,0.500000,0
GRID,310,0,4.189058,8.531271,0.500000,0
GRID,311,0,4.246023,8.381756,0.500000,0
GRID,312,0,4.302989,8.232240,0.500000,0
GRID,313,0,4.359954,8.082724,0.500000,0
GRID,314,0,4.416919,7.933208,0.500000,0
GRID,315,0,4.473884,7.783693,0.500000,0
GRID,316,0,4.530850,7.634177,0.500000,0
GRID,317,0,4.587815,7.484661,0.500000,0
GRID,318,0,4.644780,7.335145,0.500000,0
GRID,319,0,4.701745,7.185630,0.500000,0
GRID,320,0,4.758711,7.036114,0.500000,0
GRID,321,0,4.815676,6.886598,0.500000,0
GRID,322,0,4.872641,6.737082,0.500000,0
GRID,323,0,4.929606,6.587567,0.500000,0
GRID,324,0,4.986572,6.438051,0.500000,0
GRID,325,0,5.043537,6.288535,0.500000,0
GRID,326,0,5.100502,6.139019,0.500000,0
GRID,327,0,5.157467,5.989504,0.500000,0
GRID,328,0,5.214433,5.839988,0.500000,0
GRID,329,0,5.271398,5.690472,0.500000,0
GRID,330,0,5.328363,5.540956,0.500000,0
GRID,331,0,5.385328,5.391441,0.500000,0
GRID,332,0,5.442294,5.241925,0.500000,0
GRID,333,0,5.499259,5.092409,0.500000,0
GRID,334,0,5.556224,4.942893,0.500000,0
GRID,335,0,5.613189,4.793378,0.500000,0
GRID,336,0,5.670155,4.643862,0.500000,0
GRID,337,0,5.727120,4.494346,0.500000,0
GRID,338,0,5.784085,4.344830,0.500000,0
GRID,339,0,5.841050,4.195315,0.500000,0
GRID,340,0,5.898016,4.045799,0.500000,0
GRID,341,0,5.954981,3.896283,0.500000,0
GRID,342,0,6.011946,3.746767,0.500000,0
GRID,343,0,6.068911,3.597252,0.500000,0
GRID,344,0,6.125877,3.447736,0.500000,0
GRID,345,0,4.288263,9.253946,0.500000,0
GRID,346,0,6.438664,3.609823,0.500000,0
GRID,347,0,4.345228,9.104430,0.500000,0
GRID,348,0,4.402193,8.954914,0.500000,0
GRID,349,0,4.459159,8.805399,0.500000,0
GRID,350,0,4.516124,8.655883,0.500000,0
GRID,351,0,4.573089,8.506367,0.500000,0
GRID,352,0,4.630054,8.356851,0.500000,0
GRID,353,0,4.687020,8.207336,0.500000,0
GRID,354,0,4.743985,8.057820,0.500000,0
GRID,355,0,4.800950,7.908304,0.500000,0
GRID,356,0,4.857915,7.758788,0.500000,0
GRID,357,0,4.914881,7.609273,0.500000,0
GRID,358,0,4.971846,7.459757,0.500000,0
GRID,359,0,5.028811,7.310241,0.500000,0
GRID,360,0,5.085776,7.160725,0.500000,0
GRID,361,0,5.142742,7.011210,0.500000,0
GRID,362,0,5.199707,6.861694,0.500000,0
GRID,363,0,5.256672,6.712178,0.500000,0
GRID,364,0,5.313637,6.562662,0.500000,0
GRID,365,0,5.370603,6.413147,0.500000,0
GRID,366,0,5.427568,6.263631,0.500000,0
GRID,367,0,5.484533,6.114115,0.500000,0
GRID,368,0,5.541498,5.964599,0.500000,0
GRID,369,0,5.598464,5.815084,0.500000,0
GRID,370,0,5.655429,5.665568,0.500000,0
GRID,371,0,5.712394,5.516052,0.500000,0
GRID,372,0,5.769359,5.366536,0.500000,0
GRID,373,0,5.826325,5.217021,0.500000,0
GRID,374,0,5.883290,5.067505,0.500000,0
GRID,375,0,5.940255,4.917989,0.500000,0
GRID,376,0,5.997220,4.768473,0.500000,0
GRID,377,0,6.054186,4.618958,0.500000,0
GRID,378,0,6.111151,4.469442,0.500000,0
GRID,379,0,6.168116,4.319926,0.500000,0
GRID,380,0,6.225081,4.170410,0.500000,0
GRID,381,0,6.282046,4.020895,0.500000,0
GRID,382,0,6.339012,3.871379,0.500000,0
GRID,383,0,6.395977,3.721863,0.500000,0
GRID,384,0,4.615329,9.378557,0.500000,0
GRID,385,0,6.745769,3.786825,0.500000,0
GRID,386,0,4.672294,9.229042,0.500000,0
GRID,387,0,4.729259,9.079526,0.500000,0
GRID,388,0,4.786224,8.930010,0.500000,0
GRID,389,0,4.843190,8.780494,0.500000,0
GRID,390,0,4.900155,8.630979,0.500000,0
GRID,391,0,4.957120,8.481463,0.500000,0
GRID,392,0,5.014085,8.331947,0.500000,0
GRID,393,0,5.071051,8.182431,0.500000,0
GRID,394,0,5.128016,8.032916,0.500000,0
GRID,395,0,5.184981,7.883400,0.500000,0
GRID,396,0,5.241946,7.733884,0.500000,0
GRID,397,0,5.298912,7.584368,0.500000,0
GRID,398,0,5.355877,7.434853,0.500000,0
GRID,399,0,5.412842,7.285337,0.500000,0
GRID,400,0,5.469807,7.135821,0.500000,0
GRID,401,0,5.526773,6.986305,0.500000,0
GRID,402,0,5.583738,6.836790,0.500000,0
GRID,403,0,5.640703,6.687274,0.500000,0
GRID,404,0,5.697668,6.537758,0.500000,0
GRID,405,0,5.754633,6.388242,0.500000,0
GRID,406,0,5.811599,6.238727,0.500000,0
GRID,407,0,5.868564,6.089211,0.500000,0
GRID,408,0,5.925529,5.939695,0.500000,0
GRID,409,0,5.982494,5.790179,0.500000,0
GRID,410,0,6.039460,5.640664,0.500000,0
GRID,411,0,6.096425,5.491148,0.500000,0
GRID,412,0,6.153390,5.341632,0.500000,0
GRID,413,0,6.210355,5.192116,0.500000,0
GRID,414,0,6.267321,5.042601,0.500000,0
GRID,415,0,6.324286,4.893085,0.500000,0
GRID,416,0,6.381251,4.743569,0.500000,0
GRID,417,0,6.438216,4.594053,0.500000,0
GRID,418,0,6.495182,4.444538,0.500000,0
GRID,419,0,6.552147,4.295022,0.500000,0
GRID,420,0,6.609112,4.145506,0.500000,0
GRID,421,0,6.666077,3.995990,0.500000,0
GRID,422,0,6.723043,3.846475,0.500000,0
GRID,423,0,4.942394,9.503169,0.500000,0
GRID,424,0,7.052874,3.963827,0.500000,0
GRID,425,0,4.999360,9.353653,0.500000,0
GRID,426,0,5.056325,9.204137,0.500000,0
GRID,427,0,5.113290,9.054622,0.500000,0
GRID,428,0,5.170255,8.905106,0.500000,0
GRID,429,0,5.227221,8.755590,0.500000,0
GRID,430,0,5.284186,8.606074,0.500000,0
GRID,431,0,5.341151,8.456559,0.500000,0
GRID,432,0,5.398116,8.307043,0.500000,0
GRID,433,0,5.455081,8.157527,0.500000,0
GRID,434,0,5.512047,8.008011,0.500000,0
GRID,435,0,5.569012,7.858496,0.500000,0
GRID,436,0,5.625977,7.708980,0.500000,0
GRID,437,0,5.682942,7.559464,0.500000,0
GRID,438,0,5.739908,7.409948,0.500000,0
GRID,439,0,5.796873,7.260433,0.500000,0
GRID,440,0,5.853838,7.110917,0.500000,0
GRID,441,0,5.910803,6.961401,0.500000,0
GRID,442,0,5.967769,6.811885,0.500000,0
GRID,443,0,6.024734,6.662370,0.500000,0
GRID,444,0,6.081699,6.512854,0.500000,0
GRID,445,0,6.138664,6.363338,0.500000,0
GRID,446,0,6.195630,6.213822,0.500000,0
GRID,447,0,6.252595,6.064307,0.500000,0
GRID,448,0,6.309560,5.914791,0.500000,0
GRID,449,0,6.366525,5.765275,0.500000,0
GRID,450,0,6.423491,5.615759,0.500000,0
GRID,451,0,6.480456,5.466244,0.500000,0
GRID,452,0,6.537421,5.316728,0.500000,0
GRID,453,0,6.594386,5.167212,0.500000,0
GRID,454,0,6.651352,5.017696,0.500000,0
GRID,455,0,6.708317,4.868181,0.500000,0
GRID,456,0,6.765282,4.718665,0.500000,0
GRID,457,0,6.822247,4.569149,0.500000,0
GRID,458,0,6.879213,4.419633,0.500000,0
GRID,459,0,6.936178,4.270117,0.500000,0
GRID,460,0,6.993143,4.120602,0.500000,0
GRID,461,0,7.050108,3.971086,0.500000,0
GRID,462,0,5.269460,9.627780,0.500000,0
GRID,463,0,7.359979,4.140829,0.500000,0
GRID,464,0,5.326425,9.478265,0.500000,0
GRID,465,0,5.383390,9.328749,0.500000,0
GRID,466,0,5.440356,9.179233,0.500000,0
GRID,467,0,5.497321,9.029717,0.500000,0
GRID,468,0,5.554286,8.880202,0.500000,0
GRID,469,0,5.611251,8.730686,0.500000,0
GRID,470,0,5.668217,8.581170,0.500000,0
GRID,471,0,5.725182,8.431654,0.500000,0
GRID,472,0,5.782147,8.282139,0.500000,0
GRID,473,0,5.839112,8.132623,0.500000,0
GRID,474,0,5.896078,7.983107,0.500000,0
GRID,475,0,5.953043,7.833591,0.500000,0
GRID,476,0,6.010008,7.684076,0.500000,0
GRID,477,0,6.066973,7.534560,0.500000,0
GRID,478,0,6.123939,7.385044,0.500000,0
GRID,479,0,6.180904,7.235528,0.500000,0
GRID,480,0,6.237869,7.086013,0.500000,0
GRID,481,0,6.294834,6.936497,0.500000,0
GRID,482,0,6.351800,6.786981,0.500000,0
GRID,483,0,6.408765,6.637465,0.500000,0
GRID,484,0,6.465730,6.487950,0.500000,0
GRID,485,0,6.522695,6.338434,0.500000,0
GRID,486,0,6.579661,6.188918,0.500000,0
GRID,487,0,6.636626,6.039402,0.500000,0
GRID,488,0,6.693591,5.889887,0.500000,0
GRID,489,0,6.750556,5.740371,0.500000,0
GRID,490,0,6.807522,5.590855,0.500000,0
GRID,491,0,6.864487,5.441339,0.500000,0
GRID,492,0,6.921452,5.291823,0.500000,0
GRID,493,0,6.978417,5.142308,0.500000,0
GRID,494,0,7.035383,4.992792,0.500000,0
GRID,495,0,7.092348,4.843276,0.500000,0
GRID,496,0,7.149313,4.693760,0.500000,0
GRID,497,0,7.206278,4.544245,0.500000,0
GRID,498,0,7.263244,4.394729,0.500000,0
GRID,499,0,7.320209,4.245213,0.500000,0
GRID,500,0,5.596526,9.752392,0.500000,0
GRID,501,0,7.667084,4.317831,0.500000,0
GRID,502,0,5.653491,9.602876,0.500000,0
GRID,503,0,5.710456,9.453360,0.500000,0
GRID,504,0,5.767421,9.303845,0.500000,0
GRID,505,0,5.824387,9.154329,0.500000,0
GRID,506,0,5.881352,9.004813,0.500000,0
GRID,507,0,5.938317,8.855297,0.500000,0
GRID,508,0,5.995282,8.705782,0.500000,0
GRID,509,0,6.052248,8.556266,0.500000,0
GRID,510,0,6.109213,8.406750,0.500000,0
GRID,511,0,6.166178,8.257234,0.500000,0
GRID,512,0,6.223143,8.107719,0.500000,0
GRID,513,0,6.280109,7.958203,0.500000,0
GRID,514,0,6.337074,7.808687,0.500000,0
GRID,515,0,6.394039,7.659171,0.500000,0
GRID,516,0,6.451004,7.509656,0.500000,0
GRID,517,0,6.507970,7.360140,0.500000,0
GRID,518,0,6.564935,7.210624,0.500000,0
GRID,519,0,6.621900,7.061108,0.500000,0
GRID,520,0,6.678865,6.911593,0.500000,0
GRID,521,0,6.735831,6.762077,0.500000,0
GRID,522,0,6.792796,6.612561,0.500000,0
GRID,523,0,6.849761,6.463045,0.500000,0
GRID,524,0,6.906726,6.313529,0.500000,0
GRID,525,0,6.963692,6.164014,0.500000,0
GRID,526,0,7.020657,6.014498,0.500000,0
GRID,527,0,7.077622,5.864982,0.500000,0
GRID,528,0,7.134587,5.715466,0.500000,0
GRID,529,0,7.191553,5.565951,0.500000,0
GRID,530,0,7.248518,5.416435,0.500000,0
GRID,531,0,7.305483,5.266919,0.500000,0
GRID,532,0,7.362448,5.117403,0.500000,0
GRID,533,0,7.419414,4.967888,0.500000,0
GRID,534,0,7.476379,4.818372,0.500000,0
GRID,535,0,7.533344,4.668856,0.500000,0
GRID,536,0,7.590309,4.519340,0.500000,0
GRID,537,0,7.647275,4.369825,0.500000,0
GRID,538,0,5.923591,9.877003,0.500000,0
GRID,539,0,7.974189,4.494833,0.500000,0
GRID,540,0,5.980557,9.727488,0.500000,0
GRID,541,0,6.037522,9.577972,0.500000,0
GRID,542,0,6.094487,9.428456,0.500000,0
GRID,543,0,6.151452,9.278940,0.500000,0
GRID,544,0,6.208418,9.129425,0.500000,0
GRID,545,0,6.265383,8.979909,0.500000,0
GRID,546,0,6.322348,8.830393,0.500000,0
GRID,547,0,6.379313,8.680877,0.500000,0
GRID,548,0,6.436279,8.531362,0.500000,0
GRID,549,0,6.493244,8.381846,0.500000,0
GRID,550,0,6.550209,8.232330,0.500000,0
GRID,551,0,6.607174,8.082814,0.500000,0
GRID,552,0,6.664140,7.933299,0.500000,0
GRID,553,0,6.721105,7.783783,0.500000,0
GRID,554,0,6.778070,7.634267,0.500000,0
GRID,555,0,6.835035,7.484751,0.500000,0
GRID,556,0,6.892001,7.335235,0.500000,0
GRID,557,0,6.948966,7.185720,0.500000,0
GRID,558,0,7.005931,7.036204,0.500000,0
GRID,559,0,7.062896,6.886688,0.500000,0
GRID,560,0,7.119862,6.737172,0.500000,0
GRID,561,0,7.176827,6.587657,0.500000,0
GRID,562,0,7.233792,6.438141,0.500000,0
GRID,563,0,7.290757,6.288625,0.500000,0
GRID,564,0,7.347723,6.139109,0.500000,0
GRID,565,0,7.404688,5.989594,0.500000,0
GRID,566,0,7.461653,5.840078,0.500000,0
GRID,567,0,7.518618,5.690562,0.500000,0
GRID,568,0,7.575584,5.541046,0.500000,0
GRID,569,0,7.632549,5.391531,0.500000,0
GRID,570,0,7.689514,5.242015,0.500000,0
GRID,571,0,7.746479,5.092499,0.500000,0
GRID,572,0,7.803445,4.942983,0.500000,0
GRID,573,0,7.860410,4.793468,0.500000,0
GRID,574,0,7.917375,4.643952,0.500000,0
GRID,575,0,6.250657,10.001615,0.500000,0
GRID,576,0,8.281294,4.671835,0.500000,0
GRID,577,0,6.307622,9.852099,0.500000,0
GRID,578,0,6.364588,9.702583,0.500000,0
GRID,579,0,6.421553,9.553068,0.500000,0
GRID,580,0,6.478518,9.403552,0.500000,0
GRID,581,0,6.535483,9.254036,0.500000,0
GRID,582,0,6.592449,9.104520,0.500000,0
GRID,583,0,6.649414,8.955005,0.500000,0
GRID,584,0,6.706379,8.805489,0.500000,0
GRID,585,0,6.763344,8.655973,0.500000,0
GRID,586,0,6.820310,8.506457,0.500000,0
GRID,587,0,6.877275,8.356941,0.500000,0
GRID,588,0,6.934240,8.207426,0.500000,0
GRID,589,0,6.991205,8.057910,0.500000,0
GRID,590,0,7.048171,7.908394,0.500000,0
GRID,591,0,7.105136,7.758878,0.500000,0
GRID,592,0,7.162101,7.609363,0.500000,0
GRID,593,0,7.219066,7.459847,0.500000,0
GRID,594,0,7.276032,7.310331,0.500000,0
GRID,595,0,7.332997,7.160815,0.500000,0
GRID,596,0,7.389962,7.011300,0.500000,0
GRID,597,0,7.446927,6.861784,0.500000,0
GRID,598,0,7.503893,6.712268,0.500000,0
GRID,599,0,7.560858,6.562752,0.500000,0
GRID,600,0,7.617823,6.413237,0.500000,0
GRID,601,0,7.674788,6.263721,0.500000,0
GRID,602,0,7.731754,6.114205,0.500000,0
GRID,603,0,7.788719,5.964689,0.500000,0
GRID,604,0,7.845684,5.815174,0.500000,0
GRID,605,0,7.902649,5.665658,0.500000,0
GRID,606,0,7.959615,5.516142,0.500000,0
GRID,607,0,8.016580,5.366626,0.500000,0
GRID,608,0,8.073545,5.217111,0.500000,0
GRID,609,0,8.130510,5.067595,0.500000,0
GRID,610,0,8.187476,4.918079,0.500000,0
GRID,611,0,8.244441,4.768563,0.500000,0
GRID,612,0,6.577723,10.126226,0.500000,0
GRID,613,0,8.588399,4.848837,0.500000,0
GRID,614,0,6.634688,9.976711,0.500000,0
GRID,615,0,6.691653,9.827195,0.500000,0
GRID,616,0,6.748619,9.677679,0.500000,0
GRID,617,0,6.805584,9.528163,0.500000,0
GRID,618,0,6.862549,9.378647,0.500000,0
GRID,619,0,6.919514,9.229132,0.500000,0
GRID,620,0,6.976480,9.079616,0.500000,0
GRID,621,0,7.033445,8.930100,0.500000,0
GRID,622,0,7.090410,8.780584,0.500000,0
GRID,623,0,7.147375,8.631069,0.500000,0
GRID,624,0,7.204341,8.481553,0.500000,0
GRID,625,0,7.261306,8.332037,0.500000,0
GRID,626,0,7.318271,8.182521,0.500000,0
GRID,627,0,7.375236,8.033006,0.500000,0
GRID,628,0,7.432202,7.883490,0.500000,0
GRID,629,0,7.489167,7.733974,0.500000,0
GRID,630,0,7.546132,7.584458,0.500000,0
GRID,631,0,7.603097,7.434943,0.500000,0
GRID,632,0,7.660063,7.285427,0.500000,0
GRID,633,0,7.717028,7.135911,0.500000,0
GRID,634,0,7.773993,6.986395,0.500000,0
GRID,635,0,7.830958,6.836880,0.500000,0
GRID,636,0,7.887924,6.687364,0.500000,0
GRID,637,0,7.944889,6.537848,0.500000,0
GRID,638,0,8.001854,6.388332,0.500000,0
GRID,639,0,8.058819,6.238817,0.500000,0
GRID,640,0,8.115784,6.089301,0.500000,0
GRID,641,0,8.172750,5.939785,0.500000,0
GRID,642,0,8.229715,5.790269,0.500000,0
GRID,643,0,8.286680,5.640754,0.500000,0
GRID,644,0,8.343645,5.491238,0.500000,0
GRID,645,0,8.400611,5.341722,0.500000,0
GRID,646,0,8.457576,5.192206,0.500000,0
GRID,647,0,8.514541,5.042691,0.500000,0
GRID,648,0,8.571506,4.893175,0.500000,0
GRID,649,0,6.904789,10.250838,0.500000,0
GRID,650,0,8.895504,5.025838,0.500000,0
GRID,651,0,6.961754,10.101322,0.500000,0
GRID,652,0,7.018719,9.951806,0.500000,0
GRID,653,0,7.075684,9.802290,0.500000,0
GRID,654,0,7.132650,9.652775,0.500000,0
GRID,655,0,7.189615,9.503259,0.500000,0
GRID,656,0,7.246580,9.353743,0.500000,0
GRID,657,0,7.303545,9.204227,0.500000,0
GRID,658,0,7.360511,9.054712,0.500000,0
GRID,659,0,7.417476,8.905196,0.500000,0
GRID,660,0,7.474441,8.755680,0.500000,0
GRID,661,0,7.531406,8.606164,0.500000,0
GRID,662,0,7.588372,8.456649,0.500000,0
GRID,663,0,7.645337,8.307133,0.500000,0
GRID,664,0,7.702302,8.157617,0.500000,0
GRID,665,0,7.759267,8.008101,0.500000,0
GRID,666,0,7.816232,7.858586,0.500000,0
GRID,667,0,7.873198,7.709070,0.500000,0
GRID,668,0,7.930163,7.559554,0.500000,0
GRID,669,0,7.987128,7.410038,0.500000,0
GRID,670,0,8.044093,7.260523,0.500000,0
GRID,671,0,8.101059,7.111007,0.500000,0
GRID,672,0,8.158024,6.961491,0.500000,0
GRID,673,0,8.214989,6.811975,0.500000,0
GRID,674,0,8.271954,6.662460,0.500000,0
GRID,675,0,8.328920,6.512944,0.500000,0
GRID,676,0,8.385885,6.363428,0.500000,0
GRID,677,0,8.442850,6.213912,0.500000,0
GRID,678,0,8.499815,6.064397,0.500000,0
GRID,679,0,8.556781,5.914881,0.500000,0
GRID,680,0,8.613746,5.765365,0.500000,0
GRID,681,0,8.670711,5.615849,0.500000,0
GRID,682,0,8.727676,5.466334,0.500000,0
GRID,683,0,8.784642,5.316818,0.500000,0
GRID,684,0,8.841607,5.167302,0.500000,0
GRID,685,0,7.231854,10.375449,0.500000,0
GRID,686,0,9.202609,5.202840,0.500000,0
GRID,687,0,7.288819,10.225933,0.500000,0
GRID,688,0,7.345785,10.076418,0.500000,0
GRID,689,0,7.402750,9.926902,0.500000,0
GRID,690,0,7.459715,9.777386,0.500000,0
GRID,691,0,7.516680,9.627870,0.500000,0
GRID,692,0,7.573646,9.478355,0.500000,0
GRID,693,0,7.630611,9.328839,0.500000,0
GRID,694,0,7.687576,9.179323,0.500000,0
GRID,695,0,7.744541,9.029807,0.500000,0
GRID,696,0,7.801507,8.880292,0.500000,0
GRID,697,0,7.858472,8.730776,0.500000,0
GRID,698,0,7.915437,8.581260,0.500000,0
GRID,699,0,7.972402,8.431744,0.500000,0
GRID,700,0,8.029368,8.282229,0.500000,0
GRID,701,0,8.086333,8.132713,0.500000,0
GRID,702,0,8.143298,7.983197,0.500000,0
GRID,703,0,8.200263,7.833681,0.500000,0
GRID,704,0,8.257229,7.684166,0.500000,0
GRID,705,0,8.314194,7.534650,0.500000,0
GRID,706,0,8.371159,7.385134,0.500000,0
GRID,707,0,8.428124,7.235618,0.500000,0
GRID,708,0,8.485090,7.086103,0.500000,0
GRID,709,0,8.542055,6.936587,0.500000,0
GRID,710,0,8.599020,6.787071,0.500000,0
GRID,711,0,8.655985,6.637555,0.500000,0
GRID,712,0,8.712951,6.488040,0.500000,0
GRID,713,0,8.769916,6.338524,0.500000,0
GRID,714,0,8.826881,6.189008,0.500000,0
GRID,715,0,8.883846,6.039492,0.500000,0
GRID,716,0,8.940812,5.889977,0.500000,0
GRID,717,0,8.997777,5.740461,0.500000,0
GRID,718,0,9.054742,5.590945,0.500000,0
GRID,719,0,9.111707,5.441429,0.500000,0
GRID,720,0,9.168673,5.291914,0.500000,0
GRID,721,0,7.558920,10.500061,0.500000,0
GRID,722,0,9.509714,5.379842,0.500000,0
GRID,723,0,7.615885,10.350545,0.500000,0
GRID,724,0,7.672850,10.201029,0.500000,0
GRID,725,0,7.729816,10.051513,0.500000,0
GRID,726,0,7.786781,9.901998,0.500000,0
GRID,727,0,7.843746,9.752482,0.500000,0
GRID,728,0,7.900711,9.602966,0.500000,0
GRID,729,0,7.957677,9.453450,0.500000,0
GRID,730,0,8.014642,9.303935,0.500000,0
GRID,731,0,8.071607,9.154419,0.500000,0
GRID,732,0,8.128572,9.004903,0.500000,0
GRID,733,0,8.185538,8.855387,0.500000,0
GRID,734,0,8.242503,8.705872,0.500000,0
GRID,735,0,8.299468,8.556356,0.500000,0
GRID,736,0,8.356433,8.406840,0.500000,0
GRID,737,0,8.413399,8.257324,0.500000,0
GRID,738,0,8.470364,8.107809,0.500000,0
GRID,739,0,8.527329,7.958293,0.500000,0
GRID,740,0,8.584294,7.808777,0.500000,0
GRID,741,0,8.641260,7.659261,0.500000,0
GRID,742,0,8.698225,7.509746,0.500000,0
GRID,743,0,8.755190,7.360230,0.500000,0
GRID,744,0,8.812155,7.210714,0.500000,0
GRID,745,0,8.869121,7.061198,0.500000,0
GRID,746,0,8.926086,6.911683,0.500000,0
GRID,747,0,8.983051,6.762167,0.500000,0
GRID,748,0,9.040016,6.612651,0.500000,0
GRID,749,0,9.096982,6.463135,0.500000,0
GRID,750,0,9.153947,6.313620,0.500000,0
GRID,751,0,9.210912,6.164104,0.500000,0
GRID,752,0,9.267877,6.014588,0.500000,0
GRID,753,0,9.324843,5.865072,0.500000,0
GRID,754,0,9.381808,5.715557,0.500000,0
GRID,755,0,9.438773,5.566041,0.500000,0
GRID,756,0,9.495738,5.416525,0.500000,0
GRID,757,0,7.885986,10.624672,0.500000,0
GRID,758,0,9.816819,5.556844,0.500000,0
GRID,759,0,7.942951,10.475156,0.500000,0
GRID,760,0,7.999916,10.325641,0.500000,0
GRID,761,0,8.056881,10.176125,0.500000,0
GRID,762,0,8.113847,10.026609,0.500000,0
GRID,763,0,8.170812,9.877093,0.500000,0
GRID,764,0,8.227777,9.727578,0.500000,0
GRID,765,0,8.284742,9.578062,0.500000,0
GRID,766,0,8.341708,9.428546,0.500000,0
GRID,767,0,8.398673,9.279030,0.500000,0
GRID,768,0,8.455638,9.129515,0.500000,0
GRID,769,0,8.512603,8.979999,0.500000,0
GRID,770,0,8.569569,8.830483,0.500000,0
GRID,771,0,8.626534,8.680967,0.500000,0
GRID,772,0,8.683499,8.531452,0.500000,0
GRID,773,0,8.740464,8.381936,0.500000,0
GRID,774,0,8.797430,8.232420,0.500000,0
GRID,775,0,8.854395,8.082904,0.500000,0
GRID,776,0,8.911360,7.933389,0.500000,0
GRID,777,0,8.968325,7.783873,0.500000,0
GRID,778,0,9.025291,7.634357,0.500000,0
GRID,779,0,9.082256,7.484841,0.500000,0
GRID,780,0,9.139221,7.335326,0.500000,0
GRID,781,0,9.196186,7.185810,0.500000,0
GRID,782,0,9.253152,7.036294,0.500000,0
GRID,783,0,9.310117,6.886778,0.500000,0
GRID,784,0,9.367082,6.737263,0.500000,0
GRID,785,0,9.424047,6.587747,0.500000,0
GRID,786,0,9.481013,6.438231,0.500000,0
GRID,787,0,9.537978,6.288715,0.500000,0
GRID,788,0,9.594943,6.139200,0.500000,0
GRID,789,0,9.651908,5.989684,0.500000,0
GRID,790,0,9.708874,5.840168,0.500000,0
GRID,791,0,9.765839,5.690652,0.500000,0
GRID,792,0,8.213051,10.749284,0.500000,0
GRID,793,0,10.123924,5.733846,0.500000,0
GRID,794,0,8.270017,10.599768,0.500000,0
GRID,795,0,8.326982,10.450252,0.500000,0
GRID,796,0,8.383947,10.300736,0.500000,0
GRID,797,0,8.440912,10.151221,0.500000,0
GRID,798,0,8.497878,10.001705,0.500000,0
GRID,799,0,8.554843,9.852189,0.500000,0
GRID,800,0,8.611808,9.702673,0.500000,0
GRID,801,0,8.668773,9.553158,0.500000,0
GRID,802,0,8.725739,9.403642,0.500000,0
GRID,803,0,8.782704,9.254126,0.500000,0
GRID,804,0,8.839669,9.104610,0.500000,0
GRID,805,0,8.896634,8.955095,0.500000,0
GRID,806,0,8.953600,8.805579,0.500000,0
GRID,807,0,9.010565,8.656063,0.500000,0
GRID,808,0,9.067530,8.506547,0.500000,0
GRID,809,0,9.124495,8.357032,0.500000,0
GRID,810,0,9.181461,8.207516,0.500000,0
GRID,811,0,9.238426,8.058000,0.500000,0
GRID,812,0,9.295391,7.908484,0.500000,0
GRID,813,0,9.352356,7.758969,0.500000,0
GRID,814,0,9.409322,7.609453,0.500000,0
GRID,815,0,9.466287,7.459937,0.500000,0
GRID,816,0,9.523252,7.310421,0.500000,0
GRID,817,0,9.580217,7.160906,0.500000,0
GRID,818,0,9.637183,7.011390,0.500000,0
GRID,819,0,9.694148,6.861874,0.500000,0
GRID,820,0,9.751113,6.712358,0.500000,0
GRID,821,0,9.808078,6.562843,0.500000,0
GRID,822,0,9.865044,6.413327,0.500000,0
GRID,823,0,9.922009,6.263811,0.500000,0
GRID,824,0,9.978974,6.114295,0.500000,0
GRID,825,0,10.035939,5.964780,0.500000,0
GRID,826,0,10.092905,5.815264,0.500000,0
GRID,827,0,8.540117,10.873895,0.500000,0
GRID,828,0,10.431030,5.910848,0.500000,0
GRID,829,0,8.597082,10.724379,0.500000,0
GRID,830,0,8.654048,10.574864,0.500000,0
GRID,831,0,8.711013,10.425348,0.500000,0
GRID,832,0,8.767978,10.275832,0.500000,0
GRID,833,0,8.824943,10.126316,0.500000,0
GRID,834,0,8.881909,9.976801,0.500000,0
GRID,835,0,8.938874,9.827285,0.500000,0
GRID,836,0,8.995839,9.677769,0.500000,0
GRID,837,0,9.052804,9.528253,0.500000,0
GRID,838,0,9.109770,9.378738,0.500000,0
GRID,839,0,9.166735,9.229222,0.500000,0
GRID,840,0,9.223700,9.079706,0.500000,0
GRID,841,0,9.280665,8.930190,0.500000,0
GRID,842,0,9.337631,8.780675,0.500000,0
GRID,843,0,9.394596,8.631159,0.500000,0
GRID,844,0,9.451561,8.481643,0.500000,0
GRID,845,0,9.508526,8.332127,0.500000,0
GRID,846,0,9.565492,8.182612,0.500000,0
GRID,847,0,9.622457,8.033096,0.500000,0
GRID,848,0,9.679422,7.883580,0.500000,0
GRID,849,0,9.736387,7.734064,0.500000,0
GRID,850,0,9.793353,7.584549,0.500000,0
GRID,851,0,9.850318,7.435033,0.500000,0
GRID,852,0,9.907283,7.285517,0.500000,0
GRID,853,0,9.964248,7.136001,0.500000,0
GRID,854,0,10.021214,6.986486,0.500000,0
GRID,855,0,10.078179,6.836970,0.500000,0
GRID,856,0,10.135144,6.687454,0.500000,0
GRID,857,0,10.192109,6.537938,0.500000,0
GRID,858,0,10.249075,6.388423,0.500000,0
GRID,859,0,10.306040,6.238907,0.500000,0
GRID,860,0,10.363005,6.089391,0.500000,0
GRID,861,0,10.419970,5.939875,0.500000,0
GRID,862,0,8.867183,10.998507,0.500000,0
GRID,863,0,10.738135,6.087850,0.500000,0
GRID,864,0,8.924148,10.848991,0.500000,0
GRID,865,0,8.981113,10.699475,0.500000,0
GRID,866,0,9.038079,10.549959,0.500000,0
GRID,867,0,9.095044,10.400444,0.500000,0
GRID,868,0,9.152009,10.250928,0.500000,0
GRID,869,0,9.208974,10.101412,0.500000,0
GRID,870,0,9.265940,9.951896,0.500000,0
GRID,871,0,9.322905,9.802381,0.500000,0
GRID,872,0,9.379870,9.652865,0.500000,0
GRID,873,0,9.436835,9.503349,0.500000,0
GRID,874,0,9.493801,9.353833,0.500000,0
GRID,875,0,9.550766,9.204318,0.500000,0
GRID,876,0,9.607731,9.054802,0.500000,0
GRID,877,0,9.664696,8.905286,0.500000,0
GRID,878,0,9.721662,8.755770,0.500000,0
GRID,879,0,9.778627,8.606255,0.500000,0
GRID,880,0,9.835592,8.456739,0.500000,0
GRID,881,0,9.892557,8.307223,0.500000,0
GRID,882,0,9.949522,8.157707,0.500000,0
GRID,883,0,10.006488,8.008192,0.500000,0
GRID,884,0,10.063453,7.858676,0.500000,0
GRID,885,0,10.120418,7.709160,0.500000,0
GRID,886,0,10.177383,7.559644,0.500000,0
GRID,887,0,10.234349,7.410129,0.500000,0
GRID,888,0,10.291314,7.260613,0.500000,0
GRID,889,0,10.348279,7.111097,0.500000,0
GRID,890,0,10.405244,6.961581,0.500000,0
GRID,891,0,10.462210,6.812065,0.500000,0
GRID,892,0,10.519175,6.662550,0.500000,0
GRID,893,0,10.576140,6.513034,0.500000,0
GRID,894,0,10.633105,6.363518,0.500000,0
GRID,895,0,10.690071,6.214002,0.500000,0
GRID,896,0,9.194249,11.123118,0.500000,0
GRID,897,0,11.045240,6.264852,0.500000,0
GRID,898,0,9.251214,10.973602,0.500000,0
GRID,899,0,9.308179,10.824087,0.500000,0
GRID,900,0,9.365144,10.674571,0.500000,0
GRID,901,0,9.422110,10.525055,0.500000,0
GRID,902,0,9.479075,10.375539,0.500000,0
GRID,903,0,9.536040,10.226024,0.500000,0
GRID,904,0,9.593005,10.076508,0.500000,0
GRID,905,0,9.649970,9.926992,0.500000,0
GRID,906,0,9.706936,9.777476,0.500000,0
GRID,907,0,9.763901,9.627961,0.500000,0
GRID,908,0,9.820866,9.478445,0.500000,0
GRID,909,0,9.877831,9.328929,0.500000,0
GRID,910,0,9.934797,9.179413,0.500000,0
GRID,911,0,9.991762,9.029898,0.500000,0
GRID,912,0,10.048727,8.880382,0.500000,0
GRID,913,0,10.105692,8.730866,0.500000,0
GRID,914,0,10.162658,8.581350,0.500000,0
GRID,915,0,10.219623,8.431835,0.500000,0
GRID,916,0,10.276588,8.282319,0.500000,0
GRID,917,0,10.333553,8.132803,0.500000,0
GRID,918,0,10.390519,7.983287,0.500000,0
GRID,919,0,10.447484,7.833771,0.500000,0
GRID,920,0,10.504449,7.684256,0.500000,0
GRID,921,0,10.561414,7.534740,0.500000,0
GRID,922,0,10.618380,7.385224,0.500000,0
GRID,923,0,10.675345,7.235708,0.500000,0
GRID,924,0,10.732310,7.086193,0.500000,0
GRID,925,0,10.789275,6.936677,0.500000,0
GRID,926,0,10.846241,6.787161,0.500000,0
GRID,927,0,10.903206,6.637645,0.500000,0
GRID,928,0,10.960171,6.488130,0.500000,0
GRID,929,0,11.017136,6.338614,0.500000,0
GRID,930,0,9.521314,11.247730,0.500000,0
GRID,931,0,11.352345,6.441854,0.500000,0
GRID,932,0,9.578279,11.098214,0.500000,0
GRID,933,0,9.635245,10.948698,0.500000,0
GRID,934,0,9.692210,10.799182,0.500000,0
GRID,935,0,9.749175,10.649667,0.500000,0
GRID,936,0,9.806140,10.500151,0.500000,0
GRID,937,0,9.863106,10.350635,0.500000,0
GRID,938,0,9.920071,10.201119,0.500000,0
GRID,939,0,9.977036,10.051604,0.500000,0
GRID,940,0,10.034001,9.902088,0.500000,0
GRID,941,0,10.090967,9.752572,0.500000,0
GRID,942,0,10.147932,9.603056,0.500000,0
GRID,943,0,10.204897,9.453541,0.500000,0
GRID,944,0,10.261862,9.304025,0.500000,0
GRID,945,0,10.318828,9.154509,0.500000,0
GRID,946,0,10.375793,9.004993,0.500000,0
GRID,947,0,10.432758,8.855478,0.500000,0
GRID,948,0,10.489723,8.705962,0.500000,0
GRID,949,0,10.546689,8.556446,0.500000,0
GRID,950,0,10.603654,8.406930,0.500000,0
GRID,951,0,10.660619,8.257414,0.500000,0
GRID,952,0,10.717584,8.107899,0.500000,0
GRID,953,0,10.774550,7.958383,0.500000,0
GRID,954,0,10.831515,7.808867,0.500000,0
GRID,955,0,10.888480,7.659351,0.500000,0
GRID,956,0,10.945445,7.509836,0.500000,0
GRID,957,0,11.002411,7.360320,0.500000,0
GRID,958,0,11.059376,7.210804,0.500000,0
GRID,959,0,11.116341,7.061288,0.500000,0
GRID,960,0,11.173306,6.911773,0.500000,0
GRID,961,0,11.230272,6.762257,0.500000,0
GRID,962,0,11.287237,6.612741,0.500000,0
GRID,963,0,11.344202,6.463225,0.500000,0
GRID,964,0,9.848380,11.372341,0.500000,0
GRID,965,0,11.659450,6.618856,0.500000,0
GRID,966,0,9.905345,11.222825,0.500000,0
GRID,967,0,9.962310,11.073310,0.500000,0
GRID,968,0,10.019276,10.923794,0.500000,0
GRID,969,0,10.076241,10.774278,0.500000,0
GRID,970,0,10.133206,10.624762,0.500000,0
GRID,971,0,10.190171,10.475247,0.500000,0
GRID,972,0,10.247137,10.325731,0.500000,0
GRID,973,0,10.304102,10.176215,0.500000,0
GRID,974,0,10.361067,10.026699,0.500000,0
GRID,975,0,10.418032,9.877184,0.500000,0
GRID,976,0,10.474998,9.727668,0.500000,0
GRID,977,0,10.531963,9.578152,0.500000,0
GRID,978,0,10.588928,9.428636,0.500000,0
GRID,979,0,10.645893,9.279120,0.500000,0
GRID,980,0,10.702859,9.129605,0.500000,0
GRID,981,0,10.759824,8.980089,0.500000,0
GRID,982,0,10.816789,8.830573,0.500000,0
GRID,983,0,10.873754,8.681057,0.500000,0
GRID,984,0,10.930720,8.531542,0.500000,0
GRID,985,0,10.987685,8.382026,0.500000,0
GRID,986,0,11.044650,8.232510,0.500000,0
GRID,987,0,11.101615,8.082994,0.500000,0
GRID,988,0,11.158581,7.933479,0.500000,0
GRID,989,0,11.215546,7.783963,0.500000,0
GRID,990,0,11.272511,7.634447,0.500000,0
GRID,991,0,11.329476,7.484931,0.500000,0
GRID,992,0,11.386442,7.335416,0.500000,0
GRID,993,0,11.443407,7.185900,0.500000,0
GRID,994,0,11.500372,7.036384,0.500000,0
GRID,995,0,11.557337,6.886868,0.500000,0
GRID,996,0,11.614303,6.737353,0.500000,0
GRID,997,0,10.175446,11.496953,0.500000,0
GRID,998,0,11.966555,6.795858,0.500000,0
GRID,999,0,10.232411,11.347437,0.500000,0
GRID,1000,0,10.289376,11.197921,0.500000,0
GRID,1001,0,10.346341,11.048405,0.500000,0
GRID,1002,0,10.403307,10.898890,0.500000,0
GRID,1003,0,10.460272,10.749374,0.500000,0
GRID,1004,0,10.517237,10.599858,0.500000,0
GRID,1005,0,10.574202,10.450342,0.500000,0
GRID,1006,0,10.631168,10.300826,0.500000,0
GRID,1007,0,10.688133,10.151311,0.500000,0
GRID,1008,0,10.745098,10.001795,0.500000,0
GRID,1009,0,10.802063,9.852279,0.500000,0
GRID,1010,0,10.859029,9.702763,0.500000,0
GRID,1011,0,10.915994,9.553248,0.500000,0
GRID,1012,0,10.972959,9.403732,0.500000,0
GRID,1013,0,11.029924,9.254216,0.500000,0
GRID,1014,0,11.086890,9.104700,0.500000,0
GRID,1015,0,11.143855,8.955185,0.500000,0
GRID,1016,0,11.200820,8.805669,0.500000,0
GRID,1017,0,11.257785,8.656153,0.500000,0
GRID,1018,0,11.314751,8.506637,0.500000,0
GRID,1019,0,11.371716,8.357122,0.500000,0
GRID,1020,0,11.428681,8.207606,0.500000,0
GRID,1021,0,11.485646,8.058090,0.500000,0
GRID,1022,0,11.542612,7.908574,0.500000,0
GRID,1023,0,11.599577,7.759059,0.500000,0
GRID,1024,0,11.656542,7.609543,0.500000,0
GRID,1025,0,11.713507,7.460027,0.500000,0
GRID,1026,0,11.770473,7.310511,0.500000,0
GRID,1027,0,11.827438,7.160996,0.500000,0
GRID,1028,0,11.884403,7.011480,0.500000,0
GRID,1029,0,11.941368,6.861964,0.500000,0
GRID,1030,0,10.502511,11.621564,0.500000,0
GRID,1031,0,12.273660,6.972860,0.500000,0
GRID,1032,0,10.559477,11.472048,0.500000,0
GRID,1033,0,10.616442,11.322532,0.500000,0
GRID,1034,0,10.673407,11.173017,0.500000,0
GRID,1035,0,10.730372,11.023501,0.500000,0
GRID,1036,0,10.787338,10.873985,0.500000,0
GRID,1037,0,10.844303,10.724469,0.500000,0
GRID,1038,0,10.901268,10.574954,0.500000,0
GRID,1039,0,10.958233,10.425438,0.500000,0
GRID,1040,0,11.015199,10.275922,0.500000,0
GRID,1041,0,11.072164,10.126406,0.500000,0
GRID,1042,0,11.129129,9.976891,0.500000,0
GRID,1043,0,11.186094,9.827375,0.500000,0
GRID,1044,0,11.243060,9.677859,0.500000,0
GRID,1045,0,11.300025,9.528343,0.500000,0
GRID,1046,0,11.356990,9.378828,0.500000,0
GRID,1047,0,11.413955,9.229312,0.500000,0
GRID,1048,0,11.470921,9.079796,0.500000,0
GRID,1049,0,11.527886,8.930280,0.500000,0
GRID,1050,0,11.584851,8.780765,0.500000,0
GRID,1051,0,11.641816,8.631249,0.500000,0
GRID,1052,0,11.698782,8.481733,0.500000,0
GRID,1053,0,11.755747,8.332217,0.500000,0
GRID,1054,0,11.812712,8.182702,0.500000,0
GRID,1055,0,11.869677,8.033186,0.500000,0
GRID,1056,0,11.926643,7.883670,0.500000,0
GRID,1057,0,11.983608,7.734154,0.500000,0
GRID,1058,0,12.040573,7.584639,0.500000,0
GRID,1059,0,12.097538,7.435123,0.500000,0
GRID,1060,0,12.154504,7.285607,0.500000,0
GRID,1061,0,12.211469,7.136091,0.500000,0
GRID,1062,0,12.268434,6.986576,0.500000,0
GRID,1063,0,10.829577,11.746175,0.500000,0
GRID,1064,0,12.580765,7.149862,0.500000,0
GRID,1065,0,10.886542,11.596660,0.500000,0
GRID,1066,0,10.943508,11.447144,0.500000,0
GRID,1067,0,11.000473,11.297628,0.500000,0
GRID,1068,0,11.057438,11.148112,0.500000,0
GRID,1069,0,11.114403,10.998597,0.500000,0
GRID,1070,0,11.171369,10.849081,0.500000,0
GRID,1071,0,11.228334,10.699565,0.500000,0
GRID,1072,0,11.285299,10.550049,0.500000,0
GRID,1073,0,11.342264,10.400534,0.500000,0
GRID,1074,0,11.399230,10.251018,0.500000,0
GRID,1075,0,11.456195,10.101502,0.500000,0
GRID,1076,0,11.513160,9.951986,0.500000,0
GRID,1077,0,11.570125,9.802471,0.500000,0
GRID,1078,0,11.627091,9.652955,0.500000,0
GRID,1079,0,11.684056,9.503439,0.500000,0
GRID,1080,0,11.741021,9.353923,0.500000,0
GRID,1081,0,11.797986,9.204408,0.500000,0
GRID,1082,0,11.854952,9.054892,0.500000,0
GRID,1083,0,11.911917,8.905376,0.500000,0
GRID,1084,0,11.968882,8.755860,0.500000,0
GRID,1085,0,12.025847,8.606345,0.500000,0
GRID,1086,0,12.082813,8.456829,0.500000,0
GRID,1087,0,12.139778,8.307313,0.500000,0
GRID,1088,0,12.196743,8.157797,0.500000,0
GRID,1089,0,12.253708,8.008282,0.500000,0
GRID,1090,0,12.310673,7.858766,0.500000,0
GRID,1091,0,12.367639,7.709250,0.500000,0
GRID,1092,0,12.424604,7.559734,0.500000,0
GRID,1093,0,12.481569,7.410219,0.500000,0
GRID,1094,0,12.538534,7.260703,0.500000,0
GRID,1095,0,11.156643,11.870787,0.500000,0
GRID,1096,0,12.887870,7.326864,0.500000,0
GRID,1097,0,11.213608,11.721271,0.500000,0
GRID,1098,0,11.270573,11.571755,0.500000,0
GRID,1099,0,11.327539,11.422240,0.500000,0
GRID,1100,0,11.384504,11.272724,0.500000,0
GRID,1101,0,11.441469,11.123208,0.500000,0
GRID,1102,0,11.498434,10.973692,0.500000,0
GRID,1103,0,11.555400,10.824177,0.500000,0
GRID,1104,0,11.612365,10.674661,0.500000,0
GRID,1105,0,11.669330,10.525145,0.500000,0
GRID,1106,0,11.726295,10.375629,0.500000,0
GRID,1107,0,11.783261,10.226114,0.500000,0
GRID,1108,0,11.840226,10.076598,0.500000,0
GRID,1109,0,11.897191,9.927082,0.500000,0
GRID,1110,0,11.954156,9.777566,0.500000,0
GRID,1111,0,12.011121,9.628051,0.500000,0
GRID,1112,0,12.068087,9.478535,0.500000,0
GRID,1113,0,12.125052,9.329019,0.500000,0
GRID,1114,0,12.182017,9.179503,0.500000,0
GRID,1115,0,12.238982,9.029988,0.500000,0
GRID,1116,0,12.295948,8.880472,0.500000,0
GRID,1117,0,12.352913,8.730956,0.500000,0
GRID,1118,0,12.409878,8.581440,0.500000,0
GRID,1119,0,12.466843,8.431925,0.500000,0
GRID,1120,0,12.523809,8.282409,0.500000,0
GRID,1121,0,12.580774,8.132893,0.500000,0
GRID,1122,0,12.637739,7.983377,0.500000,0
GRID,1123,0,12.694704,7.833862,0.500000,0
GRID,1124,0,12.751670,7.684346,0.500000,0
GRID,1125,0,12.808635,7.534830,0.500000,0
GRID,1126,0,12.865600,7.385314,0.500000,0
GRID,1127,0,11.483708,11.995398,0.500000,0
GRID,1128,0,13.194975,7.503866,0.500000,0
GRID,1129,0,11.540674,11.845883,0.500000,0
GRID,1130,0,11.597639,11.696367,0.500000,0
GRID,1131,0,11.654604,11.546851,0.500000,0
GRID,1132,0,11.711569,11.397335,0.500000,0
GRID,1133,0,11.768535,11.247820,0.500000,0
GRID,1134,0,11.825500,11.098304,0.500000,0
GRID,1135,0,11.882465,10.948788,0.500000,0
GRID,1136,0,11.939430,10.799272,0.500000,0
GRID,1137,0,11.996396,10.649757,0.500000,0
GRID,1138,0,12.053361,10.500241,0.500000,0
GRID,1139,0,12.110326,10.350725,0.500000,0
GRID,1140,0,12.167291,10.201209,0.500000,0
GRID,1141,0,12.224257,10.051694,0.500000,0
GRID,1142,0,12.281222,9.902178,0.500000,0
GRID,1143,0,12.338187,9.752662,0.500000,0
GRID,1144,0,12.395152,9.603146,0.500000,0
GRID,1145,0,12.452118,9.453631,0.500000,0
GRID,1146,0,12.509083,9.304115,0.500000,0
GRID,1147,0,12.566048,9.154599,0.500000,0
GRID,1148,0,12.623013,9.005083,0.500000,0
GRID,1149,0,12.679979,8.855568,0.500000,0
GRID,1150,0,12.736944,8.706052,0.500000,0
GRID,1151,0,12.793909,8.556536,0.500000,0
GRID,1152,0,12.850874,8.407020,0.500000,0
GRID,1153,0,12.907840,8.257505,0.500000,0
GRID,1154,0,12.964805,8.107989,0.500000,0
GRID,1155,0,13.021770,7.958473,0.500000,0
GRID,1156,0,13.078735,7.808957,0.500000,0
GRID,1157,0,13.135701,7.659442,0.500000,0
GRID,1158,0,13.192666,7.509926,0.500000,0
GRID,1159,0,11.810774,12.120010,0.500000,0
GRID,1160,0,13.502080,7.680868,0.500000,0
GRID,1161,0,11.867739,11.970494,0.500000,0
GRID,1162,0,11.924705,11.820978,0.500000,0
GRID,1163,0,11.981670,11.671463,0.500000,0
GRID,1164,0,12.038635,11.521947,0.500000,0
GRID,1165,0,12.095600,11.372431,0.500000,0
GRID,1166,0,12.152566,11.222915,0.500000,0
GRID,1167,0,12.209531,11.073400,0.500000,0
GRID,1168,0,12.266496,10.923884,0.500000,0
GRID,1169,0,12.323461,10.774368,0.500000,0
GRID,1170,0,12.380427,10.624852,0.500000,0
GRID,1171,0,12.437392,10.475337,0.500000,0
GRID,1172,0,12.494357,10.325821,0.500000,0
GRID,1173,0,12.551322,10.176305,0.500000,0
GRID,1174,0,12.608288,10.026789,0.500000,0
GRID,1175,0,12.665253,9.877274,0.500000,0
GRID,1176,0,12.722218,9.727758,0.500000,0
GRID,1177,0,12.779183,9.578242,0.500000,0
GRID,1178,0,12.836149,9.428726,0.500000,0
GRID,1179,0,12.893114,9.279211,0.500000,0
GRID,1180,0,12.950079,9.129695,0.500000,0
GRID,1181,0,13.007044,8.980179,0.500000,0
GRID,1182,0,13.064010,8.830663,0.500000,0
GRID,1183,0,13.120975,8.681148,0.500000,0
GRID,1184,0,13.177940,8.531632,0.500000,0
GRID,1185,0,13.234905,8.382116,0.500000,0
GRID,1186,0,13.291871,8.232600,0.500000,0
GRID,1187,0,13.348836,8.083085,0.500000,0
GRID,1188,0,13.405801,7.933569,0.500000,0
GRID,1189,0,13.462766,7.784053,0.500000,0
GRID,1190,0,12.137840,12.244621,0.500000,0
GRID,1191,0,13.809185,7.857869,0.500000,0
GRID,1192,0,12.194805,12.095106,0.500000,0
GRID,1193,0,12.251770,11.945590,0.500000,0
GRID,1194,0,12.308736,11.796074,0.500000,0
GRID,1195,0,12.365701,11.646558,0.500000,0
GRID,1196,0,12.422666,11.497043,0.500000,0
GRID,1197,0,12.479631,11.347527,0.500000,0
GRID,1198,0,12.536597,11.198011,0.500000,0
GRID,1199,0,12.593562,11.048495,0.500000,0
GRID,1200,0,12.650527,10.898980,0.500000,0
GRID,1201,0,12.707492,10.749464,0.500000,0
GRID,1202,0,12.764458,10.599948,0.500000,0
GRID,1203,0,12.821423,10.450432,0.500000,0
GRID,1204,0,12.878388,10.300917,0.500000,0
GRID,1205,0,12.935353,10.151401,0.500000,0
GRID,1206,0,12.992319,10.001885,0.500000,0
GRID,1207,0,13.049284,9.852369,0.500000,0
GRID,1208,0,13.106249,9.702854,0.500000,0
GRID,1209,0,13.163214,9.553338,0.500000,0
GRID,1210,0,13.220180,9.403822,0.500000,0
GRID,1211,0,13.277145,9.254306,0.500000,0
GRID,1212,0,13.334110,9.104791,0.500000,0
GRID,1213,0,13.391075,8.955275,0.500000,0
GRID,1214,0,13.448041,8.805759,0.500000,0
GRID,1215,0,13.505006,8.656243,0.500000,0
GRID,1216,0,13.561971,8.506728,0.500000,0
GRID,1217,0,13.618936,8.357212,0.500000,0
GRID,1218,0,13.675902,8.207696,0.500000,0
GRID,1219,0,13.732867,8.058180,0.500000,0
GRID,1220,0,13.789832,7.908665,0.500000,0
GRID,1221,0,12.464906,12.369233,0.500000,0
GRID,1222,0,14.116290,8.034871,0.500000,0
GRID,1223,0,12.521871,12.219717,0.500000,0
GRID,1224,0,12.578836,12.070201,0.500000,0
GRID,1225,0,12.635801,11.920686,0.500000,0
GRID,1226,0,12.692767,11.771170,0.500000,0
GRID,1227,0,12.749732,11.621654,0.500000,0
GRID,1228,0,12.806697,11.472138,0.500000,0
GRID,1229,0,12.863662,11.322623,0.500000,0
GRID,1230,0,12.920628,11.173107,0.500000,0
GRID,1231,0,12.977593,11.023591,0.500000,0
GRID,1232,0,13.034558,10.874075,0.500000,0
GRID,1233,0,13.091523,10.724560,0.500000,0
GRID,1234,0,13.148489,10.575044,0.500000,0
GRID,1235,0,13.205454,10.425528,0.500000,0
GRID,1236,0,13.262419,10.276012,0.500000,0
GRID,1237,0,13.319384,10.126497,0.500000,0
GRID,1238,0,13.376350,9.976981,0.500000,0
GRID,1239,0,13.433315,9.827465,0.500000,0
GRID,1240,0,13.490280,9.677949,0.500000,0
GRID,1241,0,13.547245,9.528434,0.500000,0
GRID,1242,0,13.604211,9.378918,0.500000,0
GRID,1243,0,13.661176,9.229402,0.500000,0
GRID,1244,0,13.718141,9.079886,0.500000,0
GRID,1245,0,13.775106,8.930371,0.500000,0
GRID,1246,0,13.832072,8.780855,0.500000,0
GRID,1247,0,13.889037,8.631339,0.500000,0
GRID,1248,0,13.946002,8.481823,0.500000,0
GRID,1249,0,14.002967,8.332308,0.500000,0
GRID,1250,0,14.059933,8.182792,0.500000,0
GRID,1251,0,12.791971,12.493844,0.500000,0
GRID,1252,0,14.423395,8.211873,0.500000,0
GRID,1253,0,12.848937,12.344329,0.500000,0
GRID,1254,0,12.905902,12.194813,0.500000,0
GRID,1255,0,12.962867,12.045297,0.500000,0
GRID,1256,0,13.019832,11.895781,0.500000,0
GRID,1257,0,13.076798,11.746266,0.500000,0
GRID,1258,0,13.133763,11.596750,0.500000,0
GRID,1259,0,13.190728,11.447234,0.500000,0
GRID,1260,0,13.247693,11.297718,0.500000,0
GRID,1261,0,13.304659,11.148203,0.500000,0
GRID,1262,0,13.361624,10.998687,0.500000,0
GRID,1263,0,13.418589,10.849171,0.500000,0
GRID,1264,0,13.475554,10.699655,0.500000,0
GRID,1265,0,13.532520,10.550140,0.500000,0
GRID,1266,0,13.589485,10.400624,0.500000,0
GRID,1267,0,13.646450,10.251108,0.500000,0
GRID,1268,0,13.703415,10.101592,0.500000,0
GRID,1269,0,13.760381,9.952077,0.500000,0
GRID,1270,0,13.817346,9.802561,0.500000,0
GRID,1271,0,13.874311,9.653045,0.500000,0
GRID,1272,0,13.931276,9.503529,0.500000,0
GRID,1273,0,13.988242,9.354014,0.500000,0
GRID,1274,0,14.045207,9.204498,0.500000,0
GRID,1275,0,14.102172,9.054982,0.500000,0
GRID,1276,0,14.159137,8.905466,0.500000,0
GRID,1277,0,14.216103,8.755950,0.500000,0
GRID,1278,0,14.273068,8.606435,0.500000,0
GRID,1279,0,14.330033,8.456919,0.500000,0
GRID,1280,0,14.386998,8.307403,0.500000,0
GRID,1281,0,13.119037,12.618456,0.500000,0
GRID,1282,0,14.730500,8.388875,0.500000,0
GRID,1283,0,13.176002,12.468940,0.500000,0
GRID,1284,0,13.232968,12.319424,0.500000,0
GRID,1285,0,13.289933,12.169909,0.500000,0
GRID,1286,0,13.346898,12.020393,0.500000,0
GRID,1287,0,13.403863,11.870877,0.500000,0
GRID,1288,0,13.460829,11.721361,0.500000,0
GRID,1289,0,13.517794,11.571846,0.500000,0
GRID,1290,0,13.574759,11.422330,0.500000,0
GRID,1291,0,13.631724,11.272814,0.500000,0
GRID,1292,0,13.688690,11.123298,0.500000,0
GRID,1293,0,13.745655,10.973783,0.500000,0
GRID,1294,0,13.802620,10.824267,0.500000,0
GRID,1295,0,13.859585,10.674751,0.500000,0
GRID,1296,0,13.916551,10.525235,0.500000,0
GRID,1297,0,13.973516,10.375720,0.500000,0
GRID,1298,0,14.030481,10.226204,0.500000,0
GRID,1299,0,14.087446,10.076688,0.500000,0
GRID,1300,0,14.144411,9.927172,0.500000,0
GRID,1301,0,14.201377,9.777656,0.500000,0
GRID,1302,0,14.258342,9.628141,0.500000,0
GRID,1303,0,14.315307,9.478625,0.500000,0
GRID,1304,0,14.372272,9.329109,0.500000,0
GRID,1305,0,14.429238,9.179593,0.500000,0
GRID,1306,0,14.486203,9.030078,0.500000,0
GRID,1307,0,14.543168,8.880562,0.500000,0
GRID,1308,0,14.600133,8.731046,0.500000,0
GRID,1309,0,14.657099,8.581530,0.500000,0
GRID,1310,0,14.714064,8.432015,0.500000,0
GRID,1311,0,13.446103,12.743067,0.500000,0
GRID,1312,0,15.037605,8.565877,0.500000,0
GRID,1313,0,13.503068,12.593552,0.500000,0
GRID,1314,0,13.560033,12.444036,0.500000,0
GRID,1315,0,13.616999,12.294520,0.500000,0
GRID,1316,0,13.673964,12.145004,0.500000,0
GRID,1317,0,13.730929,11.995489,0.500000,0
GRID,1318,0,13.787894,11.845973,0.500000,0
GRID,1319,0,13.844859,11.696457,0.500000,0
GRID,1320,0,13.901825,11.546941,0.500000,0
GRID,1321,0,13.958790,11.397426,0.500000,0
GRID,1322,0,14.015755,11.247910,0.500000,0
GRID,1323,0,14.072720,11.098394,0.500000,0
GRID,1324,0,14.129686,10.948878,0.500000,0
GRID,1325,0,14.186651,10.799362,0.500000,0
GRID,1326,0,14.243616,10.649847,0.500000,0
GRID,1327,0,14.300581,10.500331,0.500000,0
GRID,1328,0,14.357547,10.350815,0.500000,0
GRID,1329,0,14.414512,10.201299,0.500000,0
GRID,1330,0,14.471477,10.051784,0.500000,0
GRID,1331,0,14.528442,9.902268,0.500000,0
GRID,1332,0,14.585408,9.752752,0.500000,0
GRID,1333,0,14.642373,9.603236,0.500000,0
GRID,1334,0,14.699338,9.453721,0.500000,0
GRID,1335,0,14.756303,9.304205,0.500000,0
GRID,1336,0,14.813269,9.154689,0.500000,0
GRID,1337,0,14.870234,9.005173,0.500000,0
GRID,1338,0,14.927199,8.855658,0.500000,0
GRID,1339,0,14.984164,8.706142,0.500000,0
GRID,1340,0,13.773168,12.867679,0.500000,0
GRID,1341,0,15.344710,8.742879,0.500000,0
GRID,1342,0,13.830134,12.718163,0.500000,0
GRID,1343,0,13.887099,12.568647,0.500000,0
GRID,1344,0,13.944064,12.419132,0.500000,0
GRID,1345,0,14.001029,12.269616,0.500000,0
GRID,1346,0,14.057995,12.120100,0.500000,0
GRID,1347,0,14.114960,11.970584,0.500000,0
GRID,1348,0,14.171925,11.821068,0.500000,0
GRID,1349,0,14.228890,11.671553,0.500000,0
GRID,1350,0,14.285856,11.522037,0.500000,0
GRID,1351,0,14.342821,11.372521,0.500000,0
GRID,1352,0,14.399786,11.223005,0.500000,0
GRID,1353,0,14.456751,11.073490,0.500000,0
GRID,1354,0,14.513717,10.923974,0.500000,0
GRID,1355,0,14.570682,10.774458,0.500000,0
GRID,1356,0,14.627647,10.624942,0.500000,0
GRID,1357,0,14.684612,10.475427,0.500000,0
GRID,1358,0,14.741578,10.325911,0.500000,0
GRID,1359,0,14.798543,10.176395,0.500000,0
GRID,1360,0,14.855508,10.026879,0.500000,0
GRID,1361,0,14.912473,9.877364,0.500000,0
GRID,1362,0,14.969439,9.727848,0.500000,0
GRID,1363,0,15.026404,9.578332,0.500000,0
GRID,1364,0,15.083369,9.428816,0.500000,0
GRID,1365,0,15.140334,9.279301,0.500000,0
GRID,1366,0,15.197300,9.129785,0.500000,0
GRID,1367,0,15.254265,8.980269,0.500000,0
GRID,1368,0,15.311230,8.830753,0.500000,0
GRID,1369,0,14.100234,12.992290,0.500000,0
GRID,1370,0,15.651815,8.919881,0.500000,0
GRID,1371,0,14.157199,12.842774,0.500000,0
GRID,1372,0,14.214165,12.693259,0.500000,0
GRID,1373,0,14.271130,12.543743,0.500000,0
GRID,1374,0,14.328095,12.394227,0.500000,0
GRID,1375,0,14.385060,12.244711,0.500000,0
GRID,1376,0,14.442026,12.095196,0.500000,0
GRID,1377,0,14.498991,11.945680,0.500000,0
GRID,1378,0,14.555956,11.796164,0.500000,0
GRID,1379,0,14.612921,11.646648,0.500000,0
GRID,1380,0,14.669887,11.497133,0.500000,0
GRID,1381,0,14.726852,11.347617,0.500000,0
GRID,1382,0,14.783817,11.198101,0.500000,0
GRID,1383,0,14.840782,11.048585,0.500000,0
GRID,1384,0,14.897748,10.899070,0.500000,0
GRID,1385,0,14.954713,10.749554,0.500000,0
GRID,1386,0,15.011678,10.600038,0.500000,0
GRID,1387,0,15.068643,10.450522,0.500000,0
GRID,1388,0,15.125609,10.301007,0.500000,0
GRID,1389,0,15.182574,10.151491,0.500000,0
GRID,1390,0,15.239539,10.001975,0.500000,0
GRID,1391,0,15.296504,9.852459,0.500000,0
GRID,1392,0,15.353470,9.702944,0.500000,0
GRID,1393,0,15.410435,9.553428,0.500000,0
GRID,1394,0,15.467400,9.403912,0.500000,0
GRID,1395,0,15.524365,9.254396,0.500000,0
GRID,1396,0,15.581331,9.104881,0.500000,0
GRID,1397,0,15.638296,8.955365,0.500000,0
GRID,1398,0,14.427300,13.116902,0.500000,0
GRID,1399,0,15.958920,9.096883,0.500000,0
GRID,1400,0,14.484265,12.967386,0.500000,0
GRID,1401,0,14.541230,12.817870,0.500000,0
GRID,1402,0,14.598196,12.668354,0.500000,0
GRID,1403,0,14.655161,12.518839,0.500000,0
GRID,1404,0,14.712126,12.369323,0.500000,0
GRID,1405,0,14.769091,12.219807,0.500000,0
GRID,1406,0,14.826057,12.070291,0.500000,0
GRID,1407,0,14.883022,11.920776,0.500000,0
GRID,1408,0,14.939987,11.771260,0.500000,0
GRID,1409,0,14.996952,11.621744,0.500000,0
GRID,1410,0,15.053918,11.472228,0.500000,0
GRID,1411,0,15.110883,11.322713,0.500000,0
GRID,1412,0,15.167848,11.173197,0.500000,0
GRID,1413,0,15.224813,11.023681,0.500000,0
GRID,1414,0,15.281779,10.874165,0.500000,0
GRID,1415,0,15.338744,10.724650,0.500000,0
GRID,1416,0,15.395709,10.575134,0.500000,0
GRID,1417,0,15.452674,10.425618,0.500000,0
GRID,1418,0,15.509640,10.276102,0.500000,0
GRID,1419,0,15.566605,10.126587,0.500000,0
GRID,1420,0,15.623570,9.977071,0.500000,0
GRID,1421,0,15.680535,9.827555,0.500000,0
GRID,1422,0,15.737501,9.678039,0.500000,0
GRID,1423,0,15.794466,9.528524,0.500000,0
GRID,1424,0,15.851431,9.379008,0.500000,0
GRID,1425,0,15.908396,9.229492,0.500000,0
GRID,1426,0,14.754366,13.241513,0.500000,0
GRID,1427,0,16.266025,9.273885,0.500000,0
GRID,1428,0,14.811331,13.091997,0.500000,0
GRID,1429,0,14.868296,12.942482,0.500000,0
GRID,1430,0,14.925261,12.792966,0.500000,0
GRID,1431,0,14.982227,12.643450,0.500000,0
GRID,1432,0,15.039192,12.493934,0.500000,0
GRID,1433,0,15.096157,12.344419,0.500000,0
GRID,1434,0,15.153122,12.194903,0.500000,0
GRID,1435,0,15.210088,12.045387,0.500000,0
GRID,1436,0,15.267053,11.895871,0.500000,0
GRID,1437,0,15.324018,11.746356,0.500000,0
GRID,1438,0,15.380983,11.596840,0.500000,0
GRID,1439,0,15.437949,11.447324,0.500000,0
GRID,1440,0,15.494914,11.297808,0.500000,0
GRID,1441,0,15.551879,11.148293,0.500000,0
GRID,1442,0,15.608844,10.998777,0.500000,0
GRID,1443,0,15.665810,10.849261,0.500000,0
GRID,1444,0,15.722775,10.699745,0.500000,0
GRID,1445,0,15.779740,10.550230,0.500000,0
GRID,1446,0,15.836705,10.400714,0.500000,0
GRID,1447,0,15.893671,10.251198,0.500000,0
GRID,1448,0,15.950636,10.101682,0.500000,0
GRID,1449,0,16.007601,9.952167,0.500000,0
GRID,1450,0,16.064566,9.802651,0.500000,0
GRID,1451,0,16.121532,9.653135,0.500000,0
GRID,1452,0,16.178497,9.503619,0.500000,0
GRID,1453,0,16.235462,9.354104,0.500000,0
GRID,1454,0,15.081431,13.366125,0.500000,0
GRID,1455,0,16.573130,9.450887,0.500000,0
GRID,1456,0,15.138397,13.216609,0.500000,0
GRID,1457,0,15.195362,13.067093,0.500000,0
GRID,1458,0,15.252327,12.917577,0.500000,0
GRID,1459,0,15.309292,12.768062,0.500000,0
GRID,1460,0,15.366258,12.618546,0.500000,0
GRID,1461,0,15.423223,12.469030,0.500000,0
GRID,1462,0,15.480188,12.319514,0.500000,0
GRID,1463,0,15.537153,12.169999,0.500000,0
GRID,1464,0,15.594119,12.020483,0.500000,0
GRID,1465,0,15.651084,11.870967,0.500000,0
GRID,1466,0,15.708049,11.721451,0.500000,0
GRID,1467,0,15.765014,11.571936,0.500000,0
GRID,1468,0,15.821980,11.422420,0.500000,0
GRID,1469,0,15.878945,11.272904,0.500000,0
GRID,1470,0,15.935910,11.123388,0.500000,0
GRID,1471,0,15.992875,10.973873,0.500000,0
GRID,1472,0,16.049841,10.824357,0.500000,0
GRID,1473,0,16.106806,10.674841,0.500000,0
GRID,1474,0,16.163771,10.525325,0.500000,0
GRID,1475,0,16.220736,10.375810,0.500000,0
GRID,1476,0,16.277702,10.226294,0.500000,0
GRID,1477,0,16.334667,10.076778,0.500000,0
GRID,1478,0,16.391632,9.927262,0.500000,0
GRID,1479,0,16.448597,9.777747,0.500000,0
GRID,1480,0,16.505562,9.628231,0.500000,0
GRID,1481,0,16.562528,9.478715,0.500000,0
GRID,1482,0,15.408497,13.490736,0.500000,0
GRID,1483,0,16.880235,9.627889,0.500000,0
GRID,1484,0,15.465462,13.341220,0.500000,0
GRID,1485,0,15.522428,13.191705,0.500000,0
GRID,1486,0,15.579393,13.042189,0.500000,0
GRID,1487,0,15.636358,12.892673,0.500000,0
GRID,1488,0,15.693323,12.743157,0.500000,0
GRID,1489,0,15.750289,12.593642,0.500000,0
GRID,1490,0,15.807254,12.444126,0.500000,0
GRID,1491,0,15.864219,12.294610,0.500000,0
GRID,1492,0,15.921184,12.145094,0.500000,0
GRID,1493,0,15.978150,11.995579,0.500000,0
GRID,1494,0,16.035115,11.846063,0.500000,0
GRID,1495,0,16.092080,11.696547,0.500000,0
GRID,1496,0,16.149045,11.547031,0.500000,0
GRID,1497,0,16.206010,11.397516,0.500000,0
GRID,1498,0,16.262976,11.248000,0.500000,0
GRID,1499,0,16.319941,11.098484,0.500000,0
GRID,1500,0,16.376906,10.948968,0.500000,0
GRID,1501,0,16.433871,10.799453,0.500000,0
GRID,1502,0,16.490837,10.649937,0.500000,0
GRID,1503,0,16.547802,10.500421,0.500000,0
GRID,1504,0,16.604767,10.350905,0.500000,0
GRID,1505,0,16.661732,10.201390,0.500000,0
GRID,1506,0,16.718698,10.051874,0.500000,0
GRID,1507,0,16.775663,9.902358,0.500000,0
GRID,1508,0,16.832628,9.752842,0.500000,0
GRID,1509,0,15.735563,13.615348,0.500000,0
GRID,1510,0,17.187340,9.804891,0.500000,0
GRID,1511,0,15.792528,13.465832,0.500000,0
GRID,1512,0,15.849493,13.316316,0.500000,0
GRID,1513,0,15.906458,13.166800,0.500000,0
GRID,1514,0,15.963424,13.017285,0.500000,0
GRID,1515,0,16.020389,12.867769,0.500000,0
GRID,1516,0,16.077354,12.718253,0.500000,0
GRID,1517,0,16.134319,12.568737,0.500000,0
GRID,1518,0,16.191285,12.419222,0.500000,0
GRID,1519,0,16.248250,12.269706,0.500000,0
GRID,1520,0,16.305215,12.120190,0.500000,0
GRID,1521,0,16.362180,11.970674,0.500000,0
GRID,1522,0,16.419146,11.821159,0.500000,0
GRID,1523,0,16.476111,11.671643,0.500000,0
GRID,1524,0,16.533076,11.522127,0.500000,0
GRID,1525,0,16.590041,11.372611,0.500000,0
GRID,1526,0,16.647007,11.223096,0.500000,0
GRID,1527,0,16.703972,11.073580,0.500000,0
GRID,1528,0,16.760937,10.924064,0.500000,0
GRID,1529,0,16.817902,10.774548,0.500000,0
GRID,1530,0,16.874868,10.625033,0.500000,0
GRID,1531,0,16.931833,10.475517,0.500000,0
GRID,1532,0,16.988798,10.326001,0.500000,0
GRID,1533,0,17.045763,10.176485,0.500000,0
GRID,1534,0,17.102729,10.026970,0.500000,0
GRID,1535,0,17.159694,9.877454,0.500000,0
GRID,1536,0,16.062628,13.739959,0.500000,0
GRID,1537,0,17.494445,9.981893,0.500000,0
GRID,1538,0,16.119594,13.590443,0.500000,0
GRID,1539,0,16.176559,13.440928,0.500000,0
GRID,1540,0,16.233524,13.291412,0.500000,0
GRID,1541,0,16.290489,13.141896,0.500000,0
GRID,1542,0,16.347455,12.992380,0.500000,0
GRID,1543,0,16.404420,12.842865,0.500000,0
GRID,1544,0,16.461385,12.693349,0.500000,0
GRID,1545,0,16.518350,12.543833,0.500000,0
GRID,1546,0,16.575316,12.394317,0.500000,0
GRID,1547,0,16.632281,12.244802,0.500000,0
GRID,1548,0,16.689246,12.095286,0.500000,0
GRID,1549,0,16.746211,11.945770,0.500000,0
GRID,1550,0,16.803177,11.796254,0.500000,0
GRID,1551,0,16.860142,11.646739,0.500000,0
GRID,1552,0,16.917107,11.497223,0.500000,0
GRID,1553,0,16.974072,11.347707,0.500000,0
GRID,1554,0,17.031038,11.198191,0.500000,0
GRID,1555,0,17.088003,11.048676,0.500000,0
GRID,1556,0,17.144968,10.899160,0.500000,0
GRID,1557,0,17.201933,10.749644,0.500000,0
GRID,1558,0,17.258899,10.600128,0.500000,0
GRID,1559,0,17.315864,10.450613,0.500000,0
GRID,1560,0,17.372829,10.301097,0.500000,0
GRID,1561,0,17.429794,10.151581,0.500000,0
GRID,1562,0,17.486760,10.002065,0.500000,0
GRID,1563,0,16.389694,13.864571,0.500000,0
GRID,1564,0,17.801550,10.158895,0.500000,0
GRID,1565,0,16.446659,13.715055,0.500000,0
GRID,1566,0,16.503625,13.565539,0.500000,0
GRID,1567,0,16.560590,13.416023,0.500000,0
GRID,1568,0,16.617555,13.266508,0.500000,0
GRID,1569,0,16.674520,13.116992,0.500000,0
GRID,1570,0,16.731486,12.967476,0.500000,0
GRID,1571,0,16.788451,12.817960,0.500000,0
GRID,1572,0,16.845416,12.668445,0.500000,0
GRID,1573,0,16.902381,12.518929,0.500000,0
GRID,1574,0,16.959347,12.369413,0.500000,0
GRID,1575,0,17.016312,12.219897,0.500000,0
GRID,1576,0,17.073277,12.070382,0.500000,0
GRID,1577,0,17.130242,11.920866,0.500000,0
GRID,1578,0,17.187208,11.771350,0.500000,0
GRID,1579,0,17.244173,11.621834,0.500000,0
GRID,1580,0,17.301138,11.472319,0.500000,0
GRID,1581,0,17.358103,11.322803,0.500000,0
GRID,1582,0,17.415069,11.173287,0.500000,0
GRID,1583,0,17.472034,11.023771,0.500000,0
GRID,1584,0,17.528999,10.874256,0.500000,0
GRID,1585,0,17.585964,10.724740,0.500000,0
GRID,1586,0,17.642930,10.575224,0.500000,0
GRID,1587,0,17.699895,10.425708,0.500000,0
GRID,1588,0,17.756860,10.276193,0.500000,0
GRID,1589,0,16.716760,13.989182,0.500000,0
GRID,1590,0,18.108655,10.335897,0.500000,0
GRID,1591,0,16.773725,13.839666,0.500000,0
GRID,1592,0,16.830690,13.690151,0.500000,0
GRID,1593,0,16.887656,13.540635,0.500000,0
GRID,1594,0,16.944621,13.391119,0.500000,0
GRID,1595,0,17.001586,13.241603,0.500000,0
GRID,1596,0,17.058551,13.092088,0.500000,0
GRID,1597,0,17.115517,12.942572,0.500000,0
GRID,1598,0,17.172482,12.793056,0.500000,0
GRID,1599,0,17.229447,12.643540,0.500000,0
GRID,1600,0,17.286412,12.494025,0.500000,0
GRID,1601,0,17.343378,12.344509,0.500000,0
GRID,1602,0,17.400343,12.194993,0.500000,0
GRID,1603,0,17.457308,12.045477,0.500000,0
GRID,1604,0,17.514273,11.895962,0.500000,0
GRID,1605,0,17.571239,11.746446,0.500000,0
GRID,1606,0,17.628204,11.596930,0.500000,0
GRID,1607,0,17.685169,11.447414,0.500000,0
GRID,1608,0,17.742134,11.297899,0.500000,0
GRID,1609,0,17.799100,11.148383,0.500000,0
GRID,1610,0,17.856065,10.998867,0.500000,0
GRID,1611,0,17.913030,10.849351,0.500000,0
GRID,1612,0,17.969995,10.699835,0.500000,0
GRID,1613,0,18.026961,10.550320,0.500000,0
GRID,1614,0,18.083926,10.400804,0.500000,0
GRID,1615,0,17.043826,14.113794,0.500000,0
GRID,1616,0,18.415760,10.512899,0.500000,0
GRID,1617,0,17.100791,13.964278,0.500000,0
GRID,1618,0,17.157756,13.814762,0.500000,0
GRID,1619,0,17.214721,13.665246,0.500000,0
GRID,1620,0,17.271687,13.515731,0.500000,0
GRID,1621,0,17.328652,13.366215,0.500000,0
GRID,1622,0,17.385617,13.216699,0.500000,0
GRID,1623,0,17.442582,13.067183,0.500000,0
GRID,1624,0,17.499548,12.917668,0.500000,0
GRID,1625,0,17.556513,12.768152,0.500000,0
GRID,1626,0,17.613478,12.618636,0.500000,0
GRID,1627,0,17.670443,12.469120,0.500000,0
GRID,1628,0,17.727409,12.319605,0.500000,0
GRID,1629,0,17.784374,12.170089,0.500000,0
GRID,1630,0,17.841339,12.020573,0.500000,0
GRID,1631,0,17.898304,11.871057,0.500000,0
GRID,1632,0,17.955270,11.721541,0.500000,0
GRID,1633,0,18.012235,11.572026,0.500000,0
GRID,1634,0,18.069200,11.422510,0.500000,0
GRID,1635,0,18.126165,11.272994,0.500000,0
GRID,1636,0,18.183131,11.123478,0.500000,0
GRID,1637,0,18.240096,10.973963,0.500000,0
GRID,1638,0,18.297061,10.824447,0.500000,0
GRID,1639,0,18.354026,10.674931,0.500000,0
GRID,1640,0,18.410992,10.525415,0.500000,0
GRID,1641,0,17.370891,14.238405,0.500000,0
GRID,1642,0,18.722865,10.689900,0.500000,0
GRID,1643,0,17.427857,14.088889,0.500000,0
GRID,1644,0,17.484822,13.939374,0.500000,0
GRID,1645,0,17.541787,13.789858,0.500000,0
GRID,1646,0,17.598752,13.640342,0.500000,0
GRID,1647,0,17.655718,13.490826,0.500000,0
GRID,1648,0,17.712683,13.341311,0.500000,0
GRID,1649,0,17.769648,13.191795,0.500000,0
GRID,1650,0,17.826613,13.042279,0.500000,0
GRID,1651,0,17.883579,12.892763,0.500000,0
GRID,1652,0,17.940544,12.743247,0.500000,0
GRID,1653,0,17.997509,12.593732,0.500000,0
GRID,1654,0,18.054474,12.444216,0.500000,0
GRID,1655,0,18.111440,12.294700,0.500000,0
GRID,1656,0,18.168405,12.145184,0.500000,0
GRID,1657,0,18.225370,11.995669,0.500000,0
GRID,1658,0,18.282335,11.846153,0.500000,0
GRID,1659,0,18.339301,11.696637,0.500000,0
GRID,1660,0,18.396266,11.547121,0.500000,0
GRID,1661,0,18.453231,11.397606,0.500000,0
GRID,1662,0,18.510196,11.248090,0.500000,0
GRID,1663,0,18.567161,11.098574,0.500000,0
GRID,1664,0,18.624127,10.949058,0.500000,0
GRID,1665,0,18.681092,10.799543,0.500000,0
GRID,1666,0,17.697957,14.363017,0.500000,0
GRID,1667,0,19.029971,10.866902,0.500000,0
GRID,1668,0,17.754922,14.213501,0.500000,0
GRID,1669,0,17.811888,14.063985,0.500000,0
GRID,1670,0,17.868853,13.914469,0.500000,0
GRID,1671,0,17.925818,13.764953,0.500000,0
GRID,1672,0,17.982783,13.615438,0.500000,0
GRID,1673,0,18.039748,13.465922,0.500000,0
GRID,1674,0,18.096714,13.316406,0.500000,0
GRID,1675,0,18.153679,13.166890,0.500000,0
GRID,1676,0,18.210644,13.017375,0.500000,0
GRID,1677,0,18.267609,12.867859,0.500000,0
GRID,1678,0,18.324575,12.718343,0.500000,0
GRID,1679,0,18.381540,12.568827,0.500000,0
GRID,1680,0,18.438505,12.419312,0.500000,0
GRID,1681,0,18.495470,12.269796,0.500000,0
GRID,1682,0,18.552436,12.120280,0.500000,0
GRID,1683,0,18.609401,11.970764,0.500000,0
GRID,1684,0,18.666366,11.821249,0.500000,0
GRID,1685,0,18.723331,11.671733,0.500000,0
GRID,1686,0,18.780297,11.522217,0.500000,0
GRID,1687,0,18.837262,11.372701,0.500000,0
GRID,1688,0,18.894227,11.223186,0.500000,0
GRID,1689,0,18.951192,11.073670,0.500000,0
GRID,1690,0,19.008158,10.924154,0.500000,0
GRID,1691,0,18.025023,14.487628,0.500000,0
GRID,1692,0,19.337076,11.043904,0.500000,0
GRID,1693,0,18.081988,14.338112,0.500000,0
GRID,1694,0,18.138953,14.188596,0.500000,0
GRID,1695,0,18.195918,14.039081,0.500000,0
GRID,1696,0,18.252884,13.889565,0.500000,0
GRID,1697,0,18.309849,13.740049,0.500000,0
GRID,1698,0,18.366814,13.590533,0.500000,0
GRID,1699,0,18.423779,13.441018,0.500000,0
GRID,1700,0,18.480745,13.291502,0.500000,0
GRID,1701,0,18.537710,13.141986,0.500000,0
GRID,1702,0,18.594675,12.992470,0.500000,0
GRID,1703,0,18.651640,12.842955,0.500000,0
GRID,1704,0,18.708606,12.693439,0.500000,0
GRID,1705,0,18.765571,12.543923,0.500000,0
GRID,1706,0,18.822536,12.394407,0.500000,0
GRID,1707,0,18.879501,12.244892,0.500000,0
GRID,1708,0,18.936467,12.095376,0.500000,0
GRID,1709,0,18.993432,11.945860,0.500000,0
GRID,1710,0,19.050397,11.796344,0.500000,0
GRID,1711,0,19.107362,11.646829,0.500000,0
GRID,1712,0,19.164328,11.497313,0.500000,0
GRID,1713,0,19.221293,11.347797,0.500000,0
GRID,1714,0,19.278258,11.198281,0.500000,0
GRID,1715,0,19.335223,11.048766,0.500000,0
GRID,1716,0,18.352088,14.612239,0.500000,0
GRID,1717,0,19.644181,11.220906,0.500000,0
GRID,1718,0,18.409054,14.462724,0.500000,0
GRID,1719,0,18.466019,14.313208,0.500000,0
GRID,1720,0,18.522984,14.163692,0.500000,0
GRID,1721,0,18.579949,14.014176,0.500000,0
GRID,1722,0,18.636915,13.864661,0.500000,0
GRID,1723,0,18.693880,13.715145,0.500000,0
GRID,1724,0,18.750845,13.565629,0.500000,0
GRID,1725,0,18.807810,13.416113,0.500000,0
GRID,1726,0,18.864776,13.266598,0.500000,0
GRID,1727,0,18.921741,13.117082,0.500000,0
GRID,1728,0,18.978706,12.967566,0.500000,0
GRID,1729,0,19.035671,12.818050,0.500000,0
GRID,1730,0,19.092637,12.668535,0.500000,0
GRID,1731,0,19.149602,12.519019,0.500000,0
GRID,1732,0,19.206567,12.369503,0.500000,0
GRID,1733,0,19.263532,12.219987,0.500000,0
GRID,1734,0,19.320498,12.070472,0.500000,0
GRID,1735,0,19.377463,11.920956,0.500000,0
GRID,1736,0,19.434428,11.771440,0.500000,0
GRID,1737,0,19.491393,11.621924,0.500000,0
GRID,1738,0,19.548359,11.472409,0.500000,0
GRID,1739,0,19.605324,11.322893,0.500000,0
GRID,1740,0,18.679154,14.736851,0.500000,0
GRID,1741,0,19.951286,11.397908,0.500000,0
GRID,1742,0,18.736119,14.587335,0.500000,0
GRID,1743,0,18.793085,14.437819,0.500000,0
GRID,1744,0,18.850050,14.288304,0.500000,0
GRID,1745,0,18.907015,14.138788,0.500000,0
GRID,1746,0,18.963980,13.989272,0.500000,0
GRID,1747,0,19.020946,13.839756,0.500000,0
GRID,1748,0,19.077911,13.690241,0.500000,0
GRID,1749,0,19.134876,13.540725,0.500000,0
GRID,1750,0,19.191841,13.391209,0.500000,0
GRID,1751,0,19.248807,13.241693,0.500000,0
GRID,1752,0,19.305772,13.092178,0.500000,0
GRID,1753,0,19.362737,12.942662,0.500000,0
GRID,1754,0,19.419702,12.793146,0.500000,0
GRID,1755,0,19.476668,12.643630,0.500000,0
GRID,1756,0,19.533633,12.494115,0.500000,0
GRID,1757,0,19.590598,12.344599,0.500000,0
GRID,1758,0,19.647563,12.195083,0.500000,0
GRID,1759,0,19.704529,12.045567,0.500000,0
GRID,1760,0,19.761494,11.896052,0.500000,0
GRID,1761,0,19.818459,11.746536,0.500000,0
GRID,1762,0,19.875424,11.597020,0.500000,0
GRID,1763,0,19.932390,11.447504,0.500000,0
GRID,1764,0,19.006220,14.861462,0.500000,0
GRID,1765,0,20.258391,11.574910,0.500000,0
GRID,1766,0,19.063185,14.711947,0.500000,0
GRID,1767,0,19.120150,14.562431,0.500000,0
GRID,1768,0,19.177116,14.412915,0.500000,0
GRID,1769,0,19.234081,14.263399,0.500000,0
GRID,1770,0,19.291046,14.113884,0.500000,0
GRID,1771,0,19.348011,13.964368,0.500000,0
GRID,1772,0,19.404977,13.814852,0.500000,0
GRID,1773,0,19.461942,13.665336,0.500000,0
GRID,1774,0,19.518907,13.515821,0.500000,0
GRID,1775,0,19.575872,13.366305,0.500000,0
GRID,1776,0,19.632838,13.216789,0.500000,0
GRID,1777,0,19.689803,13.067273,0.500000,0
GRID,1778,0,19.746768,12.917758,0.500000,0
GRID,1779,0,19.803733,12.768242,0.500000,0
GRID,1780,0,19.860699,12.618726,0.500000,0
GRID,1781,0,19.917664,12.469210,0.500000,0
GRID,1782,0,19.974629,12.319695,0.500000,0
GRID,1783,0,20.031594,12.170179,0.500000,0
GRID,1784,0,20.088560,12.020663,0.500000,0
GRID,1785,0,20.145525,11.871147,0.500000,0
GRID,1786,0,20.202490,11.721632,0.500000,0
GRID,1787,0,19.333286,14.986074,0.500000,0
GRID,1788,0,20.565496,11.751912,0.500000,0
GRID,1789,0,19.390251,14.836558,0.500000,0
GRID,1790,0,19.447216,14.687042,0.500000,0
GRID,1791,0,19.504181,14.537527,0.500000,0
GRID,1792,0,19.561147,14.388011,0.500000,0
GRID,1793,0,19.618112,14.238495,0.500000,0
GRID,1794,0,19.675077,14.088979,0.500000,0
GRID,1795,0,19.732042,13.939464,0.500000,0
GRID,1796,0,19.789008,13.789948,0.500000,0
GRID,1797,0,19.845973,13.640432,0.500000,0
GRID,1798,0,19.902938,13.490916,0.500000,0
GRID,1799,0,19.959903,13.341401,0.500000,0
GRID,1800,0,20.016869,13.191885,0.500000,0
GRID,1801,0,20.073834,13.042369,0.500000,0
GRID,1802,0,20.130799,12.892853,0.500000,0
GRID,1803,0,20.187764,12.743338,0.500000,0
GRID,1804,0,20.244730,12.593822,0.500000,0
GRID,1805,0,20.301695,12.444306,0.500000,0
GRID,1806,0,20.358660,12.294790,0.500000,0
GRID,1807,0,20.415625,12.145275,0.500000,0
GRID,1808,0,20.472591,11.995759,0.500000,0
GRID,1809,0,20.529556,11.846243,0.500000,0
GRID,1810,0,19.660351,15.110685,0.500000,0
GRID,1811,0,20.872601,11.928914,0.500000,0
GRID,1812,0,19.717317,14.961170,0.500000,0
GRID,1813,0,19.774282,14.811654,0.500000,0
GRID,1814,0,19.831247,14.662138,0.500000,0
GRID,1815,0,19.888212,14.512622,0.500000,0
GRID,1816,0,19.945178,14.363107,0.500000,0
GRID,1817,0,20.002143,14.213591,0.500000,0
GRID,1818,0,20.059108,14.064075,0.500000,0
GRID,1819,0,20.116073,13.914559,0.500000,0
GRID,1820,0,20.173039,13.765044,0.500000,0
GRID,1821,0,20.230004,13.615528,0.500000,0
GRID,1822,0,20.286969,13.466012,0.500000,0
GRID,1823,0,20.343934,13.316496,0.500000,0
GRID,1824,0,20.400899,13.166981,0.500000,0
GRID,1825,0,20.457865,13.017465,0.500000,0
GRID,1826,0,20.514830,12.867949,0.500000,0
GRID,1827,0,20.571795,12.718433,0.500000,0
GRID,1828,0,20.628760,12.568918,0.500000,0
GRID,1829,0,20.685726,12.419402,0.500000,0
GRID,1830,0,20.742691,12.269886,0.500000,0
GRID,1831,0,20.799656,12.120370,0.500000,0
GRID,1832,0,20.856621,11.970855,0.500000,0
GRID,1833,0,19.987417,15.235297,0.500000,0
GRID,1834,0,21.179706,12.105916,0.500000,0
GRID,1835,0,20.044382,15.085781,0.500000,0
GRID,1836,0,20.101347,14.936265,0.500000,0
GRID,1837,0,20.158313,14.786750,0.500000,0
GRID,1838,0,20.215278,14.637234,0.500000,0
GRID,1839,0,20.272243,14.487718,0.500000,0
GRID,1840,0,20.329208,14.338202,0.500000,0
GRID,1841,0,20.386174,14.188687,0.500000,0
GRID,1842,0,20.443139,14.039171,0.500000,0
GRID,1843,0,20.500104,13.889655,0.500000,0
GRID,1844,0,20.557069,13.740139,0.500000,0
GRID,1845,0,20.614035,13.590624,0.500000,0
GRID,1846,0,20.671000,13.441108,0.500000,0
GRID,1847,0,20.727965,13.291592,0.500000,0
GRID,1848,0,20.784930,13.142076,0.500000,0
GRID,1849,0,20.841896,12.992561,0.500000,0
GRID,1850,0,20.898861,12.843045,0.500000,0
GRID,1851,0,20.955826,12.693529,0.500000,0
GRID,1852,0,21.012791,12.544013,0.500000,0
GRID,1853,0,21.069757,12.394498,0.500000,0
GRID,1854,0,21.126722,12.244982,0.500000,0
GRID,1855,0,20.314483,15.359908,0.500000,0
GRID,1856,0,21.486811,12.282918,0.500000,0
GRID,1857,0,20.371448,15.210393,0.500000,0
GRID,1858,0,20.428413,15.060877,0.500000,0
GRID,1859,0,20.485378,14.911361,0.500000,0
GRID,1860,0,20.542344,14.761845,0.500000,0
GRID,1861,0,20.599309,14.612330,0.500000,0
GRID,1862,0,20.656274,14.462814,0.500000,0
GRID,1863,0,20.713239,14.313298,0.500000,0
GRID,1864,0,20.770205,14.163782,0.500000,0
GRID,1865,0,20.827170,14.014267,0.500000,0
GRID,1866,0,20.884135,13.864751,0.500000,0
GRID,1867,0,20.941100,13.715235,0.500000,0
GRID,1868,0,20.998066,13.565719,0.500000,0
GRID,1869,0,21.055031,13.416204,0.500000,0
GRID,1870,0,21.111996,13.266688,0.500000,0
GRID,1871,0,21.168961,13.117172,0.500000,0
GRID,1872,0,21.225927,12.967656,0.500000,0
GRID,1873,0,21.282892,12.818141,0.500000,0
GRID,1874,0,21.339857,12.668625,0.500000,0
GRID,1875,0,21.396822,12.519109,0.500000,0
GRID,1876,0,21.453788,12.369593,0.500000,0
GRID,1877,0,20.641548,15.484520,0.500000,0
GRID,1878,0,21.793916,12.459920,0.500000,0
GRID,1879,0,20.698514,15.335004,0.500000,0
GRID,1880,0,20.755479,15.185488,0.500000,0
GRID,1881,0,20.812444,15.035973,0.500000,0
GRID,1882,0,20.869409,14.886457,0.500000,0
GRID,1883,0,20.926375,14.736941,0.500000,0
GRID,1884,0,20.983340,14.587425,0.500000,0
GRID,1885,0,21.040305,14.437910,0.500000,0
GRID,1886,0,21.097270,14.288394,0.500000,0
GRID,1887,0,21.154236,14.138878,0.500000,0
GRID,1888,0,21.211201,13.989362,0.500000,0
GRID,1889,0,21.268166,13.839847,0.500000,0
GRID,1890,0,21.325131,13.690331,0.500000,0
GRID,1891,0,21.382097,13.540815,0.500000,0
GRID,1892,0,21.439062,13.391299,0.500000,0
GRID,1893,0,21.496027,13.241784,0.500000,0
GRID,1894,0,21.552992,13.092268,0.500000,0
GRID,1895,0,21.609958,12.942752,0.500000,0
GRID,1896,0,21.666923,12.793236,0.500000,0
GRID,1897,0,21.723888,12.643720,0.500000,0
GRID,1898,0,21.780853,12.494205,0.500000,0
GRID,1899,0,20.968614,15.609131,0.500000,0
GRID,1900,0,22.101021,12.636922,0.500000,0
GRID,1901,0,21.025579,15.459616,0.500000,0
GRID,1902,0,21.082545,15.310100,0.500000,0
GRID,1903,0,21.139510,15.160584,0.500000,0
GRID,1904,0,21.196475,15.011068,0.500000,0
GRID,1905,0,21.253440,14.861553,0.500000,0
GRID,1906,0,21.310406,14.712037,0.500000,0
GRID,1907,0,21.367371,14.562521,0.500000,0
GRID,1908,0,21.424336,14.413005,0.500000,0
GRID,1909,0,21.481301,14.263490,0.500000,0
GRID,1910,0,21.538267,14.113974,0.500000,0
GRID,1911,0,21.595232,13.964458,0.500000,0
GRID,1912,0,21.652197,13.814942,0.500000,0
GRID,1913,0,21.709162,13.665426,0.500000,0
GRID,1914,0,21.766128,13.515911,0.500000,0
GRID,1915,0,21.823093,13.366395,0.500000,0
GRID,1916,0,21.880058,13.216879,0.500000,0
GRID,1917,0,21.937023,13.067363,0.500000,0
GRID,1918,0,21.993989,12.917848,0.500000,0
GRID,1919,0,22.050954,12.768332,0.500000,0
GRID,1920,0,21.295680,15.733743,0.500000,0
GRID,1921,0,22.408126,12.813924,0.500000,0
GRID,1922,0,21.352645,15.584227,0.500000,0
GRID,1923,0,21.409610,15.434711,0.500000,0
GRID,1924,0,21.466576,15.285196,0.500000,0
GRID,1925,0,21.523541,15.135680,0.500000,0
GRID,1926,0,21.580506,14.986164,0.500000,0
GRID,1927,0,21.637471,14.836648,0.500000,0
GRID,1928,0,21.694437,14.687132,0.500000,0
GRID,1929,0,21.751402,14.537617,0.500000,0
GRID,1930,0,21.808367,14.388101,0.500000,0
GRID,1931,0,21.865332,14.238585,0.500000,0
GRID,1932,0,21.922298,14.089069,0.500000,0
GRID,1933,0,21.979263,13.939554,0.500000,0
GRID,1934,0,22.036228,13.790038,0.500000,0
GRID,1935,0,22.093193,13.640522,0.500000,0
GRID,1936,0,22.150159,13.491006,0.500000,0
GRID,1937,0,22.207124,13.341491,0.500000,0
GRID,1938,0,22.264089,13.191975,0.500000,0
GRID,1939,0,22.321054,13.042459,0.500000,0
GRID,1940,0,22.378020,12.892943,0.500000,0
GRID,1941,0,21.622746,15.858354,0.500000,0
GRID,1942,0,22.715231,12.990926,0.500000,0
GRID,1943,0,21.679711,15.708838,0.500000,0
GRID,1944,0,21.736676,15.559323,0.500000,0
GRID,1945,0,21.793641,15.409807,0.500000,0
GRID,1946,0,21.850607,15.260291,0.500000,0
GRID,1947,0,21.907572,15.110775,0.500000,0
GRID,1948,0,21.964537,14.961260,0.500000,0
GRID,1949,0,22.021502,14.811744,0.500000,0
GRID,1950,0,22.078468,14.662228,0.500000,0
GRID,1951,0,22.135433,14.512712,0.500000,0
GRID,1952,0,22.192398,14.363197,0.500000,0
GRID,1953,0,22.249363,14.213681,0.500000,0
GRID,1954,0,22.306329,14.064165,0.500000,0
GRID,1955,0,22.363294,13.914649,0.500000,0
GRID,1956,0,22.420259,13.765134,0.500000,0
GRID,1957,0,22.477224,13.615618,0.500000,0
GRID,1958,0,22.534190,13.466102,0.500000,0
GRID,1959,0,22.591155,13.316586,0.500000,0
GRID,1960,0,22.648120,13.167071,0.500000,0
GRID,1961,0,22.705085,13.017555,0.500000,0
GRID,1962,0,21.949811,15.982966,0.500000,0
GRID,1963,0,23.022336,13.167928,0.500000,0
GRID,1964,0,22.006777,15.833450,0.500000,0
GRID,1965,0,22.063742,15.683934,0.500000,0
GRID,1966,0,22.120707,15.534418,0.500000,0
GRID,1967,0,22.177672,15.384903,0.500000,0
GRID,1968,0,22.234637,15.235387,0.500000,0
GRID,1969,0,22.291603,15.085871,0.500000,0
GRID,1970,0,22.348568,14.936355,0.500000,0
GRID,1971,0,22.405533,14.786840,0.500000,0
GRID,1972,0,22.462498,14.637324,0.500000,0
GRID,1973,0,22.519464,14.487808,0.500000,0
GRID,1974,0,22.576429,14.338292,0.500000,0
GRID,1975,0,22.633394,14.188777,0.500000,0
GRID,1976,0,22.690359,14.039261,0.500000,0
GRID,1977,0,22.747325,13.889745,0.500000,0
GRID,1978,0,22.804290,13.740229,0.500000,0
GRID,1979,0,22.861255,13.590714,0.500000,0
GRID,1980,0,22.918220,13.441198,0.500000,0
GRID,1981,0,22.975186,13.291682,0.500000,0
GRID,1982,0,22.276877,16.107577,0.500000,0
GRID,1983,0,23.329441,13.344930,0.500000,0
GRID,1984,0,22.333842,15.958061,0.500000,0
GRID,1985,0,22.390807,15.808546,0.500000,0
GRID,1986,0,22.447773,15.659030,0.500000,0
GRID,1987,0,22.504738,15.509514,0.500000,0
GRID,1988,0,22.561703,15.359998,0.500000,0
GRID,1989,0,22.618668,15.210483,0.500000,0
GRID,1990,0,22.675634,15.060967,0.500000,0
GRID,1991,0,22.732599,14.911451,0.500000,0
GRID,1992,0,22.789564,14.761935,0.500000,0
GRID,1993,0,22.846529,14.612420,0.500000,0
GRID,1994,0,22.903495,14.462904,0.500000,0
GRID,1995,0,22.960460,14.313388,0.500000,0
GRID,1996,0,23.017425,14.163872,0.500000,0
GRID,1997,0,23.074390,14.014357,0.500000,0
GRID,1998,0,23.131356,13.864841,0.500000,0
GRID,1999,0,23.188321,13.715325,0.500000,0
GRID,2000,0,23.245286,13.565809,0.500000,0
GRID,2001,0,23.302251,13.416294,0.500000,0
GRID,2002,0,22.603943,16.232189,0.500000,0
GRID,2003,0,23.636546,13.521931,0.500000,0
GRID,2004,0,22.660908,16.082673,0.500000,0
GRID,2005,0,22.717873,15.933157,0.500000,0
GRID,2006,0,22.774838,15.783641,0.500000,0
GRID,2007,0,22.831804,15.634126,0.500000,0
GRID,2008,0,22.888769,15.484610,0.500000,0
GRID,2009,0,22.945734,15.335094,0.500000,0
GRID,2010,0,23.002699,15.185578,0.500000,0
GRID,2011,0,23.059665,15.036063,0.500000,0
GRID,2012,0,23.116630,14.886547,0.500000,0
GRID,2013,0,23.173595,14.737031,0.500000,0
GRID,2014,0,23.230560,14.587515,0.500000,0
GRID,2015,0,23.287526,14.438000,0.500000,0
GRID,2016,0,23.344491,14.288484,0.500000,0
GRID,2017,0,23.401456,14.138968,0.500000,0
GRID,2018,0,23.458421,13.989452,0.500000,0
GRID,2019,0,23.515387,13.839937,0.500000,0
GRID,2020,0,23.572352,13.690421,0.500000,0
GRID,2021,0,23.629317,13.540905,0.500000,0
GRID,2022,0,22.931008,16.356800,0.500000,0
GRID,2023,0,23.943651,13.698933,0.500000,0
GRID,2024,0,22.987974,16.207284,0.500000,0
GRID,2025,0,23.044939,16.057769,0.500000,0
GRID,2026,0,23.101904,15.908253,0.500000,0
GRID,2027,0,23.158869,15.758737,0.500000,0
GRID,2028,0,23.215835,15.609221,0.500000,0
GRID,2029,0,23.272800,15.459706,0.500000,0
GRID,2030,0,23.329765,15.310190,0.500000,0
GRID,2031,0,23.386730,15.160674,0.500000,0
GRID,2032,0,23.443696,15.011158,0.500000,0
GRID,2033,0,23.500661,14.861643,0.500000,0
GRID,2034,0,23.557626,14.712127,0.500000,0
GRID,2035,0,23.614591,14.562611,0.500000,0
GRID,2036,0,23.671557,14.413095,0.500000,0
GRID,2037,0,23.728522,14.263580,0.500000,0
GRID,2038,0,23.785487,14.114064,0.500000,0
GRID,2039,0,23.842452,13.964548,0.500000,0
GRID,2040,0,23.899418,13.815032,0.500000,0
GRID,2041,0,23.258074,16.481412,0.500000,0
GRID,2042,0,24.250756,13.875935,0.500000,0
GRID,2043,0,23.315039,16.331896,0.500000,0
GRID,2044,0,23.372005,16.182380,0.500000,0
GRID,2045,0,23.428970,16.032864,0.500000,0
GRID,2046,0,23.485935,15.883349,0.500000,0
GRID,2047,0,23.542900,15.733833,0.500000,0
GRID,2048,0,23.599866,15.584317,0.500000,0
GRID,2049,0,23.656831,15.434801,0.500000,0
GRID,2050,0,23.713796,15.285286,0.500000,0
GRID,2051,0,23.770761,15.135770,0.500000,0
GRID,2052,0,23.827727,14.986254,0.500000,0
GRID,2053,0,23.884692,14.836738,0.500000,0
GRID,2054,0,23.941657,14.687223,0.500000,0
GRID,2055,0,23.998622,14.537707,0.500000,0
GRID,2056,0,24.055588,14.388191,0.500000,0
GRID,2057,0,24.112553,14.238675,0.500000,0
GRID,2058,0,24.169518,14.089160,0.500000,0
GRID,2059,0,24.226483,13.939644,0.500000,0
GRID,2060,0,23.585140,16.606023,0.500000,0
GRID,2061,0,24.557861,14.052937,0.500000,0
GRID,2062,0,23.642105,16.456507,0.500000,0
GRID,2063,0,23.699070,16.306992,0.500000,0
GRID,2064,0,23.756036,16.157476,0.500000,0
GRID,2065,0,23.813001,16.007960,0.500000,0
GRID,2066,0,23.869966,15.858444,0.500000,0
GRID,2067,0,23.926931,15.708929,0.500000,0
GRID,2068,0,23.983897,15.559413,0.500000,0
GRID,2069,0,24.040862,15.409897,0.500000,0
GRID,2070,0,24.097827,15.260381,0.500000,0
GRID,2071,0,24.154792,15.110866,0.500000,0
GRID,2072,0,24.211758,14.961350,0.500000,0
GRID,2073,0,24.268723,14.811834,0.500000,0
GRID,2074,0,24.325688,14.662318,0.500000,0
GRID,2075,0,24.382653,14.512803,0.500000,0
GRID,2076,0,24.439619,14.363287,0.500000,0
GRID,2077,0,24.496584,14.213771,0.500000,0
GRID,2078,0,24.553549,14.064255,0.500000,0
GRID,2079,0,23.912206,16.730635,0.500000,0
GRID,2080,0,24.864966,14.229939,0.500000,0
GRID,2081,0,23.969171,16.581119,0.500000,0
GRID,2082,0,24.026136,16.431603,0.500000,0
GRID,2083,0,24.083101,16.282087,0.500000,0
GRID,2084,0,24.140067,16.132572,0.500000,0
GRID,2085,0,24.197032,15.983056,0.500000,0
GRID,2086,0,24.253997,15.833540,0.500000,0
GRID,2087,0,24.310962,15.684024,0.500000,0
GRID,2088,0,24.367928,15.534509,0.500000,0
GRID,2089,0,24.424893,15.384993,0.500000,0
GRID,2090,0,24.481858,15.235477,0.500000,0
GRID,2091,0,24.538823,15.085961,0.500000,0
GRID,2092,0,24.595788,14.936446,0.500000,0
GRID,2093,0,24.652754,14.786930,0.500000,0
GRID,2094,0,24.709719,14.637414,0.500000,0
GRID,2095,0,24.766684,14.487898,0.500000,0
GRID,2096,0,24.823649,14.338383,0.500000,0
GRID,2097,0,24.239271,16.855246,0.500000,0
GRID,2098,0,25.172071,14.406941,0.500000,0
GRID,2099,0,24.296236,16.705730,0.500000,0
GRID,2100,0,24.353202,16.556215,0.500000,0
GRID,2101,0,24.410167,16.406699,0.500000,0
GRID,2102,0,24.467132,16.257183,0.500000,0
GRID,2103,0,24.524097,16.107667,0.500000,0
GRID,2104,0,24.581063,15.958152,0.500000,0
GRID,2105,0,24.638028,15.808636,0.500000,0
GRID,2106,0,24.694993,15.659120,0.500000,0
GRID,2107,0,24.751958,15.509604,0.500000,0
GRID,2108,0,24.808924,15.360089,0.500000,0
GRID,2109,0,24.865889,15.210573,0.500000,0
GRID,2110,0,24.922854,15.061057,0.500000,0
GRID,2111,0,24.979819,14.911541,0.500000,0
GRID,2112,0,25.036785,14.762026,0.500000,0
GRID,2113,0,25.093750,14.612510,0.500000,0
GRID,2114,0,25.150715,14.462994,0.500000,0
GRID,2115,0,24.566337,16.979858,0.500000,0
GRID,2116,0,25.479176,14.583943,0.500000,0
GRID,2117,0,24.623302,16.830342,0.500000,0
GRID,2118,0,24.680267,16.680826,0.500000,0
GRID,2119,0,24.737233,16.531310,0.500000,0
GRID,2120,0,24.794198,16.381795,0.500000,0
GRID,2121,0,24.851163,16.232279,0.500000,0
GRID,2122,0,24.908128,16.082763,0.500000,0
GRID,2123,0,24.965094,15.933247,0.500000,0
GRID,2124,0,25.022059,15.783732,0.500000,0
GRID,2125,0,25.079024,15.634216,0.500000,0
GRID,2126,0,25.135989,15.484700,0.500000,0
GRID,2127,0,25.192955,15.335184,0.500000,0
GRID,2128,0,25.249920,15.185669,0.500000,0
GRID,2129,0,25.306885,15.036153,0.500000,0
GRID,2130,0,25.363850,14.886637,0.500000,0
GRID,2131,0,25.420816,14.737121,0.500000,0
GRID,2132,0,25.477781,14.587605,0.500000,0
GRID,2133,0,24.893403,17.104469,0.500000,0
GRID,2134,0,25.786281,14.760945,0.500000,0
GRID,2135,0,24.950368,16.954953,0.500000,0
GRID,2136,0,25.007333,16.805438,0.500000,0
GRID,2137,0,25.064298,16.655922,0.500000,0
GRID,2138,0,25.121264,16.506406,0.500000,0
GRID,2139,0,25.178229,16.356890,0.500000,0
GRID,2140,0,25.235194,16.207375,0.500000,0
GRID,2141,0,25.292159,16.057859,0.500000,0
GRID,2142,0,25.349125,15.908343,0.500000,0
GRID,2143,0,25.406090,15.758827,0.500000,0
GRID,2144,0,25.463055,15.609311,0.500000,0
GRID,2145,0,25.520020,15.459796,0.500000,0
GRID,2146,0,25.576986,15.310280,0.500000,0
GRID,2147,0,25.633951,15.160764,0.500000,0
GRID,2148,0,25.690916,15.011248,0.500000,0
GRID,2149,0,25.747881,14.861733,0.500000,0
GRID,2150,0,25.220468,17.229081,0.500000,0
GRID,2151,0,26.093386,14.937947,0.500000,0
GRID,2152,0,25.277434,17.079565,0.500000,0
GRID,2153,0,25.334399,16.930049,0.500000,0
GRID,2154,0,25.391364,16.780533,0.500000,0
GRID,2155,0,25.448329,16.631017,0.500000,0
GRID,2156,0,25.505295,16.481502,0.500000,0
GRID,2157,0,25.562260,16.331986,0.500000,0
GRID,2158,0,25.619225,16.182470,0.500000,0
GRID,2159,0,25.676190,16.032954,0.500000,0
GRID,2160,0,25.733156,15.883439,0.500000,0
GRID,2161,0,25.790121,15.733923,0.500000,0
GRID,2162,0,25.847086,15.584407,0.500000,0
GRID,2163,0,25.904051,15.434891,0.500000,0
GRID,2164,0,25.961017,15.285376,0.500000,0
GRID,2165,0,26.017982,15.135860,0.500000,0
GRID,2166,0,26.074947,14.986344,0.500000,0
GRID,2167,0,25.547534,17.353692,0.500000,0
GRID,2168,0,26.400491,15.114949,0.500000,0
GRID,2169,0,25.604499,17.204176,0.500000,0
GRID,2170,0,25.661465,17.054660,0.500000,0
GRID,2171,0,25.718430,16.905145,0.500000,0
GRID,2172,0,25.775395,16.755629,0.500000,0
GRID,2173,0,25.832360,16.606113,0.500000,0
GRID,2174,0,25.889326,16.456597,0.500000,0
GRID,2175,0,25.946291,16.307082,0.500000,0
GRID,2176,0,26.003256,16.157566,0.500000,0
GRID,2177,0,26.060221,16.008050,0.500000,0
GRID,2178,0,26.117187,15.858534,0.500000,0
GRID,2179,0,26.174152,15.709019,0.500000,0
GRID,2180,0,26.231117,15.559503,0.500000,0
GRID,2181,0,26.288082,15.409987,0.500000,0
GRID,2182,0,26.345048,15.260471,0.500000,0
GRID,2183,0,25.874600,17.478303,0.500000,0
GRID,2184,0,26.707596,15.291951,0.500000,0
GRID,2185,0,25.931565,17.328788,0.500000,0
GRID,2186,0,25.988530,17.179272,0.500000,0
GRID,2187,0,26.045496,17.029756,0.500000,0
GRID,2188,0,26.102461,16.880240,0.500000,0
GRID,2189,0,26.159426,16.730725,0.500000,0
GRID,2190,0,26.216391,16.581209,0.500000,0
GRID,2191,0,26.273357,16.431693,0.500000,0
GRID,2192,0,26.330322,16.282177,0.500000,0
GRID,2193,0,26.387287,16.132662,0.500000,0
GRID,2194,0,26.444252,15.983146,0.500000,0
GRID,2195,0,26.501218,15.833630,0.500000,0
GRID,2196,0,26.558183,15.684114,0.500000,0
GRID,2197,0,26.615148,15.534599,0.500000,0
GRID,2198,0,26.672113,15.385083,0.500000,0
GRID,2199,0,26.201666,17.602915,0.500000,0
GRID,2200,0,27.014701,15.468953,0.500000,0
GRID,2201,0,26.258631,17.453399,0.500000,0
GRID,2202,0,26.315596,17.303883,0.500000,0
GRID,2203,0,26.372561,17.154368,0.500000,0
GRID,2204,0,26.429526,17.004852,0.500000,0
GRID,2205,0,26.486492,16.855336,0.500000,0
GRID,2206,0,26.543457,16.705820,0.500000,0
GRID,2207,0,26.600422,16.556305,0.500000,0
GRID,2208,0,26.657387,16.406789,0.500000,0
GRID,2209,0,26.714353,16.257273,0.500000,0
GRID,2210,0,26.771318,16.107757,0.500000,0
GRID,2211,0,26.828283,15.958242,0.500000,0
GRID,2212,0,26.885248,15.808726,0.500000,0
GRID,2213,0,26.942214,15.659210,0.500000,0
GRID,2214,0,26.999179,15.509694,0.500000,0
GRID,2215,0,26.528731,17.727526,0.500000,0
GRID,2216,0,27.321806,15.645955,0.500000,0
GRID,2217,0,26.585696,17.578011,0.500000,0
GRID,2218,0,26.642662,17.428495,0.500000,0
GRID,2219,0,26.699627,17.278979,0.500000,0
GRID,2220,0,26.756592,17.129463,0.500000,0
GRID,2221,0,26.813557,16.979948,0.500000,0
GRID,2222,0,26.870523,16.830432,0.500000,0
GRID,2223,0,26.927488,16.680916,0.500000,0
GRID,2224,0,26.984453,16.531400,0.500000,0
GRID,2225,0,27.041418,16.381885,0.500000,0
GRID,2226,0,27.098384,16.232369,0.500000,0
GRID,2227,0,27.155349,16.082853,0.500000,0
GRID,2228,0,27.212314,15.933337,0.500000,0
GRID,2229,0,27.269279,15.783822,0.500000,0
GRID,2230,0,26.855797,17.852138,0.500000,0
GRID,2231,0,27.628912,15.822957,0.500000,0
GRID,2232,0,26.912762,17.702622,0.500000,0
GRID,2233,0,26.969727,17.553106,0.500000,0
GRID,2234,0,27.026693,17.403591,0.500000,0
GRID,2235,0,27.083658,17.254075,0.500000,0
GRID,2236,0,27.140623,17.104559,0.500000,0
GRID,2237,0,27.197588,16.955043,0.500000,0
GRID,2238,0,27.254554,16.805528,0.500000,0
GRID,2239,0,27.311519,16.656012,0.500000,0
GRID,2240,0,27.368484,16.506496,0.500000,0
GRID,2241,0,27.425449,16.356980,0.500000,0
GRID,2242,0,27.482415,16.207465,0.500000,0
GRID,2243,0,27.539380,16.057949,0.500000,0
GRID,2244,0,27.596345,15.908433,0.500000,0
GRID,2245,0,27.182863,17.976749,0.500000,0
GRID,2246,0,27.936017,15.999959,0.500000,0
GRID,2247,0,27.239828,17.827234,0.500000,0
GRID,2248,0,27.296793,17.677718,0.500000,0
GRID,2249,0,27.353758,17.528202,0.500000,0
GRID,2250,0,27.410724,17.378686,0.500000,0
GRID,2251,0,27.467689,17.229171,0.500000,0
GRID,2252,0,27.524654,17.079655,0.500000,0
GRID,2253,0,27.581619,16.930139,0.500000,0
GRID,2254,0,27.638585,16.780623,0.500000,0
GRID,2255,0,27.695550,16.631108,0.500000,0
GRID,2256,0,27.752515,16.481592,0.500000,0
GRID,2257,0,27.809480,16.332076,0.500000,0
GRID,2258,0,27.866446,16.182560,0.500000,0
GRID,2259,0,27.923411,16.033045,0.500000,0
GRID,2260,0,27.509928,18.101361,0.500000,0
GRID,2261,0,28.243122,16.176961,0.500000,0
GRID,2262,0,27.566894,17.951845,0.500000,0
GRID,2263,0,27.623859,17.802329,0.500000,0
GRID,2264,0,27.680824,17.652814,0.500000,0
GRID,2265,0,27.737789,17.503298,0.500000,0
GRID,2266,0,27.794755,17.353782,0.500000,0
GRID,2267,0,27.851720,17.204266,0.500000,0
GRID,2268,0,27.908685,17.054751,0.500000,0
GRID,2269,0,27.965650,16.905235,0.500000,0
GRID,2270,0,28.022616,16.755719,0.500000,0
GRID,2271,0,28.079581,16.606203,0.500000,0
GRID,2272,0,28.136546,16.456688,0.500000,0
GRID,2273,0,28.193511,16.307172,0.500000,0
GRID,2274,0,27.836994,18.225972,0.500000,0
GRID,2275,0,28.550227,16.353962,0.500000,0
GRID,2276,0,27.893959,18.076457,0.500000,0
GRID,2277,0,27.950925,17.926941,0.500000,0
GRID,2278,0,28.007890,17.777425,0.500000,0
GRID,2279,0,28.064855,17.627909,0.500000,0
GRID,2280,0,28.121820,17.478394,0.500000,0
GRID,2281,0,28.178786,17.328878,0.500000,0
GRID,2282,0,28.235751,17.179362,0.500000,0
GRID,2283,0,28.292716,17.029846,0.500000,0
GRID,2284,0,28.349681,16.880331,0.500000,0
GRID,2285,0,28.406647,16.730815,0.500000,0
GRID,2286,0,28.463612,16.581299,0.500000,0
GRID,2287,0,28.520577,16.431783,0.500000,0
GRID,2288,0,28.164060,18.350584,0.500000,0
GRID,2289,0,28.857332,16.530964,0.500000,0
GRID,2290,0,28.221025,18.201068,0.500000,0
GRID,2291,0,28.277990,18.051552,0.500000,0
GRID,2292,0,28.334956,17.902037,0.500000,0
GRID,2293,0,28.391921,17.752521,0.500000,0
GRID,2294,0,28.448886,17.603005,0.500000,0
GRID,2295,0,28.505851,17.453489,0.500000,0
GRID,2296,0,28.562817,17.303974,0.500000,0
GRID,2297,0,28.619782,17.154458,0.500000,0
GRID,2298,0,28.676747,17.004942,0.500000,0
GRID,2299,0,28.733712,16.855426,0.500000,0
GRID,2300,0,28.790677,16.705911,0.500000,0
GRID,2301,0,28.847643,16.556395,0.500000,0
GRID,2302,0,28.491125,18.475195,0.500000,0
GRID,2303,0,29.164437,16.707966,0.500000,0
GRID,2304,0,28.548091,18.325680,0.500000,0
GRID,2305,0,28.605056,18.176164,0.500000,0
GRID,2306,0,28.662021,18.026648,0.500000,0
GRID,2307,0,28.718986,17.877132,0.500000,0
GRID,2308,0,28.775952,17.727617,0.500000,0
GRID,2309,0,28.832917,17.578101,0.500000,0
GRID,2310,0,28.889882,17.428585,0.500000,0
GRID,2311,0,28.946847,17.279069,0.500000,0
GRID,2312,0,29.003813,17.129554,0.500000,0
GRID,2313,0,29.060778,16.980038,0.500000,0
GRID,2314,0,29.117743,16.830522,0.500000,0
GRID,2315,0,28.818191,18.599807,0.500000,0
GRID,2316,0,29.471542,16.884968,0.500000,0
GRID,2317,0,28.875156,18.450291,0.500000,0
GRID,2318,0,28.932122,18.300775,0.500000,0
GRID,2319,0,28.989087,18.151260,0.500000,0
GRID,2320,0,29.046052,18.001744,0.500000,0
GRID,2321,0,29.103017,17.852228,0.500000,0
GRID,2322,0,29.159983,17.702712,0.500000,0
GRID,2323,0,29.216948,17.553196,0.500000,0
GRID,2324,0,29.273913,17.403681,0.500000,0
GRID,2325,0,29.330878,17.254165,0.500000,0
GRID,2326,0,29.387844,17.104649,0.500000,0
GRID,2327,0,29.444809,16.955133,0.500000,0
GRID,2328,0,29.145257,18.724418,0.500000,0
GRID,2329,0,29.778647,17.061970,0.500000,0
GRID,2330,0,29.202222,18.574902,0.500000,0
GRID,2331,0,29.259187,18.425387,0.500000,0
GRID,2332,0,29.316153,18.275871,0.500000,0
GRID,2333,0,29.373118,18.126355,0.500000,0
GRID,2334,0,29.430083,17.976839,0.500000,0
GRID,2335,0,29.487048,17.827324,0.500000,0
GRID,2336,0,29.544014,17.677808,0.500000,0
GRID,2337,0,29.600979,17.528292,0.500000,0
GRID,2338,0,29.657944,17.378776,0.500000,0
GRID,2339,0,29.714909,17.229261,0.500000,0
GRID,2340,0,29.771875,17.079745,0.500000,0
GRID,2341,0,29.472323,18.849030,0.500000,0
GRID,2342,0,30.085752,17.238972,0.500000,0
GRID,2343,0,29.529288,18.699514,0.500000,0
GRID,2344,0,29.586253,18.549998,0.500000,0
GRID,2345,0,29.643218,18.400482,0.500000,0
GRID,2346,0,29.700184,18.250967,0.500000,0
GRID,2347,0,29.757149,18.101451,0.500000,0
GRID,2348,0,29.814114,17.951935,0.500000,0
GRID,2349,0,29.871079,17.802419,0.500000,0
GRID,2350,0,29.928045,17.652904,0.500000,0
GRID,2351,0,29.985010,17.503388,0.500000,0
GRID,2352,0,30.041975,17.353872,0.500000,0
GRID,2353,0,29.799388,18.973641,0.500000,0
GRID,2354,0,30.392857,17.415974,0.500000,0
GRID,2355,0,29.856354,18.824125,0.500000,0
GRID,2356,0,29.913319,18.674610,0.500000,0
GRID,2357,0,29.970284,18.525094,0.500000,0
GRID,2358,0,30.027249,18.375578,0.500000,0
GRID,2359,0,30.084215,18.226062,0.500000,0
GRID,2360,0,30.141180,18.076547,0.500000,0
GRID,2361,0,30.198145,17.927031,0.500000,0
GRID,2362,0,30.255110,17.777515,0.500000,0
GRID,2363,0,30.312076,17.627999,0.500000,0
GRID,2364,0,30.369041,17.478484,0.500000,0
GRID,2365,0,30.126454,19.098253,0.500000,0
GRID,2366,0,30.699962,17.592976,0.500000,0
GRID,2367,0,30.183419,18.948737,0.500000,0
GRID,2368,0,30.240385,18.799221,0.500000,0
GRID,2369,0,30.297350,18.649705,0.500000,0
GRID,2370,0,30.354315,18.500190,0.500000,0
GRID,2371,0,30.411280,18.350674,0.500000,0
GRID,2372,0,30.468246,18.201158,0.500000,0
GRID,2373,0,30.525211,18.051642,0.500000,0
GRID,2374,0,30.582176,17.902127,0.500000,0
GRID,2375,0,30.639141,17.752611,0.500000,0
GRID,2376,0,30.696107,17.603095,0.500000,0
GRID,2377,0,30.453520,19.222864,0.500000,0
GRID,2378,0,31.007067,17.769978,0.500000,0
GRID,2379,0,30.510485,19.073348,0.500000,0
GRID,2380,0,30.567450,18.923833,0.500000,0
GRID,2381,0,30.624415,18.774317,0.500000,0
GRID,2382,0,30.681381,18.624801,0.500000,0
GRID,2383,0,30.738346,18.475285,0.500000,0
GRID,2384,0,30.795311,18.325770,0.500000,0
GRID,2385,0,30.852276,18.176254,0.500000,0
GRID,2386,0,30.909242,18.026738,0.500000,0
GRID,2387,0,30.966207,17.877222,0.500000,0
GRID,2388,0,30.780585,19.347476,0.500000,0
GRID,2389,0,31.314172,17.946980,0.500000,0
GRID,2390,0,30.837551,19.197960,0.500000,0
GRID,2391,0,30.894516,19.048444,0.500000,0
GRID,2392,0,30.951481,18.898928,0.500000,0
GRID,2393,0,31.008446,18.749413,0.500000,0
GRID,2394,0,31.065412,18.599897,0.500000,0
GRID,2395,0,31.122377,18.450381,0.500000,0
GRID,2396,0,31.179342,18.300865,0.500000,0
GRID,2397,0,31.236307,18.151350,0.500000,0
GRID,2398,0,31.293273,18.001834,0.500000,0
GRID,2399,0,31.107651,19.472087,0.500000,0
GRID,2400,0,31.621277,18.123982,0.500000,0
GRID,2401,0,31.164616,19.322571,0.500000,0
GRID,2402,0,31.221582,19.173056,0.500000,0
GRID,2403,0,31.278547,19.023540,0.500000,0
GRID,2404,0,31.335512,18.874024,0.500000,0
GRID,2405,0,31.392477,18.724508,0.500000,0
GRID,2406,0,31.449443,18.574993,0.500000,0
GRID,2407,0,31.506408,18.425477,0.500000,0
GRID,2408,0,31.563373,18.275961,0.500000,0
GRID,2409,0,31.620338,18.126445,0.500000,0
GRID,2410,0,30.702314,17.776679,0.500000,0
GRID,2411,0,29.825875,17.271538,0.500000,0
GRID,2412,0,28.949436,16.766397,0.500000,0
GRID,2413,0,28.072997,16.261256,0.500000,0
GRID,2414,0,27.196558,15.756115,0.500000,0
GRID,2415,0,26.320119,15.250974,0.500000,0
GRID,2416,0,25.443680,14.745832,0.500000,0
GRID,2417,0,24.567241,14.240691,0.500000,0
GRID,2418,0,23.690802,13.735550,0.500000,0
GRID,2419,0,22.814363,13.230409,0.500000,0
GRID,2420,0,21.937924,12.725268,0.500000,0
GRID,2421,0,21.061485,12.220126,0.500000,0
GRID,2422,0,20.185046,11.714985,0.500000,0
GRID,2423,0,19.308607,11.209844,0.500000,0
GRID,2424,0,18.432168,10.704703,0.500000,0
GRID,2425,0,17.555729,10.199562,0.500000,0
GRID,2426,0,16.679290,9.694421,0.500000,0
GRID,2427,0,15.802851,9.189279,0.500000,0
GRID,2428,0,14.926412,8.684138,0.500000,0
GRID,2429,0,14.049973,8.178997,0.500000,0
GRID,2430,0,13.173534,7.673856,0.500000,0
GRID,2431,0,12.297095,7.168715,0.500000,0
GRID,2432,0,11.420656,6.663574,0.500000,0
GRID,2433,0,10.544217,6.158432,0.500000,0
GRID,2434,0,9.667778,5.653291,0.500000,0
GRID,2435,0,8.791339,5.148150,0.500000,0
GRID,2436,0,7.914900,4.643009,0.500000,0
GRID,2437,0,7.038461,4.137868,0.500000,0
GRID,2438,0,6.162022,3.632726,0.500000,0
GRID,2439,0,5.285583,3.127585,0.500000,0
GRID,2440,0,4.409144,2.622444,0.500000,0
GRID,2441,0,2.980000,3.840222,0.500000,0
GRID,2442,0,3.674719,2.016806,0.500000,0
GRID,2443,0,2.996664,3.796486,0.500000,0
GRID,2444,0,3.053629,3.646970,0.500000,0
GRID,2445,0,3.110594,3.497454,0.500000,0
GRID,2446,0,3.167559,3.347938,0.500000,0
GRID,2447,0,3.224525,3.198423,0.500000,0
GRID,2448,0,3.281490,3.048907,0.500000,0
GRID,2449,0,3.338455,2.899391,0.500000,0
GRID,2450,0,3.395420,2.749875,0.500000,0
GRID,2451,0,3.452386,2.600360,0.500000,0
GRID,2452,0,3.509351,2.450844,0.500000,0
GRID,2453,0,3.566316,2.301328,0.500000,0
GRID,2454,0,3.623281,2.151812,0.500000,0
GRID,2455,0,3.036965,7.749887,0.500000,0
GRID,2456,0,3.036965,6.722571,0.500000,0
GRID,2457,0,3.036965,5.695254,0.500000,0
GRID,2458,0,3.036965,4.839157,0.500000,0
GRID,2459,0,3.036965,3.811841,0.500000,0
GRID,2460,0,2.980000,1.616400,0.500000,0
GRID,2461,0,0.000000,8.755500,0.500000,0
GRID,2462,0,0.000000,1.616400,0.500000,0
GRID,2463,0,0.000000,8.584281,0.500000,0
GRID,2464,0,0.000000,8.413061,0.500000,0
GRID,2465,0,0.000000,8.241842,0.500000,0
GRID,2466,0,0.000000,8.070622,0.500000,0
GRID,2467,0,0.000000,7.899403,0.500000,0
GRID,2468,0,0.000000,7.728184,0.500000,0
GRID,2469,0,0.000000,7.556964,0.500000,0
GRID,2470,0,0.000000,7.385745,0.500000,0
GRID,2471,0,0.000000,7.214525,0.500000,0
GRID,2472,0,0.000000,7.043306,0.500000,0
GRID,2473,0,0.000000,6.872086,0.500000,0
GRID,2474,0,0.000000,6.700867,0.500000,0
GRID,2475,0,0.000000,6.529648,0.500000,0
GRID,2476,0,0.000000,6.358428,0.500000,0
GRID,2477,0,0.000000,6.187209,0.500000,0
GRID,2478,0,0.000000,6.015989,0.500000,0
GRID,2479,0,0.000000,5.844770,0.500000,0
GRID,2480,0,0.000000,5.673551,0.500000,0
GRID,2481,0,0.000000,5.502331,0.500000,0
GRID,2482,0,0.000000,5.331112,0.500000,0
GRID,2483,0,0.000000,5.159892,0.500000,0
GRID,2484,0,0.000000,4.988673,0.500000,0
GRID,2485,0,0.000000,4.817453,0.500000,0
GRID,2486,0,0.000000,4.646234,0.500000,0
GRID,2487,0,0.000000,4.475015,0.500000,0
GRID,2488,0,0.000000,4.303795,0.500000,0
GRID,2489,0,0.000000,4.132576,0.500000,0
GRID,2490,0,0.000000,3.961356,0.500000,0
GRID,2491,0,0.000000,3.790137,0.500000,0
GRID,2492,0,0.000000,3.618918,0.500000,0
GRID,2493,0,0.000000,3.447698,0.500000,0
GRID,2494,0,0.000000,3.276479,0.500000,0
GRID,2495,0,0.000000,3.105259,0.500000,0
GRID,2496,0,0.000000,2.934040,0.500000,0
GRID,2497,0,0.000000,2.762820,0.500000,0
GRID,2498,0,0.000000,2.591601,0.500000,0
GRID,2499,0,0.000000,2.420382,0.500000,0
GRID,2500,0,0.000000,2.249162,0.500000,0
GRID,2501,0,0.000000,2.077943,0.500000,0
GRID,2502,0,0.000000,1.906723,0.500000,0
GRID,2503,0,0.440000,8.755500,0.500000,0
GRID,2504,0,0.440000,1.616400,0.500000,0
GRID,2505,0,0.440000,8.584281,0.500000,0
GRID,2506,0,0.440000,8.413061,0.500000,0
GRID,2507,0,0.440000,8.241842,0.500000,0
GRID,2508,0,0.440000,8.070622,0.500000,0
GRID,2509,0,0.440000,7.899403,0.500000,0
GRID,2510,0,0.440000,7.728184,0.500000,0
GRID,2511,0,0.440000,7.556964,0.500000,0
GRID,2512,0,0.440000,7.385745,0.500000,0
GRID,2513,0,0.440000,7.214525,0.500000,0
GRID,2514,0,0.440000,7.043306,0.500000,0
GRID,2515,0,0.440000,6.872086,0.500000,0
GRID,2516,0,0.440000,6.700867,0.500000,0
GRID,2517,0,0.440000,6.529648,0.500000,0
GRID,2518,0,0.440000,6.358428,0.500000,0
GRID,2519,0,0.440000,6.187209,0.500000,0
GRID,2520,0,0.440000,6.015989,0.500000,0
GRID,2521,0,0.440000,5.844770,0.500000,0
GRID,2522,0,0.440000,5.673551,0.500000,0
GRID,2523,0,0.440000,5.502331,0.500000,0
GRID,2524,0,0.440000,5.331112,0.500000,0
GRID,2525,0,0.440000,5.159892,0.500000,0
GRID,2526,0,0.440000,4.988673,0.500000,0
GRID,2527,0,0.440000,4.817453,0.500000,0
GRID,2528,0,0.440000,4.646234,0.500000,0
GRID,2529,0,0.440000,4.475015,0.500000,0
GRID,2530,0,0.440000,4.303795,0.500000,0
GRID,2531,0,0.440000,4.132576,0.500000,0
GRID,2532,0,0.440000,3.961356,0.500000,0
GRID,2533,0,0.440000,3.790137,0.500000,0
GRID,2534,0,0.440000,3.618918,0.500000,0
GRID,2535,0,0.440000,3.447698,0.500000,0
GRID,2536,0,0.440000,3.276479,0.500000,0
GRID,2537,0,0.440000,3.105259,0.500000,0
GRID,2538,0,0.440000,2.934040,0.500000,0
GRID,2539,0,0.440000,2.762820,0.500000,0
GRID,2540,0,0.440000,2.591601,0.500000,0
GRID,2541,0,0.440000,2.420382,0.500000,0
GRID,2542,0,0.440000,2.249162,0.500000,0
GRID,2543,0,0.440000,2.077943,0.500000,0
GRID,2544,0,0.440000,1.906723,0.500000,0
GRID,2545,0,0.880000,8.755500,0.500000,0
GRID,2546,0,0.880000,1.616400,0.500000,0
GRID,2547,0,0.880000,8.584281,0.500000,0
GRID,2548,0,0.880000,8.413061,0.500000,0
GRID,2549,0,0.880000,8.241842,0.500000,0
GRID,2550,0,0.880000,8.070622,0.500000,0
GRID,2551,0,0.880000,7.899403,0.500000,0
GRID,2552,0,0.880000,7.728184,0.500000,0
GRID,2553,0,0.880000,7.556964,0.500000,0
GRID,2554,0,0.880000,7.385745,0.500000,0
GRID,2555,0,0.880000,7.214525,0.500000,0
GRID,2556,0,0.880000,7.043306,0.500000,0
GRID,2557,0,0.880000,6.872086,0.500000,0
GRID,2558,0,0.880000,6.700867,0.500000,0
GRID,2559,0,0.880000,6.529648,0.500000,0
GRID,2560,0,0.880000,6.358428,0.500000,0
GRID,2561,0,0.880000,6.187209,0.500000,0
GRID,2562,0,0.880000,6.015989,0.500000,0
GRID,2563,0,0.880000,5.844770,0.500000,0
GRID,2564,0,0.880000,5.673551,0.500000,0
GRID,2565,0,0.880000,5.502331,0.500000,0
GRID,2566,0,0.880000,5.331112,0.500000,0
GRID,2567,0,0.880000,5.159892,0.500000,0
GRID,2568,0,0.880000,4.988673,0.500000,0
GRID,2569,0,0.880000,4.817453,0.500000,0
GRID,2570,0,0.880000,4.646234,0.500000,0
GRID,2571,0,0.880000,4.475015,0.500000,0
GRID,2572,0,0.880000,4.303795,0.500000,0
GRID,2573,0,0.880000,4.132576,0.500000,0
GRID,2574,0,0.880000,3.961356,0.500000,0
GRID,2575,0,0.880000,3.790137,0.500000,0
GRID,2576,0,0.880000,3.618918,0.500000,0
GRID,2577,0,0.880000,3.447698,0.500000,0
GRID,2578,0,0.880000,3.276479,0.500000,0
GRID,2579,0,0.880000,3.105259,0.500000,0
GRID,2580,0,0.880000,2.934040,0.500000,0
GRID,2581,0,0.880000,2.762820,0.500000,0
GRID,2582,0,0.880000,2.591601,0.500000,0
GRID,2583,0,0.880000,2.420382,0.500000,0
GRID,2584,0,0.880000,2.249162,0.500000,0
GRID,2585,0,0.880000,2.077943,0.500000,0
GRID,2586,0,0.880000,1.906723,0.500000,0
GRID,2587,0,1.230000,8.755500,0.500000,0
GRID,2588,0,1.230000,1.616400,0.500000,0
GRID,2589,0,1.230000,8.584281,0.500000,0
GRID,2590,0,1.230000,8.413061,0.500000,0
GRID,2591,0,1.230000,8.241842,0.500000,0
GRID,2592,0,1.230000,8.070622,0.500000,0
GRID,2593,0,1.230000,7.899403,0.500000,0
GRID,2594,0,1.230000,7.728184,0.500000,0
GRID,2595,0,1.230000,7.556964,0.500000,0
GRID,2596,0,1.230000,7.385745,0.500000,0
GRID,2597,0,1.230000,7.214525,0.500000,0
GRID,2598,0,1.230000,7.043306,0.500000,0
GRID,2599,0,1.230000,6.872086,0.500000,0
GRID,2600,0,1.230000,6.700867,0.500000,0
GRID,2601,0,1.230000,6.529648,0.500000,0
GRID,2602,0,1.230000,6.358428,0.500000,0
GRID,2603,0,1.230000,6.187209,0.500000,0
GRID,2604,0,1.230000,6.015989,0.500000,0
GRID,2605,0,1.230000,5.844770,0.500000,0
GRID,2606,0,1.230000,5.673551,0.500000,0
GRID,2607,0,1.230000,5.502331,0.500000,0
GRID,2608,0,1.230000,5.331112,0.500000,0
GRID,2609,0,1.230000,5.159892,0.500000,0
GRID,2610,0,1.230000,4.988673,0.500000,0
GRID,2611,0,1.230000,4.817453,0.500000,0
GRID,2612,0,1.230000,4.646234,0.500000,0
GRID,2613,0,1.230000,4.475015,0.500000,0
GRID,2614,0,1.230000,4.303795,0.500000,0
GRID,2615,0,1.230000,4.132576,0.500000,0
GRID,2616,0,1.230000,3.961356,0.500000,0
GRID,2617,0,1.230000,3.790137,0.500000,0
GRID,2618,0,1.230000,3.618918,0.500000,0
GRID,2619,0,1.230000,3.447698,0.500000,0
GRID,2620,0,1.230000,3.276479,0.500000,0
GRID,2621,0,1.230000,3.105259,0.500000,0
GRID,2622,0,1.230000,2.934040,0.500000,0
GRID,2623,0,1.230000,2.762820,0.500000,0
GRID,2624,0,1.230000,2.591601,0.500000,0
GRID,2625,0,1.230000,2.420382,0.500000,0
GRID,2626,0,1.230000,2.249162,0.500000,0
GRID,2627,0,1.230000,2.077943,0.500000,0
GRID,2628,0,1.230000,1.906723,0.500000,0
GRID,2629,0,1.580000,8.755500,0.500000,0
GRID,2630,0,1.580000,1.616400,0.500000,0
GRID,2631,0,1.580000,8.584281,0.500000,0
GRID,2632,0,1.580000,8.413061,0.500000,0
GRID,2633,0,1.580000,8.241842,0.500000,0
GRID,2634,0,1.580000,8.070622,0.500000,0
GRID,2635,0,1.580000,7.899403,0.500000,0
GRID,2636,0,1.580000,7.728184,0.500000,0
GRID,2637,0,1.580000,7.556964,0.500000,0
GRID,2638,0,1.580000,7.385745,0.500000,0
GRID,2639,0,1.580000,7.214525,0.500000,0
GRID,2640,0,1.580000,7.043306,0.500000,0
GRID,2641,0,1.580000,6.872086,0.500000,0
GRID,2642,0,1.580000,6.700867,0.500000,0
GRID,2643,0,1.580000,6.529648,0.500000,0
GRID,2644,0,1.580000,6.358428,0.500000,0
GRID,2645,0,1.580000,6.187209,0.500000,0
GRID,2646,0,1.580000,6.015989,0.500000,0
GRID,2647,0,1.580000,5.844770,0.500000,0
GRID,2648,0,1.580000,5.673551,0.500000,0
GRID,2649,0,1.580000,5.502331,0.500000,0
GRID,2650,0,1.580000,5.331112,0.500000,0
GRID,2651,0,1.580000,5.159892,0.500000,0
GRID,2652,0,1.580000,4.988673,0.500000,0
GRID,2653,0,1.580000,4.817453,0.500000,0
GRID,2654,0,1.580000,4.646234,0.500000,0
GRID,2655,0,1.580000,4.475015,0.500000,0
GRID,2656,0,1.580000,4.303795,0.500000,0
GRID,2657,0,1.580000,4.132576,0.500000,0
GRID,2658,0,1.580000,3.961356,0.500000,0
GRID,2659,0,1.580000,3.790137,0.500000,0
GRID,2660,0,1.580000,3.618918,0.500000,0
GRID,2661,0,1.580000,3.447698,0.500000,0
GRID,2662,0,1.580000,3.276479,0.500000,0
GRID,2663,0,1.580000,3.105259,0.500000,0
GRID,2664,0,1.580000,2.934040,0.500000,0
GRID,2665,0,1.580000,2.762820,0.500000,0
GRID,2666,0,1.580000,2.591601,0.500000,0
GRID,2667,0,1.580000,2.420382,0.500000,0
GRID,2668,0,1.580000,2.249162,0.500000,0
GRID,2669,0,1.580000,2.077943,0.500000,0
GRID,2670,0,1.580000,1.906723,0.500000,0
GRID,2671,0,1.930000,8.755500,0.500000,0
GRID,2672,0,1.930000,1.616400,0.500000,0
GRID,2673,0,1.930000,8.584281,0.500000,0
GRID,2674,0,1.930000,8.413061,0.500000,0
GRID,2675,0,1.930000,8.241842,0.500000,0
GRID,2676,0,1.930000,8.070622,0.500000,0
GRID,2677,0,1.930000,7.899403,0.500000,0
GRID,2678,0,1.930000,7.728184,0.500000,0
GRID,2679,0,1.930000,7.556964,0.500000,0
GRID,2680,0,1.930000,7.385745,0.500000,0
GRID,2681,0,1.930000,7.214525,0.500000,0
GRID,2682,0,1.930000,7.043306,0.500000,0
GRID,2683,0,1.930000,6.872086,0.500000,0
GRID,2684,0,1.930000,6.700867,0.500000,0
GRID,2685,0,1.930000,6.529648,0.500000,0
GRID,2686,0,1.930000,6.358428,0.500000,0
GRID,2687,0,1.930000,6.187209,0.500000,0
GRID,2688,0,1.930000,6.015989,0.500000,0
GRID,2689,0,1.930000,5.844770,0.500000,0
GRID,2690,0,1.930000,5.673551,0.500000,0
GRID,2691,0,1.930000,5.502331,0.500000,0
GRID,2692,0,1.930000,5.331112,0.500000,0
GRID,2693,0,1.930000,5.159892,0.500000,0
GRID,2694,0,1.930000,4.988673,0.500000,0
GRID,2695,0,1.930000,4.817453,0.500000,0
GRID,2696,0,1.930000,4.646234,0.500000,0
GRID,2697,0,1.930000,4.475015,0.500000,0
GRID,2698,0,1.930000,4.303795,0.500000,0
GRID,2699,0,1.930000,4.132576,0.500000,0
GRID,2700,0,1.930000,3.961356,0.500000,0
GRID,2701,0,1.930000,3.790137,0.500000,0
GRID,2702,0,1.930000,3.618918,0.500000,0
GRID,2703,0,1.930000,3.447698,0.500000,0
GRID,2704,0,1.930000,3.276479,0.500000,0
GRID,2705,0,1.930000,3.105259,0.500000,0
GRID,2706,0,1.930000,2.934040,0.500000,0
GRID,2707,0,1.930000,2.762820,0.500000,0
GRID,2708,0,1.930000,2.591601,0.500000,0
GRID,2709,0,1.930000,2.420382,0.500000,0
GRID,2710,0,1.930000,2.249162,0.500000,0
GRID,2711,0,1.930000,2.077943,0.500000,0
GRID,2712,0,1.930000,1.906723,0.500000,0
GRID,2713,0,2.280000,8.755500,0.500000,0
GRID,2714,0,2.280000,1.616400,0.500000,0
GRID,2715,0,2.280000,8.584281,0.500000,0
GRID,2716,0,2.280000,8.413061,0.500000,0
GRID,2717,0,2.280000,8.241842,0.500000,0
GRID,2718,0,2.280000,8.070622,0.500000,0
GRID,2719,0,2.280000,7.899403,0.500000,0
GRID,2720,0,2.280000,7.728184,0.500000,0
GRID,2721,0,2.280000,7.556964,0.500000,0
GRID,2722,0,2.280000,7.385745,0.500000,0
GRID,2723,0,2.280000,7.214525,0.500000,0
GRID,2724,0,2.280000,7.043306,0.500000,0
GRID,2725,0,2.280000,6.872086,0.500000,0
GRID,2726,0,2.280000,6.700867,0.500000,0
GRID,2727,0,2.280000,6.529648,0.500000,0
GRID,2728,0,2.280000,6.358428,0.500000,0
GRID,2729,0,2.280000,6.187209,0.500000,0
GRID,2730,0,2.280000,6.015989,0.500000,0
GRID,2731,0,2.280000,5.844770,0.500000,0
GRID,2732,0,2.280000,5.673551,0.500000,0
GRID,2733,0,2.280000,5.502331,0.500000,0
GRID,2734,0,2.280000,5.331112,0.500000,0
GRID,2735,0,2.280000,5.159892,0.500000,0
GRID,2736,0,2.280000,4.988673,0.500000,0
GRID,2737,0,2.280000,4.817453,0.500000,0
GRID,2738,0,2.280000,4.646234,0.500000,0
GRID,2739,0,2.280000,4.475015,0.500000,0
GRID,2740,0,2.280000,4.303795,0.500000,0
GRID,2741,0,2.280000,4.132576,0.500000,0
GRID,2742,0,2.280000,3.961356,0.500000,0
GRID,2743,0,2.280000,3.790137,0.500000,0
GRID,2744,0,2.280000,3.618918,0.500000,0
GRID,2745,0,2.280000,3.447698,0.500000,0
GRID,2746,0,2.280000,3.276479,0.500000,0
GRID,2747,0,2.280000,3.105259,0.500000,0
GRID,2748,0,2.280000,2.934040,0.500000,0
GRID,2749,0,2.280000,2.762820,0.500000,0
GRID,2750,0,2.280000,2.591601,0.500000,0
GRID,2751,0,2.280000,2.420382,0.500000,0
GRID,2752,0,2.280000,2.249162,0.500000,0
GRID,2753,0,2.280000,2.077943,0.500000,0
GRID,2754,0,2.280000,1.906723,0.500000,0
GRID,2755,0,2.630000,8.755500,0.500000,0
GRID,2756,0,2.630000,1.616400,0.500000,0
GRID,2757,0,2.630000,8.584281,0.500000,0
GRID,2758,0,2.630000,8.413061,0.500000,0
GRID,2759,0,2.630000,8.241842,0.500000,0
GRID,2760,0,2.630000,8.070622,0.500000,0
GRID,2761,0,2.630000,7.899403,0.500000,0
GRID,2762,0,2.630000,7.728184,0.500000,0
GRID,2763,0,2.630000,7.556964,0.500000,0
GRID,2764,0,2.630000,7.385745,0.500000,0
GRID,2765,0,2.630000,7.214525,0.500000,0
GRID,2766,0,2.630000,7.043306,0.500000,0
GRID,2767,0,2.630000,6.872086,0.500000,0
GRID,2768,0,2.630000,6.700867,0.500000,0
GRID,2769,0,2.630000,6.529648,0.500000,0
GRID,2770,0,2.630000,6.358428,0.500000,0
GRID,2771,0,2.630000,6.187209,0.500000,0
GRID,2772,0,2.630000,6.015989,0.500000,0
GRID,2773,0,2.630000,5.844770,0.500000,0
GRID,2774,0,2.630000,5.673551,0.500000,0
GRID,2775,0,2.630000,5.502331,0.500000,0
GRID,2776,0,2.630000,5.331112,0.500000,0
GRID,2777,0,2.630000,5.159892,0.500000,0
GRID,2778,0,2.630000,4.988673,0.500000,0
GRID,2779,0,2.630000,4.817453,0.500000,0
GRID,2780,0,2.630000,4.646234,0.500000,0
GRID,2781,0,2.630000,4.475015,0.500000,0
GRID,2782,0,2.630000,4.303795,0.500000,0
GRID,2783,0,2.630000,4.132576,0.500000,0
GRID,2784,0,2.630000,3.961356,0.500000,0
GRID,2785,0,2.630000,3.790137,0.500000,0
GRID,2786,0,2.630000,3.618918,0.500000,0
GRID,2787,0,2.630000,3.447698,0.500000,0
GRID,2788,0,2.630000,3.276479,0.500000,0
GRID,2789,0,2.630000,3.105259,0.500000,0
GRID,2790,0,2.630000,2.934040,0.500000,0
GRID,2791,0,2.630000,2.762820,0.500000,0
GRID,2792,0,2.630000,2.591601,0.500000,0
GRID,2793,0,2.630000,2.420382,0.500000,0
GRID,2794,0,2.630000,2.249162,0.500000,0
GRID,2795,0,2.630000,2.077943,0.500000,0
GRID,2796,0,2.630000,1.906723,0.500000,0
GRID,2797,0,2.980000,8.755500,0.500000,0
GRID,2798,0,2.980000,1.616400,0.500000,0
GRID,2799,0,2.980000,8.584281,0.500000,0
GRID,2800,0,2.980000,8.413061,0.500000,0
GRID,2801,0,2.980000,8.241842,0.500000,0
GRID,2802,0,2.980000,8.070622,0.500000,0
GRID,2803,0,2.980000,7.899403,0.500000,0
GRID,2804,0,2.980000,7.728184,0.500000,0
GRID,2805,0,2.980000,7.556964,0.500000,0
GRID,2806,0,2.980000,7.385745,0.500000,0
GRID,2807,0,2.980000,7.214525,0.500000,0
GRID,2808,0,2.980000,7.043306,0.500000,0
GRID,2809,0,2.980000,6.872086,0.500000,0
GRID,2810,0,2.980000,6.700867,0.500000,0
GRID,2811,0,2.980000,6.529648,0.500000,0
GRID,2812,0,2.980000,6.358428,0.500000,0
GRID,2813,0,2.980000,6.187209,0.500000,0
GRID,2814,0,2.980000,6.015989,0.500000,0
GRID,2815,0,2.980000,5.844770,0.500000,0
GRID,2816,0,2.980000,5.673551,0.500000,0
GRID,2817,0,2.980000,5.502331,0.500000,0
GRID,2818,0,2.980000,5.331112,0.500000,0
GRID,2819,0,2.980000,5.159892,0.500000,0
GRID,2820,0,2.980000,4.988673,0.500000,0
GRID,2821,0,2.980000,4.817453,0.500000,0
GRID,2822,0,2.980000,4.646234,0.500000,0
GRID,2823,0,2.980000,4.475015,0.500000,0
GRID,2824,0,2.980000,4.303795,0.500000,0
GRID,2825,0,2.980000,4.132576,0.500000,0
GRID,2826,0,2.980000,3.961356,0.500000,0
GRID,2827,0,2.980000,3.790137,0.500000,0
GRID,2828,0,2.980000,3.618918,0.500000,0
GRID,2829,0,2.980000,3.447698,0.500000,0
GRID,2830,0,2.980000,3.276479,0.500000,0
GRID,2831,0,2.980000,3.105259,0.500000,0
GRID,2832,0,2.980000,2.934040,0.500000,0
GRID,2833,0,2.980000,2.762820,0.500000,0
GRID,2834,0,2.980000,2.591601,0.500000,0
GRID,2835,0,2.980000,2.420382,0.500000,0
GRID,2836,0,2.980000,2.249162,0.500000,0
GRID,2837,0,2.980000,2.077943,0.500000,0
GRID,2838,0,2.980000,1.906723,0.500000,0
GRID,2839,0,31.635718,18.132305,-0.500000,0
GRID,2840,0,30.759279,17.627164,-0.500000,0
GRID,2841,0,29.882840,17.122022,-0.500000,0
GRID,2842,0,29.006401,16.616881,-0.500000,0
GRID,2843,0,28.129962,16.111740,-0.500000,0
GRID,2844,0,27.253523,15.606599,-0.500000,0
GRID,2845,0,26.377084,15.101458,-0.500000,0
GRID,2846,0,25.500645,14.596317,-0.500000,0
GRID,2847,0,24.624206,14.091175,-0.500000,0
GRID,2848,0,23.747767,13.586034,-0.500000,0
GRID,2849,0,22.871328,13.080893,-0.500000,0
GRID,2850,0,21.994889,12.575752,-0.500000,0
GRID,2851,0,21.118450,12.070611,-0.500000,0
GRID,2852,0,20.242011,11.565470,-0.500000,0
GRID,2853,0,19.365572,11.060328,-0.500000,0
GRID,2854,0,18.489133,10.555187,-0.500000,0
GRID,2855,0,17.612694,10.050046,-0.500000,0
GRID,2856,0,16.736255,9.544905,-0.500000,0
GRID,2857,0,15.859816,9.039764,-0.500000,0
GRID,2858,0,14.983377,8.534622,-0.500000,0
GRID,2859,0,14.106938,8.029481,-0.500000,0
GRID,2860,0,13.230499,7.524340,-0.500000,0
GRID,2861,0,12.354060,7.019199,-0.500000,0
GRID,2862,0,11.477621,6.514058,-0.500000,0
GRID,2863,0,10.601182,6.008917,-0.500000,0
GRID,2864,0,9.724743,5.503775,-0.500000,0
GRID,2865,0,8.848304,4.998634,-0.500000,0
GRID,2866,0,7.971865,4.493493,-0.500000,0
GRID,2867,0,7.095426,3.988352,-0.500000,0
GRID,2868,0,6.218987,3.483211,-0.500000,0
GRID,2869,0,5.342548,2.978070,-0.500000,0
GRID,2870,0,4.466109,2.472928,-0.500000,0
GRID,2871,0,2.980000,8.584281,-0.500000,0
GRID,2872,0,2.980000,8.413061,-0.500000,0
GRID,2873,0,2.980000,8.241842,-0.500000,0
GRID,2874,0,2.980000,8.070622,-0.500000,0
GRID,2875,0,2.980000,7.899403,-0.500000,0
GRID,2876,0,2.980000,7.728184,-0.500000,0
GRID,2877,0,2.980000,7.556964,-0.500000,0
GRID,2878,0,2.980000,7.385745,-0.500000,0
GRID,2879,0,2.980000,7.214525,-0.500000,0
GRID,2880,0,2.980000,7.043306,-0.500000,0
GRID,2881,0,2.980000,6.872086,-0.500000,0
GRID,2882,0,2.980000,6.700867,-0.500000,0
GRID,2883,0,2.980000,6.529648,-0.500000,0
GRID,2884,0,2.980000,6.358428,-0.500000,0
GRID,2885,0,2.980000,6.187209,-0.500000,0
GRID,2886,0,2.980000,6.015989,-0.500000,0
GRID,2887,0,2.980000,5.844770,-0.500000,0
GRID,2888,0,2.980000,5.673551,-0.500000,0
GRID,2889,0,2.980000,5.502331,-0.500000,0
GRID,2890,0,2.980000,5.331112,-0.500000,0
GRID,2891,0,2.980000,5.159892,-0.500000,0
GRID,2892,0,2.980000,4.988673,-0.500000,0
GRID,2893,0,2.980000,4.817453,-0.500000,0
GRID,2894,0,2.980000,4.646234,-0.500000,0
GRID,2895,0,2.980000,4.475015,-0.500000,0
GRID,2896,0,2.980000,4.303795,-0.500000,0
GRID,2897,0,2.980000,4.132576,-0.500000,0
GRID,2898,0,2.980000,3.961356,-0.500000,0
GRID,2899,0,2.980000,3.790137,-0.500000,0
GRID,2900,0,2.980000,3.618918,-0.500000,0
GRID,2901,0,2.980000,3.447698,-0.500000,0
GRID,2902,0,2.980000,3.276479,-0.500000,0
GRID,2903,0,2.980000,3.105259,-0.500000,0
GRID,2904,0,2.980000,2.934040,-0.500000,0
GRID,2905,0,2.980000,2.762820,-0.500000,0
GRID,2906,0,2.980000,2.591601,-0.500000,0
GRID,2907,0,2.980000,2.420382,-0.500000,0
GRID,2908,0,2.980000,2.249162,-0.500000,0
GRID,2909,0,2.980000,2.077943,-0.500000,0
GRID,2910,0,2.980000,1.906723,-0.500000,0
GRID,2911,0,2.980000,4.823278,-0.500000,0
GRID,2912,0,3.981824,2.193807,-0.500000,0
GRID,2913,0,2.981938,4.818192,-0.500000,0
GRID,2914,0,3.038903,4.668676,-0.500000,0
GRID,2915,0,3.095868,4.519160,-0.500000,0
GRID,2916,0,3.152834,4.369644,-0.500000,0
GRID,2917,0,3.209799,4.220129,-0.500000,0
GRID,2918,0,3.266764,4.070613,-0.500000,0
GRID,2919,0,3.323729,3.921097,-0.500000,0
GRID,2920,0,3.380695,3.771581,-0.500000,0
GRID,2921,0,3.437660,3.622066,-0.500000,0
GRID,2922,0,3.494625,3.472550,-0.500000,0
GRID,2923,0,3.551590,3.323034,-0.500000,0
GRID,2924,0,3.608556,3.173518,-0.500000,0
GRID,2925,0,3.665521,3.024003,-0.500000,0
GRID,2926,0,3.722486,2.874487,-0.500000,0
GRID,2927,0,3.779451,2.724971,-0.500000,0
GRID,2928,0,3.836417,2.575455,-0.500000,0
GRID,2929,0,3.893382,2.425940,-0.500000,0
GRID,2930,0,3.950347,2.276424,-0.500000,0
GRID,2931,0,2.980000,5.806333,-0.500000,0
GRID,2932,0,4.288929,2.370809,-0.500000,0
GRID,2933,0,3.024177,5.690382,-0.500000,0
GRID,2934,0,3.081143,5.540866,-0.500000,0
GRID,2935,0,3.138108,5.391350,-0.500000,0
GRID,2936,0,3.195073,5.241835,-0.500000,0
GRID,2937,0,3.252038,5.092319,-0.500000,0
GRID,2938,0,3.309004,4.942803,-0.500000,0
GRID,2939,0,3.365969,4.793287,-0.500000,0
GRID,2940,0,3.422934,4.643772,-0.500000,0
GRID,2941,0,3.479899,4.494256,-0.500000,0
GRID,2942,0,3.536865,4.344740,-0.500000,0
GRID,2943,0,3.593830,4.195224,-0.500000,0
GRID,2944,0,3.650795,4.045709,-0.500000,0
GRID,2945,0,3.707760,3.896193,-0.500000,0
GRID,2946,0,3.764726,3.746677,-0.500000,0
GRID,2947,0,3.821691,3.597161,-0.500000,0
GRID,2948,0,3.878656,3.447646,-0.500000,0
GRID,2949,0,3.935621,3.298130,-0.500000,0
GRID,2950,0,3.992587,3.148614,-0.500000,0
GRID,2951,0,4.049552,2.999098,-0.500000,0
GRID,2952,0,4.106517,2.849583,-0.500000,0
GRID,2953,0,4.163482,2.700067,-0.500000,0
GRID,2954,0,4.220448,2.550551,-0.500000,0
GRID,2955,0,4.277413,2.401035,-0.500000,0
GRID,2956,0,2.980000,6.789389,-0.500000,0
GRID,2957,0,4.596034,2.547811,-0.500000,0
GRID,2958,0,3.009452,6.712088,-0.500000,0
GRID,2959,0,3.066417,6.562572,-0.500000,0
GRID,2960,0,3.123382,6.413056,-0.500000,0
GRID,2961,0,3.180347,6.263541,-0.500000,0
GRID,2962,0,3.237313,6.114025,-0.500000,0
GRID,2963,0,3.294278,5.964509,-0.500000,0
GRID,2964,0,3.351243,5.814993,-0.500000,0
GRID,2965,0,3.408208,5.665478,-0.500000,0
GRID,2966,0,3.465174,5.515962,-0.500000,0
GRID,2967,0,3.522139,5.366446,-0.500000,0
GRID,2968,0,3.579104,5.216930,-0.500000,0
GRID,2969,0,3.636069,5.067415,-0.500000,0
GRID,2970,0,3.693035,4.917899,-0.500000,0
GRID,2971,0,3.750000,4.768383,-0.500000,0
GRID,2972,0,3.806965,4.618867,-0.500000,0
GRID,2973,0,3.863930,4.469352,-0.500000,0
GRID,2974,0,3.920895,4.319836,-0.500000,0
GRID,2975,0,3.977861,4.170320,-0.500000,0
GRID,2976,0,4.034826,4.020804,-0.500000,0
GRID,2977,0,4.091791,3.871289,-0.500000,0
GRID,2978,0,4.148756,3.721773,-0.500000,0
GRID,2979,0,4.205722,3.572257,-0.500000,0
GRID,2980,0,4.262687,3.422741,-0.500000,0
GRID,2981,0,4.319652,3.273226,-0.500000,0
GRID,2982,0,4.376617,3.123710,-0.500000,0
GRID,2983,0,4.433583,2.974194,-0.500000,0
GRID,2984,0,4.490548,2.824678,-0.500000,0
GRID,2985,0,4.547513,2.675163,-0.500000,0
GRID,2986,0,2.980000,7.772444,-0.500000,0
GRID,2987,0,4.903139,2.724813,-0.500000,0
GRID,2988,0,2.994726,7.733794,-0.500000,0
GRID,2989,0,3.051691,7.584278,-0.500000,0
GRID,2990,0,3.108656,7.434762,-0.500000,0
GRID,2991,0,3.165622,7.285247,-0.500000,0
GRID,2992,0,3.222587,7.135731,-0.500000,0
GRID,2993,0,3.279552,6.986215,-0.500000,0
GRID,2994,0,3.336517,6.836699,-0.500000,0
GRID,2995,0,3.393483,6.687184,-0.500000,0
GRID,2996,0,3.450448,6.537668,-0.500000,0
GRID,2997,0,3.507413,6.388152,-0.500000,0
GRID,2998,0,3.564378,6.238636,-0.500000,0
GRID,2999,0,3.621343,6.089121,-0.500000,0
GRID,3000,0,3.678309,5.939605,-0.500000,0
GRID,3001,0,3.735274,5.790089,-0.500000,0
GRID,3002,0,3.792239,5.640573,-0.500000,0
GRID,3003,0,3.849204,5.491058,-0.500000,0
GRID,3004,0,3.906170,5.341542,-0.500000,0
GRID,3005,0,3.963135,5.192026,-0.500000,0
GRID,3006,0,4.020100,5.042510,-0.500000,0
GRID,3007,0,4.077065,4.892995,-0.500000,0
GRID,3008,0,4.134031,4.743479,-0.500000,0
GRID,3009,0,4.190996,4.593963,-0.500000,0
GRID,3010,0,4.247961,4.444447,-0.500000,0
GRID,3011,0,4.304926,4.294932,-0.500000,0
GRID,3012,0,4.361892,4.145416,-0.500000,0
GRID,3013,0,4.418857,3.995900,-0.500000,0
GRID,3014,0,4.475822,3.846384,-0.500000,0
GRID,3015,0,4.532787,3.696869,-0.500000,0
GRID,3016,0,4.589753,3.547353,-0.500000,0
GRID,3017,0,4.646718,3.397837,-0.500000,0
GRID,3018,0,4.703683,3.248321,-0.500000,0
GRID,3019,0,4.760648,3.098806,-0.500000,0
GRID,3020,0,4.817614,2.949290,-0.500000,0
GRID,3021,0,4.874579,2.799774,-0.500000,0
GRID,3022,0,2.980000,8.755500,-0.500000,0
GRID,3023,0,5.210244,2.901815,-0.500000,0
GRID,3024,0,3.036965,8.605984,-0.500000,0
GRID,3025,0,3.093930,8.456468,-0.500000,0
GRID,3026,0,3.150896,8.306953,-0.500000,0
GRID,3027,0,3.207861,8.157437,-0.500000,0
GRID,3028,0,3.264826,8.007921,-0.500000,0
GRID,3029,0,3.321791,7.858405,-0.500000,0
GRID,3030,0,3.378757,7.708890,-0.500000,0
GRID,3031,0,3.435722,7.559374,-0.500000,0
GRID,3032,0,3.492687,7.409858,-0.500000,0
GRID,3033,0,3.549652,7.260342,-0.500000,0
GRID,3034,0,3.606618,7.110827,-0.500000,0
GRID,3035,0,3.663583,6.961311,-0.500000,0
GRID,3036,0,3.720548,6.811795,-0.500000,0
GRID,3037,0,3.777513,6.662279,-0.500000,0
GRID,3038,0,3.834479,6.512764,-0.500000,0
GRID,3039,0,3.891444,6.363248,-0.500000,0
GRID,3040,0,3.948409,6.213732,-0.500000,0
GRID,3041,0,4.005374,6.064216,-0.500000,0
GRID,3042,0,4.062340,5.914701,-0.500000,0
GRID,3043,0,4.119305,5.765185,-0.500000,0
GRID,3044,0,4.176270,5.615669,-0.500000,0
GRID,3045,0,4.233235,5.466153,-0.500000,0
GRID,3046,0,4.290201,5.316638,-0.500000,0
GRID,3047,0,4.347166,5.167122,-0.500000,0
GRID,3048,0,4.404131,5.017606,-0.500000,0
GRID,3049,0,4.461096,4.868090,-0.500000,0
GRID,3050,0,4.518062,4.718575,-0.500000,0
GRID,3051,0,4.575027,4.569059,-0.500000,0
GRID,3052,0,4.631992,4.419543,-0.500000,0
GRID,3053,0,4.688957,4.270027,-0.500000,0
GRID,3054,0,4.745923,4.120512,-0.500000,0
GRID,3055,0,4.802888,3.970996,-0.500000,0
GRID,3056,0,4.859853,3.821480,-0.500000,0
GRID,3057,0,4.916818,3.671964,-0.500000,0
GRID,3058,0,4.973784,3.522449,-0.500000,0
GRID,3059,0,5.030749,3.372933,-0.500000,0
GRID,3060,0,5.087714,3.223417,-0.500000,0
GRID,3061,0,5.144679,3.073901,-0.500000,0
GRID,3062,0,5.201645,2.924386,-0.500000,0
GRID,3063,0,3.307066,8.880111,-0.500000,0
GRID,3064,0,5.517349,3.078817,-0.500000,0
GRID,3065,0,3.364031,8.730596,-0.500000,0
GRID,3066,0,3.420996,8.581080,-0.500000,0
GRID,3067,0,3.477961,8.431564,-0.500000,0
GRID,3068,0,3.534927,8.282048,-0.500000,0
GRID,3069,0,3.591892,8.132533,-0.500000,0
GRID,3070,0,3.648857,7.983017,-0.500000,0
GRID,3071,0,3.705822,7.833501,-0.500000,0
GRID,3072,0,3.762788,7.683985,-0.500000,0
GRID,3073,0,3.819753,7.534470,-0.500000,0
GRID,3074,0,3.876718,7.384954,-0.500000,0
GRID,3075,0,3.933683,7.235438,-0.500000,0
GRID,3076,0,3.990649,7.085922,-0.500000,0
GRID,3077,0,4.047614,6.936407,-0.500000,0
GRID,3078,0,4.104579,6.786891,-0.500000,0
GRID,3079,0,4.161544,6.637375,-0.500000,0
GRID,3080,0,4.218510,6.487859,-0.500000,0
GRID,3081,0,4.275475,6.338344,-0.500000,0
GRID,3082,0,4.332440,6.188828,-0.500000,0
GRID,3083,0,4.389405,6.039312,-0.500000,0
GRID,3084,0,4.446371,5.889796,-0.500000,0
GRID,3085,0,4.503336,5.740281,-0.500000,0
GRID,3086,0,4.560301,5.590765,-0.500000,0
GRID,3087,0,4.617266,5.441249,-0.500000,0
GRID,3088,0,4.674232,5.291733,-0.500000,0
GRID,3089,0,4.731197,5.142218,-0.500000,0
GRID,3090,0,4.788162,4.992702,-0.500000,0
GRID,3091,0,4.845127,4.843186,-0.500000,0
GRID,3092,0,4.902093,4.693670,-0.500000,0
GRID,3093,0,4.959058,4.544155,-0.500000,0
GRID,3094,0,5.016023,4.394639,-0.500000,0
GRID,3095,0,5.072988,4.245123,-0.500000,0
GRID,3096,0,5.129954,4.095607,-0.500000,0
GRID,3097,0,5.186919,3.946092,-0.500000,0
GRID,3098,0,5.243884,3.796576,-0.500000,0
GRID,3099,0,5.300849,3.647060,-0.500000,0
GRID,3100,0,5.357815,3.497544,-0.500000,0
GRID,3101,0,5.414780,3.348029,-0.500000,0
GRID,3102,0,5.471745,3.198513,-0.500000,0
GRID,3103,0,3.634131,9.004723,-0.500000,0
GRID,3104,0,5.824454,3.255819,-0.500000,0
GRID,3105,0,3.691097,8.855207,-0.500000,0
GRID,3106,0,3.748062,8.705691,-0.500000,0
GRID,3107,0,3.805027,8.556176,-0.500000,0
GRID,3108,0,3.861992,8.406660,-0.500000,0
GRID,3109,0,3.918958,8.257144,-0.500000,0
GRID,3110,0,3.975923,8.107628,-0.500000,0
GRID,3111,0,4.032888,7.958113,-0.500000,0
GRID,3112,0,4.089853,7.808597,-0.500000,0
GRID,3113,0,4.146819,7.659081,-0.500000,0
GRID,3114,0,4.203784,7.509565,-0.500000,0
GRID,3115,0,4.260749,7.360050,-0.500000,0
GRID,3116,0,4.317714,7.210534,-0.500000,0
GRID,3117,0,4.374680,7.061018,-0.500000,0
GRID,3118,0,4.431645,6.911502,-0.500000,0
GRID,3119,0,4.488610,6.761987,-0.500000,0
GRID,3120,0,4.545575,6.612471,-0.500000,0
GRID,3121,0,4.602541,6.462955,-0.500000,0
GRID,3122,0,4.659506,6.313439,-0.500000,0
GRID,3123,0,4.716471,6.163924,-0.500000,0
GRID,3124,0,4.773436,6.014408,-0.500000,0
GRID,3125,0,4.830402,5.864892,-0.500000,0
GRID,3126,0,4.887367,5.715376,-0.500000,0
GRID,3127,0,4.944332,5.565861,-0.500000,0
GRID,3128,0,5.001297,5.416345,-0.500000,0
GRID,3129,0,5.058263,5.266829,-0.500000,0
GRID,3130,0,5.115228,5.117313,-0.500000,0
GRID,3131,0,5.172193,4.967798,-0.500000,0
GRID,3132,0,5.229158,4.818282,-0.500000,0
GRID,3133,0,5.286124,4.668766,-0.500000,0
GRID,3134,0,5.343089,4.519250,-0.500000,0
GRID,3135,0,5.400054,4.369735,-0.500000,0
GRID,3136,0,5.457019,4.220219,-0.500000,0
GRID,3137,0,5.513985,4.070703,-0.500000,0
GRID,3138,0,5.570950,3.921187,-0.500000,0
GRID,3139,0,5.627915,3.771672,-0.500000,0
GRID,3140,0,5.684880,3.622156,-0.500000,0
GRID,3141,0,5.741846,3.472640,-0.500000,0
GRID,3142,0,5.798811,3.323124,-0.500000,0
GRID,3143,0,3.961197,9.129334,-0.500000,0
GRID,3144,0,6.131559,3.432821,-0.500000,0
GRID,3145,0,4.018162,8.979819,-0.500000,0
GRID,3146,0,4.075128,8.830303,-0.500000,0
GRID,3147,0,4.132093,8.680787,-0.500000,0
GRID,3148,0,4.189058,8.531271,-0.500000,0
GRID,3149,0,4.246023,8.381756,-0.500000,0
GRID,3150,0,4.302989,8.232240,-0.500000,0
GRID,3151,0,4.359954,8.082724,-0.500000,0
GRID,3152,0,4.416919,7.933208,-0.500000,0
GRID,3153,0,4.473884,7.783693,-0.500000,0
GRID,3154,0,4.530850,7.634177,-0.500000,0
GRID,3155,0,4.587815,7.484661,-0.500000,0
GRID,3156,0,4.644780,7.335145,-0.500000,0
GRID,3157,0,4.701745,7.185630,-0.500000,0
GRID,3158,0,4.758711,7.036114,-0.500000,0
GRID,3159,0,4.815676,6.886598,-0.500000,0
GRID,3160,0,4.872641,6.737082,-0.500000,0
GRID,3161,0,4.929606,6.587567,-0.500000,0
GRID,3162,0,4.986572,6.438051,-0.500000,0
GRID,3163,0,5.043537,6.288535,-0.500000,0
GRID,3164,0,5.100502,6.139019,-0.500000,0
GRID,3165,0,5.157467,5.989504,-0.500000,0
GRID,3166,0,5.214433,5.839988,-0.500000,0
GRID,3167,0,5.271398,5.690472,-0.500000,0
GRID,3168,0,5.328363,5.540956,-0.500000,0
GRID,3169,0,5.385328,5.391441,-0.500000,0
GRID,3170,0,5.442294,5.241925,-0.500000,0
GRID,3171,0,5.499259,5.092409,-0.500000,0
GRID,3172,0,5.556224,4.942893,-0.500000,0
GRID,3173,0,5.613189,4.793378,-0.500000,0
GRID,3174,0,5.670155,4.643862,-0.500000,0
GRID,3175,0,5.727120,4.494346,-0.500000,0
GRID,3176,0,5.784085,4.344830,-0.500000,0
GRID,3177,0,5.841050,4.195315,-0.500000,0
GRID,3178,0,5.898016,4.045799,-0.500000,0
GRID,3179,0,5.954981,3.896283,-0.500000,0
GRID,3180,0,6.011946,3.746767,-0.500000,0
GRID,3181,0,6.068911,3.597252,-0.500000,0
GRID,3182,0,6.125877,3.447736,-0.500000,0
GRID,3183,0,4.288263,9.253946,-0.500000,0
GRID,3184,0,6.438664,3.609823,-0.500000,0
GRID,3185,0,4.345228,9.104430,-0.500000,0
GRID,3186,0,4.402193,8.954914,-0.500000,0
GRID,3187,0,4.459159,8.805399,-0.500000,0
GRID,3188,0,4.516124,8.655883,-0.500000,0
GRID,3189,0,4.573089,8.506367,-0.500000,0
GRID,3190,0,4.630054,8.356851,-0.500000,0
GRID,3191,0,4.687020,8.207336,-0.500000,0
GRID,3192,0,4.743985,8.057820,-0.500000,0
GRID,3193,0,4.800950,7.908304,-0.500000,0
GRID,3194,0,4.857915,7.758788,-0.500000,0
GRID,3195,0,4.914881,7.609273,-0.500000,0
GRID,3196,0,4.971846,7.459757,-0.500000,0
GRID,3197,0,5.028811,7.310241,-0.500000,0
GRID,3198,0,5.085776,7.160725,-0.500000,0
GRID,3199,0,5.142742,7.011210,-0.500000,0
GRID,3200,0,5.199707,6.861694,-0.500000,0
GRID,3201,0,5.256672,6.712178,-0.500000,0
GRID,3202,0,5.313637,6.562662,-0.500000,0
GRID,3203,0,5.370603,6.413147,-0.500000,0
GRID,3204,0,5.427568,6.263631,-0.500000,0
GRID,3205,0,5.484533,6.114115,-0.500000,0
GRID,3206,0,5.541498,5.964599,-0.500000,0
GRID,3207,0,5.598464,5.815084,-0.500000,0
GRID,3208,0,5.655429,5.665568,-0.500000,0
GRID,3209,0,5.712394,5.516052,-0.500000,0
GRID,3210,0,5.769359,5.366536,-0.500000,0
GRID,3211,0,5.826325,5.217021,-0.500000,0
GRID,3212,0,5.883290,5.067505,-0.500000,0
GRID,3213,0,5.940255,4.917989,-0.500000,0
GRID,3214,0,5.997220,4.768473,-0.500000,0
GRID,3215,0,6.054186,4.618958,-0.500000,0
GRID,3216,0,6.111151,4.469442,-0.500000,0
GRID,3217,0,6.168116,4.319926,-0.500000,0
GRID,3218,0,6.225081,4.170410,-0.500000,0
GRID,3219,0,6.282046,4.020895,-0.500000,0
GRID,3220,0,6.339012,3.871379,-0.500000,0
GRID,3221,0,6.395977,3.721863,-0.500000,0
GRID,3222,0,4.615329,9.378557,-0.500000,0
GRID,3223,0,6.745769,3.786825,-0.500000,0
GRID,3224,0,4.672294,9.229042,-0.500000,0
GRID,3225,0,4.729259,9.079526,-0.500000,0
GRID,3226,0,4.786224,8.930010,-0.500000,0
GRID,3227,0,4.843190,8.780494,-0.500000,0
GRID,3228,0,4.900155,8.630979,-0.500000,0
GRID,3229,0,4.957120,8.481463,-0.500000,0
GRID,3230,0,5.014085,8.331947,-0.500000,0
GRID,3231,0,5.071051,8.182431,-0.500000,0
GRID,3232,0,5.128016,8.032916,-0.500000,0
GRID,3233,0,5.184981,7.883400,-0.500000,0
GRID,3234,0,5.241946,7.733884,-0.500000,0
GRID,3235,0,5.298912,7.584368,-0.500000,0
GRID,3236,0,5.355877,7.434853,-0.500000,0
GRID,3237,0,5.412842,7.285337,-0.500000,0
GRID,3238,0,5.469807,7.135821,-0.500000,0
GRID,3239,0,5.526773,6.986305,-0.500000,0
GRID,3240,0,5.583738,6.836790,-0.500000,0
GRID,3241,0,5.640703,6.687274,-0.500000,0
GRID,3242,0,5.697668,6.537758,-0.500000,0
GRID,3243,0,5.754633,6.388242,-0.500000,0
GRID,3244,0,5.811599,6.238727,-0.500000,0
GRID,3245,0,5.868564,6.089211,-0.500000,0
GRID,3246,0,5.925529,5.939695,-0.500000,0
GRID,3247,0,5.982494,5.790179,-0.500000,0
GRID,3248,0,6.039460,5.640664,-0.500000,0
GRID,3249,0,6.096425,5.491148,-0.500000,0
GRID,3250,0,6.153390,5.341632,-0.500000,0
GRID,3251,0,6.210355,5.192116,-0.500000,0
GRID,3252,0,6.267321,5.042601,-0.500000,0
GRID,3253,0,6.324286,4.893085,-0.500000,0
GRID,3254,0,6.381251,4.743569,-0.500000,0
GRID,3255,0,6.438216,4.594053,-0.500000,0
GRID,3256,0,6.495182,4.444538,-0.500000,0
GRID,3257,0,6.552147,4.295022,-0.500000,0
GRID,3258,0,6.609112,4.145506,-0.500000,0
GRID,3259,0,6.666077,3.995990,-0.500000,0
GRID,3260,0,6.723043,3.846475,-0.500000,0
GRID,3261,0,4.942394,9.503169,-0.500000,0
GRID,3262,0,7.052874,3.963827,-0.500000,0
GRID,3263,0,4.999360,9.353653,-0.500000,0
GRID,3264,0,5.056325,9.204137,-0.500000,0
GRID,3265,0,5.113290,9.054622,-0.500000,0
GRID,3266,0,5.170255,8.905106,-0.500000,0
GRID,3267,0,5.227221,8.755590,-0.500000,0
GRID,3268,0,5.284186,8.606074,-0.500000,0
GRID,3269,0,5.341151,8.456559,-0.500000,0
GRID,3270,0,5.398116,8.307043,-0.500000,0
GRID,3271,0,5.455081,8.157527,-0.500000,0
GRID,3272,0,5.512047,8.008011,-0.500000,0
GRID,3273,0,5.569012,7.858496,-0.500000,0
GRID,3274,0,5.625977,7.708980,-0.500000,0
GRID,3275,0,5.682942,7.559464,-0.500000,0
GRID,3276,0,5.739908,7.409948,-0.500000,0
GRID,3277,0,5.796873,7.260433,-0.500000,0
GRID,3278,0,5.853838,7.110917,-0.500000,0
GRID,3279,0,5.910803,6.961401,-0.500000,0
GRID,3280,0,5.967769,6.811885,-0.500000,0
GRID,3281,0,6.024734,6.662370,-0.500000,0
GRID,3282,0,6.081699,6.512854,-0.500000,0
GRID,3283,0,6.138664,6.363338,-0.500000,0
GRID,3284,0,6.195630,6.213822,-0.500000,0
GRID,3285,0,6.252595,6.064307,-0.500000,0
GRID,3286,0,6.309560,5.914791,-0.500000,0
GRID,3287,0,6.366525,5.765275,-0.500000,0
GRID,3288,0,6.423491,5.615759,-0.500000,0
GRID,3289,0,6.480456,5.466244,-0.500000,0
GRID,3290,0,6.537421,5.316728,-0.500000,0
GRID,3291,0,6.594386,5.167212,-0.500000,0
GRID,3292,0,6.651352,5.017696,-0.500000,0
GRID,3293,0,6.708317,4.868181,-0.500000,0
GRID,3294,0,6.765282,4.718665,-0.500000,0
GRID,3295,0,6.822247,4.569149,-0.500000,0
GRID,3296,0,6.879213,4.419633,-0.500000,0
GRID,3297,0,6.936178,4.270117,-0.500000,0
GRID,3298,0,6.993143,4.120602,-0.500000,0
GRID,3299,0,7.050108,3.971086,-0.500000,0
GRID,3300,0,5.269460,9.627780,-0.500000,0
GRID,3301,0,7.359979,4.140829,-0.500000,0
GRID,3302,0,5.326425,9.478265,-0.500000,0
GRID,3303,0,5.383390,9.328749,-0.500000,0
GRID,3304,0,5.440356,9.179233,-0.500000,0
GRID,3305,0,5.497321,9.029717,-0.500000,0
GRID,3306,0,5.554286,8.880202,-0.500000,0
GRID,3307,0,5.611251,8.730686,-0.500000,0
GRID,3308,0,5.668217,8.581170,-0.500000,0
GRID,3309,0,5.725182,8.431654,-0.500000,0
GRID,3310,0,5.782147,8.282139,-0.500000,0
GRID,3311,0,5.839112,8.132623,-0.500000,0
GRID,3312,0,5.896078,7.983107,-0.500000,0
GRID,3313,0,5.953043,7.833591,-0.500000,0
GRID,3314,0,6.010008,7.684076,-0.500000,0
GRID,3315,0,6.066973,7.534560,-0.500000,0
GRID,3316,0,6.123939,7.385044,-0.500000,0
GRID,3317,0,6.180904,7.235528,-0.500000,0
GRID,3318,0,6.237869,7.086013,-0.500000,0
GRID,3319,0,6.294834,6.936497,-0.500000,0
GRID,3320,0,6.351800,6.786981,-0.500000,0
GRID,3321,0,6.408765,6.637465,-0.500000,0
GRID,3322,0,6.465730,6.487950,-0.500000,0
GRID,3323,0,6.522695,6.338434,-0.500000,0
GRID,3324,0,6.579661,6.188918,-0.500000,0
GRID,3325,0,6.636626,6.039402,-0.500000,0
GRID,3326,0,6.693591,5.889887,-0.500000,0
GRID,3327,0,6.750556,5.740371,-0.500000,0
GRID,3328,0,6.807522,5.590855,-0.500000,0
GRID,3329,0,6.864487,5.441339,-0.500000,0
GRID,3330,0,6.921452,5.291823,-0.500000,0
GRID,3331,0,6.978417,5.142308,-0.500000,0
GRID,3332,0,7.035383,4.992792,-0.500000,0
GRID,3333,0,7.092348,4.843276,-0.500000,0
GRID,3334,0,7.149313,4.693760,-0.500000,0
GRID,3335,0,7.206278,4.544245,-0.500000,0
GRID,3336,0,7.263244,4.394729,-0.500000,0
GRID,3337,0,7.320209,4.245213,-0.500000,0
GRID,3338,0,5.596526,9.752392,-0.500000,0
GRID,3339,0,7.667084,4.317831,-0.500000,0
GRID,3340,0,5.653491,9.602876,-0.500000,0
GRID,3341,0,5.710456,9.453360,-0.500000,0
GRID,3342,0,5.767421,9.303845,-0.500000,0
GRID,3343,0,5.824387,9.154329,-0.500000,0
GRID,3344,0,5.881352,9.004813,-0.500000,0
GRID,3345,0,5.938317,8.855297,-0.500000,0
GRID,3346,0,5.995282,8.705782,-0.500000,0
GRID,3347,0,6.052248,8.556266,-0.500000,0
GRID,3348,0,6.109213,8.406750,-0.500000,0
GRID,3349,0,6.166178,8.257234,-0.500000,0
GRID,3350,0,6.223143,8.107719,-0.500000,0
GRID,3351,0,6.280109,7.958203,-0.500000,0
GRID,3352,0,6.337074,7.808687,-0.500000,0
GRID,3353,0,6.394039,7.659171,-0.500000,0
GRID,3354,0,6.451004,7.509656,-0.500000,0
GRID,3355,0,6.507970,7.360140,-0.500000,0
GRID,3356,0,6.564935,7.210624,-0.500000,0
GRID,3357,0,6.621900,7.061108,-0.500000,0
GRID,3358,0,6.678865,6.911593,-0.500000,0
GRID,3359,0,6.735831,6.762077,-0.500000,0
GRID,3360,0,6.792796,6.612561,-0.500000,0
GRID,3361,0,6.849761,6.463045,-0.500000,0
GRID,3362,0,6.906726,6.313529,-0.500000,0
GRID,3363,0,6.963692,6.164014,-0.500000,0
GRID,3364,0,7.020657,6.014498,-0.500000,0
GRID,3365,0,7.077622,5.864982,-0.500000,0
GRID,3366,0,7.134587,5.715466,-0.500000,0
GRID,3367,0,7.191553,5.565951,-0.500000,0
GRID,3368,0,7.248518,5.416435,-0.500000,0
GRID,3369,0,7.305483,5.266919,-0.500000,0
GRID,3370,0,7.362448,5.117403,-0.500000,0
GRID,3371,0,7.419414,4.967888,-0.500000,0
GRID,3372,0,7.476379,4.818372,-0.500000,0
GRID,3373,0,7.533344,4.668856,-0.500000,0
GRID,3374,0,7.590309,4.519340,-0.500000,0
GRID,3375,0,7.647275,4.369825,-0.500000,0
GRID,3376,0,5.923591,9.877003,-0.500000,0
GRID,3377,0,7.974189,4.494833,-0.500000,0
GRID,3378,0,5.980557,9.727488,-0.500000,0
GRID,3379,0,6.037522,9.577972,-0.500000,0
GRID,3380,0,6.094487,9.428456,-0.500000,0
GRID,3381,0,6.151452,9.278940,-0.500000,0
GRID,3382,0,6.208418,9.129425,-0.500000,0
GRID,3383,0,6.265383,8.979909,-0.500000,0
GRID,3384,0,6.322348,8.830393,-0.500000,0
GRID,3385,0,6.379313,8.680877,-0.500000,0
GRID,3386,0,6.436279,8.531362,-0.500000,0
GRID,3387,0,6.493244,8.381846,-0.500000,0
GRID,3388,0,6.550209,8.232330,-0.500000,0
GRID,3389,0,6.607174,8.082814,-0.500000,0
GRID,3390,0,6.664140,7.933299,-0.500000,0
GRID,3391,0,6.721105,7.783783,-0.500000,0
GRID,3392,0,6.778070,7.634267,-0.500000,0
GRID,3393,0,6.835035,7.484751,-0.500000,0
GRID,3394,0,6.892001,7.335235,-0.500000,0
GRID,3395,0,6.948966,7.185720,-0.500000,0
GRID,3396,0,7.005931,7.036204,-0.500000,0
GRID,3397,0,7.062896,6.886688,-0.500000,0
GRID,3398,0,7.119862,6.737172,-0.500000,0
GRID,3399,0,7.176827,6.587657,-0.500000,0
GRID,3400,0,7.233792,6.438141,-0.500000,0
GRID,3401,0,7.290757,6.288625,-0.500000,0
GRID,3402,0,7.347723,6.139109,-0.500000,0
GRID,3403,0,7.404688,5.989594,-0.500000,0
GRID,3404,0,7.461653,5.840078,-0.500000,0
GRID,3405,0,7.518618,5.690562,-0.500000,0
GRID,3406,0,7.575584,5.541046,-0.500000,0
GRID,3407,0,7.632549,5.391531,-0.500000,0
GRID,3408,0,7.689514,5.242015,-0.500000,0
GRID,3409,0,7.746479,5.092499,-0.500000,0
GRID,3410,0,7.803445,4.942983,-0.500000,0
GRID,3411,0,7.860410,4.793468,-0.500000,0
GRID,3412,0,7.917375,4.643952,-0.500000,0
GRID,3413,0,6.250657,10.001615,-0.500000,0
GRID,3414,0,8.281294,4.671835,-0.500000,0
GRID,3415,0,6.307622,9.852099,-0.500000,0
GRID,3416,0,6.364588,9.702583,-0.500000,0
GRID,3417,0,6.421553,9.553068,-0.500000,0
GRID,3418,0,6.478518,9.403552,-0.500000,0
GRID,3419,0,6.535483,9.254036,-0.500000,0
GRID,3420,0,6.592449,9.104520,-0.500000,0
GRID,3421,0,6.649414,8.955005,-0.500000,0
GRID,3422,0,6.706379,8.805489,-0.500000,0
GRID,3423,0,6.763344,8.655973,-0.500000,0
GRID,3424,0,6.820310,8.506457,-0.500000,0
GRID,3425,0,6.877275,8.356941,-0.500000,0
GRID,3426,0,6.934240,8.207426,-0.500000,0
GRID,3427,0,6.991205,8.057910,-0.500000,0
GRID,3428,0,7.048171,7.908394,-0.500000,0
GRID,3429,0,7.105136,7.758878,-0.500000,0
GRID,3430,0,7.162101,7.609363,-0.500000,0
GRID,3431,0,7.219066,7.459847,-0.500000,0
GRID,3432,0,7.276032,7.310331,-0.500000,0
GRID,3433,0,7.332997,7.160815,-0.500000,0
GRID,3434,0,7.389962,7.011300,-0.500000,0
GRID,3435,0,7.446927,6.861784,-0.500000,0
GRID,3436,0,7.503893,6.712268,-0.500000,0
GRID,3437,0,7.560858,6.562752,-0.500000,0
GRID,3438,0,7.617823,6.413237,-0.500000,0
GRID,3439,0,7.674788,6.263721,-0.500000,0
GRID,3440,0,7.731754,6.114205,-0.500000,0
GRID,3441,0,7.788719,5.964689,-0.500000,0
GRID,3442,0,7.845684,5.815174,-0.500000,0
GRID,3443,0,7.902649,5.665658,-0.500000,0
GRID,3444,0,7.959615,5.516142,-0.500000,0
GRID,3445,0,8.016580,5.366626,-0.500000,0
GRID,3446,0,8.073545,5.217111,-0.500000,0
GRID,3447,0,8.130510,5.067595,-0.500000,0
GRID,3448,0,8.187476,4.918079,-0.500000,0
GRID,3449,0,8.244441,4.768563,-0.500000,0
GRID,3450,0,6.577723,10.126226,-0.500000,0
GRID,3451,0,8.588399,4.848837,-0.500000,0
GRID,3452,0,6.634688,9.976711,-0.500000,0
GRID,3453,0,6.691653,9.827195,-0.500000,0
GRID,3454,0,6.748619,9.677679,-0.500000,0
GRID,3455,0,6.805584,9.528163,-0.500000,0
GRID,3456,0,6.862549,9.378647,-0.500000,0
GRID,3457,0,6.919514,9.229132,-0.500000,0
GRID,3458,0,6.976480,9.079616,-0.500000,0
GRID,3459,0,7.033445,8.930100,-0.500000,0
GRID,3460,0,7.090410,8.780584,-0.500000,0
GRID,3461,0,7.147375,8.631069,-0.500000,0
GRID,3462,0,7.204341,8.481553,-0.500000,0
GRID,3463,0,7.261306,8.332037,-0.500000,0
GRID,3464,0,7.318271,8.182521,-0.500000,0
GRID,3465,0,7.375236,8.033006,-0.500000,0
GRID,3466,0,7.432202,7.883490,-0.500000,0
GRID,3467,0,7.489167,7.733974,-0.500000,0
GRID,3468,0,7.546132,7.584458,-0.500000,0
GRID,3469,0,7.603097,7.434943,-0.500000,0
GRID,3470,0,7.660063,7.285427,-0.500000,0
GRID,3471,0,7.717028,7.135911,-0.500000,0
GRID,3472,0,7.773993,6.986395,-0.500000,0
GRID,3473,0,7.830958,6.836880,-0.500000,0
GRID,3474,0,7.887924,6.687364,-0.500000,0
GRID,3475,0,7.944889,6.537848,-0.500000,0
GRID,3476,0,8.001854,6.388332,-0.500000,0
GRID,3477,0,8.058819,6.238817,-0.500000,0
GRID,3478,0,8.115784,6.089301,-0.500000,0
GRID,3479,0,8.172750,5.939785,-0.500000,0
GRID,3480,0,8.229715,5.790269,-0.500000,0
GRID,3481,0,8.286680,5.640754,-0.500000,0
GRID,3482,0,8.343645,5.491238,-0.500000,0
GRID,3483,0,8.400611,5.341722,-0.500000,0
GRID,3484,0,8.457576,5.192206,-0.500000,0
GRID,3485,0,8.514541,5.042691,-0.500000,0
GRID,3486,0,8.571506,4.893175,-0.500000,0
GRID,3487,0,6.904789,10.250838,-0.500000,0
GRID,3488,0,8.895504,5.025838,-0.500000,0
GRID,3489,0,6.961754,10.101322,-0.500000,0
GRID,3490,0,7.018719,9.951806,-0.500000,0
GRID,3491,0,7.075684,9.802290,-0.500000,0
GRID,3492,0,7.132650,9.652775,-0.500000,0
GRID,3493,0,7.189615,9.503259,-0.500000,0
GRID,3494,0,7.246580,9.353743,-0.500000,0
GRID,3495,0,7.303545,9.204227,-0.500000,0
GRID,3496,0,7.360511,9.054712,-0.500000,0
GRID,3497,0,7.417476,8.905196,-0.500000,0
GRID,3498,0,7.474441,8.755680,-0.500000,0
GRID,3499,0,7.531406,8.606164,-0.500000,0
GRID,3500,0,7.588372,8.456649,-0.500000,0
GRID,3501,0,7.645337,8.307133,-0.500000,0
GRID,3502,0,7.702302,8.157617,-0.500000,0
GRID,3503,0,7.759267,8.008101,-0.500000,0
GRID,3504,0,7.816232,7.858586,-0.500000,0
GRID,3505,0,7.873198,7.709070,-0.500000,0
GRID,3506,0,7.930163,7.559554,-0.500000,0
GRID,3507,0,7.987128,7.410038,-0.500000,0
GRID,3508,0,8.044093,7.260523,-0.500000,0
GRID,3509,0,8.101059,7.111007,-0.500000,0
GRID,3510,0,8.158024,6.961491,-0.500000,0
GRID,3511,0,8.214989,6.811975,-0.500000,0
GRID,3512,0,8.271954,6.662460,-0.500000,0
GRID,3513,0,8.328920,6.512944,-0.500000,0
GRID,3514,0,8.385885,6.363428,-0.500000,0
GRID,3515,0,8.442850,6.213912,-0.500000,0
GRID,3516,0,8.499815,6.064397,-0.500000,0
GRID,3517,0,8.556781,5.914881,-0.500000,0
GRID,3518,0,8.613746,5.765365,-0.500000,0
GRID,3519,0,8.670711,5.615849,-0.500000,0
GRID,3520,0,8.727676,5.466334,-0.500000,0
GRID,3521,0,8.784642,5.316818,-0.500000,0
GRID,3522,0,8.841607,5.167302,-0.500000,0
GRID,3523,0,7.231854,10.375449,-0.500000,0
GRID,3524,0,9.202609,5.202840,-0.500000,0
GRID,3525,0,7.288819,10.225933,-0.500000,0
GRID,3526,0,7.345785,10.076418,-0.500000,0
GRID,3527,0,7.402750,9.926902,-0.500000,0
GRID,3528,0,7.459715,9.777386,-0.500000,0
GRID,3529,0,7.516680,9.627870,-0.500000,0
GRID,3530,0,7.573646,9.478355,-0.500000,0
GRID,3531,0,7.630611,9.328839,-0.500000,0
GRID,3532,0,7.687576,9.179323,-0.500000,0
GRID,3533,0,7.744541,9.029807,-0.500000,0
GRID,3534,0,7.801507,8.880292,-0.500000,0
GRID,3535,0,7.858472,8.730776,-0.500000,0
GRID,3536,0,7.915437,8.581260,-0.500000,0
GRID,3537,0,7.972402,8.431744,-0.500000,0
GRID,3538,0,8.029368,8.282229,-0.500000,0
GRID,3539,0,8.086333,8.132713,-0.500000,0
GRID,3540,0,8.143298,7.983197,-0.500000,0
GRID,3541,0,8.200263,7.833681,-0.500000,0
GRID,3542,0,8.257229,7.684166,-0.500000,0
GRID,3543,0,8.314194,7.534650,-0.500000,0
GRID,3544,0,8.371159,7.385134,-0.500000,0
GRID,3545,0,8.428124,7.235618,-0.500000,0
GRID,3546,0,8.485090,7.086103,-0.500000,0
GRID,3547,0,8.542055,6.936587,-0.500000,0
GRID,3548,0,8.599020,6.787071,-0.500000,0
GRID,3549,0,8.655985,6.637555,-0.500000,0
GRID,3550,0,8.712951,6.488040,-0.500000,0
GRID,3551,0,8.769916,6.338524,-0.500000,0
GRID,3552,0,8.826881,6.189008,-0.500000,0
GRID,3553,0,8.883846,6.039492,-0.500000,0
GRID,3554,0,8.940812,5.889977,-0.500000,0
GRID,3555,0,8.997777,5.740461,-0.500000,0
GRID,3556,0,9.054742,5.590945,-0.500000,0
GRID,3557,0,9.111707,5.441429,-0.500000,0
GRID,3558,0,9.168673,5.291914,-0.500000,0
GRID,3559,0,7.558920,10.500061,-0.500000,0
GRID,3560,0,9.509714,5.379842,-0.500000,0
GRID,3561,0,7.615885,10.350545,-0.500000,0
GRID,3562,0,7.672850,10.201029,-0.500000,0
GRID,3563,0,7.729816,10.051513,-0.500000,0
GRID,3564,0,7.786781,9.901998,-0.500000,0
GRID,3565,0,7.843746,9.752482,-0.500000,0
GRID,3566,0,7.900711,9.602966,-0.500000,0
GRID,3567,0,7.957677,9.453450,-0.500000,0
GRID,3568,0,8.014642,9.303935,-0.500000,0
GRID,3569,0,8.071607,9.154419,-0.500000,0
GRID,3570,0,8.128572,9.004903,-0.500000,0
GRID,3571,0,8.185538,8.855387,-0.500000,0
GRID,3572,0,8.242503,8.705872,-0.500000,0
GRID,3573,0,8.299468,8.556356,-0.500000,0
GRID,3574,0,8.356433,8.406840,-0.500000,0
GRID,3575,0,8.413399,8.257324,-0.500000,0
GRID,3576,0,8.470364,8.107809,-0.500000,0
GRID,3577,0,8.527329,7.958293,-0.500000,0
GRID,3578,0,8.584294,7.808777,-0.500000,0
GRID,3579,0,8.641260,7.659261,-0.500000,0
GRID,3580,0,8.698225,7.509746,-0.500000,0
GRID,3581,0,8.755190,7.360230,-0.500000,0
GRID,3582,0,8.812155,7.210714,-0.500000,0
GRID,3583,0,8.869121,7.061198,-0.500000,0
GRID,3584,0,8.926086,6.911683,-0.500000,0
GRID,3585,0,8.983051,6.762167,-0.500000,0
GRID,3586,0,9.040016,6.612651,-0.500000,0
GRID,3587,0,9.096982,6.463135,-0.500000,0
GRID,3588,0,9.153947,6.313620,-0.500000,0
GRID,3589,0,9.210912,6.164104,-0.500000,0
GRID,3590,0,9.267877,6.014588,-0.500000,0
GRID,3591,0,9.324843,5.865072,-0.500000,0
GRID,3592,0,9.381808,5.715557,-0.500000,0
GRID,3593,0,9.438773,5.566041,-0.500000,0
GRID,3594,0,9.495738,5.416525,-0.500000,0
GRID,3595,0,7.885986,10.624672,-0.500000,0
GRID,3596,0,9.816819,5.556844,-0.500000,0
GRID,3597,0,7.942951,10.475156,-0.500000,0
GRID,3598,0,7.999916,10.325641,-0.500000,0
GRID,3599,0,8.056881,10.176125,-0.500000,0
GRID,3600,0,8.113847,10.026609,-0.500000,0
GRID,3601,0,8.170812,9.877093,-0.500000,0
GRID,3602,0,8.227777,9.727578,-0.500000,0
GRID,3603,0,8.284742,9.578062,-0.500000,0
GRID,3604,0,8.341708,9.428546,-0.500000,0
GRID,3605,0,8.398673,9.279030,-0.500000,0
GRID,3606,0,8.455638,9.129515,-0.500000,0
GRID,3607,0,8.512603,8.979999,-0.500000,0
GRID,3608,0,8.569569,8.830483,-0.500000,0
GRID,3609,0,8.626534,8.680967,-0.500000,0
GRID,3610,0,8.683499,8.531452,-0.500000,0
GRID,3611,0,8.740464,8.381936,-0.500000,0
GRID,3612,0,8.797430,8.232420,-0.500000,0
GRID,3613,0,8.854395,8.082904,-0.500000,0
GRID,3614,0,8.911360,7.933389,-0.500000,0
GRID,3615,0,8.968325,7.783873,-0.500000,0
GRID,3616,0,9.025291,7.634357,-0.500000,0
GRID,3617,0,9.082256,7.484841,-0.500000,0
GRID,3618,0,9.139221,7.335326,-0.500000,0
GRID,3619,0,9.196186,7.185810,-0.500000,0
GRID,3620,0,9.253152,7.036294,-0.500000,0
GRID,3621,0,9.310117,6.886778,-0.500000,0
GRID,3622,0,9.367082,6.737263,-0.500000,0
GRID,3623,0,9.424047,6.587747,-0.500000,0
GRID,3624,0,9.481013,6.438231,-0.500000,0
GRID,3625,0,9.537978,6.288715,-0.500000,0
GRID,3626,0,9.594943,6.139200,-0.500000,0
GRID,3627,0,9.651908,5.989684,-0.500000,0
GRID,3628,0,9.708874,5.840168,-0.500000,0
GRID,3629,0,9.765839,5.690652,-0.500000,0
GRID,3630,0,8.213051,10.749284,-0.500000,0
GRID,3631,0,10.123924,5.733846,-0.500000,0
GRID,3632,0,8.270017,10.599768,-0.500000,0
GRID,3633,0,8.326982,10.450252,-0.500000,0
GRID,3634,0,8.383947,10.300736,-0.500000,0
GRID,3635,0,8.440912,10.151221,-0.500000,0
GRID,3636,0,8.497878,10.001705,-0.500000,0
GRID,3637,0,8.554843,9.852189,-0.500000,0
GRID,3638,0,8.611808,9.702673,-0.500000,0
GRID,3639,0,8.668773,9.553158,-0.500000,0
GRID,3640,0,8.725739,9.403642,-0.500000,0
GRID,3641,0,8.782704,9.254126,-0.500000,0
GRID,3642,0,8.839669,9.104610,-0.500000,0
GRID,3643,0,8.896634,8.955095,-0.500000,0
GRID,3644,0,8.953600,8.805579,-0.500000,0
GRID,3645,0,9.010565,8.656063,-0.500000,0
GRID,3646,0,9.067530,8.506547,-0.500000,0
GRID,3647,0,9.124495,8.357032,-0.500000,0
GRID,3648,0,9.181461,8.207516,-0.500000,0
GRID,3649,0,9.238426,8.058000,-0.500000,0
GRID,3650,0,9.295391,7.908484,-0.500000,0
GRID,3651,0,9.352356,7.758969,-0.500000,0
GRID,3652,0,9.409322,7.609453,-0.500000,0
GRID,3653,0,9.466287,7.459937,-0.500000,0
GRID,3654,0,9.523252,7.310421,-0.500000,0
GRID,3655,0,9.580217,7.160906,-0.500000,0
GRID,3656,0,9.637183,7.011390,-0.500000,0
GRID,3657,0,9.694148,6.861874,-0.500000,0
GRID,3658,0,9.751113,6.712358,-0.500000,0
GRID,3659,0,9.808078,6.562843,-0.500000,0
GRID,3660,0,9.865044,6.413327,-0.500000,0
GRID,3661,0,9.922009,6.263811,-0.500000,0
GRID,3662,0,9.978974,6.114295,-0.500000,0
GRID,3663,0,10.035939,5.964780,-0.500000,0
GRID,3664,0,10.092905,5.815264,-0.500000,0
GRID,3665,0,8.540117,10.873895,-0.500000,0
GRID,3666,0,10.431030,5.910848,-0.500000,0
GRID,3667,0,8.597082,10.724379,-0.500000,0
GRID,3668,0,8.654048,10.574864,-0.500000,0
GRID,3669,0,8.711013,10.425348,-0.500000,0
GRID,3670,0,8.767978,10.275832,-0.500000,0
GRID,3671,0,8.824943,10.126316,-0.500000,0
GRID,3672,0,8.881909,9.976801,-0.500000,0
GRID,3673,0,8.938874,9.827285,-0.500000,0
GRID,3674,0,8.995839,9.677769,-0.500000,0
GRID,3675,0,9.052804,9.528253,-0.500000,0
GRID,3676,0,9.109770,9.378738,-0.500000,0
GRID,3677,0,9.166735,9.229222,-0.500000,0
GRID,3678,0,9.223700,9.079706,-0.500000,0
GRID,3679,0,9.280665,8.930190,-0.500000,0
GRID,3680,0,9.337631,8.780675,-0.500000,0
GRID,3681,0,9.394596,8.631159,-0.500000,0
GRID,3682,0,9.451561,8.481643,-0.500000,0
GRID,3683,0,9.508526,8.332127,-0.500000,0
GRID,3684,0,9.565492,8.182612,-0.500000,0
GRID,3685,0,9.622457,8.033096,-0.500000,0
GRID,3686,0,9.679422,7.883580,-0.500000,0
GRID,3687,0,9.736387,7.734064,-0.500000,0
GRID,3688,0,9.793353,7.584549,-0.500000,0
GRID,3689,0,9.850318,7.435033,-0.500000,0
GRID,3690,0,9.907283,7.285517,-0.500000,0
GRID,3691,0,9.964248,7.136001,-0.500000,0
GRID,3692,0,10.021214,6.986486,-0.500000,0
GRID,3693,0,10.078179,6.836970,-0.500000,0
GRID,3694,0,10.135144,6.687454,-0.500000,0
GRID,3695,0,10.192109,6.537938,-0.500000,0
GRID,3696,0,10.249075,6.388423,-0.500000,0
GRID,3697,0,10.306040,6.238907,-0.500000,0
GRID,3698,0,10.363005,6.089391,-0.500000,0
GRID,3699,0,10.419970,5.939875,-0.500000,0
GRID,3700,0,8.867183,10.998507,-0.500000,0
GRID,3701,0,10.738135,6.087850,-0.500000,0
GRID,3702,0,8.924148,10.848991,-0.500000,0
GRID,3703,0,8.981113,10.699475,-0.500000,0
GRID,3704,0,9.038079,10.549959,-0.500000,0
GRID,3705,0,9.095044,10.400444,-0.500000,0
GRID,3706,0,9.152009,10.250928,-0.500000,0
GRID,3707,0,9.208974,10.101412,-0.500000,0
GRID,3708,0,9.265940,9.951896,-0.500000,0
GRID,3709,0,9.322905,9.802381,-0.500000,0
GRID,3710,0,9.379870,9.652865,-0.500000,0
GRID,3711,0,9.436835,9.503349,-0.500000,0
GRID,3712,0,9.493801,9.353833,-0.500000,0
GRID,3713,0,9.550766,9.204318,-0.500000,0
GRID,3714,0,9.607731,9.054802,-0.500000,0
GRID,3715,0,9.664696,8.905286,-0.500000,0
GRID,3716,0,9.721662,8.755770,-0.500000,0
GRID,3717,0,9.778627,8.606255,-0.500000,0
GRID,3718,0,9.835592,8.456739,-0.500000,0
GRID,3719,0,9.892557,8.307223,-0.500000,0
GRID,3720,0,9.949522,8.157707,-0.500000,0
GRID,3721,0,10.006488,8.008192,-0.500000,0
GRID,3722,0,10.063453,7.858676,-0.500000,0
GRID,3723,0,10.120418,7.709160,-0.500000,0
GRID,3724,0,10.177383,7.559644,-0.500000,0
GRID,3725,0,10.234349,7.410129,-0.500000,0
GRID,3726,0,10.291314,7.260613,-0.500000,0
GRID,3727,0,10.348279,7.111097,-0.500000,0
GRID,3728,0,10.405244,6.961581,-0.500000,0
GRID,3729,0,10.462210,6.812065,-0.500000,0
GRID,3730,0,10.519175,6.662550,-0.500000,0
GRID,3731,0,10.576140,6.513034,-0.500000,0
GRID,3732,0,10.633105,6.363518,-0.500000,0
GRID,3733,0,10.690071,6.214002,-0.500000,0
GRID,3734,0,9.194249,11.123118,-0.500000,0
GRID,3735,0,11.045240,6.264852,-0.500000,0
GRID,3736,0,9.251214,10.973602,-0.500000,0
GRID,3737,0,9.308179,10.824087,-0.500000,0
GRID,3738,0,9.365144,10.674571,-0.500000,0
GRID,3739,0,9.422110,10.525055,-0.500000,0
GRID,3740,0,9.479075,10.375539,-0.500000,0
GRID,3741,0,9.536040,10.226024,-0.500000,0
GRID,3742,0,9.593005,10.076508,-0.500000,0
GRID,3743,0,9.649970,9.926992,-0.500000,0
GRID,3744,0,9.706936,9.777476,-0.500000,0
GRID,3745,0,9.763901,9.627961,-0.500000,0
GRID,3746,0,9.820866,9.478445,-0.500000,0
GRID,3747,0,9.877831,9.328929,-0.500000,0
GRID,3748,0,9.934797,9.179413,-0.500000,0
GRID,3749,0,9.991762,9.029898,-0.500000,0
GRID,3750,0,10.048727,8.880382,-0.500000,0
GRID,3751,0,10.105692,8.730866,-0.500000,0
GRID,3752,0,10.162658,8.581350,-0.500000,0
GRID,3753,0,10.219623,8.431835,-0.500000,0
GRID,3754,0,10.276588,8.282319,-0.500000,0
GRID,3755,0,10.333553,8.132803,-0.500000,0
GRID,3756,0,10.390519,7.983287,-0.500000,0
GRID,3757,0,10.447484,7.833771,-0.500000,0
GRID,3758,0,10.504449,7.684256,-0.500000,0
GRID,3759,0,10.561414,7.534740,-0.500000,0
GRID,3760,0,10.618380,7.385224,-0.500000,0
GRID,3761,0,10.675345,7.235708,-0.500000,0
GRID,3762,0,10.732310,7.086193,-0.500000,0
GRID,3763,0,10.789275,6.936677,-0.500000,0
GRID,3764,0,10.846241,6.787161,-0.500000,0
GRID,3765,0,10.903206,6.637645,-0.500000,0
GRID,3766,0,10.960171,6.488130,-0.500000,0
GRID,3767,0,11.017136,6.338614,-0.500000,0
GRID,3768,0,9.521314,11.247730,-0.500000,0
GRID,3769,0,11.352345,6.441854,-0.500000,0
GRID,3770,0,9.578279,11.098214,-0.500000,0
GRID,3771,0,9.635245,10.948698,-0.500000,0
GRID,3772,0,9.692210,10.799182,-0.500000,0
GRID,3773,0,9.749175,10.649667,-0.500000,0
GRID,3774,0,9.806140,10.500151,-0.500000,0
GRID,3775,0,9.863106,10.350635,-0.500000,0
GRID,3776,0,9.920071,10.201119,-0.500000,0
GRID,3777,0,9.977036,10.051604,-0.500000,0
GRID,3778,0,10.034001,9.902088,-0.500000,0
GRID,3779,0,10.090967,9.752572,-0.500000,0
GRID,3780,0,10.147932,9.603056,-0.500000,0
GRID,3781,0,10.204897,9.453541,-0.500000,0
GRID,3782,0,10.261862,9.304025,-0.500000,0
GRID,3783,0,10.318828,9.154509,-0.500000,0
GRID,3784,0,10.375793,9.004993,-0.500000,0
GRID,3785,0,10.432758,8.855478,-0.500000,0
GRID,3786,0,10.489723,8.705962,-0.500000,0
GRID,3787,0,10.546689,8.556446,-0.500000,0
GRID,3788,0,10.603654,8.406930,-0.500000,0
GRID,3789,0,10.660619,8.257414,-0.500000,0
GRID,3790,0,10.717584,8.107899,-0.500000,0
GRID,3791,0,10.774550,7.958383,-0.500000,0
GRID,3792,0,10.831515,7.808867,-0.500000,0
GRID,3793,0,10.888480,7.659351,-0.500000,0
GRID,3794,0,10.945445,7.509836,-0.500000,0
GRID,3795,0,11.002411,7.360320,-0.500000,0
GRID,3796,0,11.059376,7.210804,-0.500000,0
GRID,3797,0,11.116341,7.061288,-0.500000,0
GRID,3798,0,11.173306,6.911773,-0.500000,0
GRID,3799,0,11.230272,6.762257,-0.500000,0
GRID,3800,0,11.287237,6.612741,-0.500000,0
GRID,3801,0,11.344202,6.463225,-0.500000,0
GRID,3802,0,9.848380,11.372341,-0.500000,0
GRID,3803,0,11.659450,6.618856,-0.500000,0
GRID,3804,0,9.905345,11.222825,-0.500000,0
GRID,3805,0,9.962310,11.073310,-0.500000,0
GRID,3806,0,10.019276,10.923794,-0.500000,0
GRID,3807,0,10.076241,10.774278,-0.500000,0
GRID,3808,0,10.133206,10.624762,-0.500000,0
GRID,3809,0,10.190171,10.475247,-0.500000,0
GRID,3810,0,10.247137,10.325731,-0.500000,0
GRID,3811,0,10.304102,10.176215,-0.500000,0
GRID,3812,0,10.361067,10.026699,-0.500000,0
GRID,3813,0,10.418032,9.877184,-0.500000,0
GRID,3814,0,10.474998,9.727668,-0.500000,0
GRID,3815,0,10.531963,9.578152,-0.500000,0
GRID,3816,0,10.588928,9.428636,-0.500000,0
GRID,3817,0,10.645893,9.279120,-0.500000,0
GRID,3818,0,10.702859,9.129605,-0.500000,0
GRID,3819,0,10.759824,8.980089,-0.500000,0
GRID,3820,0,10.816789,8.830573,-0.500000,0
GRID,3821,0,10.873754,8.681057,-0.500000,0
GRID,3822,0,10.930720,8.531542,-0.500000,0
GRID,3823,0,10.987685,8.382026,-0.500000,0
GRID,3824,0,11.044650,8.232510,-0.500000,0
GRID,3825,0,11.101615,8.082994,-0.500000,0
GRID,3826,0,11.158581,7.933479,-0.500000,0
GRID,3827,0,11.215546,7.783963,-0.500000,0
GRID,3828,0,11.272511,7.634447,-0.500000,0
GRID,3829,0,11.329476,7.484931,-0.500000,0
GRID,3830,0,11.386442,7.335416,-0.500000,0
GRID,3831,0,11.443407,7.185900,-0.500000,0
GRID,3832,0,11.500372,7.036384,-0.500000,0
GRID,3833,0,11.557337,6.886868,-0.500000,0
GRID,3834,0,11.614303,6.737353,-0.500000,0
GRID,3835,0,10.175446,11.496953,-0.500000,0
GRID,3836,0,11.966555,6.795858,-0.500000,0
GRID,3837,0,10.232411,11.347437,-0.500000,0
GRID,3838,0,10.289376,11.197921,-0.500000,0
GRID,3839,0,10.346341,11.048405,-0.500000,0
GRID,3840,0,10.403307,10.898890,-0.500000,0
GRID,3841,0,10.460272,10.749374,-0.500000,0
GRID,3842,0,10.517237,10.599858,-0.500000,0
GRID,3843,0,10.574202,10.450342,-0.500000,0
GRID,3844,0,10.631168,10.300826,-0.500000,0
GRID,3845,0,10.688133,10.151311,-0.500000,0
GRID,3846,0,10.745098,10.001795,-0.500000,0
GRID,3847,0,10.802063,9.852279,-0.500000,0
GRID,3848,0,10.859029,9.702763,-0.500000,0
GRID,3849,0,10.915994,9.553248,-0.500000,0
GRID,3850,0,10.972959,9.403732,-0.500000,0
GRID,3851,0,11.029924,9.254216,-0.500000,0
GRID,3852,0,11.086890,9.104700,-0.500000,0
GRID,3853,0,11.143855,8.955185,-0.500000,0
GRID,3854,0,11.200820,8.805669,-0.500000,0
GRID,3855,0,11.257785,8.656153,-0.500000,0
GRID,3856,0,11.314751,8.506637,-0.500000,0
GRID,3857,0,11.371716,8.357122,-0.500000,0
GRID,3858,0,11.428681,8.207606,-0.500000,0
GRID,3859,0,11.485646,8.058090,-0.500000,0
GRID,3860,0,11.542612,7.908574,-0.500000,0
GRID,3861,0,11.599577,7.759059,-0.500000,0
GRID,3862,0,11.656542,7.609543,-0.500000,0
GRID,3863,0,11.713507,7.460027,-0.500000,0
GRID,3864,0,11.770473,7.310511,-0.500000,0
GRID,3865,0,11.827438,7.160996,-0.500000,0
GRID,3866,0,11.884403,7.011480,-0.500000,0
GRID,3867,0,11.941368,6.861964,-0.500000,0
GRID,3868,0,10.502511,11.621564,-0.500000,0
GRID,3869,0,12.273660,6.972860,-0.500000,0
GRID,3870,0,10.559477,11.472048,-0.500000,0
GRID,3871,0,10.616442,11.322532,-0.500000,0
GRID,3872,0,10.673407,11.173017,-0.500000,0
GRID,3873,0,10.730372,11.023501,-0.500000,0
GRID,3874,0,10.787338,10.873985,-0.500000,0
GRID,3875,0,10.844303,10.724469,-0.500000,0
GRID,3876,0,10.901268,10.574954,-0.500000,0
GRID,3877,0,10.958233,10.425438,-0.500000,0
GRID,3878,0,11.015199,10.275922,-0.500000,0
GRID,3879,0,11.072164,10.126406,-0.500000,0
GRID,3880,0,11.129129,9.976891,-0.500000,0
GRID,3881,0,11.186094,9.827375,-0.500000,0
GRID,3882,0,11.243060,9.677859,-0.500000,0
GRID,3883,0,11.300025,9.528343,-0.500000,0
GRID,3884,0,11.356990,9.378828,-0.500000,0
GRID,3885,0,11.413955,9.229312,-0.500000,0
GRID,3886,0,11.470921,9.079796,-0.500000,0
GRID,3887,0,11.527886,8.930280,-0.500000,0
GRID,3888,0,11.584851,8.780765,-0.500000,0
GRID,3889,0,11.641816,8.631249,-0.500000,0
GRID,3890,0,11.698782,8.481733,-0.500000,0
GRID,3891,0,11.755747,8.332217,-0.500000,0
GRID,3892,0,11.812712,8.182702,-0.500000,0
GRID,3893,0,11.869677,8.033186,-0.500000,0
GRID,3894,0,11.926643,7.883670,-0.500000,0
GRID,3895,0,11.983608,7.734154,-0.500000,0
GRID,3896,0,12.040573,7.584639,-0.500000,0
GRID,3897,0,12.097538,7.435123,-0.500000,0
GRID,3898,0,12.154504,7.285607,-0.500000,0
GRID,3899,0,12.211469,7.136091,-0.500000,0
GRID,3900,0,12.268434,6.986576,-0.500000,0
GRID,3901,0,10.829577,11.746175,-0.500000,0
GRID,3902,0,12.580765,7.149862,-0.500000,0
GRID,3903,0,10.886542,11.596660,-0.500000,0
GRID,3904,0,10.943508,11.447144,-0.500000,0
GRID,3905,0,11.000473,11.297628,-0.500000,0
GRID,3906,0,11.057438,11.148112,-0.500000,0
GRID,3907,0,11.114403,10.998597,-0.500000,0
GRID,3908,0,11.171369,10.849081,-0.500000,0
GRID,3909,0,11.228334,10.699565,-0.500000,0
GRID,3910,0,11.285299,10.550049,-0.500000,0
GRID,3911,0,11.342264,10.400534,-0.500000,0
GRID,3912,0,11.399230,10.251018,-0.500000,0
GRID,3913,0,11.456195,10.101502,-0.500000,0
GRID,3914,0,11.513160,9.951986,-0.500000,0
GRID,3915,0,11.570125,9.802471,-0.500000,0
GRID,3916,0,11.627091,9.652955,-0.500000,0
GRID,3917,0,11.684056,9.503439,-0.500000,0
GRID,3918,0,11.741021,9.353923,-0.500000,0
GRID,3919,0,11.797986,9.204408,-0.500000,0
GRID,3920,0,11.854952,9.054892,-0.500000,0
GRID,3921,0,11.911917,8.905376,-0.500000,0
GRID,3922,0,11.968882,8.755860,-0.500000,0
GRID,3923,0,12.025847,8.606345,-0.500000,0
GRID,3924,0,12.082813,8.456829,-0.500000,0
GRID,3925,0,12.139778,8.307313,-0.500000,0
GRID,3926,0,12.196743,8.157797,-0.500000,0
GRID,3927,0,12.253708,8.008282,-0.500000,0
GRID,3928,0,12.310673,7.858766,-0.500000,0
GRID,3929,0,12.367639,7.709250,-0.500000,0
GRID,3930,0,12.424604,7.559734,-0.500000,0
GRID,3931,0,12.481569,7.410219,-0.500000,0
GRID,3932,0,12.538534,7.260703,-0.500000,0
GRID,3933,0,11.156643,11.870787,-0.500000,0
GRID,3934,0,12.887870,7.326864,-0.500000,0
GRID,3935,0,11.213608,11.721271,-0.500000,0
GRID,3936,0,11.270573,11.571755,-0.500000,0
GRID,3937,0,11.327539,11.422240,-0.500000,0
GRID,3938,0,11.384504,11.272724,-0.500000,0
GRID,3939,0,11.441469,11.123208,-0.500000,0
GRID,3940,0,11.498434,10.973692,-0.500000,0
GRID,3941,0,11.555400,10.824177,-0.500000,0
GRID,3942,0,11.612365,10.674661,-0.500000,0
GRID,3943,0,11.669330,10.525145,-0.500000,0
GRID,3944,0,11.726295,10.375629,-0.500000,0
GRID,3945,0,11.783261,10.226114,-0.500000,0
GRID,3946,0,11.840226,10.076598,-0.500000,0
GRID,3947,0,11.897191,9.927082,-0.500000,0
GRID,3948,0,11.954156,9.777566,-0.500000,0
GRID,3949,0,12.011121,9.628051,-0.500000,0
GRID,3950,0,12.068087,9.478535,-0.500000,0
GRID,3951,0,12.125052,9.329019,-0.500000,0
GRID,3952,0,12.182017,9.179503,-0.500000,0
GRID,3953,0,12.238982,9.029988,-0.500000,0
GRID,3954,0,12.295948,8.880472,-0.500000,0
GRID,3955,0,12.352913,8.730956,-0.500000,0
GRID,3956,0,12.409878,8.581440,-0.500000,0
GRID,3957,0,12.466843,8.431925,-0.500000,0
GRID,3958,0,12.523809,8.282409,-0.500000,0
GRID,3959,0,12.580774,8.132893,-0.500000,0
GRID,3960,0,12.637739,7.983377,-0.500000,0
GRID,3961,0,12.694704,7.833862,-0.500000,0
GRID,3962,0,12.751670,7.684346,-0.500000,0
GRID,3963,0,12.808635,7.534830,-0.500000,0
GRID,3964,0,12.865600,7.385314,-0.500000,0
GRID,3965,0,11.483708,11.995398,-0.500000,0
GRID,3966,0,13.194975,7.503866,-0.500000,0
GRID,3967,0,11.540674,11.845883,-0.500000,0
GRID,3968,0,11.597639,11.696367,-0.500000,0
GRID,3969,0,11.654604,11.546851,-0.500000,0
GRID,3970,0,11.711569,11.397335,-0.500000,0
GRID,3971,0,11.768535,11.247820,-0.500000,0
GRID,3972,0,11.825500,11.098304,-0.500000,0
GRID,3973,0,11.882465,10.948788,-0.500000,0
GRID,3974,0,11.939430,10.799272,-0.500000,0
GRID,3975,0,11.996396,10.649757,-0.500000,0
GRID,3976,0,12.053361,10.500241,-0.500000,0
GRID,3977,0,12.110326,10.350725,-0.500000,0
GRID,3978,0,12.167291,10.201209,-0.500000,0
GRID,3979,0,12.224257,10.051694,-0.500000,0
GRID,3980,0,12.281222,9.902178,-0.500000,0
GRID,3981,0,12.338187,9.752662,-0.500000,0
GRID,3982,0,12.395152,9.603146,-0.500000,0
GRID,3983,0,12.452118,9.453631,-0.500000,0
GRID,3984,0,12.509083,9.304115,-0.500000,0
GRID,3985,0,12.566048,9.154599,-0.500000,0
GRID,3986,0,12.623013,9.005083,-0.500000,0
GRID,3987,0,12.679979,8.855568,-0.500000,0
GRID,3988,0,12.736944,8.706052,-0.500000,0
GRID,3989,0,12.793909,8.556536,-0.500000,0
GRID,3990,0,12.850874,8.407020,-0.500000,0
GRID,3991,0,12.907840,8.257505,-0.500000,0
GRID,3992,0,12.964805,8.107989,-0.500000,0
GRID,3993,0,13.021770,7.958473,-0.500000,0
GRID,3994,0,13.078735,7.808957,-0.500000,0
GRID,3995,0,13.135701,7.659442,-0.500000,0
GRID,3996,0,13.192666,7.509926,-0.500000,0
GRID,3997,0,11.810774,12.120010,-0.500000,0
GRID,3998,0,13.502080,7.680868,-0.500000,0
GRID,3999,0,11.867739,11.970494,-0.500000,0
GRID,4000,0,11.924705,11.820978,-0.500000,0
GRID,4001,0,11.981670,11.671463,-0.500000,0
GRID,4002,0,12.038635,11.521947,-0.500000,0
GRID,4003,0,12.095600,11.372431,-0.500000,0
GRID,4004,0,12.152566,11.222915,-0.500000,0
GRID,4005,0,12.209531,11.073400,-0.500000,0
GRID,4006,0,12.266496,10.923884,-0.500000,0
GRID,4007,0,12.323461,10.774368,-0.500000,0
GRID,4008,0,12.380427,10.624852,-0.500000,0
GRID,4009,0,12.437392,10.475337,-0.500000,0
GRID,4010,0,12.494357,10.325821,-0.500000,0
GRID,4011,0,12.551322,10.176305,-0.500000,0
GRID,4012,0,12.608288,10.026789,-0.500000,0
GRID,4013,0,12.665253,9.877274,-0.500000,0
GRID,4014,0,12.722218,9.727758,-0.500000,0
GRID,4015,0,12.779183,9.578242,-0.500000,0
GRID,4016,0,12.836149,9.428726,-0.500000,0
GRID,4017,0,12.893114,9.279211,-0.500000,0
GRID,4018,0,12.950079,9.129695,-0.500000,0
GRID,4019,0,13.007044,8.980179,-0.500000,0
GRID,4020,0,13.064010,8.830663,-0.500000,0
GRID,4021,0,13.120975,8.681148,-0.500000,0
GRID,4022,0,13.177940,8.531632,-0.500000,0
GRID,4023,0,13.234905,8.382116,-0.500000,0
GRID,4024,0,13.291871,8.232600,-0.500000,0
GRID,4025,0,13.348836,8.083085,-0.500000,0
GRID,4026,0,13.405801,7.933569,-0.500000,0
GRID,4027,0,13.462766,7.784053,-0.500000,0
GRID,4028,0,12.137840,12.244621,-0.500000,0
GRID,4029,0,13.809185,7.857869,-0.500000,0
GRID,4030,0,12.194805,12.095106,-0.500000,0
GRID,4031,0,12.251770,11.945590,-0.500000,0
GRID,4032,0,12.308736,11.796074,-0.500000,0
GRID,4033,0,12.365701,11.646558,-0.500000,0
GRID,4034,0,12.422666,11.497043,-0.500000,0
GRID,4035,0,12.479631,11.347527,-0.500000,0
GRID,4036,0,12.536597,11.198011,-0.500000,0
GRID,4037,0,12.593562,11.048495,-0.500000,0
GRID,4038,0,12.650527,10.898980,-0.500000,0
GRID,4039,0,12.707492,10.749464,-0.500000,0
GRID,4040,0,12.764458,10.599948,-0.500000,0
GRID,4041,0,12.821423,10.450432,-0.500000,0
GRID,4042,0,12.878388,10.300917,-0.500000,0
GRID,4043,0,12.935353,10.151401,-0.500000,0
GRID,4044,0,12.992319,10.001885,-0.500000,0
GRID,4045,0,13.049284,9.852369,-0.500000,0
GRID,4046,0,13.106249,9.702854,-0.500000,0
GRID,4047,0,13.163214,9.553338,-0.500000,0
GRID,4048,0,13.220180,9.403822,-0.500000,0
GRID,4049,0,13.277145,9.254306,-0.500000,0
GRID,4050,0,13.334110,9.104791,-0.500000,0
GRID,4051,0,13.391075,8.955275,-0.500000,0
GRID,4052,0,13.448041,8.805759,-0.500000,0
GRID,4053,0,13.505006,8.656243,-0.500000,0
GRID,4054,0,13.561971,8.506728,-0.500000,0
GRID,4055,0,13.618936,8.357212,-0.500000,0
GRID,4056,0,13.675902,8.207696,-0.500000,0
GRID,4057,0,13.732867,8.058180,-0.500000,0
GRID,4058,0,13.789832,7.908665,-0.500000,0
GRID,4059,0,12.464906,12.369233,-0.500000,0
GRID,4060,0,14.116290,8.034871,-0.500000,0
GRID,4061,0,12.521871,12.219717,-0.500000,0
GRID,4062,0,12.578836,12.070201,-0.500000,0
GRID,4063,0,12.635801,11.920686,-0.500000,0
GRID,4064,0,12.692767,11.771170,-0.500000,0
GRID,4065,0,12.749732,11.621654,-0.500000,0
GRID,4066,0,12.806697,11.472138,-0.500000,0
GRID,4067,0,12.863662,11.322623,-0.500000,0
GRID,4068,0,12.920628,11.173107,-0.500000,0
GRID,4069,0,12.977593,11.023591,-0.500000,0
GRID,4070,0,13.034558,10.874075,-0.500000,0
GRID,4071,0,13.091523,10.724560,-0.500000,0
GRID,4072,0,13.148489,10.575044,-0.500000,0
GRID,4073,0,13.205454,10.425528,-0.500000,0
GRID,4074,0,13.262419,10.276012,-0.500000,0
GRID,4075,0,13.319384,10.126497,-0.500000,0
GRID,4076,0,13.376350,9.976981,-0.500000,0
GRID,4077,0,13.433315,9.827465,-0.500000,0
GRID,4078,0,13.490280,9.677949,-0.500000,0
GRID,4079,0,13.547245,9.528434,-0.500000,0
GRID,4080,0,13.604211,9.378918,-0.500000,0
GRID,4081,0,13.661176,9.229402,-0.500000,0
GRID,4082,0,13.718141,9.079886,-0.500000,0
GRID,4083,0,13.775106,8.930371,-0.500000,0
GRID,4084,0,13.832072,8.780855,-0.500000,0
GRID,4085,0,13.889037,8.631339,-0.500000,0
GRID,4086,0,13.946002,8.481823,-0.500000,0
GRID,4087,0,14.002967,8.332308,-0.500000,0
GRID,4088,0,14.059933,8.182792,-0.500000,0
GRID,4089,0,12.791971,12.493844,-0.500000,0
GRID,4090,0,14.423395,8.211873,-0.500000,0
GRID,4091,0,12.848937,12.344329,-0.500000,0
GRID,4092,0,12.905902,12.194813,-0.500000,0
GRID,4093,0,12.962867,12.045297,-0.500000,0
GRID,4094,0,13.019832,11.895781,-0.500000,0
GRID,4095,0,13.076798,11.746266,-0.500000,0
GRID,4096,0,13.133763,11.596750,-0.500000,0
GRID,4097,0,13.190728,11.447234,-0.500000,0
GRID,4098,0,13.247693,11.297718,-0.500000,0
GRID,4099,0,13.304659,11.148203,-0.500000,0
GRID,4100,0,13.361624,10.998687,-0.500000,0
GRID,4101,0,13.418589,10.849171,-0.500000,0
GRID,4102,0,13.475554,10.699655,-0.500000,0
GRID,4103,0,13.532520,10.550140,-0.500000,0
GRID,4104,0,13.589485,10.400624,-0.500000,0
GRID,4105,0,13.646450,10.251108,-0.500000,0
GRID,4106,0,13.703415,10.101592,-0.500000,0
GRID,4107,0,13.760381,9.952077,-0.500000,0
GRID,4108,0,13.817346,9.802561,-0.500000,0
GRID,4109,0,13.874311,9.653045,-0.500000,0
GRID,4110,0,13.931276,9.503529,-0.500000,0
GRID,4111,0,13.988242,9.354014,-0.500000,0
GRID,4112,0,14.045207,9.204498,-0.500000,0
GRID,4113,0,14.102172,9.054982,-0.500000,0
GRID,4114,0,14.159137,8.905466,-0.500000,0
GRID,4115,0,14.216103,8.755950,-0.500000,0
GRID,4116,0,14.273068,8.606435,-0.500000,0
GRID,4117,0,14.330033,8.456919,-0.500000,0
GRID,4118,0,14.386998,8.307403,-0.500000,0
GRID,4119,0,13.119037,12.618456,-0.500000,0
GRID,4120,0,14.730500,8.388875,-0.500000,0
GRID,4121,0,13.176002,12.468940,-0.500000,0
GRID,4122,0,13.232968,12.319424,-0.500000,0
GRID,4123,0,13.289933,12.169909,-0.500000,0
GRID,4124,0,13.346898,12.020393,-0.500000,0
GRID,4125,0,13.403863,11.870877,-0.500000,0
GRID,4126,0,13.460829,11.721361,-0.500000,0
GRID,4127,0,13.517794,11.571846,-0.500000,0
GRID,4128,0,13.574759,11.422330,-0.500000,0
GRID,4129,0,13.631724,11.272814,-0.500000,0
GRID,4130,0,13.688690,11.123298,-0.500000,0
GRID,4131,0,13.745655,10.973783,-0.500000,0
GRID,4132,0,13.802620,10.824267,-0.500000,0
GRID,4133,0,13.859585,10.674751,-0.500000,0
GRID,4134,0,13.916551,10.525235,-0.500000,0
GRID,4135,0,13.973516,10.375720,-0.500000,0
GRID,4136,0,14.030481,10.226204,-0.500000,0
GRID,4137,0,14.087446,10.076688,-0.500000,0
GRID,4138,0,14.144411,9.927172,-0.500000,0
GRID,4139,0,14.201377,9.777656,-0.500000,0
GRID,4140,0,14.258342,9.628141,-0.500000,0
GRID,4141,0,14.315307,9.478625,-0.500000,0
GRID,4142,0,14.372272,9.329109,-0.500000,0
GRID,4143,0,14.429238,9.179593,-0.500000,0
GRID,4144,0,14.486203,9.030078,-0.500000,0
GRID,4145,0,14.543168,8.880562,-0.500000,0
GRID,4146,0,14.600133,8.731046,-0.500000,0
GRID,4147,0,14.657099,8.581530,-0.500000,0
GRID,4148,0,14.714064,8.432015,-0.500000,0
GRID,4149,0,13.446103,12.743067,-0.500000,0
GRID,4150,0,15.037605,8.565877,-0.500000,0
GRID,4151,0,13.503068,12.593552,-0.500000,0
GRID,4152,0,13.560033,12.444036,-0.500000,0
GRID,4153,0,13.616999,12.294520,-0.500000,0
GRID,4154,0,13.673964,12.145004,-0.500000,0
GRID,4155,0,13.730929,11.995489,-0.500000,0
GRID,4156,0,13.787894,11.845973,-0.500000,0
GRID,4157,0,13.844859,11.696457,-0.500000,0
GRID,4158,0,13.901825,11.546941,-0.500000,0
GRID,4159,0,13.958790,11.397426,-0.500000,0
GRID,4160,0,14.015755,11.247910,-0.500000,0
GRID,4161,0,14.072720,11.098394,-0.500000,0
GRID,4162,0,14.129686,10.948878,-0.500000,0
GRID,4163,0,14.186651,10.799362,-0.500000,0
GRID,4164,0,14.243616,10.649847,-0.500000,0
GRID,4165,0,14.300581,10.500331,-0.500000,0
GRID,4166,0,14.357547,10.350815,-0.500000,0
GRID,4167,0,14.414512,10.201299,-0.500000,0
GRID,4168,0,14.471477,10.051784,-0.500000,0
GRID,4169,0,14.528442,9.902268,-0.500000,0
GRID,4170,0,14.585408,9.752752,-0.500000,0
GRID,4171,0,14.642373,9.603236,-0.500000,0
GRID,4172,0,14.699338,9.453721,-0.500000,0
GRID,4173,0,14.756303,9.304205,-0.500000,0
GRID,4174,0,14.813269,9.154689,-0.500000,0
GRID,4175,0,14.870234,9.005173,-0.500000,0
GRID,4176,0,14.927199,8.855658,-0.500000,0
GRID,4177,0,14.984164,8.706142,-0.500000,0
GRID,4178,0,13.773168,12.867679,-0.500000,0
GRID,4179,0,15.344710,8.742879,-0.500000,0
GRID,4180,0,13.830134,12.718163,-0.500000,0
GRID,4181,0,13.887099,12.568647,-0.500000,0
GRID,4182,0,13.944064,12.419132,-0.500000,0
GRID,4183,0,14.001029,12.269616,-0.500000,0
GRID,4184,0,14.057995,12.120100,-0.500000,0
GRID,4185,0,14.114960,11.970584,-0.500000,0
GRID,4186,0,14.171925,11.821068,-0.500000,0
GRID,4187,0,14.228890,11.671553,-0.500000,0
GRID,4188,0,14.285856,11.522037,-0.500000,0
GRID,4189,0,14.342821,11.372521,-0.500000,0
GRID,4190,0,14.399786,11.223005,-0.500000,0
GRID,4191,0,14.456751,11.073490,-0.500000,0
GRID,4192,0,14.513717,10.923974,-0.500000,0
GRID,4193,0,14.570682,10.774458,-0.500000,0
GRID,4194,0,14.627647,10.624942,-0.500000,0
GRID,4195,0,14.684612,10.475427,-0.500000,0
GRID,4196,0,14.741578,10.325911,-0.500000,0
GRID,4197,0,14.798543,10.176395,-0.500000,0
GRID,4198,0,14.855508,10.026879,-0.500000,0
GRID,4199,0,14.912473,9.877364,-0.500000,0
GRID,4200,0,14.969439,9.727848,-0.500000,0
GRID,4201,0,15.026404,9.578332,-0.500000,0
GRID,4202,0,15.083369,9.428816,-0.500000,0
GRID,4203,0,15.140334,9.279301,-0.500000,0
GRID,4204,0,15.197300,9.129785,-0.500000,0
GRID,4205,0,15.254265,8.980269,-0.500000,0
GRID,4206,0,15.311230,8.830753,-0.500000,0
GRID,4207,0,14.100234,12.992290,-0.500000,0
GRID,4208,0,15.651815,8.919881,-0.500000,0
GRID,4209,0,14.157199,12.842774,-0.500000,0
GRID,4210,0,14.214165,12.693259,-0.500000,0
GRID,4211,0,14.271130,12.543743,-0.500000,0
GRID,4212,0,14.328095,12.394227,-0.500000,0
GRID,4213,0,14.385060,12.244711,-0.500000,0
GRID,4214,0,14.442026,12.095196,-0.500000,0
GRID,4215,0,14.498991,11.945680,-0.500000,0
GRID,4216,0,14.555956,11.796164,-0.500000,0
GRID,4217,0,14.612921,11.646648,-0.500000,0
GRID,4218,0,14.669887,11.497133,-0.500000,0
GRID,4219,0,14.726852,11.347617,-0.500000,0
GRID,4220,0,14.783817,11.198101,-0.500000,0
GRID,4221,0,14.840782,11.048585,-0.500000,0
GRID,4222,0,14.897748,10.899070,-0.500000,0
GRID,4223,0,14.954713,10.749554,-0.500000,0
GRID,4224,0,15.011678,10.600038,-0.500000,0
GRID,4225,0,15.068643,10.450522,-0.500000,0
GRID,4226,0,15.125609,10.301007,-0.500000,0
GRID,4227,0,15.182574,10.151491,-0.500000,0
GRID,4228,0,15.239539,10.001975,-0.500000,0
GRID,4229,0,15.296504,9.852459,-0.500000,0
GRID,4230,0,15.353470,9.702944,-0.500000,0
GRID,4231,0,15.410435,9.553428,-0.500000,0
GRID,4232,0,15.467400,9.403912,-0.500000,0
GRID,4233,0,15.524365,9.254396,-0.500000,0
GRID,4234,0,15.581331,9.104881,-0.500000,0
GRID,4235,0,15.638296,8.955365,-0.500000,0
GRID,4236,0,14.427300,13.116902,-0.500000,0
GRID,4237,0,15.958920,9.096883,-0.500000,0
GRID,4238,0,14.484265,12.967386,-0.500000,0
GRID,4239,0,14.541230,12.817870,-0.500000,0
GRID,4240,0,14.598196,12.668354,-0.500000,0
GRID,4241,0,14.655161,12.518839,-0.500000,0
GRID,4242,0,14.712126,12.369323,-0.500000,0
GRID,4243,0,14.769091,12.219807,-0.500000,0
GRID,4244,0,14.826057,12.070291,-0.500000,0
GRID,4245,0,14.883022,11.920776,-0.500000,0
GRID,4246,0,14.939987,11.771260,-0.500000,0
GRID,4247,0,14.996952,11.621744,-0.500000,0
GRID,4248,0,15.053918,11.472228,-0.500000,0
GRID,4249,0,15.110883,11.322713,-0.500000,0
GRID,4250,0,15.167848,11.173197,-0.500000,0
GRID,4251,0,15.224813,11.023681,-0.500000,0
GRID,4252,0,15.281779,10.874165,-0.500000,0
GRID,4253,0,15.338744,10.724650,-0.500000,0
GRID,4254,0,15.395709,10.575134,-0.500000,0
GRID,4255,0,15.452674,10.425618,-0.500000,0
GRID,4256,0,15.509640,10.276102,-0.500000,0
GRID,4257,0,15.566605,10.126587,-0.500000,0
GRID,4258,0,15.623570,9.977071,-0.500000,0
GRID,4259,0,15.680535,9.827555,-0.500000,0
GRID,4260,0,15.737501,9.678039,-0.500000,0
GRID,4261,0,15.794466,9.528524,-0.500000,0
GRID,4262,0,15.851431,9.379008,-0.500000,0
GRID,4263,0,15.908396,9.229492,-0.500000,0
GRID,4264,0,14.754366,13.241513,-0.500000,0
GRID,4265,0,16.266025,9.273885,-0.500000,0
GRID,4266,0,14.811331,13.091997,-0.500000,0
GRID,4267,0,14.868296,12.942482,-0.500000,0
GRID,4268,0,14.925261,12.792966,-0.500000,0
GRID,4269,0,14.982227,12.643450,-0.500000,0
GRID,4270,0,15.039192,12.493934,-0.500000,0
GRID,4271,0,15.096157,12.344419,-0.500000,0
GRID,4272,0,15.153122,12.194903,-0.500000,0
GRID,4273,0,15.210088,12.045387,-0.500000,0
GRID,4274,0,15.267053,11.895871,-0.500000,0
GRID,4275,0,15.324018,11.746356,-0.500000,0
GRID,4276,0,15.380983,11.596840,-0.500000,0
GRID,4277,0,15.437949,11.447324,-0.500000,0
GRID,4278,0,15.494914,11.297808,-0.500000,0
GRID,4279,0,15.551879,11.148293,-0.500000,0
GRID,4280,0,15.608844,10.998777,-0.500000,0
GRID,4281,0,15.665810,10.849261,-0.500000,0
GRID,4282,0,15.722775,10.699745,-0.500000,0
GRID,4283,0,15.779740,10.550230,-0.500000,0
GRID,4284,0,15.836705,10.400714,-0.500000,0
GRID,4285,0,15.893671,10.251198,-0.500000,0
GRID,4286,0,15.950636,10.101682,-0.500000,0
GRID,4287,0,16.007601,9.952167,-0.500000,0
GRID,4288,0,16.064566,9.802651,-0.500000,0
GRID,4289,0,16.121532,9.653135,-0.500000,0
GRID,4290,0,16.178497,9.503619,-0.500000,0
GRID,4291,0,16.235462,9.354104,-0.500000,0
GRID,4292,0,15.081431,13.366125,-0.500000,0
GRID,4293,0,16.573130,9.450887,-0.500000,0
GRID,4294,0,15.138397,13.216609,-0.500000,0
GRID,4295,0,15.195362,13.067093,-0.500000,0
GRID,4296,0,15.252327,12.917577,-0.500000,0
GRID,4297,0,15.309292,12.768062,-0.500000,0
GRID,4298,0,15.366258,12.618546,-0.500000,0
GRID,4299,0,15.423223,12.469030,-0.500000,0
GRID,4300,0,15.480188,12.319514,-0.500000,0
GRID,4301,0,15.537153,12.169999,-0.500000,0
GRID,4302,0,15.594119,12.020483,-0.500000,0
GRID,4303,0,15.651084,11.870967,-0.500000,0
GRID,4304,0,15.708049,11.721451,-0.500000,0
GRID,4305,0,15.765014,11.571936,-0.500000,0
GRID,4306,0,15.821980,11.422420,-0.500000,0
GRID,4307,0,15.878945,11.272904,-0.500000,0
GRID,4308,0,15.935910,11.123388,-0.500000,0
GRID,4309,0,15.992875,10.973873,-0.500000,0
GRID,4310,0,16.049841,10.824357,-0.500000,0
GRID,4311,0,16.106806,10.674841,-0.500000,0
GRID,4312,0,16.163771,10.525325,-0.500000,0
GRID,4313,0,16.220736,10.375810,-0.500000,0
GRID,4314,0,16.277702,10.226294,-0.500000,0
GRID,4315,0,16.334667,10.076778,-0.500000,0
GRID,4316,0,16.391632,9.927262,-0.500000,0
GRID,4317,0,16.448597,9.777747,-0.500000,0
GRID,4318,0,16.505562,9.628231,-0.500000,0
GRID,4319,0,16.562528,9.478715,-0.500000,0
GRID,4320,0,15.408497,13.490736,-0.500000,0
GRID,4321,0,16.880235,9.627889,-0.500000,0
GRID,4322,0,15.465462,13.341220,-0.500000,0
GRID,4323,0,15.522428,13.191705,-0.500000,0
GRID,4324,0,15.579393,13.042189,-0.500000,0
GRID,4325,0,15.636358,12.892673,-0.500000,0
GRID,4326,0,15.693323,12.743157,-0.500000,0
GRID,4327,0,15.750289,12.593642,-0.500000,0
GRID,4328,0,15.807254,12.444126,-0.500000,0
GRID,4329,0,15.864219,12.294610,-0.500000,0
GRID,4330,0,15.921184,12.145094,-0.500000,0
GRID,4331,0,15.978150,11.995579,-0.500000,0
GRID,4332,0,16.035115,11.846063,-0.500000,0
GRID,4333,0,16.092080,11.696547,-0.500000,0
GRID,4334,0,16.149045,11.547031,-0.500000,0
GRID,4335,0,16.206010,11.397516,-0.500000,0
GRID,4336,0,16.262976,11.248000,-0.500000,0
GRID,4337,0,16.319941,11.098484,-0.500000,0
GRID,4338,0,16.376906,10.948968,-0.500000,0
GRID,4339,0,16.433871,10.799453,-0.500000,0
GRID,4340,0,16.490837,10.649937,-0.500000,0
GRID,4341,0,16.547802,10.500421,-0.500000,0
GRID,4342,0,16.604767,10.350905,-0.500000,0
GRID,4343,0,16.661732,10.201390,-0.500000,0
GRID,4344,0,16.718698,10.051874,-0.500000,0
GRID,4345,0,16.775663,9.902358,-0.500000,0
GRID,4346,0,16.832628,9.752842,-0.500000,0
GRID,4347,0,15.735563,13.615348,-0.500000,0
GRID,4348,0,17.187340,9.804891,-0.500000,0
GRID,4349,0,15.792528,13.465832,-0.500000,0
GRID,4350,0,15.849493,13.316316,-0.500000,0
GRID,4351,0,15.906458,13.166800,-0.500000,0
GRID,4352,0,15.963424,13.017285,-0.500000,0
GRID,4353,0,16.020389,12.867769,-0.500000,0
GRID,4354,0,16.077354,12.718253,-0.500000,0
GRID,4355,0,16.134319,12.568737,-0.500000,0
GRID,4356,0,16.191285,12.419222,-0.500000,0
GRID,4357,0,16.248250,12.269706,-0.500000,0
GRID,4358,0,16.305215,12.120190,-0.500000,0
GRID,4359,0,16.362180,11.970674,-0.500000,0
GRID,4360,0,16.419146,11.821159,-0.500000,0
GRID,4361,0,16.476111,11.671643,-0.500000,0
GRID,4362,0,16.533076,11.522127,-0.500000,0
GRID,4363,0,16.590041,11.372611,-0.500000,0
GRID,4364,0,16.647007,11.223096,-0.500000,0
GRID,4365,0,16.703972,11.073580,-0.500000,0
GRID,4366,0,16.760937,10.924064,-0.500000,0
GRID,4367,0,16.817902,10.774548,-0.500000,0
GRID,4368,0,16.874868,10.625033,-0.500000,0
GRID,4369,0,16.931833,10.475517,-0.500000,0
GRID,4370,0,16.988798,10.326001,-0.500000,0
GRID,4371,0,17.045763,10.176485,-0.500000,0
GRID,4372,0,17.102729,10.026970,-0.500000,0
GRID,4373,0,17.159694,9.877454,-0.500000,0
GRID,4374,0,16.062628,13.739959,-0.500000,0
GRID,4375,0,17.494445,9.981893,-0.500000,0
GRID,4376,0,16.119594,13.590443,-0.500000,0
GRID,4377,0,16.176559,13.440928,-0.500000,0
GRID,4378,0,16.233524,13.291412,-0.500000,0
GRID,4379,0,16.290489,13.141896,-0.500000,0
GRID,4380,0,16.347455,12.992380,-0.500000,0
GRID,4381,0,16.404420,12.842865,-0.500000,0
GRID,4382,0,16.461385,12.693349,-0.500000,0
GRID,4383,0,16.518350,12.543833,-0.500000,0
GRID,4384,0,16.575316,12.394317,-0.500000,0
GRID,4385,0,16.632281,12.244802,-0.500000,0
GRID,4386,0,16.689246,12.095286,-0.500000,0
GRID,4387,0,16.746211,11.945770,-0.500000,0
GRID,4388,0,16.803177,11.796254,-0.500000,0
GRID,4389,0,16.860142,11.646739,-0.500000,0
GRID,4390,0,16.917107,11.497223,-0.500000,0
GRID,4391,0,16.974072,11.347707,-0.500000,0
GRID,4392,0,17.031038,11.198191,-0.500000,0
GRID,4393,0,17.088003,11.048676,-0.500000,0
GRID,4394,0,17.144968,10.899160,-0.500000,0
GRID,4395,0,17.201933,10.749644,-0.500000,0
GRID,4396,0,17.258899,10.600128,-0.500000,0
GRID,4397,0,17.315864,10.450613,-0.500000,0
GRID,4398,0,17.372829,10.301097,-0.500000,0
GRID,4399,0,17.429794,10.151581,-0.500000,0
GRID,4400,0,17.486760,10.002065,-0.500000,0
GRID,4401,0,16.389694,13.864571,-0.500000,0
GRID,4402,0,17.801550,10.158895,-0.500000,0
GRID,4403,0,16.446659,13.715055,-0.500000,0
GRID,4404,0,16.503625,13.565539,-0.500000,0
GRID,4405,0,16.560590,13.416023,-0.500000,0
GRID,4406,0,16.617555,13.266508,-0.500000,0
GRID,4407,0,16.674520,13.116992,-0.500000,0
GRID,4408,0,16.731486,12.967476,-0.500000,0
GRID,4409,0,16.788451,12.817960,-0.500000,0
GRID,4410,0,16.845416,12.668445,-0.500000,0
GRID,4411,0,16.902381,12.518929,-0.500000,0
GRID,4412,0,16.959347,12.369413,-0.500000,0
GRID,4413,0,17.016312,12.219897,-0.500000,0
GRID,4414,0,17.073277,12.070382,-0.500000,0
GRID,4415,0,17.130242,11.920866,-0.500000,0
GRID,4416,0,17.187208,11.771350,-0.500000,0
GRID,4417,0,17.244173,11.621834,-0.500000,0
GRID,4418,0,17.301138,11.472319,-0.500000,0
GRID,4419,0,17.358103,11.322803,-0.500000,0
GRID,4420,0,17.415069,11.173287,-0.500000,0
GRID,4421,0,17.472034,11.023771,-0.500000,0
GRID,4422,0,17.528999,10.874256,-0.500000,0
GRID,4423,0,17.585964,10.724740,-0.500000,0
GRID,4424,0,17.642930,10.575224,-0.500000,0
GRID,4425,0,17.699895,10.425708,-0.500000,0
GRID,4426,0,17.756860,10.276193,-0.500000,0
GRID,4427,0,16.716760,13.989182,-0.500000,0
GRID,4428,0,18.108655,10.335897,-0.500000,0
GRID,4429,0,16.773725,13.839666,-0.500000,0
GRID,4430,0,16.830690,13.690151,-0.500000,0
GRID,4431,0,16.887656,13.540635,-0.500000,0
GRID,4432,0,16.944621,13.391119,-0.500000,0
GRID,4433,0,17.001586,13.241603,-0.500000,0
GRID,4434,0,17.058551,13.092088,-0.500000,0
GRID,4435,0,17.115517,12.942572,-0.500000,0
GRID,4436,0,17.172482,12.793056,-0.500000,0
GRID,4437,0,17.229447,12.643540,-0.500000,0
GRID,4438,0,17.286412,12.494025,-0.500000,0
GRID,4439,0,17.343378,12.344509,-0.500000,0
GRID,4440,0,17.400343,12.194993,-0.500000,0
GRID,4441,0,17.457308,12.045477,-0.500000,0
GRID,4442,0,17.514273,11.895962,-0.500000,0
GRID,4443,0,17.571239,11.746446,-0.500000,0
GRID,4444,0,17.628204,11.596930,-0.500000,0
GRID,4445,0,17.685169,11.447414,-0.500000,0
GRID,4446,0,17.742134,11.297899,-0.500000,0
GRID,4447,0,17.799100,11.148383,-0.500000,0
GRID,4448,0,17.856065,10.998867,-0.500000,0
GRID,4449,0,17.913030,10.849351,-0.500000,0
GRID,4450,0,17.969995,10.699835,-0.500000,0
GRID,4451,0,18.026961,10.550320,-0.500000,0
GRID,4452,0,18.083926,10.400804,-0.500000,0
GRID,4453,0,17.043826,14.113794,-0.500000,0
GRID,4454,0,18.415760,10.512899,-0.500000,0
GRID,4455,0,17.100791,13.964278,-0.500000,0
GRID,4456,0,17.157756,13.814762,-0.500000,0
GRID,4457,0,17.214721,13.665246,-0.500000,0
GRID,4458,0,17.271687,13.515731,-0.500000,0
GRID,4459,0,17.328652,13.366215,-0.500000,0
GRID,4460,0,17.385617,13.216699,-0.500000,0
GRID,4461,0,17.442582,13.067183,-0.500000,0
GRID,4462,0,17.499548,12.917668,-0.500000,0
GRID,4463,0,17.556513,12.768152,-0.500000,0
GRID,4464,0,17.613478,12.618636,-0.500000,0
GRID,4465,0,17.670443,12.469120,-0.500000,0
GRID,4466,0,17.727409,12.319605,-0.500000,0
GRID,4467,0,17.784374,12.170089,-0.500000,0
GRID,4468,0,17.841339,12.020573,-0.500000,0
GRID,4469,0,17.898304,11.871057,-0.500000,0
GRID,4470,0,17.955270,11.721541,-0.500000,0
GRID,4471,0,18.012235,11.572026,-0.500000,0
GRID,4472,0,18.069200,11.422510,-0.500000,0
GRID,4473,0,18.126165,11.272994,-0.500000,0
GRID,4474,0,18.183131,11.123478,-0.500000,0
GRID,4475,0,18.240096,10.973963,-0.500000,0
GRID,4476,0,18.297061,10.824447,-0.500000,0
GRID,4477,0,18.354026,10.674931,-0.500000,0
GRID,4478,0,18.410992,10.525415,-0.500000,0
GRID,4479,0,17.370891,14.238405,-0.500000,0
GRID,4480,0,18.722865,10.689900,-0.500000,0
GRID,4481,0,17.427857,14.088889,-0.500000,0
GRID,4482,0,17.484822,13.939374,-0.500000,0
GRID,4483,0,17.541787,13.789858,-0.500000,0
GRID,4484,0,17.598752,13.640342,-0.500000,0
GRID,4485,0,17.655718,13.490826,-0.500000,0
GRID,4486,0,17.712683,13.341311,-0.500000,0
GRID,4487,0,17.769648,13.191795,-0.500000,0
GRID,4488,0,17.826613,13.042279,-0.500000,0
GRID,4489,0,17.883579,12.892763,-0.500000,0
GRID,4490,0,17.940544,12.743247,-0.500000,0
GRID,4491,0,17.997509,12.593732,-0.500000,0
GRID,4492,0,18.054474,12.444216,-0.500000,0
GRID,4493,0,18.111440,12.294700,-0.500000,0
GRID,4494,0,18.168405,12.145184,-0.500000,0
GRID,4495,0,18.225370,11.995669,-0.500000,0
GRID,4496,0,18.282335,11.846153,-0.500000,0
GRID,4497,0,18.339301,11.696637,-0.500000,0
GRID,4498,0,18.396266,11.547121,-0.500000,0
GRID,4499,0,18.453231,11.397606,-0.500000,0
GRID,4500,0,18.510196,11.248090,-0.500000,0
GRID,4501,0,18.567161,11.098574,-0.500000,0
GRID,4502,0,18.624127,10.949058,-0.500000,0
GRID,4503,0,18.681092,10.799543,-0.500000,0
GRID,4504,0,17.697957,14.363017,-0.500000,0
GRID,4505,0,19.029971,10.866902,-0.500000,0
GRID,4506,0,17.754922,14.213501,-0.500000,0
GRID,4507,0,17.811888,14.063985,-0.500000,0
GRID,4508,0,17.868853,13.914469,-0.500000,0
GRID,4509,0,17.925818,13.764953,-0.500000,0
GRID,4510,0,17.982783,13.615438,-0.500000,0
GRID,4511,0,18.039748,13.465922,-0.500000,0
GRID,4512,0,18.096714,13.316406,-0.500000,0
GRID,4513,0,18.153679,13.166890,-0.500000,0
GRID,4514,0,18.210644,13.017375,-0.500000,0
GRID,4515,0,18.267609,12.867859,-0.500000,0
GRID,4516,0,18.324575,12.718343,-0.500000,0
GRID,4517,0,18.381540,12.568827,-0.500000,0
GRID,4518,0,18.438505,12.419312,-0.500000,0
GRID,4519,0,18.495470,12.269796,-0.500000,0
GRID,4520,0,18.552436,12.120280,-0.500000,0
GRID,4521,0,18.609401,11.970764,-0.500000,0
GRID,4522,0,18.666366,11.821249,-0.500000,0
GRID,4523,0,18.723331,11.671733,-0.500000,0
GRID,4524,0,18.780297,11.522217,-0.500000,0
GRID,4525,0,18.837262,11.372701,-0.500000,0
GRID,4526,0,18.894227,11.223186,-0.500000,0
GRID,4527,0,18.951192,11.073670,-0.500000,0
GRID,4528,0,19.008158,10.924154,-0.500000,0
GRID,4529,0,18.025023,14.487628,-0.500000,0
GRID,4530,0,19.337076,11.043904,-0.500000,0
GRID,4531,0,18.081988,14.338112,-0.500000,0
GRID,4532,0,18.138953,14.188596,-0.500000,0
GRID,4533,0,18.195918,14.039081,-0.500000,0
GRID,4534,0,18.252884,13.889565,-0.500000,0
GRID,4535,0,18.309849,13.740049,-0.500000,0
GRID,4536,0,18.366814,13.590533,-0.500000,0
GRID,4537,0,18.423779,13.441018,-0.500000,0
GRID,4538,0,18.480745,13.291502,-0.500000,0
GRID,4539,0,18.537710,13.141986,-0.500000,0
GRID,4540,0,18.594675,12.992470,-0.500000,0
GRID,4541,0,18.651640,12.842955,-0.500000,0
GRID,4542,0,18.708606,12.693439,-0.500000,0
GRID,4543,0,18.765571,12.543923,-0.500000,0
GRID,4544,0,18.822536,12.394407,-0.500000,0
GRID,4545,0,18.879501,12.244892,-0.500000,0
GRID,4546,0,18.936467,12.095376,-0.500000,0
GRID,4547,0,18.993432,11.945860,-0.500000,0
GRID,4548,0,19.050397,11.796344,-0.500000,0
GRID,4549,0,19.107362,11.646829,-0.500000,0
GRID,4550,0,19.164328,11.497313,-0.500000,0
GRID,4551,0,19.221293,11.347797,-0.500000,0
GRID,4552,0,19.278258,11.198281,-0.500000,0
GRID,4553,0,19.335223,11.048766,-0.500000,0
GRID,4554,0,18.352088,14.612239,-0.500000,0
GRID,4555,0,19.644181,11.220906,-0.500000,0
GRID,4556,0,18.409054,14.462724,-0.500000,0
GRID,4557,0,18.466019,14.313208,-0.500000,0
GRID,4558,0,18.522984,14.163692,-0.500000,0
GRID,4559,0,18.579949,14.014176,-0.500000,0
GRID,4560,0,18.636915,13.864661,-0.500000,0
GRID,4561,0,18.693880,13.715145,-0.500000,0
GRID,4562,0,18.750845,13.565629,-0.500000,0
GRID,4563,0,18.807810,13.416113,-0.500000,0
GRID,4564,0,18.864776,13.266598,-0.500000,0
GRID,4565,0,18.921741,13.117082,-0.500000,0
GRID,4566,0,18.978706,12.967566,-0.500000,0
GRID,4567,0,19.035671,12.818050,-0.500000,0
GRID,4568,0,19.092637,12.668535,-0.500000,0
GRID,4569,0,19.149602,12.519019,-0.500000,0
GRID,4570,0,19.206567,12.369503,-0.500000,0
GRID,4571,0,19.263532,12.219987,-0.500000,0
GRID,4572,0,19.320498,12.070472,-0.500000,0
GRID,4573,0,19.377463,11.920956,-0.500000,0
GRID,4574,0,19.434428,11.771440,-0.500000,0
GRID,4575,0,19.491393,11.621924,-0.500000,0
GRID,4576,0,19.548359,11.472409,-0.500000,0
GRID,4577,0,19.605324,11.322893,-0.500000,0
GRID,4578,0,18.679154,14.736851,-0.500000,0
GRID,4579,0,19.951286,11.397908,-0.500000,0
GRID,4580,0,18.736119,14.587335,-0.500000,0
GRID,4581,0,18.793085,14.437819,-0.500000,0
GRID,4582,0,18.850050,14.288304,-0.500000,0
GRID,4583,0,18.907015,14.138788,-0.500000,0
GRID,4584,0,18.963980,13.989272,-0.500000,0
GRID,4585,0,19.020946,13.839756,-0.500000,0
GRID,4586,0,19.077911,13.690241,-0.500000,0
GRID,4587,0,19.134876,13.540725,-0.500000,0
GRID,4588,0,19.191841,13.391209,-0.500000,0
GRID,4589,0,19.248807,13.241693,-0.500000,0
GRID,4590,0,19.305772,13.092178,-0.500000,0
GRID,4591,0,19.362737,12.942662,-0.500000,0
GRID,4592,0,19.419702,12.793146,-0.500000,0
GRID,4593,0,19.476668,12.643630,-0.500000,0
GRID,4594,0,19.533633,12.494115,-0.500000,0
GRID,4595,0,19.590598,12.344599,-0.500000,0
GRID,4596,0,19.647563,12.195083,-0.500000,0
GRID,4597,0,19.704529,12.045567,-0.500000,0
GRID,4598,0,19.761494,11.896052,-0.500000,0
GRID,4599,0,19.818459,11.746536,-0.500000,0
GRID,4600,0,19.875424,11.597020,-0.500000,0
GRID,4601,0,19.932390,11.447504,-0.500000,0
GRID,4602,0,19.006220,14.861462,-0.500000,0
GRID,4603,0,20.258391,11.574910,-0.500000,0
GRID,4604,0,19.063185,14.711947,-0.500000,0
GRID,4605,0,19.120150,14.562431,-0.500000,0
GRID,4606,0,19.177116,14.412915,-0.500000,0
GRID,4607,0,19.234081,14.263399,-0.500000,0
GRID,4608,0,19.291046,14.113884,-0.500000,0
GRID,4609,0,19.348011,13.964368,-0.500000,0
GRID,4610,0,19.404977,13.814852,-0.500000,0
GRID,4611,0,19.461942,13.665336,-0.500000,0
GRID,4612,0,19.518907,13.515821,-0.500000,0
GRID,4613,0,19.575872,13.366305,-0.500000,0
GRID,4614,0,19.632838,13.216789,-0.500000,0
GRID,4615,0,19.689803,13.067273,-0.500000,0
GRID,4616,0,19.746768,12.917758,-0.500000,0
GRID,4617,0,19.803733,12.768242,-0.500000,0
GRID,4618,0,19.860699,12.618726,-0.500000,0
GRID,4619,0,19.917664,12.469210,-0.500000,0
GRID,4620,0,19.974629,12.319695,-0.500000,0
GRID,4621,0,20.031594,12.170179,-0.500000,0
GRID,4622,0,20.088560,12.020663,-0.500000,0
GRID,4623,0,20.145525,11.871147,-0.500000,0
GRID,4624,0,20.202490,11.721632,-0.500000,0
GRID,4625,0,19.333286,14.986074,-0.500000,0
GRID,4626,0,20.565496,11.751912,-0.500000,0
GRID,4627,0,19.390251,14.836558,-0.500000,0
GRID,4628,0,19.447216,14.687042,-0.500000,0
GRID,4629,0,19.504181,14.537527,-0.500000,0
GRID,4630,0,19.561147,14.388011,-0.500000,0
GRID,4631,0,19.618112,14.238495,-0.500000,0
GRID,4632,0,19.675077,14.088979,-0.500000,0
GRID,4633,0,19.732042,13.939464,-0.500000,0
GRID,4634,0,19.789008,13.789948,-0.500000,0
GRID,4635,0,19.845973,13.640432,-0.500000,0
GRID,4636,0,19.902938,13.490916,-0.500000,0
GRID,4637,0,19.959903,13.341401,-0.500000,0
GRID,4638,0,20.016869,13.191885,-0.500000,0
GRID,4639,0,20.073834,13.042369,-0.500000,0
GRID,4640,0,20.130799,12.892853,-0.500000,0
GRID,4641,0,20.187764,12.743338,-0.500000,0
GRID,4642,0,20.244730,12.593822,-0.500000,0
GRID,4643,0,20.301695,12.444306,-0.500000,0
GRID,4644,0,20.358660,12.294790,-0.500000,0
GRID,4645,0,20.415625,12.145275,-0.500000,0
GRID,4646,0,20.472591,11.995759,-0.500000,0
GRID,4647,0,20.529556,11.846243,-0.500000,0
GRID,4648,0,19.660351,15.110685,-0.500000,0
GRID,4649,0,20.872601,11.928914,-0.500000,0
GRID,4650,0,19.717317,14.961170,-0.500000,0
GRID,4651,0,19.774282,14.811654,-0.500000,0
GRID,4652,0,19.831247,14.662138,-0.500000,0
GRID,4653,0,19.888212,14.512622,-0.500000,0
GRID,4654,0,19.945178,14.363107,-0.500000,0
GRID,4655,0,20.002143,14.213591,-0.500000,0
GRID,4656,0,20.059108,14.064075,-0.500000,0
GRID,4657,0,20.116073,13.914559,-0.500000,0
GRID,4658,0,20.173039,13.765044,-0.500000,0
GRID,4659,0,20.230004,13.615528,-0.500000,0
GRID,4660,0,20.286969,13.466012,-0.500000,0
GRID,4661,0,20.343934,13.316496,-0.500000,0
GRID,4662,0,20.400899,13.166981,-0.500000,0
GRID,4663,0,20.457865,13.017465,-0.500000,0
GRID,4664,0,20.514830,12.867949,-0.500000,0
GRID,4665,0,20.571795,12.718433,-0.500000,0
GRID,4666,0,20.628760,12.568918,-0.500000,0
GRID,4667,0,20.685726,12.419402,-0.500000,0
GRID,4668,0,20.742691,12.269886,-0.500000,0
GRID,4669,0,20.799656,12.120370,-0.500000,0
GRID,4670,0,20.856621,11.970855,-0.500000,0
GRID,4671,0,19.987417,15.235297,-0.500000,0
GRID,4672,0,21.179706,12.105916,-0.500000,0
GRID,4673,0,20.044382,15.085781,-0.500000,0
GRID,4674,0,20.101347,14.936265,-0.500000,0
GRID,4675,0,20.158313,14.786750,-0.500000,0
GRID,4676,0,20.215278,14.637234,-0.500000,0
GRID,4677,0,20.272243,14.487718,-0.500000,0
GRID,4678,0,20.329208,14.338202,-0.500000,0
GRID,4679,0,20.386174,14.188687,-0.500000,0
GRID,4680,0,20.443139,14.039171,-0.500000,0
GRID,4681,0,20.500104,13.889655,-0.500000,0
GRID,4682,0,20.557069,13.740139,-0.500000,0
GRID,4683,0,20.614035,13.590624,-0.500000,0
GRID,4684,0,20.671000,13.441108,-0.500000,0
GRID,4685,0,20.727965,13.291592,-0.500000,0
GRID,4686,0,20.784930,13.142076,-0.500000,0
GRID,4687,0,20.841896,12.992561,-0.500000,0
GRID,4688,0,20.898861,12.843045,-0.500000,0
GRID,4689,0,20.955826,12.693529,-0.500000,0
GRID,4690,0,21.012791,12.544013,-0.500000,0
GRID,4691,0,21.069757,12.394498,-0.500000,0
GRID,4692,0,21.126722,12.244982,-0.500000,0
GRID,4693,0,20.314483,15.359908,-0.500000,0
GRID,4694,0,21.486811,12.282918,-0.500000,0
GRID,4695,0,20.371448,15.210393,-0.500000,0
GRID,4696,0,20.428413,15.060877,-0.500000,0
GRID,4697,0,20.485378,14.911361,-0.500000,0
GRID,4698,0,20.542344,14.761845,-0.500000,0
GRID,4699,0,20.599309,14.612330,-0.500000,0
GRID,4700,0,20.656274,14.462814,-0.500000,0
GRID,4701,0,20.713239,14.313298,-0.500000,0
GRID,4702,0,20.770205,14.163782,-0.500000,0
GRID,4703,0,20.827170,14.014267,-0.500000,0
GRID,4704,0,20.884135,13.864751,-0.500000,0
GRID,4705,0,20.941100,13.715235,-0.500000,0
GRID,4706,0,20.998066,13.565719,-0.500000,0
GRID,4707,0,21.055031,13.416204,-0.500000,0
GRID,4708,0,21.111996,13.266688,-0.500000,0
GRID,4709,0,21.168961,13.117172,-0.500000,0
GRID,4710,0,21.225927,12.967656,-0.500000,0
GRID,4711,0,21.282892,12.818141,-0.500000,0
GRID,4712,0,21.339857,12.668625,-0.500000,0
GRID,4713,0,21.396822,12.519109,-0.500000,0
GRID,4714,0,21.453788,12.369593,-0.500000,0
GRID,4715,0,20.641548,15.484520,-0.500000,0
GRID,4716,0,21.793916,12.459920,-0.500000,0
GRID,4717,0,20.698514,15.335004,-0.500000,0
GRID,4718,0,20.755479,15.185488,-0.500000,0
GRID,4719,0,20.812444,15.035973,-0.500000,0
GRID,4720,0,20.869409,14.886457,-0.500000,0
GRID,4721,0,20.926375,14.736941,-0.500000,0
GRID,4722,0,20.983340,14.587425,-0.500000,0
GRID,4723,0,21.040305,14.437910,-0.500000,0
GRID,4724,0,21.097270,14.288394,-0.500000,0
GRID,4725,0,21.154236,14.138878,-0.500000,0
GRID,4726,0,21.211201,13.989362,-0.500000,0
GRID,4727,0,21.268166,13.839847,-0.500000,0
GRID,4728,0,21.325131,13.690331,-0.500000,0
GRID,4729,0,21.382097,13.540815,-0.500000,0
GRID,4730,0,21.439062,13.391299,-0.500000,0
GRID,4731,0,21.496027,13.241784,-0.500000,0
GRID,4732,0,21.552992,13.092268,-0.500000,0
GRID,4733,0,21.609958,12.942752,-0.500000,0
GRID,4734,0,21.666923,12.793236,-0.500000,0
GRID,4735,0,21.723888,12.643720,-0.500000,0
GRID,4736,0,21.780853,12.494205,-0.500000,0
GRID,4737,0,20.968614,15.609131,-0.500000,0
GRID,4738,0,22.101021,12.636922,-0.500000,0
GRID,4739,0,21.025579,15.459616,-0.500000,0
GRID,4740,0,21.082545,15.310100,-0.500000,0
GRID,4741,0,21.139510,15.160584,-0.500000,0
GRID,4742,0,21.196475,15.011068,-0.500000,0
GRID,4743,0,21.253440,14.861553,-0.500000,0
GRID,4744,0,21.310406,14.712037,-0.500000,0
GRID,4745,0,21.367371,14.562521,-0.500000,0
GRID,4746,0,21.424336,14.413005,-0.500000,0
GRID,4747,0,21.481301,14.263490,-0.500000,0
GRID,4748,0,21.538267,14.113974,-0.500000,0
GRID,4749,0,21.595232,13.964458,-0.500000,0
GRID,4750,0,21.652197,13.814942,-0.500000,0
GRID,4751,0,21.709162,13.665426,-0.500000,0
GRID,4752,0,21.766128,13.515911,-0.500000,0
GRID,4753,0,21.823093,13.366395,-0.500000,0
GRID,4754,0,21.880058,13.216879,-0.500000,0
GRID,4755,0,21.937023,13.067363,-0.500000,0
GRID,4756,0,21.993989,12.917848,-0.500000,0
GRID,4757,0,22.050954,12.768332,-0.500000,0
GRID,4758,0,21.295680,15.733743,-0.500000,0
GRID,4759,0,22.408126,12.813924,-0.500000,0
GRID,4760,0,21.352645,15.584227,-0.500000,0
GRID,4761,0,21.409610,15.434711,-0.500000,0
GRID,4762,0,21.466576,15.285196,-0.500000,0
GRID,4763,0,21.523541,15.135680,-0.500000,0
GRID,4764,0,21.580506,14.986164,-0.500000,0
GRID,4765,0,21.637471,14.836648,-0.500000,0
GRID,4766,0,21.694437,14.687132,-0.500000,0
GRID,4767,0,21.751402,14.537617,-0.500000,0
GRID,4768,0,21.808367,14.388101,-0.500000,0
GRID,4769,0,21.865332,14.238585,-0.500000,0
GRID,4770,0,21.922298,14.089069,-0.500000,0
GRID,4771,0,21.979263,13.939554,-0.500000,0
GRID,4772,0,22.036228,13.790038,-0.500000,0
GRID,4773,0,22.093193,13.640522,-0.500000,0
GRID,4774,0,22.150159,13.491006,-0.500000,0
GRID,4775,0,22.207124,13.341491,-0.500000,0
GRID,4776,0,22.264089,13.191975,-0.500000,0
GRID,4777,0,22.321054,13.042459,-0.500000,0
GRID,4778,0,22.378020,12.892943,-0.500000,0
GRID,4779,0,21.622746,15.858354,-0.500000,0
GRID,4780,0,22.715231,12.990926,-0.500000,0
GRID,4781,0,21.679711,15.708838,-0.500000,0
GRID,4782,0,21.736676,15.559323,-0.500000,0
GRID,4783,0,21.793641,15.409807,-0.500000,0
GRID,4784,0,21.850607,15.260291,-0.500000,0
GRID,4785,0,21.907572,15.110775,-0.500000,0
GRID,4786,0,21.964537,14.961260,-0.500000,0
GRID,4787,0,22.021502,14.811744,-0.500000,0
GRID,4788,0,22.078468,14.662228,-0.500000,0
GRID,4789,0,22.135433,14.512712,-0.500000,0
GRID,4790,0,22.192398,14.363197,-0.500000,0
GRID,4791,0,22.249363,14.213681,-0.500000,0
GRID,4792,0,22.306329,14.064165,-0.500000,0
GRID,4793,0,22.363294,13.914649,-0.500000,0
GRID,4794,0,22.420259,13.765134,-0.500000,0
GRID,4795,0,22.477224,13.615618,-0.500000,0
GRID,4796,0,22.534190,13.466102,-0.500000,0
GRID,4797,0,22.591155,13.316586,-0.500000,0
GRID,4798,0,22.648120,13.167071,-0.500000,0
GRID,4799,0,22.705085,13.017555,-0.500000,0
GRID,4800,0,21.949811,15.982966,-0.500000,0
GRID,4801,0,23.022336,13.167928,-0.500000,0
GRID,4802,0,22.006777,15.833450,-0.500000,0
GRID,4803,0,22.063742,15.683934,-0.500000,0
GRID,4804,0,22.120707,15.534418,-0.500000,0
GRID,4805,0,22.177672,15.384903,-0.500000,0
GRID,4806,0,22.234637,15.235387,-0.500000,0
GRID,4807,0,22.291603,15.085871,-0.500000,0
GRID,4808,0,22.348568,14.936355,-0.500000,0
GRID,4809,0,22.405533,14.786840,-0.500000,0
GRID,4810,0,22.462498,14.637324,-0.500000,0
GRID,4811,0,22.519464,14.487808,-0.500000,0
GRID,4812,0,22.576429,14.338292,-0.500000,0
GRID,4813,0,22.633394,14.188777,-0.500000,0
GRID,4814,0,22.690359,14.039261,-0.500000,0
GRID,4815,0,22.747325,13.889745,-0.500000,0
GRID,4816,0,22.804290,13.740229,-0.500000,0
GRID,4817,0,22.861255,13.590714,-0.500000,0
GRID,4818,0,22.918220,13.441198,-0.500000,0
GRID,4819,0,22.975186,13.291682,-0.500000,0
GRID,4820,0,22.276877,16.107577,-0.500000,0
GRID,4821,0,23.329441,13.344930,-0.500000,0
GRID,4822,0,22.333842,15.958061,-0.500000,0
GRID,4823,0,22.390807,15.808546,-0.500000,0
GRID,4824,0,22.447773,15.659030,-0.500000,0
GRID,4825,0,22.504738,15.509514,-0.500000,0
GRID,4826,0,22.561703,15.359998,-0.500000,0
GRID,4827,0,22.618668,15.210483,-0.500000,0
GRID,4828,0,22.675634,15.060967,-0.500000,0
GRID,4829,0,22.732599,14.911451,-0.500000,0
GRID,4830,0,22.789564,14.761935,-0.500000,0
GRID,4831,0,22.846529,14.612420,-0.500000,0
GRID,4832,0,22.903495,14.462904,-0.500000,0
GRID,4833,0,22.960460,14.313388,-0.500000,0
GRID,4834,0,23.017425,14.163872,-0.500000,0
GRID,4835,0,23.074390,14.014357,-0.500000,0
GRID,4836,0,23.131356,13.864841,-0.500000,0
GRID,4837,0,23.188321,13.715325,-0.500000,0
GRID,4838,0,23.245286,13.565809,-0.500000,0
GRID,4839,0,23.302251,13.416294,-0.500000,0
GRID,4840,0,22.603943,16.232189,-0.500000,0
GRID,4841,0,23.636546,13.521931,-0.500000,0
GRID,4842,0,22.660908,16.082673,-0.500000,0
GRID,4843,0,22.717873,15.933157,-0.500000,0
GRID,4844,0,22.774838,15.783641,-0.500000,0
GRID,4845,0,22.831804,15.634126,-0.500000,0
GRID,4846,0,22.888769,15.484610,-0.500000,0
GRID,4847,0,22.945734,15.335094,-0.500000,0
GRID,4848,0,23.002699,15.185578,-0.500000,0
GRID,4849,0,23.059665,15.036063,-0.500000,0
GRID,4850,0,23.116630,14.886547,-0.500000,0
GRID,4851,0,23.173595,14.737031,-0.500000,0
GRID,4852,0,23.230560,14.587515,-0.500000,0
GRID,4853,0,23.287526,14.438000,-0.500000,0
GRID,4854,0,23.344491,14.288484,-0.500000,0
GRID,4855,0,23.401456,14.138968,-0.500000,0
GRID,4856,0,23.458421,13.989452,-0.500000,0
GRID,4857,0,23.515387,13.839937,-0.500000,0
GRID,4858,0,23.572352,13.690421,-0.500000,0
GRID,4859,0,23.629317,13.540905,-0.500000,0
GRID,4860,0,22.931008,16.356800,-0.500000,0
GRID,4861,0,23.943651,13.698933,-0.500000,0
GRID,4862,0,22.987974,16.207284,-0.500000,0
GRID,4863,0,23.044939,16.057769,-0.500000,0
GRID,4864,0,23.101904,15.908253,-0.500000,0
GRID,4865,0,23.158869,15.758737,-0.500000,0
GRID,4866,0,23.215835,15.609221,-0.500000,0
GRID,4867,0,23.272800,15.459706,-0.500000,0
GRID,4868,0,23.329765,15.310190,-0.500000,0
GRID,4869,0,23.386730,15.160674,-0.500000,0
GRID,4870,0,23.443696,15.011158,-0.500000,0
GRID,4871,0,23.500661,14.861643,-0.500000,0
GRID,4872,0,23.557626,14.712127,-0.500000,0
GRID,4873,0,23.614591,14.562611,-0.500000,0
GRID,4874,0,23.671557,14.413095,-0.500000,0
GRID,4875,0,23.728522,14.263580,-0.500000,0
GRID,4876,0,23.785487,14.114064,-0.500000,0
GRID,4877,0,23.842452,13.964548,-0.500000,0
GRID,4878,0,23.899418,13.815032,-0.500000,0
GRID,4879,0,23.258074,16.481412,-0.500000,0
GRID,4880,0,24.250756,13.875935,-0.500000,0
GRID,4881,0,23.315039,16.331896,-0.500000,0
GRID,4882,0,23.372005,16.182380,-0.500000,0
GRID,4883,0,23.428970,16.032864,-0.500000,0
GRID,4884,0,23.485935,15.883349,-0.500000,0
GRID,4885,0,23.542900,15.733833,-0.500000,0
GRID,4886,0,23.599866,15.584317,-0.500000,0
GRID,4887,0,23.656831,15.434801,-0.500000,0
GRID,4888,0,23.713796,15.285286,-0.500000,0
GRID,4889,0,23.770761,15.135770,-0.500000,0
GRID,4890,0,23.827727,14.986254,-0.500000,0
GRID,4891,0,23.884692,14.836738,-0.500000,0
GRID,4892,0,23.941657,14.687223,-0.500000,0
GRID,4893,0,23.998622,14.537707,-0.500000,0
GRID,4894,0,24.055588,14.388191,-0.500000,0
GRID,4895,0,24.112553,14.238675,-0.500000,0
GRID,4896,0,24.169518,14.089160,-0.500000,0
GRID,4897,0,24.226483,13.939644,-0.500000,0
GRID,4898,0,23.585140,16.606023,-0.500000,0
GRID,4899,0,24.557861,14.052937,-0.500000,0
GRID,4900,0,23.642105,16.456507,-0.500000,0
GRID,4901,0,23.699070,16.306992,-0.500000,0
GRID,4902,0,23.756036,16.157476,-0.500000,0
GRID,4903,0,23.813001,16.007960,-0.500000,0
GRID,4904,0,23.869966,15.858444,-0.500000,0
GRID,4905,0,23.926931,15.708929,-0.500000,0
GRID,4906,0,23.983897,15.559413,-0.500000,0
GRID,4907,0,24.040862,15.409897,-0.500000,0
GRID,4908,0,24.097827,15.260381,-0.500000,0
GRID,4909,0,24.154792,15.110866,-0.500000,0
GRID,4910,0,24.211758,14.961350,-0.500000,0
GRID,4911,0,24.268723,14.811834,-0.500000,0
GRID,4912,0,24.325688,14.662318,-0.500000,0
GRID,4913,0,24.382653,14.512803,-0.500000,0
GRID,4914,0,24.439619,14.363287,-0.500000,0
GRID,4915,0,24.496584,14.213771,-0.500000,0
GRID,4916,0,24.553549,14.064255,-0.500000,0
GRID,4917,0,23.912206,16.730635,-0.500000,0
GRID,4918,0,24.864966,14.229939,-0.500000,0
GRID,4919,0,23.969171,16.581119,-0.500000,0
GRID,4920,0,24.026136,16.431603,-0.500000,0
GRID,4921,0,24.083101,16.282087,-0.500000,0
GRID,4922,0,24.140067,16.132572,-0.500000,0
GRID,4923,0,24.197032,15.983056,-0.500000,0
GRID,4924,0,24.253997,15.833540,-0.500000,0
GRID,4925,0,24.310962,15.684024,-0.500000,0
GRID,4926,0,24.367928,15.534509,-0.500000,0
GRID,4927,0,24.424893,15.384993,-0.500000,0
GRID,4928,0,24.481858,15.235477,-0.500000,0
GRID,4929,0,24.538823,15.085961,-0.500000,0
GRID,4930,0,24.595788,14.936446,-0.500000,0
GRID,4931,0,24.652754,14.786930,-0.500000,0
GRID,4932,0,24.709719,14.637414,-0.500000,0
GRID,4933,0,24.766684,14.487898,-0.500000,0
GRID,4934,0,24.823649,14.338383,-0.500000,0
GRID,4935,0,24.239271,16.855246,-0.500000,0
GRID,4936,0,25.172071,14.406941,-0.500000,0
GRID,4937,0,24.296236,16.705730,-0.500000,0
GRID,4938,0,24.353202,16.556215,-0.500000,0
GRID,4939,0,24.410167,16.406699,-0.500000,0
GRID,4940,0,24.467132,16.257183,-0.500000,0
GRID,4941,0,24.524097,16.107667,-0.500000,0
GRID,4942,0,24.581063,15.958152,-0.500000,0
GRID,4943,0,24.638028,15.808636,-0.500000,0
GRID,4944,0,24.694993,15.659120,-0.500000,0
GRID,4945,0,24.751958,15.509604,-0.500000,0
GRID,4946,0,24.808924,15.360089,-0.500000,0
GRID,4947,0,24.865889,15.210573,-0.500000,0
GRID,4948,0,24.922854,15.061057,-0.500000,0
GRID,4949,0,24.979819,14.911541,-0.500000,0
GRID,4950,0,25.036785,14.762026,-0.500000,0
GRID,4951,0,25.093750,14.612510,-0.500000,0
GRID,4952,0,25.150715,14.462994,-0.500000,0
GRID,4953,0,24.566337,16.979858,-0.500000,0
GRID,4954,0,25.479176,14.583943,-0.500000,0
GRID,4955,0,24.623302,16.830342,-0.500000,0
GRID,4956,0,24.680267,16.680826,-0.500000,0
GRID,4957,0,24.737233,16.531310,-0.500000,0
GRID,4958,0,24.794198,16.381795,-0.500000,0
GRID,4959,0,24.851163,16.232279,-0.500000,0
GRID,4960,0,24.908128,16.082763,-0.500000,0
GRID,4961,0,24.965094,15.933247,-0.500000,0
GRID,4962,0,25.022059,15.783732,-0.500000,0
GRID,4963,0,25.079024,15.634216,-0.500000,0
GRID,4964,0,25.135989,15.484700,-0.500000,0
GRID,4965,0,25.192955,15.335184,-0.500000,0
GRID,4966,0,25.249920,15.185669,-0.500000,0
GRID,4967,0,25.306885,15.036153,-0.500000,0
GRID,4968,0,25.363850,14.886637,-0.500000,0
GRID,4969,0,25.420816,14.737121,-0.500000,0
GRID,4970,0,25.477781,14.587605,-0.500000,0
GRID,4971,0,24.893403,17.104469,-0.500000,0
GRID,4972,0,25.786281,14.760945,-0.500000,0
GRID,4973,0,24.950368,16.954953,-0.500000,0
GRID,4974,0,25.007333,16.805438,-0.500000,0
GRID,4975,0,25.064298,16.655922,-0.500000,0
GRID,4976,0,25.121264,16.506406,-0.500000,0
GRID,4977,0,25.178229,16.356890,-0.500000,0
GRID,4978,0,25.235194,16.207375,-0.500000,0
GRID,4979,0,25.292159,16.057859,-0.500000,0
GRID,4980,0,25.349125,15.908343,-0.500000,0
GRID,4981,0,25.406090,15.758827,-0.500000,0
GRID,4982,0,25.463055,15.609311,-0.500000,0
GRID,4983,0,25.520020,15.459796,-0.500000,0
GRID,4984,0,25.576986,15.310280,-0.500000,0
GRID,4985,0,25.633951,15.160764,-0.500000,0
GRID,4986,0,25.690916,15.011248,-0.500000,0
GRID,4987,0,25.747881,14.861733,-0.500000,0
GRID,4988,0,25.220468,17.229081,-0.500000,0
GRID,4989,0,26.093386,14.937947,-0.500000,0
GRID,4990,0,25.277434,17.079565,-0.500000,0
GRID,4991,0,25.334399,16.930049,-0.500000,0
GRID,4992,0,25.391364,16.780533,-0.500000,0
GRID,4993,0,25.448329,16.631017,-0.500000,0
GRID,4994,0,25.505295,16.481502,-0.500000,0
GRID,4995,0,25.562260,16.331986,-0.500000,0
GRID,4996,0,25.619225,16.182470,-0.500000,0
GRID,4997,0,25.676190,16.032954,-0.500000,0
GRID,4998,0,25.733156,15.883439,-0.500000,0
GRID,4999,0,25.790121,15.733923,-0.500000,0
GRID,5000,0,25.847086,15.584407,-0.500000,0
GRID,5001,0,25.904051,15.434891,-0.500000,0
GRID,5002,0,25.961017,15.285376,-0.500000,0
GRID,5003,0,26.017982,15.135860,-0.500000,0
GRID,5004,0,26.074947,14.986344,-0.500000,0
GRID,5005,0,25.547534,17.353692,-0.500000,0
GRID,5006,0,26.400491,15.114949,-0.500000,0
GRID,5007,0,25.604499,17.204176,-0.500000,0
GRID,5008,0,25.661465,17.054660,-0.500000,0
GRID,5009,0,25.718430,16.905145,-0.500000,0
GRID,5010,0,25.775395,16.755629,-0.500000,0
GRID,5011,0,25.832360,16.606113,-0.500000,0
GRID,5012,0,25.889326,16.456597,-0.500000,0
GRID,5013,0,25.946291,16.307082,-0.500000,0
GRID,5014,0,26.003256,16.157566,-0.500000,0
GRID,5015,0,26.060221,16.008050,-0.500000,0
GRID,5016,0,26.117187,15.858534,-0.500000,0
GRID,5017,0,26.174152,15.709019,-0.500000,0
GRID,5018,0,26.231117,15.559503,-0.500000,0
GRID,5019,0,26.288082,15.409987,-0.500000,0
GRID,5020,0,26.345048,15.260471,-0.500000,0
GRID,5021,0,25.874600,17.478303,-0.500000,0
GRID,5022,0,26.707596,15.291951,-0.500000,0
GRID,5023,0,25.931565,17.328788,-0.500000,0
GRID,5024,0,25.988530,17.179272,-0.500000,0
GRID,5025,0,26.045496,17.029756,-0.500000,0
GRID,5026,0,26.102461,16.880240,-0.500000,0
GRID,5027,0,26.159426,16.730725,-0.500000,0
GRID,5028,0,26.216391,16.581209,-0.500000,0
GRID,5029,0,26.273357,16.431693,-0.500000,0
GRID,5030,0,26.330322,16.282177,-0.500000,0
GRID,5031,0,26.387287,16.132662,-0.500000,0
GRID,5032,0,26.444252,15.983146,-0.500000,0
GRID,5033,0,26.501218,15.833630,-0.500000,0
GRID,5034,0,26.558183,15.684114,-0.500000,0
GRID,5035,0,26.615148,15.534599,-0.500000,0
GRID,5036,0,26.672113,15.385083,-0.500000,0
GRID,5037,0,26.201666,17.602915,-0.500000,0
GRID,5038,0,27.014701,15.468953,-0.500000,0
GRID,5039,0,26.258631,17.453399,-0.500000,0
GRID,5040,0,26.315596,17.303883,-0.500000,0
GRID,5041,0,26.372561,17.154368,-0.500000,0
GRID,5042,0,26.429526,17.004852,-0.500000,0
GRID,5043,0,26.486492,16.855336,-0.500000,0
GRID,5044,0,26.543457,16.705820,-0.500000,0
GRID,5045,0,26.600422,16.556305,-0.500000,0
GRID,5046,0,26.657387,16.406789,-0.500000,0
GRID,5047,0,26.714353,16.257273,-0.500000,0
GRID,5048,0,26.771318,16.107757,-0.500000,0
GRID,5049,0,26.828283,15.958242,-0.500000,0
GRID,5050,0,26.885248,15.808726,-0.500000,0
GRID,5051,0,26.942214,15.659210,-0.500000,0
GRID,5052,0,26.999179,15.509694,-0.500000,0
GRID,5053,0,26.528731,17.727526,-0.500000,0
GRID,5054,0,27.321806,15.645955,-0.500000,0
GRID,5055,0,26.585696,17.578011,-0.500000,0
GRID,5056,0,26.642662,17.428495,-0.500000,0
GRID,5057,0,26.699627,17.278979,-0.500000,0
GRID,5058,0,26.756592,17.129463,-0.500000,0
GRID,5059,0,26.813557,16.979948,-0.500000,0
GRID,5060,0,26.870523,16.830432,-0.500000,0
GRID,5061,0,26.927488,16.680916,-0.500000,0
GRID,5062,0,26.984453,16.531400,-0.500000,0
GRID,5063,0,27.041418,16.381885,-0.500000,0
GRID,5064,0,27.098384,16.232369,-0.500000,0
GRID,5065,0,27.155349,16.082853,-0.500000,0
GRID,5066,0,27.212314,15.933337,-0.500000,0
GRID,5067,0,27.269279,15.783822,-0.500000,0
GRID,5068,0,26.855797,17.852138,-0.500000,0
GRID,5069,0,27.628912,15.822957,-0.500000,0
GRID,5070,0,26.912762,17.702622,-0.500000,0
GRID,5071,0,26.969727,17.553106,-0.500000,0
GRID,5072,0,27.026693,17.403591,-0.500000,0
GRID,5073,0,27.083658,17.254075,-0.500000,0
GRID,5074,0,27.140623,17.104559,-0.500000,0
GRID,5075,0,27.197588,16.955043,-0.500000,0
GRID,5076,0,27.254554,16.805528,-0.500000,0
GRID,5077,0,27.311519,16.656012,-0.500000,0
GRID,5078,0,27.368484,16.506496,-0.500000,0
GRID,5079,0,27.425449,16.356980,-0.500000,0
GRID,5080,0,27.482415,16.207465,-0.500000,0
GRID,5081,0,27.539380,16.057949,-0.500000,0
GRID,5082,0,27.596345,15.908433,-0.500000,0
GRID,5083,0,27.182863,17.976749,-0.500000,0
GRID,5084,0,27.936017,15.999959,-0.500000,0
GRID,5085,0,27.239828,17.827234,-0.500000,0
GRID,5086,0,27.296793,17.677718,-0.500000,0
GRID,5087,0,27.353758,17.528202,-0.500000,0
GRID,5088,0,27.410724,17.378686,-0.500000,0
GRID,5089,0,27.467689,17.229171,-0.500000,0
GRID,5090,0,27.524654,17.079655,-0.500000,0
GRID,5091,0,27.581619,16.930139,-0.500000,0
GRID,5092,0,27.638585,16.780623,-0.500000,0
GRID,5093,0,27.695550,16.631108,-0.500000,0
GRID,5094,0,27.752515,16.481592,-0.500000,0
GRID,5095,0,27.809480,16.332076,-0.500000,0
GRID,5096,0,27.866446,16.182560,-0.500000,0
GRID,5097,0,27.923411,16.033045,-0.500000,0
GRID,5098,0,27.509928,18.101361,-0.500000,0
GRID,5099,0,28.243122,16.176961,-0.500000,0
GRID,5100,0,27.566894,17.951845,-0.500000,0
GRID,5101,0,27.623859,17.802329,-0.500000,0
GRID,5102,0,27.680824,17.652814,-0.500000,0
GRID,5103,0,27.737789,17.503298,-0.500000,0
GRID,5104,0,27.794755,17.353782,-0.500000,0
GRID,5105,0,27.851720,17.204266,-0.500000,0
GRID,5106,0,27.908685,17.054751,-0.500000,0
GRID,5107,0,27.965650,16.905235,-0.500000,0
GRID,5108,0,28.022616,16.755719,-0.500000,0
GRID,5109,0,28.079581,16.606203,-0.500000,0
GRID,5110,0,28.136546,16.456688,-0.500000,0
GRID,5111,0,28.193511,16.307172,-0.500000,0
GRID,5112,0,27.836994,18.225972,-0.500000,0
GRID,5113,0,28.550227,16.353962,-0.500000,0
GRID,5114,0,27.893959,18.076457,-0.500000,0
GRID,5115,0,27.950925,17.926941,-0.500000,0
GRID,5116,0,28.007890,17.777425,-0.500000,0
GRID,5117,0,28.064855,17.627909,-0.500000,0
GRID,5118,0,28.121820,17.478394,-0.500000,0
GRID,5119,0,28.178786,17.328878,-0.500000,0
GRID,5120,0,28.235751,17.179362,-0.500000,0
GRID,5121,0,28.292716,17.029846,-0.500000,0
GRID,5122,0,28.349681,16.880331,-0.500000,0
GRID,5123,0,28.406647,16.730815,-0.500000,0
GRID,5124,0,28.463612,16.581299,-0.500000,0
GRID,5125,0,28.520577,16.431783,-0.500000,0
GRID,5126,0,28.164060,18.350584,-0.500000,0
GRID,5127,0,28.857332,16.530964,-0.500000,0
GRID,5128,0,28.221025,18.201068,-0.500000,0
GRID,5129,0,28.277990,18.051552,-0.500000,0
GRID,5130,0,28.334956,17.902037,-0.500000,0
GRID,5131,0,28.391921,17.752521,-0.500000,0
GRID,5132,0,28.448886,17.603005,-0.500000,0
GRID,5133,0,28.505851,17.453489,-0.500000,0
GRID,5134,0,28.562817,17.303974,-0.500000,0
GRID,5135,0,28.619782,17.154458,-0.500000,0
GRID,5136,0,28.676747,17.004942,-0.500000,0
GRID,5137,0,28.733712,16.855426,-0.500000,0
GRID,5138,0,28.790677,16.705911,-0.500000,0
GRID,5139,0,28.847643,16.556395,-0.500000,0
GRID,5140,0,28.491125,18.475195,-0.500000,0
GRID,5141,0,29.164437,16.707966,-0.500000,0
GRID,5142,0,28.548091,18.325680,-0.500000,0
GRID,5143,0,28.605056,18.176164,-0.500000,0
GRID,5144,0,28.662021,18.026648,-0.500000,0
GRID,5145,0,28.718986,17.877132,-0.500000,0
GRID,5146,0,28.775952,17.727617,-0.500000,0
GRID,5147,0,28.832917,17.578101,-0.500000,0
GRID,5148,0,28.889882,17.428585,-0.500000,0
GRID,5149,0,28.946847,17.279069,-0.500000,0
GRID,5150,0,29.003813,17.129554,-0.500000,0
GRID,5151,0,29.060778,16.980038,-0.500000,0
GRID,5152,0,29.117743,16.830522,-0.500000,0
GRID,5153,0,28.818191,18.599807,-0.500000,0
GRID,5154,0,29.471542,16.884968,-0.500000,0
GRID,5155,0,28.875156,18.450291,-0.500000,0
GRID,5156,0,28.932122,18.300775,-0.500000,0
GRID,5157,0,28.989087,18.151260,-0.500000,0
GRID,5158,0,29.046052,18.001744,-0.500000,0
GRID,5159,0,29.103017,17.852228,-0.500000,0
GRID,5160,0,29.159983,17.702712,-0.500000,0
GRID,5161,0,29.216948,17.553196,-0.500000,0
GRID,5162,0,29.273913,17.403681,-0.500000,0
GRID,5163,0,29.330878,17.254165,-0.500000,0
GRID,5164,0,29.387844,17.104649,-0.500000,0
GRID,5165,0,29.444809,16.955133,-0.500000,0
GRID,5166,0,29.145257,18.724418,-0.500000,0
GRID,5167,0,29.778647,17.061970,-0.500000,0
GRID,5168,0,29.202222,18.574902,-0.500000,0
GRID,5169,0,29.259187,18.425387,-0.500000,0
GRID,5170,0,29.316153,18.275871,-0.500000,0
GRID,5171,0,29.373118,18.126355,-0.500000,0
GRID,5172,0,29.430083,17.976839,-0.500000,0
GRID,5173,0,29.487048,17.827324,-0.500000,0
GRID,5174,0,29.544014,17.677808,-0.500000,0
GRID,5175,0,29.600979,17.528292,-0.500000,0
GRID,5176,0,29.657944,17.378776,-0.500000,0
GRID,5177,0,29.714909,17.229261,-0.500000,0
GRID,5178,0,29.771875,17.079745,-0.500000,0
GRID,5179,0,29.472323,18.849030,-0.500000,0
GRID,5180,0,30.085752,17.238972,-0.500000,0
GRID,5181,0,29.529288,18.699514,-0.500000,0
GRID,5182,0,29.586253,18.549998,-0.500000,0
GRID,5183,0,29.643218,18.400482,-0.500000,0
GRID,5184,0,29.700184,18.250967,-0.500000,0
GRID,5185,0,29.757149,18.101451,-0.500000,0
GRID,5186,0,29.814114,17.951935,-0.500000,0
GRID,5187,0,29.871079,17.802419,-0.500000,0
GRID,5188,0,29.928045,17.652904,-0.500000,0
GRID,5189,0,29.985010,17.503388,-0.500000,0
GRID,5190,0,30.041975,17.353872,-0.500000,0
GRID,5191,0,29.799388,18.973641,-0.500000,0
GRID,5192,0,30.392857,17.415974,-0.500000,0
GRID,5193,0,29.856354,18.824125,-0.500000,0
GRID,5194,0,29.913319,18.674610,-0.500000,0
GRID,5195,0,29.970284,18.525094,-0.500000,0
GRID,5196,0,30.027249,18.375578,-0.500000,0
GRID,5197,0,30.084215,18.226062,-0.500000,0
GRID,5198,0,30.141180,18.076547,-0.500000,0
GRID,5199,0,30.198145,17.927031,-0.500000,0
GRID,5200,0,30.255110,17.777515,-0.500000,0
GRID,5201,0,30.312076,17.627999,-0.500000,0
GRID,5202,0,30.369041,17.478484,-0.500000,0
GRID,5203,0,30.126454,19.098253,-0.500000,0
GRID,5204,0,30.699962,17.592976,-0.500000,0
GRID,5205,0,30.183419,18.948737,-0.500000,0
GRID,5206,0,30.240385,18.799221,-0.500000,0
GRID,5207,0,30.297350,18.649705,-0.500000,0
GRID,5208,0,30.354315,18.500190,-0.500000,0
GRID,5209,0,30.411280,18.350674,-0.500000,0
GRID,5210,0,30.468246,18.201158,-0.500000,0
GRID,5211,0,30.525211,18.051642,-0.500000,0
GRID,5212,0,30.582176,17.902127,-0.500000,0
GRID,5213,0,30.639141,17.752611,-0.500000,0
GRID,5214,0,30.696107,17.603095,-0.500000,0
GRID,5215,0,30.453520,19.222864,-0.500000,0
GRID,5216,0,31.007067,17.769978,-0.500000,0
GRID,5217,0,30.510485,19.073348,-0.500000,0
GRID,5218,0,30.567450,18.923833,-0.500000,0
GRID,5219,0,30.624415,18.774317,-0.500000,0
GRID,5220,0,30.681381,18.624801,-0.500000,0
GRID,5221,0,30.738346,18.475285,-0.500000,0
GRID,5222,0,30.795311,18.325770,-0.500000,0
GRID,5223,0,30.852276,18.176254,-0.500000,0
GRID,5224,0,30.909242,18.026738,-0.500000,0
GRID,5225,0,30.966207,17.877222,-0.500000,0
GRID,5226,0,30.780585,19.347476,-0.500000,0
GRID,5227,0,31.314172,17.946980,-0.500000,0
GRID,5228,0,30.837551,19.197960,-0.500000,0
GRID,5229,0,30.894516,19.048444,-0.500000,0
GRID,5230,0,30.951481,18.898928,-0.500000,0
GRID,5231,0,31.008446,18.749413,-0.500000,0
GRID,5232,0,31.065412,18.599897,-0.500000,0
GRID,5233,0,31.122377,18.450381,-0.500000,0
GRID,5234,0,31.179342,18.300865,-0.500000,0
GRID,5235,0,31.236307,18.151350,-0.500000,0
GRID,5236,0,31.293273,18.001834,-0.500000,0
GRID,5237,0,31.107651,19.472087,-0.500000,0
GRID,5238,0,31.621277,18.123982,-0.500000,0
GRID,5239,0,31.164616,19.322571,-0.500000,0
GRID,5240,0,31.221582,19.173056,-0.500000,0
GRID,5241,0,31.278547,19.023540,-0.500000,0
GRID,5242,0,31.335512,18.874024,-0.500000,0
GRID,5243,0,31.392477,18.724508,-0.500000,0
GRID,5244,0,31.449443,18.574993,-0.500000,0
GRID,5245,0,31.506408,18.425477,-0.500000,0
GRID,5246,0,31.563373,18.275961,-0.500000,0
GRID,5247,0,31.620338,18.126445,-0.500000,0
GRID,5248,0,30.702314,17.776679,-0.500000,0
GRID,5249,0,29.825875,17.271538,-0.500000,0
GRID,5250,0,28.949436,16.766397,-0.500000,0
GRID,5251,0,28.072997,16.261256,-0.500000,0
GRID,5252,0,27.196558,15.756115,-0.500000,0
GRID,5253,0,26.320119,15.250974,-0.500000,0
GRID,5254,0,25.443680,14.745832,-0.500000,0
GRID,5255,0,24.567241,14.240691,-0.500000,0
GRID,5256,0,23.690802,13.735550,-0.500000,0
GRID,5257,0,22.814363,13.230409,-0.500000,0
GRID,5258,0,21.937924,12.725268,-0.500000,0
GRID,5259,0,21.061485,12.220126,-0.500000,0
GRID,5260,0,20.185046,11.714985,-0.500000,0
GRID,5261,0,19.308607,11.209844,-0.500000,0
GRID,5262,0,18.432168,10.704703,-0.500000,0
GRID,5263,0,17.555729,10.199562,-0.500000,0
GRID,5264,0,16.679290,9.694421,-0.500000,0
GRID,5265,0,15.802851,9.189279,-0.500000,0
GRID,5266,0,14.926412,8.684138,-0.500000,0
GRID,5267,0,14.049973,8.178997,-0.500000,0
GRID,5268,0,13.173534,7.673856,-0.500000,0
GRID,5269,0,12.297095,7.168715,-0.500000,0
GRID,5270,0,11.420656,6.663574,-0.500000,0
GRID,5271,0,10.544217,6.158432,-0.500000,0
GRID,5272,0,9.667778,5.653291,-0.500000,0
GRID,5273,0,8.791339,5.148150,-0.500000,0
GRID,5274,0,7.914900,4.643009,-0.500000,0
GRID,5275,0,7.038461,4.137868,-0.500000,0
GRID,5276,0,6.162022,3.632726,-0.500000,0
GRID,5277,0,5.285583,3.127585,-0.500000,0
GRID,5278,0,4.409144,2.622444,-0.500000,0
GRID,5279,0,2.980000,3.840222,-0.500000,0
GRID,5280,0,3.674719,2.016806,-0.500000,0
GRID,5281,0,2.996664,3.796486,-0.500000,0
GRID,5282,0,3.053629,3.646970,-0.500000,0
GRID,5283,0,3.110594,3.497454,-0.500000,0
GRID,5284,0,3.167559,3.347938,-0.500000,0
GRID,5285,0,3.224525,3.198423,-0.500000,0
GRID,5286,0,3.281490,3.048907,-0.500000,0
GRID,5287,0,3.338455,2.899391,-0.500000,0
GRID,5288,0,3.395420,2.749875,-0.500000,0
GRID,5289,0,3.452386,2.600360,-0.500000,0
GRID,5290,0,3.509351,2.450844,-0.500000,0
GRID,5291,0,3.566316,2.301328,-0.500000,0
GRID,5292,0,3.623281,2.151812,-0.500000,0
GRID,5293,0,3.036965,7.749887,-0.500000,0
GRID,5294,0,3.036965,6.722571,-0.500000,0
GRID,5295,0,3.036965,5.695254,-0.500000,0
GRID,5296,0,3.036965,4.839157,-0.500000,0
GRID,5297,0,3.036965,3.811841,-0.500000,0
GRID,5298,0,2.980000,1.616400,-0.500000,0
GRID,5299,0,0.000000,8.755500,-0.500000,0
GRID,5300,0,0.000000,1.616400,-0.500000,0
GRID,5301,0,0.000000,8.584281,-0.500000,0
GRID,5302,0,0.000000,8.413061,-0.500000,0
GRID,5303,0,0.000000,8.241842,-0.500000,0
GRID,5304,0,0.000000,8.070622,-0.500000,0
GRID,5305,0,0.000000,7.899403,-0.500000,0
GRID,5306,0,0.000000,7.728184,-0.500000,0
GRID,5307,0,0.000000,7.556964,-0.500000,0
GRID,5308,0,0.000000,7.385745,-0.500000,0
GRID,5309,0,0.000000,7.214525,-0.500000,0
GRID,5310,0,0.000000,7.043306,-0.500000,0
GRID,5311,0,0.000000,6.872086,-0.500000,0
GRID,5312,0,0.000000,6.700867,-0.500000,0
GRID,5313,0,0.000000,6.529648,-0.500000,0
GRID,5314,0,0.000000,6.358428,-0.500000,0
GRID,5315,0,0.000000,6.187209,-0.500000,0
GRID,5316,0,0.000000,6.015989,-0.500000,0
GRID,5317,0,0.000000,5.844770,-0.500000,0
GRID,5318,0,0.000000,5.673551,-0.500000,0
GRID,5319,0,0.000000,5.502331,-0.500000,0
GRID,5320,0,0.000000,5.331112,-0.500000,0
GRID,5321,0,0.000000,5.159892,-0.500000,0
GRID,5322,0,0.000000,4.988673,-0.500000,0
GRID,5323,0,0.000000,4.817453,-0.500000,0
GRID,5324,0,0.000000,4.646234,-0.500000,0
GRID,5325,0,0.000000,4.475015,-0.500000,0
GRID,5326,0,0.000000,4.303795,-0.500000,0
GRID,5327,0,0.000000,4.132576,-0.500000,0
GRID,5328,0,0.000000,3.961356,-0.500000,0
GRID,5329,0,0.000000,3.790137,-0.500000,0
GRID,5330,0,0.000000,3.618918,-0.500000,0
GRID,5331,0,0.000000,3.447698,-0.500000,0
GRID,5332,0,0.000000,3.276479,-0.500000,0
GRID,5333,0,0.000000,3.105259,-0.500000,0
GRID,5334,0,0.000000,2.934040,-0.500000,0
GRID,5335,0,0.000000,2.762820,-0.500000,0
GRID,5336,0,0.000000,2.591601,-0.500000,0
GRID,5337,0,0.000000,2.420382,-0.500000,0
GRID,5338,0,0.000000,2.249162,-0.500000,0
GRID,5339,0,0.000000,2.077943,-0.500000,0
GRID,5340,0,0.000000,1.906723,-0.500000,0
GRID,5341,0,0.440000,8.755500,-0.500000,0
GRID,5342,0,0.440000,1.616400,-0.500000,0
GRID,5343,0,0.440000,8.584281,-0.500000,0
GRID,5344,0,0.440000,8.413061,-0.500000,0
GRID,5345,0,0.440000,8.241842,-0.500000,0
GRID,5346,0,0.440000,8.070622,-0.500000,0
GRID,5347,0,0.440000,7.899403,-0.500000,0
GRID,5348,0,0.440000,7.728184,-0.500000,0
GRID,5349,0,0.440000,7.556964,-0.500000,0
GRID,5350,0,0.440000,7.385745,-0.500000,0
GRID,5351,0,0.440000,7.214525,-0.500000,0
GRID,5352,0,0.440000,7.043306,-0.500000,0
GRID,5353,0,0.440000,6.872086,-0.500000,0
GRID,5354,0,0.440000,6.700867,-0.500000,0
GRID,5355,0,0.440000,6.529648,-0.500000,0
GRID,5356,0,0.440000,6.358428,-0.500000,0
GRID,5357,0,0.440000,6.187209,-0.500000,0
GRID,5358,0,0.440000,6.015989,-0.500000,0
GRID,5359,0,0.440000,5.844770,-0.500000,0
GRID,5360,0,0.440000,5.673551,-0.500000,0
GRID,5361,0,0.440000,5.502331,-0.500000,0
GRID,5362,0,0.440000,5.331112,-0.500000,0
GRID,5363,0,0.440000,5.159892,-0.500000,0
GRID,5364,0,0.440000,4.988673,-0.500000,0
GRID,5365,0,0.440000,4.817453,-0.500000,0
GRID,5366,0,0.440000,4.646234,-0.500000,0
GRID,5367,0,0.440000,4.475015,-0.500000,0
GRID,5368,0,0.440000,4.303795,-0.500000,0
GRID,5369,0,0.440000,4.132576,-0.500000,0
GRID,5370,0,0.440000,3.961356,-0.500000,0
GRID,5371,0,0.440000,3.790137,-0.500000,0
GRID,5372,0,0.440000,3.618918,-0.500000,0
GRID,5373,0,0.440000,3.447698,-0.500000,0
GRID,5374,0,0.440000,3.276479,-0.500000,0
GRID,5375,0,0.440000,3.105259,-0.500000,0
GRID,5376,0,0.440000,2.934040,-0.500000,0
GRID,5377,0,0.440000,2.762820,-0.500000,0
GRID,5378,0,0.440000,2.591601,-0.500000,0
GRID,5379,0,0.440000,2.420382,-0.500000,0
GRID,5380,0,0.440000,2.249162,-0.500000,0
GRID,5381,0,0.440000,2.077943,-0.500000,0
GRID,5382,0,0.440000,1.906723,-0.500000,0
GRID,5383,0,0.880000,8.755500,-0.500000,0
GRID,5384,0,0.880000,1.616400,-0.500000,0
GRID,5385,0,0.880000,8.584281,-0.500000,0
GRID,5386,0,0.880000,8.413061,-0.500000,0
GRID,5387,0,0.880000,8.241842,-0.500000,0
GRID,5388,0,0.880000,8.070622,-0.500000,0
GRID,5389,0,0.880000,7.899403,-0.500000,0
GRID,5390,0,0.880000,7.728184,-0.500000,0
GRID,5391,0,0.880000,7.556964,-0.500000,0
GRID,5392,0,0.880000,7.385745,-0.500000,0
GRID,5393,0,0.880000,7.214525,-0.500000,0
GRID,5394,0,0.880000,7.043306,-0.500000,0
GRID,5395,0,0.880000,6.872086,-0.500000,0
GRID,5396,0,0.880000,6.700867,-0.500000,0
GRID,5397,0,0.880000,6.529648,-0.500000,0
GRID,5398,0,0.880000,6.358428,-0.500000,0
GRID,5399,0,0.880000,6.187209,-0.500000,0
GRID,5400,0,0.880000,6.015989,-0.500000,0
GRID,5401,0,0.880000,5.844770,-0.500000,0
GRID,5402,0,0.880000,5.673551,-0.500000,0
GRID,5403,0,0.880000,5.502331,-0.500000,0
GRID,5404,0,0.880000,5.331112,-0.500000,0
GRID,5405,0,0.880000,5.159892,-0.500000,0
GRID,5406,0,0.880000,4.988673,-0.500000,0
GRID,5407,0,0.880000,4.817453,-0.500000,0
GRID,5408,0,0.880000,4.646234,-0.500000,0
GRID,5409,0,0.880000,4.475015,-0.500000,0
GRID,5410,0,0.880000,4.303795,-0.500000,0
GRID,5411,0,0.880000,4.132576,-0.500000,0
GRID,5412,0,0.880000,3.961356,-0.500000,0
GRID,5413,0,0.880000,3.790137,-0.500000,0
GRID,5414,0,0.880000,3.618918,-0.500000,0
GRID,5415,0,0.880000,3.447698,-0.500000,0
GRID,5416,0,0.880000,3.276479,-0.500000,0
GRID,5417,0,0.880000,3.105259,-0.500000,0
GRID,5418,0,0.880000,2.934040,-0.500000,0
GRID,5419,0,0.880000,2.762820,-0.500000,0
GRID,5420,0,0.880000,2.591601,-0.500000,0
GRID,5421,0,0.880000,2.420382,-0.500000,0
GRID,5422,0,0.880000,2.249162,-0.500000,0
GRID,5423,0,0.880000,2.077943,-0.500000,0
GRID,5424,0,0.880000,1.906723,-0.500000,0
GRID,5425,0,1.230000,8.755500,-0.500000,0
GRID,5426,0,1.230000,1.616400,-0.500000,0
GRID,5427,0,1.230000,8.584281,-0.500000,0
GRID,5428,0,1.230000,8.413061,-0.500000,0
GRID,5429,0,1.230000,8.241842,-0.500000,0
GRID,5430,0,1.230000,8.070622,-0.500000,0
GRID,5431,0,1.230000,7.899403,-0.500000,0
GRID,5432,0,1.230000,7.728184,-0.500000,0
GRID,5433,0,1.230000,7.556964,-0.500000,0
GRID,5434,0,1.230000,7.385745,-0.500000,0
GRID,5435,0,1.230000,7.214525,-0.500000,0
GRID,5436,0,1.230000,7.043306,-0.500000,0
GRID,5437,0,1.230000,6.872086,-0.500000,0
GRID,5438,0,1.230000,6.700867,-0.500000,0
GRID,5439,0,1.230000,6.529648,-0.500000,0
GRID,5440,0,1.230000,6.358428,-0.500000,0
GRID,5441,0,1.230000,6.187209,-0.500000,0
GRID,5442,0,1.230000,6.015989,-0.500000,0
GRID,5443,0,1.230000,5.844770,-0.500000,0
GRID,5444,0,1.230000,5.673551,-0.500000,0
GRID,5445,0,1.230000,5.502331,-0.500000,0
GRID,5446,0,1.230000,5.331112,-0.500000,0
GRID,5447,0,1.230000,5.159892,-0.500000,0
GRID,5448,0,1.230000,4.988673,-0.500000,0
GRID,5449,0,1.230000,4.817453,-0.500000,0
GRID,5450,0,1.230000,4.646234,-0.500000,0
GRID,5451,0,1.230000,4.475015,-0.500000,0
GRID,5452,0,1.230000,4.303795,-0.500000,0
GRID,5453,0,1.230000,4.132576,-0.500000,0
GRID,5454,0,1.230000,3.961356,-0.500000,0
GRID,5455,0,1.230000,3.790137,-0.500000,0
GRID,5456,0,1.230000,3.618918,-0.500000,0
GRID,5457,0,1.230000,3.447698,-0.500000,0
GRID,5458,0,1.230000,3.276479,-0.500000,0
GRID,5459,0,1.230000,3.105259,-0.500000,0
GRID,5460,0,1.230000,2.934040,-0.500000,0
GRID,5461,0,1.230000,2.762820,-0.500000,0
GRID,5462,0,1.230000,2.591601,-0.500000,0
GRID,5463,0,1.230000,2.420382,-0.500000,0
GRID,5464,0,1.230000,2.249162,-0.500000,0
GRID,5465,0,1.230000,2.077943,-0.500000,0
GRID,5466,0,1.230000,1.906723,-0.500000,0
GRID,5467,0,1.580000,8.755500,-0.500000,0
GRID,5468,0,1.580000,1.616400,-0.500000,0
GRID,5469,0,1.580000,8.584281,-0.500000,0
GRID,5470,0,1.580000,8.413061,-0.500000,0
GRID,5471,0,1.580000,8.241842,-0.500000,0
GRID,5472,0,1.580000,8.070622,-0.500000,0
GRID,5473,0,1.580000,7.899403,-0.500000,0
GRID,5474,0,1.580000,7.728184,-0.500000,0
GRID,5475,0,1.580000,7.556964,-0.500000,0
GRID,5476,0,1.580000,7.385745,-0.500000,0
GRID,5477,0,1.580000,7.214525,-0.500000,0
GRID,5478,0,1.580000,7.043306,-0.500000,0
GRID,5479,0,1.580000,6.872086,-0.500000,0
GRID,5480,0,1.580000,6.700867,-0.500000,0
GRID,5481,0,1.580000,6.529648,-0.500000,0
GRID,5482,0,1.580000,6.358428,-0.500000,0
GRID,5483,0,1.580000,6.187209,-0.500000,0
GRID,5484,0,1.580000,6.015989,-0.500000,0
GRID,5485,0,1.580000,5.844770,-0.500000,0
GRID,5486,0,1.580000,5.673551,-0.500000,0
GRID,5487,0,1.580000,5.502331,-0.500000,0
GRID,5488,0,1.580000,5.331112,-0.500000,0
GRID,5489,0,1.580000,5.159892,-0.500000,0
GRID,5490,0,1.580000,4.988673,-0.500000,0
GRID,5491,0,1.580000,4.817453,-0.500000,0
GRID,5492,0,1.580000,4.646234,-0.500000,0
GRID,5493,0,1.580000,4.475015,-0.500000,0
GRID,5494,0,1.580000,4.303795,-0.500000,0
GRID,5495,0,1.580000,4.132576,-0.500000,0
GRID,5496,0,1.580000,3.961356,-0.500000,0
GRID,5497,0,1.580000,3.790137,-0.500000,0
GRID,5498,0,1.580000,3.618918,-0.500000,0
GRID,5499,0,1.580000,3.447698,-0.500000,0
GRID,5500,0,1.580000,3.276479,-0.500000,0
GRID,5501,0,1.580000,3.105259,-0.500000,0
GRID,5502,0,1.580000,2.934040,-0.500000,0
GRID,5503,0,1.580000,2.762820,-0.500000,0
GRID,5504,0,1.580000,2.591601,-0.500000,0
GRID,5505,0,1.580000,2.420382,-0.500000,0
GRID,5506,0,1.580000,2.249162,-0.500000,0
GRID,5507,0,1.580000,2.077943,-0.500000,0
GRID,5508,0,1.580000,1.906723,-0.500000,0
GRID,5509,0,1.930000,8.755500,-0.500000,0
GRID,5510,0,1.930000,1.616400,-0.500000,0
GRID,5511,0,1.930000,8.584281,-0.500000,0
GRID,5512,0,1.930000,8.413061,-0.500000,0
GRID,5513,0,1.930000,8.241842,-0.500000,0
GRID,5514,0,1.930000,8.070622,-0.500000,0
GRID,5515,0,1.930000,7.899403,-0.500000,0
GRID,5516,0,1.930000,7.728184,-0.500000,0
GRID,5517,0,1.930000,7.556964,-0.500000,0
GRID,5518,0,1.930000,7.385745,-0.500000,0
GRID,5519,0,1.930000,7.214525,-0.500000,0
GRID,5520,0,1.930000,7.043306,-0.500000,0
GRID,5521,0,1.930000,6.872086,-0.500000,0
GRID,5522,0,1.930000,6.700867,-0.500000,0
GRID,5523,0,1.930000,6.529648,-0.500000,0
GRID,5524,0,1.930000,6.358428,-0.500000,0
GRID,5525,0,1.930000,6.187209,-0.500000,0
GRID,5526,0,1.930000,6.015989,-0.500000,0
GRID,5527,0,1.930000,5.844770,-0.500000,0
GRID,5528,0,1.930000,5.673551,-0.500000,0
GRID,5529,0,1.930000,5.502331,-0.500000,0
GRID,5530,0,1.930000,5.331112,-0.500000,0
GRID,5531,0,1.930000,5.159892,-0.500000,0
GRID,5532,0,1.930000,4.988673,-0.500000,0
GRID,5533,0,1.930000,4.817453,-0.500000,0
GRID,5534,0,1.930000,4.646234,-0.500000,0
GRID,5535,0,1.930000,4.475015,-0.500000,0
GRID,5536,0,1.930000,4.303795,-0.500000,0
GRID,5537,0,1.930000,4.132576,-0.500000,0
GRID,5538,0,1.930000,3.961356,-0.500000,0
GRID,5539,0,1.930000,3.790137,-0.500000,0
GRID,5540,0,1.930000,3.618918,-0.500000,0
GRID,5541,0,1.930000,3.447698,-0.500000,0
GRID,5542,0,1.930000,3.276479,-0.500000,0
GRID,5543,0,1.930000,3.105259,-0.500000,0
GRID,5544,0,1.930000,2.934040,-0.500000,0
GRID,5545,0,1.930000,2.762820,-0.500000,0
GRID,5546,0,1.930000,2.591601,-0.500000,0
GRID,5547,0,1.930000,2.420382,-0.500000,0
GRID,5548,0,1.930000,2.249162,-0.500000,0
GRID,5549,0,1.930000,2.077943,-0.500000,0
GRID,5550,0,1.930000,1.906723,-0.500000,0
GRID,5551,0,2.280000,8.755500,-0.500000,0
GRID,5552,0,2.280000,1.616400,-0.500000,0
GRID,5553,0,2.280000,8.584281,-0.500000,0
GRID,5554,0,2.280000,8.413061,-0.500000,0
GRID,5555,0,2.280000,8.241842,-0.500000,0
GRID,5556,0,2.280000,8.070622,-0.500000,0
GRID,5557,0,2.280000,7.899403,-0.500000,0
GRID,5558,0,2.280000,7.728184,-0.500000,0
GRID,5559,0,2.280000,7.556964,-0.500000,0
GRID,5560,0,2.280000,7.385745,-0.500000,0
GRID,5561,0,2.280000,7.214525,-0.500000,0
GRID,5562,0,2.280000,7.043306,-0.500000,0
GRID,5563,0,2.280000,6.872086,-0.500000,0
GRID,5564,0,2.280000,6.700867,-0.500000,0
GRID,5565,0,2.280000,6.529648,-0.500000,0
GRID,5566,0,2.280000,6.358428,-0.500000,0
GRID,5567,0,2.280000,6.187209,-0.500000,0
GRID,5568,0,2.280000,6.015989,-0.500000,0
GRID,5569,0,2.280000,5.844770,-0.500000,0
GRID,5570,0,2.280000,5.673551,-0.500000,0
GRID,5571,0,2.280000,5.502331,-0.500000,0
GRID,5572,0,2.280000,5.331112,-0.500000,0
GRID,5573,0,2.280000,5.159892,-0.500000,0
GRID,5574,0,2.280000,4.988673,-0.500000,0
GRID,5575,0,2.280000,4.817453,-0.500000,0
GRID,5576,0,2.280000,4.646234,-0.500000,0
GRID,5577,0,2.280000,4.475015,-0.500000,0
GRID,5578,0,2.280000,4.303795,-0.500000,0
GRID,5579,0,2.280000,4.132576,-0.500000,0
GRID,5580,0,2.280000,3.961356,-0.500000,0
GRID,5581,0,2.280000,3.790137,-0.500000,0
GRID,5582,0,2.280000,3.618918,-0.500000,0
GRID,5583,0,2.280000,3.447698,-0.500000,0
GRID,5584,0,2.280000,3.276479,-0.500000,0
GRID,5585,0,2.280000,3.105259,-0.500000,0
GRID,5586,0,2.280000,2.934040,-0.500000,0
GRID,5587,0,2.280000,2.762820,-0.500000,0
GRID,5588,0,2.280000,2.591601,-0.500000,0
GRID,5589,0,2.280000,2.420382,-0.500000,0
GRID,5590,0,2.280000,2.249162,-0.500000,0
GRID,5591,0,2.280000,2.077943,-0.500000,0
GRID,5592,0,2.280000,1.906723,-0.500000,0
GRID,5593,0,2.630000,8.755500,-0.500000,0
GRID,5594,0,2.630000,1.616400,-0.500000,0
GRID,5595,0,2.630000,8.584281,-0.500000,0
GRID,5596,0,2.630000,8.413061,-0.500000,0
GRID,5597,0,2.630000,8.241842,-0.500000,0
GRID,5598,0,2.630000,8.070622,-0.500000,0
GRID,5599,0,2.630000,7.899403,-0.500000,0
GRID,5600,0,2.630000,7.728184,-0.500000,0
GRID,5601,0,2.630000,7.556964,-0.500000,0
GRID,5602,0,2.630000,7.385745,-0.500000,0
GRID,5603,0,2.630000,7.214525,-0.500000,0
GRID,5604,0,2.630000,7.043306,-0.500000,0
GRID,5605,0,2.630000,6.872086,-0.500000,0
GRID,5606,0,2.630000,6.700867,-0.500000,0
GRID,5607,0,2.630000,6.529648,-0.500000,0
GRID,5608,0,2.630000,6.358428,-0.500000,0
GRID,5609,0,2.630000,6.187209,-0.500000,0
GRID,5610,0,2.630000,6.015989,-0.500000,0
GRID,5611,0,2.630000,5.844770,-0.500000,0
GRID,5612,0,2.630000,5.673551,-0.500000,0
GRID,5613,0,2.630000,5.502331,-0.500000,0
GRID,5614,0,2.630000,5.331112,-0.500000,0
GRID,5615,0,2.630000,5.159892,-0.500000,0
GRID,5616,0,2.630000,4.988673,-0.500000,0
GRID,5617,0,2.630000,4.817453,-0.500000,0
GRID,5618,0,2.630000,4.646234,-0.500000,0
GRID,5619,0,2.630000,4.475015,-0.500000,0
GRID,5620,0,2.630000,4.303795,-0.500000,0
GRID,5621,0,2.630000,4.132576,-0.500000,0
GRID,5622,0,2.630000,3.961356,-0.500000,0
GRID,5623,0,2.630000,3.790137,-0.500000,0
GRID,5624,0,2.630000,3.618918,-0.500000,0
GRID,5625,0,2.630000,3.447698,-0.500000,0
GRID,5626,0,2.630000,3.276479,-0.500000,0
GRID,5627,0,2.630000,3.105259,-0.500000,0
GRID,5628,0,2.630000,2.934040,-0.500000,0
GRID,5629,0,2.630000,2.762820,-0.500000,0
GRID,5630,0,2.630000,2.591601,-0.500000,0
GRID,5631,0,2.630000,2.420382,-0.500000,0
GRID,5632,0,2.630000,2.249162,-0.500000,0
GRID,5633,0,2.630000,2.077943,-0.500000,0
GRID,5634,0,2.630000,1.906723,-0.500000,0
GRID,5635,0,2.980000,8.755500,-0.500000,0
GRID,5636,0,2.980000,1.616400,-0.500000,0
GRID,5637,0,2.980000,8.584281,-0.500000,0
GRID,5638,0,2.980000,8.413061,-0.500000,0
GRID,5639,0,2.980000,8.241842,-0.500000,0
GRID,5640,0,2.980000,8.070622,-0.500000,0
GRID,5641,0,2.980000,7.899403,-0.500000,0
GRID,5642,0,2.980000,7.728184,-0.500000,0
GRID,5643,0,2.980000,7.556964,-0.500000,0
GRID,5644,0,2.980000,7.385745,-0.500000,0
GRID,5645,0,2.980000,7.214525,-0.500000,0
GRID,5646,0,2.980000,7.043306,-0.500000,0
GRID,5647,0,2.980000,6.872086,-0.500000,0
GRID,5648,0,2.980000,6.700867,-0.500000,0
GRID,5649,0,2.980000,6.529648,-0.500000,0
GRID,5650,0,2.980000,6.358428,-0.500000,0
GRID,5651,0,2.980000,6.187209,-0.500000,0
GRID,5652,0,2.980000,6.015989,-0.500000,0
GRID,5653,0,2.980000,5.844770,-0.500000,0
GRID,5654,0,2.980000,5.673551,-0.500000,0
GRID,5655,0,2.980000,5.502331,-0.500000,0
GRID,5656,0,2.980000,5.331112,-0.500000,0
GRID,5657,0,2.980000,5.159892,-0.500000,0
GRID,5658,0,2.980000,4.988673,-0.500000,0
GRID,5659,0,2.980000,4.817453,-0.500000,0
GRID,5660,0,2.980000,4.646234,-0.500000,0
GRID,5661,0,2.980000,4.475015,-0.500000,0
GRID,5662,0,2.980000,4.303795,-0.500000,0
GRID,5663,0,2.980000,4.132576,-0.500000,0
GRID,5664,0,2.980000,3.961356,-0.500000,0
GRID,5665,0,2.980000,3.790137,-0.500000,0
GRID,5666,0,2.980000,3.618918,-0.500000,0
GRID,5667,0,2.980000,3.447698,-0.500000,0
GRID,5668,0,2.980000,3.276479,-0.500000,0
GRID,5669,0,2.980000,3.105259,-0.500000,0
GRID,5670,0,2.980000,2.934040,-0.500000,0
GRID,5671,0,2.980000,2.762820,-0.500000,0
GRID,5672,0,2.980000,2.591601,-0.500000,0
GRID,5673,0,2.980000,2.420382,-0.500000,0
GRID,5674,0,2.980000,2.249162,-0.500000,0
GRID,5675,0,2.980000,2.077943,-0.500000,0
GRID,5676,0,2.980000,1.906723,-0.500000,0
ENDDATA
