CEND
BEGIN BULK
GRID*   1                             31.635718       18.132305
*        0.500000
GRID*   2                             30.759279       17.627164
*        0.500000
GRID*   3                             29.882840       17.122022
*        0.500000
GRID*   4                             29.006401       16.616881
*        0.500000
GRID*   5                             28.129962       16.111740
*        0.500000
GRID*   6                             27.253523       15.606599
*        0.500000
GRID*   7                             26.377084       15.101458
*        0.500000
GRID*   8                             25.500645       14.596317
*        0.500000
GRID*   9                             24.624206       14.091175
*        0.500000
GRID*   10                             23.747767       13.586034
*        0.500000
GRID*   11                             22.871328       13.080893
*        0.500000
GRID*   12                             21.994889       12.575752
*        0.500000
GRID*   13                             21.118450       12.070611
*        0.500000
GRID*   14                             20.242011       11.565470
*        0.500000
GRID*   15                             19.365572       11.060328
*        0.500000
GRID*   16                             18.489133       10.555187
*        0.500000
GRID*   17                             17.612694       10.050046
*        0.500000
GRID*   18                             16.736255       9.544905
*        0.500000
GRID*   19                             15.859816       9.039764
*        0.500000
GRID*   20                             14.983377       8.534622
*        0.500000
GRID*   21                             14.106938       8.029481
*        0.500000
GRID*   22                             13.230499       7.524340
*        0.500000
GRID*   23                             12.354060       7.019199
*        0.500000
GRID*   24                             11.477621       6.514058
*        0.500000
GRID*   25                             10.601182       6.008917
*        0.500000
GRID*   26                             9.724743       5.503775
*        0.500000
GRID*   27                             8.848304       4.998634
*        0.500000
GRID*   28                             7.971865       4.493493
*        0.500000
GRID*   29                             7.095426       3.988352
*        0.500000
GRID*   30                             6.218987       3.483211
*        0.500000
GRID*   31                             5.342548       2.978070
*        0.500000
GRID*   32                             4.466109       2.472928
*        0.500000
GRID*   33                             2.980000       8.584281
*        0.500000
GRID*   34                             2.980000       8.413061
*        0.500000
GRID*   35                             2.980000       8.241842
*        0.500000
GRID*   36                             2.980000       8.070622
*        0.500000
GRID*   37                             2.980000       7.899403
*        0.500000
GRID*   38                             2.980000       7.728184
*        0.500000
GRID*   39                             2.980000       7.556964
*        0.500000
GRID*   40                             2.980000       7.385745
*        0.500000
GRID*   41                             2.980000       7.214525
*        0.500000
GRID*   42                             2.980000       7.043306
*        0.500000
GRID*   43                             2.980000       6.872086
*        0.500000
GRID*   44                             2.980000       6.700867
*        0.500000
GRID*   45                             2.980000       6.529648
*        0.500000
GRID*   46                             2.980000       6.358428
*        0.500000
GRID*   47                             2.980000       6.187209
*        0.500000
GRID*   48                             2.980000       6.015989
*        0.500000
GRID*   49                             2.980000       5.844770
*        0.500000
GRID*   50                             2.980000       5.673551
*        0.500000
GRID*   51                             2.980000       5.502331
*        0.500000
GRID*   52                             2.980000       5.331112
*        0.500000
GRID*   53                             2.980000       5.159892
*        0.500000
GRID*   54                             2.980000       4.988673
*        0.500000
GRID*   55                             2.980000       4.817453
*        0.500000
GRID*   56                             2.980000       4.646234
*        0.500000
GRID*   57                             2.980000       4.475015
*        0.500000
GRID*   58                             2.980000       4.303795
*        0.500000
GRID*   59                             2.980000       4.132576
*        0.500000
GRID*   60                             2.980000       3.961356
*        0.500000
GRID*   61                             2.980000       3.790137
*        0.500000
GRID*   62                             2.980000       3.618918
*        0.500000
GRID*   63                             2.980000       3.447698
*        0.500000
GRID*   64                             2.980000       3.276479
*        0.500000
GRID*   65                             2.980000       3.105259
*        0.500000
GRID*   66                             2.980000       2.934040
*        0.500000
GRID*   67                             2.980000       2.762820
*        0.500000
GRID*   68                             2.980000       2.591601
*        0.500000
GRID*   69                             2.980000       2.420382
*        0.500000
GRID*   70                             2.980000       2.249162
*        0.500000
GRID*   71                             2.980000       2.077943
*        0.500000
GRID*   72                             2.980000       1.906723
*        0.500000
GRID*   73                             2.980000       4.823278
*        0.500000
GRID*   74                             3.981824       2.193807
*        0.500000
GRID*   75                             2.981938       4.818192
*        0.500000
GRID*   76                             3.038903       4.668676
*        0.500000
GRID*   77                             3.095868       4.519160
*        0.500000
GRID*   78                             3.152834       4.369644
*        0.500000
GRID*   79                             3.209799       4.220129
*        0.500000
GRID*   80                             3.266764       4.070613
*        0.500000
GRID*   81                             3.323729       3.921097
*        0.500000
GRID*   82                             3.380695       3.771581
*        0.500000
GRID*   83                             3.437660       3.622066
*        0.500000
GRID*   84                             3.494625       3.472550
*        0.500000
GRID*   85                             3.551590       3.323034
*        0.500000
GRID*   86                             3.608556       3.173518
*        0.500000
GRID*   87                             3.665521       3.024003
*        0.500000
GRID*   88                             3.722486       2.874487
*        0.500000
GRID*   89                             3.779451       2.724971
*        0.500000
GRID*   90                             3.836417       2.575455
*        0.500000
GRID*   91                             3.893382       2.425940
*        0.500000
GRID*   92                             3.950347       2.276424
*        0.500000
GRID*   93                             2.980000       5.806333
*        0.500000
GRID*   94                             4.288929       2.370809
*        0.500000
GRID*   95                             3.024177       5.690382
*        0.500000
GRID*   96                             3.081143       5.540866
*        0.500000
GRID*   97                             3.138108       5.391350
*        0.500000
GRID*   98                             3.195073       5.241835
*        0.500000
GRID*   99                             3.252038       5.092319
*        0.500000
GRID*   100                             3.309004       4.942803
*        0.500000
GRID*   101                             3.365969       4.793287
*        0.500000
GRID*   102                             3.422934       4.643772
*        0.500000
GRID*   103                             3.479899       4.494256
*        0.500000
GRID*   104                             3.536865       4.344740
*        0.500000
GRID*   105                             3.593830       4.195224
*        0.500000
GRID*   106                             3.650795       4.045709
*        0.500000
GRID*   107                             3.707760       3.896193
*        0.500000
GRID*   108                             3.764726       3.746677
*        0.500000
GRID*   109                             3.821691       3.597161
*        0.500000
GRID*   110                             3.878656       3.447646
*        0.500000
GRID*   111                             3.935621       3.298130
*        0.500000
GRID*   112                             3.992587       3.148614
*        0.500000
GRID*   113                             4.049552       2.999098
*        0.500000
GRID*   114                             4.106517       2.849583
*        0.500000
GRID*   115                             4.163482       2.700067
*        0.500000
GRID*   116                             4.220448       2.550551
*        0.500000
GRID*   117                             4.277413       2.401035
*        0.500000
GRID*   118                             2.980000       6.789389
*        0.500000
GRID*   119                             4.596034       2.547811
*        0.500000
GRID*   120                             3.009452       6.712088
*        0.500000
GRID*   121                             3.066417       6.562572
*        0.500000
GRID*   122                             3.123382       6.413056
*        0.500000
GRID*   123                             3.180347       6.263541
*        0.500000
GRID*   124                             3.237313       6.114025
*        0.500000
GRID*   125                             3.294278       5.964509
*        0.500000
GRID*   126                             3.351243       5.814993
*        0.500000
GRID*   127                             3.408208       5.665478
*        0.500000
GRID*   128                             3.465174       5.515962
*        0.500000
GRID*   129                             3.522139       5.366446
*        0.500000
GRID*   130                             3.579104       5.216930
*        0.500000
GRID*   131                             3.636069       5.067415
*        0.500000
GRID*   132                             3.693035       4.917899
*        0.500000
GRID*   133                             3.750000       4.768383
*        0.500000
GRID*   134                             3.806965       4.618867
*        0.500000
GRID*   135                             3.863930       4.469352
*        0.500000
GRID*   136                             3.920895       4.319836
*        0.500000
GRID*   137                             3.977861       4.170320
*        0.500000
GRID*   138                             4.034826       4.020804
*        0.500000
GRID*   139                             4.091791       3.871289
*        0.500000
GRID*   140                             4.148756       3.721773
*        0.500000
GRID*   141                             4.205722       3.572257
*        0.500000
GRID*   142                             4.262687       3.422741
*        0.500000
GRID*   143                             4.319652       3.273226
*        0.500000
GRID*   144                             4.376617       3.123710
*        0.500000
GRID*   145                             4.433583       2.974194
*        0.500000
GRID*   146                             4.490548       2.824678
*        0.500000
GRID*   147                             4.547513       2.675163
*        0.500000
GRID*   148                             2.980000       7.772444
*        0.500000
GRID*   149                             4.903139       2.724813
*        0.500000
GRID*   150                             2.994726       7.733794
*        0.500000
GRID*   151                             3.051691       7.584278
*        0.500000
GRID*   152                             3.108656       7.434762
*        0.500000
GRID*   153                             3.165622       7.285247
*        0.500000
GRID*   154                             3.222587       7.135731
*        0.500000
GRID*   155                             3.279552       6.986215
*        0.500000
GRID*   156                             3.336517       6.836699
*        0.500000
GRID*   157                             3.393483       6.687184
*        0.500000
GRID*   158                             3.450448       6.537668
*        0.500000
GRID*   159                             3.507413       6.388152
*        0.500000
GRID*   160                             3.564378       6.238636
*        0.500000
GRID*   161                             3.621343       6.089121
*        0.500000
GRID*   162                             3.678309       5.939605
*        0.500000
GRID*   163                             3.735274       5.790089
*        0.500000
GRID*   164                             3.792239       5.640573
*        0.500000
GRID*   165                             3.849204       5.491058
*        0.500000
GRID*   166                             3.906170       5.341542
*        0.500000
GRID*   167                             3.963135       5.192026
*        0.500000
GRID*   168                             4.020100       5.042510
*        0.500000
GRID*   169                             4.077065       4.892995
*        0.500000
GRID*   170                             4.134031       4.743479
*        0.500000
GRID*   171                             4.190996       4.593963
*        0.500000
GRID*   172                             4.247961       4.444447
*        0.500000
GRID*   173                             4.304926       4.294932
*        0.500000
GRID*   174                             4.361892       4.145416
*        0.500000
GRID*   175                             4.418857       3.995900
*        0.500000
GRID*   176                             4.475822       3.846384
*        0.500000
GRID*   177                             4.532787       3.696869
*        0.500000
GRID*   178                             4.589753       3.547353
*        0.500000
GRID*   179                             4.646718       3.397837
*        0.500000
GRID*   180                             4.703683       3.248321
*        0.500000
GRID*   181                             4.760648       3.098806
*        0.500000
GRID*   182                             4.817614       2.949290
*        0.500000
GRID*   183                             4.874579       2.799774
*        0.500000
GRID*   184                             2.980000       8.755500
*        0.500000
GRID*   185                             5.210244       2.901815
*        0.500000
GRID*   186                             3.036965       8.605984
*        0.500000
GRID*   187                             3.093930       8.456468
*        0.500000
GRID*   188                             3.150896       8.306953
*        0.500000
GRID*   189                             3.207861       8.157437
*        0.500000
GRID*   190                             3.264826       8.007921
*        0.500000
GRID*   191                             3.321791       7.858405
*        0.500000
GRID*   192                             3.378757       7.708890
*        0.500000
GRID*   193                             3.435722       7.559374
*        0.500000
GRID*   194                             3.492687       7.409858
*        0.500000
GRID*   195                             3.549652       7.260342
*        0.500000
GRID*   196                             3.606618       7.110827
*        0.500000
GRID*   197                             3.663583       6.961311
*        0.500000
GRID*   198                             3.720548       6.811795
*        0.500000
GRID*   199                             3.777513       6.662279
*        0.500000
GRID*   200                             3.834479       6.512764
*        0.500000
GRID*   201                             3.891444       6.363248
*        0.500000
GRID*   202                             3.948409       6.213732
*        0.500000
GRID*   203                             4.005374       6.064216
*        0.500000
GRID*   204                             4.062340       5.914701
*        0.500000
GRID*   205                             4.119305       5.765185
*        0.500000
GRID*   206                             4.176270       5.615669
*        0.500000
GRID*   207                             4.233235       5.466153
*        0.500000
GRID*   208                             4.290201       5.316638
*        0.500000
GRID*   209                             4.347166       5.167122
*        0.500000
GRID*   210                             4.404131       5.017606
*        0.500000
GRID*   211                             4.461096       4.868090
*        0.500000
GRID*   212                             4.518062       4.718575
*        0.500000
GRID*   213                             4.575027       4.569059
*        0.500000
GRID*   214                             4.631992       4.419543
*        0.500000
GRID*   215                             4.688957       4.270027
*        0.500000
GRID*   216                             4.745923       4.120512
*        0.500000
GRID*   217                             4.802888       3.970996
*        0.500000
GRID*   218                             4.859853       3.821480
*        0.500000
GRID*   219                             4.916818       3.671964
*        0.500000
GRID*   220                             4.973784       3.522449
*        0.500000
GRID*   221                             5.030749       3.372933
*        0.500000
GRID*   222                             5.087714       3.223417
*        0.500000
GRID*   223                             5.144679       3.073901
*        0.500000
GRID*   224                             5.201645       2.924386
*        0.500000
GRID*   225                             3.307066       8.880111
*        0.500000
GRID*   226                             5.517349       3.078817
*        0.500000
GRID*   227                             3.364031       8.730596
*        0.500000
GRID*   228                             3.420996       8.581080
*        0.500000
GRID*   229                             3.477961       8.431564
*        0.500000
GRID*   230                             3.534927       8.282048
*        0.500000
GRID*   231                             3.591892       8.132533
*        0.500000
GRID*   232                             3.648857       7.983017
*        0.500000
GRID*   233                             3.705822       7.833501
*        0.500000
GRID*   234                             3.762788       7.683985
*        0.500000
GRID*   235                             3.819753       7.534470
*        0.500000
GRID*   236                             3.876718       7.384954
*        0.500000
GRID*   237                             3.933683       7.235438
*        0.500000
GRID*   238                             3.990649       7.085922
*        0.500000
GRID*   239                             4.047614       6.936407
*        0.500000
GRID*   240                             4.104579       6.786891
*        0.500000
GRID*   241                             4.161544       6.637375
*        0.500000
GRID*   242                             4.218510       6.487859
*        0.500000
GRID*   243                             4.275475       6.338344
*        0.500000
GRID*   244                             4.332440       6.188828
*        0.500000
GRID*   245                             4.389405       6.039312
*        0.500000
GRID*   246                             4.446371       5.889796
*        0.500000
GRID*   247                             4.503336       5.740281
*        0.500000
GRID*   248                             4.560301       5.590765
*        0.500000
GRID*   249                             4.617266       5.441249
*        0.500000
GRID*   250                             4.674232       5.291733
*        0.500000
GRID*   251                             4.731197       5.142218
*        0.500000
GRID*   252                             4.788162       4.992702
*        0.500000
GRID*   253                             4.845127       4.843186
*        0.500000
GRID*   254                             4.902093       4.693670
*        0.500000
GRID*   255                             4.959058       4.544155
*        0.500000
GRID*   256                             5.016023       4.394639
*        0.500000
GRID*   257                             5.072988       4.245123
*        0.500000
GRID*   258                             5.129954       4.095607
*        0.500000
GRID*   259                             5.186919       3.946092
*        0.500000
GRID*   260                             5.243884       3.796576
*        0.500000
GRID*   261                             5.300849       3.647060
*        0.500000
GRID*   262                             5.357815       3.497544
*        0.500000
GRID*   263                             5.414780       3.348029
*        0.500000
GRID*   264                             5.471745       3.198513
*        0.500000
GRID*   265                             3.634131       9.004723
*        0.500000
GRID*   266                             5.824454       3.255819
*        0.500000
GRID*   267                             3.691097       8.855207
*        0.500000
GRID*   268                             3.748062       8.705691
*        0.500000
GRID*   269                             3.805027       8.556176
*        0.500000
GRID*   270                             3.861992       8.406660
*        0.500000
GRID*   271                             3.918958       8.257144
*        0.500000
GRID*   272                             3.975923       8.107628
*        0.500000
GRID*   273                             4.032888       7.958113
*        0.500000
GRID*   274                             4.089853       7.808597
*        0.500000
GRID*   275                             4.146819       7.659081
*        0.500000
GRID*   276                             4.203784       7.509565
*        0.500000
GRID*   277                             4.260749       7.360050
*        0.500000
GRID*   278                             4.317714       7.210534
*        0.500000
GRID*   279                             4.374680       7.061018
*        0.500000
GRID*   280                             4.431645       6.911502
*        0.500000
GRID*   281                             4.488610       6.761987
*        0.500000
GRID*   282                             4.545575       6.612471
*        0.500000
GRID*   283                             4.602541       6.462955
*        0.500000
GRID*   284                             4.659506       6.313439
*        0.500000
GRID*   285                             4.716471       6.163924
*        0.500000
GRID*   286                             4.773436       6.014408
*        0.500000
GRID*   287                             4.830402       5.864892
*        0.500000
GRID*   288                             4.887367       5.715376
*        0.500000
GRID*   289                             4.944332       5.565861
*        0.500000
GRID*   290                             5.001297       5.416345
*        0.500000
GRID*   291                             5.058263       5.266829
*        0.500000
GRID*   292                             5.115228       5.117313
*        0.500000
GRID*   293                             5.172193       4.967798
*        0.500000
GRID*   294                             5.229158       4.818282
*        0.500000
GRID*   295                             5.286124       4.668766
*        0.500000
GRID*   296                             5.343089       4.519250
*        0.500000
GRID*   297                             5.400054       4.369735
*        0.500000
GRID*   298                             5.457019       4.220219
*        0.500000
GRID*   299                             5.513985       4.070703
*        0.500000
GRID*   300                             5.570950       3.921187
*        0.500000
GRID*   301                             5.627915       3.771672
*        0.500000
GRID*   302                             5.684880       3.622156
*        0.500000
GRID*   303                             5.741846       3.472640
*        0.500000
GRID*   304                             5.798811       3.323124
*        0.500000
GRID*   305                             3.961197       9.129334
*        0.500000
GRID*   306                             6.131559       3.432821
*        0.500000
GRID*   307                             4.018162       8.979819
*        0.500000
GRID*   308                             4.075128       8.830303
*        0.500000
GRID*   309                             4.132093       8.680787
*        0.500000
GRID*   310                             4.189058       8.531271
*        0.500000
GRID*   311                             4.246023       8.381756
*        0.500000
GRID*   312                             4.302989       8.232240
*        0.500000
GRID*   313                             4.359954       8.082724
*        0.500000
GRID*   314                             4.416919       7.933208
*        0.500000
GRID*   315                             4.473884       7.783693
*        0.500000
GRID*   316                             4.530850       7.634177
*        0.500000
GRID*   317                             4.587815       7.484661
*        0.500000
GRID*   318                             4.644780       7.335145
*        0.500000
GRID*   319                             4.701745       7.185630
*        0.500000
GRID*   320                             4.758711       7.036114
*        0.500000
GRID*   321                             4.815676       6.886598
*        0.500000
GRID*   322                             4.872641       6.737082
*        0.500000
GRID*   323                             4.929606       6.587567
*        0.500000
GRID*   324                             4.986572       6.438051
*        0.500000
GRID*   325                             5.043537       6.288535
*        0.500000
GRID*   326                             5.100502       6.139019
*        0.500000
GRID*   327                             5.157467       5.989504
*        0.500000
GRID*   328                             5.214433       5.839988
*        0.500000
GRID*   329                             5.271398       5.690472
*        0.500000
GRID*   330                             5.328363       5.540956
*        0.500000
GRID*   331                             5.385328       5.391441
*        0.500000
GRID*   332                             5.442294       5.241925
*        0.500000
GRID*   333                             5.499259       5.092409
*        0.500000
GRID*   334                             5.556224       4.942893
*        0.500000
GRID*   335                             5.613189       4.793378
*        0.500000
GRID*   336                             5.670155       4.643862
*        0.500000
GRID*   337                             5.727120       4.494346
*        0.500000
GRID*   338                             5.784085       4.344830
*        0.500000
GRID*   339                             5.841050       4.195315
*        0.500000
GRID*   340                             5.898016       4.045799
*        0.500000
GRID*   341                             5.954981       3.896283
*        0.500000
GRID*   342                             6.011946       3.746767
*        0.500000
GRID*   343                             6.068911       3.597252
*        0.500000
GRID*   344                             6.125877       3.447736
*        0.500000
GRID*   345                             4.288263       9.253946
*        0.500000
GRID*   346                             6.438664       3.609823
*        0.500000
GRID*   347                             4.345228       9.104430
*        0.500000
GRID*   348                             4.402193       8.954914
*        0.500000
GRID*   349                             4.459159       8.805399
*        0.500000
GRID*   350                             4.516124       8.655883
*        0.500000
GRID*   351                             4.573089       8.506367
*        0.500000
GRID*   352                             4.630054       8.356851
*        0.500000
GRID*   353                             4.687020       8.207336
*        0.500000
GRID*   354                             4.743985       8.057820
*        0.500000
GRID*   355                             4.800950       7.908304
*        0.500000
GRID*   356                             4.857915       7.758788
*        0.500000
GRID*   357                             4.914881       7.609273
*        0.500000
GRID*   358                             4.971846       7.459757
*        0.500000
GRID*   359                             5.028811       7.310241
*        0.500000
GRID*   360                             5.085776       7.160725
*        0.500000
GRID*   361                             5.142742       7.011210
*        0.500000
GRID*   362                             5.199707       6.861694
*        0.500000
GRID*   363                             5.256672       6.712178
*        0.500000
GRID*   364                             5.313637       6.562662
*        0.500000
GRID*   365                             5.370603       6.413147
*        0.500000
GRID*   366                             5.427568       6.263631
*        0.500000
GRID*   367                             5.484533       6.114115
*        0.500000
GRID*   368                             5.541498       5.964599
*        0.500000
GRID*   369                             5.598464       5.815084
*        0.500000
GRID*   370                             5.655429       5.665568
*        0.500000
GRID*   371                             5.712394       5.516052
*        0.500000
GRID*   372                             5.769359       5.366536
*        0.500000
GRID*   373                             5.826325       5.217021
*        0.500000
GRID*   374                             5.883290       5.067505
*        0.500000
GRID*   375                             5.940255       4.917989
*        0.500000
GRID*   376                             5.997220       4.768473
*        0.500000
GRID*   377                             6.054186       4.618958
*        0.500000
GRID*   378                             6.111151       4.469442
*        0.500000
GRID*   379                             6.168116       4.319926
*        0.500000
GRID*   380                             6.225081       4.170410
*        0.500000
GRID*   381                             6.282046       4.020895
*        0.500000
GRID*   382                             6.339012       3.871379
*        0.500000
GRID*   383                             6.395977       3.721863
*        0.500000
GRID*   384                             4.615329       9.378557
*        0.500000
GRID*   385                             6.745769       3.786825
*        0.500000
GRID*   386                             4.672294       9.229042
*        0.500000
GRID*   387                             4.729259       9.079526
*        0.500000
GRID*   388                             4.786224       8.930010
*        0.500000
GRID*   389                             4.843190       8.780494
*        0.500000
GRID*   390                             4.900155       8.630979
*        0.500000
GRID*   391                             4.957120       8.481463
*        0.500000
GRID*   392                             5.014085       8.331947
*        0.500000
GRID*   393                             5.071051       8.182431
*        0.500000
GRID*   394                             5.128016       8.032916
*        0.500000
GRID*   395                             5.184981       7.883400
*        0.500000
GRID*   396                             5.241946       7.733884
*        0.500000
GRID*   397                             5.298912       7.584368
*        0.500000
GRID*   398                             5.355877       7.434853
*        0.500000
GRID*   399                             5.412842       7.285337
*        0.500000
GRID*   400                             5.469807       7.135821
*        0.500000
GRID*   401                             5.526773       6.986305
*        0.500000
GRID*   402                             5.583738       6.836790
*        0.500000
GRID*   403                             5.640703       6.687274
*        0.500000
GRID*   404                             5.697668       6.537758
*        0.500000
GRID*   405                             5.754633       6.388242
*        0.500000
GRID*   406                             5.811599       6.238727
*        0.500000
GRID*   407                             5.868564       6.089211
*        0.500000
GRID*   408                             5.925529       5.939695
*        0.500000
GRID*   409                             5.982494       5.790179
*        0.500000
GRID*   410                             6.039460       5.640664
*        0.500000
GRID*   411                             6.096425       5.491148
*        0.500000
GRID*   412                             6.153390       5.341632
*        0.500000
GRID*   413                             6.210355       5.192116
*        0.500000
GRID*   414                             6.267321       5.042601
*        0.500000
GRID*   415                             6.324286       4.893085
*        0.500000
GRID*   416                             6.381251       4.743569
*        0.500000
GRID*   417                             6.438216       4.594053
*        0.500000
GRID*   418                             6.495182       4.444538
*        0.500000
GRID*   419                             6.552147       4.295022
*        0.500000
GRID*   420                             6.609112       4.145506
*        0.500000
GRID*   421                             6.666077       3.995990
*        0.500000
GRID*   422                             6.723043       3.846475
*        0.500000
GRID*   423                             4.942394       9.503169
*        0.500000
GRID*   424                             7.052874       3.963827
*        0.500000
GRID*   425                             4.999360       9.353653
*        0.500000
GRID*   426                             5.056325       9.204137
*        0.500000
GRID*   427                             5.113290       9.054622
*        0.500000
GRID*   428                             5.170255       8.905106
*        0.500000
GRID*   429                             5.227221       8.755590
*        0.500000
GRID*   430                             5.284186       8.606074
*        0.500000
GRID*   431                             5.341151       8.456559
*        0.500000
GRID*   432                             5.398116       8.307043
*        0.500000
GRID*   433                             5.455081       8.157527
*        0.500000
GRID*   434                             5.512047       8.008011
*        0.500000
GRID*   435                             5.569012       7.858496
*        0.500000
GRID*   436                             5.625977       7.708980
*        0.500000
GRID*   437                             5.682942       7.559464
*        0.500000
GRID*   438                             5.739908       7.409948
*        0.500000
GRID*   439                             5.796873       7.260433
*        0.500000
GRID*   440                             5.853838       7.110917
*        0.500000
GRID*   441                             5.910803       6.961401
*        0.500000
GRID*   442                             5.967769       6.811885
*        0.500000
GRID*   443                             6.024734       6.662370
*        0.500000
GRID*   444                             6.081699       6.512854
*        0.500000
GRID*   445                             6.138664       6.363338
*        0.500000
GRID*   446                             6.195630       6.213822
*        0.500000
GRID*   447                             6.252595       6.064307
*        0.500000
GRID*   448                             6.309560       5.914791
*        0.500000
GRID*   449                             6.366525       5.765275
*        0.500000
GRID*   450                             6.423491       5.615759
*        0.500000
GRID*   451                             6.480456       5.466244
*        0.500000
GRID*   452                             6.537421       5.316728
*        0.500000
GRID*   453                             6.594386       5.167212
*        0.500000
GRID*   454                             6.651352       5.017696
*        0.500000
GRID*   455                             6.708317       4.868181
*        0.500000
GRID*   456                             6.765282       4.718665
*        0.500000
GRID*   457                             6.822247       4.569149
*        0.500000
GRID*   458                             6.879213       4.419633
*        0.500000
GRID*   459                             6.936178       4.270117
*        0.500000
GRID*   460                             6.993143       4.120602
*        0.500000
GRID*   461                             7.050108       3.971086
*        0.500000
GRID*   462                             5.269460       9.627780
*        0.500000
GRID*   463                             7.359979       4.140829
*        0.500000
GRID*   464                             5.326425       9.478265
*        0.500000
GRID*   465                             5.383390       9.328749
*        0.500000
GRID*   466                             5.440356       9.179233
*        0.500000
GRID*   467                             5.497321       9.029717
*        0.500000
GRID*   468                             5.554286       8.880202
*        0.500000
GRID*   469                             5.611251       8.730686
*        0.500000
GRID*   470                             5.668217       8.581170
*        0.500000
GRID*   471                             5.725182       8.431654
*        0.500000
GRID*   472                             5.782147       8.282139
*        0.500000
GRID*   473                             5.839112       8.132623
*        0.500000
GRID*   474                             5.896078       7.983107
*        0.500000
GRID*   475                             5.953043       7.833591
*        0.500000
GRID*   476                             6.010008       7.684076
*        0.500000
GRID*   477                             6.066973       7.534560
*        0.500000
GRID*   478                             6.123939       7.385044
*        0.500000
GRID*   479                             6.180904       7.235528
*        0.500000
GRID*   480                             6.237869       7.086013
*        0.500000
GRID*   481                             6.294834       6.936497
*        0.500000
GRID*   482                             6.351800       6.786981
*        0.500000
GRID*   483                             6.408765       6.637465
*        0.500000
GRID*   484                             6.465730       6.487950
*        0.500000
GRID*   485                             6.522695       6.338434
*        0.500000
GRID*   486                             6.579661       6.188918
*        0.500000
GRID*   487                             6.636626       6.039402
*        0.500000
GRID*   488                             6.693591       5.889887
*        0.500000
GRID*   489                             6.750556       5.740371
*        0.500000
GRID*   490                             6.807522       5.590855
*        0.500000
GRID*   491                             6.864487       5.441339
*        0.500000
GRID*   492                             6.921452       5.291823
*        0.500000
GRID*   493                             6.978417       5.142308
*        0.500000
GRID*   494                             7.035383       4.992792
*        0.500000
GRID*   495                             7.092348       4.843276
*        0.500000
GRID*   496                             7.149313       4.693760
*        0.500000
GRID*   497                             7.206278       4.544245
*        0.500000
GRID*   498                             7.263244       4.394729
*        0.500000
GRID*   499                             7.320209       4.245213
*        0.500000
GRID*   500                             5.596526       9.752392
*        0.500000
GRID*   501                             7.667084       4.317831
*        0.500000
GRID*   502                             5.653491       9.602876
*        0.500000
GRID*   503                             5.710456       9.453360
*        0.500000
GRID*   504                             5.767421       9.303845
*        0.500000
GRID*   505                             5.824387       9.154329
*        0.500000
GRID*   506                             5.881352       9.004813
*        0.500000
GRID*   507                             5.938317       8.855297
*        0.500000
GRID*   508                             5.995282       8.705782
*        0.500000
GRID*   509                             6.052248       8.556266
*        0.500000
GRID*   510                             6.109213       8.406750
*        0.500000
GRID*   511                             6.166178       8.257234
*        0.500000
GRID*   512                             6.223143       8.107719
*        0.500000
GRID*   513                             6.280109       7.958203
*        0.500000
GRID*   514                             6.337074       7.808687
*        0.500000
GRID*   515                             6.394039       7.659171
*        0.500000
GRID*   516                             6.451004       7.509656
*        0.500000
GRID*   517                             6.507970       7.360140
*        0.500000
GRID*   518                             6.564935       7.210624
*        0.500000
GRID*   519                             6.621900       7.061108
*        0.500000
GRID*   520                             6.678865       6.911593
*        0.500000
GRID*   521                             6.735831       6.762077
*        0.500000
GRID*   522                             6.792796       6.612561
*        0.500000
GRID*   523                             6.849761       6.463045
*        0.500000
GRID*   524                             6.906726       6.313529
*        0.500000
GRID*   525                             6.963692       6.164014
*        0.500000
GRID*   526                             7.020657       6.014498
*        0.500000
GRID*   527                             7.077622       5.864982
*        0.500000
GRID*   528                             7.134587       5.715466
*        0.500000
GRID*   529                             7.191553       5.565951
*        0.500000
GRID*   530                             7.248518       5.416435
*        0.500000
GRID*   531                             7.305483       5.266919
*        0.500000
GRID*   532                             7.362448       5.117403
*        0.500000
GRID*   533                             7.419414       4.967888
*        0.500000
GRID*   534                             7.476379       4.818372
*        0.500000
GRID*   535                             7.533344       4.668856
*        0.500000
GRID*   536                             7.590309       4.519340
*        0.500000
GRID*   537                             7.647275       4.369825
*        0.500000
GRID*   538                             5.923591       9.877003
*        0.500000
GRID*   539                             7.974189       4.494833
*        0.500000
GRID*   540                             5.980557       9.727488
*        0.500000
GRID*   541                             6.037522       9.577972
*        0.500000
GRID*   542                             6.094487       9.428456
*        0.500000
GRID*   543                             6.151452       9.278940
*        0.500000
GRID*   544                             6.208418       9.129425
*        0.500000
GRID*   545                             6.265383       8.979909
*        0.500000
GRID*   546                             6.322348       8.830393
*        0.500000
GRID*   547                             6.379313       8.680877
*        0.500000
GRID*   548                             6.436279       8.531362
*        0.500000
GRID*   549                             6.493244       8.381846
*        0.500000
GRID*   550                             6.550209       8.232330
*        0.500000
GRID*   551                             6.607174       8.082814
*        0.500000
GRID*   552                             6.664140       7.933299
*        0.500000
GRID*   553                             6.721105       7.783783
*        0.500000
GRID*   554                             6.778070       7.634267
*        0.500000
GRID*   555                             6.835035       7.484751
*        0.500000
GRID*   556                             6.892001       7.335235
*        0.500000
GRID*   557                             6.948966       7.185720
*        0.500000
GRID*   558                             7.005931       7.036204
*        0.500000
GRID*   559                             7.062896       6.886688
*        0.500000
GRID*   560                             7.119862       6.737172
*        0.500000
GRID*   561                             7.176827       6.587657
*        0.500000
GRID*   562                             7.233792       6.438141
*        0.500000
GRID*   563                             7.290757       6.288625
*        0.500000
GRID*   564                             7.347723       6.139109
*        0.500000
GRID*   565                             7.404688       5.989594
*        0.500000
GRID*   566                             7.461653       5.840078
*        0.500000
GRID*   567                             7.518618       5.690562
*        0.500000
GRID*   568                             7.575584       5.541046
*        0.500000
GRID*   569                             7.632549       5.391531
*        0.500000
GRID*   570                             7.689514       5.242015
*        0.500000
GRID*   571                             7.746479       5.092499
*        0.500000
GRID*   572                             7.803445       4.942983
*        0.500000
GRID*   573                             7.860410       4.793468
*        0.500000
GRID*   574                             7.917375       4.643952
*        0.500000
GRID*   575                             6.250657       10.001615
*        0.500000
GRID*   576                             8.281294       4.671835
*        0.500000
GRID*   577                             6.307622       9.852099
*        0.500000
GRID*   578                             6.364588       9.702583
*        0.500000
GRID*   579                             6.421553       9.553068
*        0.500000
GRID*   580                             6.478518       9.403552
*        0.500000
GRID*   581                             6.535483       9.254036
*        0.500000
GRID*   582                             6.592449       9.104520
*        0.500000
GRID*   583                             6.649414       8.955005
*        0.500000
GRID*   584                             6.706379       8.805489
*        0.500000
GRID*   585                             6.763344       8.655973
*        0.500000
GRID*   586                             6.820310       8.506457
*        0.500000
GRID*   587                             6.877275       8.356941
*        0.500000
GRID*   588                             6.934240       8.207426
*        0.500000
GRID*   589                             6.991205       8.057910
*        0.500000
GRID*   590                             7.048171       7.908394
*        0.500000
GRID*   591                             7.105136       7.758878
*        0.500000
GRID*   592                             7.162101       7.609363
*        0.500000
GRID*   593                             7.219066       7.459847
*        0.500000
GRID*   594                             7.276032       7.310331
*        0.500000
GRID*   595                             7.332997       7.160815
*        0.500000
GRID*   596                             7.389962       7.011300
*        0.500000
GRID*   597                             7.446927       6.861784
*        0.500000
GRID*   598                             7.503893       6.712268
*        0.500000
GRID*   599                             7.560858       6.562752
*        0.500000
GRID*   600                             7.617823       6.413237
*        0.500000
GRID*   601                             7.674788       6.263721
*        0.500000
GRID*   602                             7.731754       6.114205
*        0.500000
GRID*   603                             7.788719       5.964689
*        0.500000
GRID*   604                             7.845684       5.815174
*        0.500000
GRID*   605                             7.902649       5.665658
*        0.500000
GRID*   606                             7.959615       5.516142
*        0.500000
GRID*   607                             8.016580       5.366626
*        0.500000
GRID*   608                             8.073545       5.217111
*        0.500000
GRID*   609                             8.130510       5.067595
*        0.500000
GRID*   610                             8.187476       4.918079
*        0.500000
GRID*   611                             8.244441       4.768563
*        0.500000
GRID*   612                             6.577723       10.126226
*        0.500000
GRID*   613                             8.588399       4.848837
*        0.500000
GRID*   614                             6.634688       9.976711
*        0.500000
GRID*   615                             6.691653       9.827195
*        0.500000
GRID*   616                             6.748619       9.677679
*        0.500000
GRID*   617                             6.805584       9.528163
*        0.500000
GRID*   618                             6.862549       9.378647
*        0.500000
GRID*   619                             6.919514       9.229132
*        0.500000
GRID*   620                             6.976480       9.079616
*        0.500000
GRID*   621                             7.033445       8.930100
*        0.500000
GRID*   622                             7.090410       8.780584
*        0.500000
GRID*   623                             7.147375       8.631069
*        0.500000
GRID*   624                             7.204341       8.481553
*        0.500000
GRID*   625                             7.261306       8.332037
*        0.500000
GRID*   626                             7.318271       8.182521
*        0.500000
GRID*   627                             7.375236       8.033006
*        0.500000
GRID*   628                             7.432202       7.883490
*        0.500000
GRID*   629                             7.489167       7.733974
*        0.500000
GRID*   630                             7.546132       7.584458
*        0.500000
GRID*   631                             7.603097       7.434943
*        0.500000
GRID*   632                             7.660063       7.285427
*        0.500000
GRID*   633                             7.717028       7.135911
*        0.500000
GRID*   634                             7.773993       6.986395
*        0.500000
GRID*   635                             7.830958       6.836880
*        0.500000
GRID*   636                             7.887924       6.687364
*        0.500000
GRID*   637                             7.944889       6.537848
*        0.500000
GRID*   638                             8.001854       6.388332
*        0.500000
GRID*   639                             8.058819       6.238817
*        0.500000
GRID*   640                             8.115784       6.089301
*        0.500000
GRID*   641                             8.172750       5.939785
*        0.500000
GRID*   642                             8.229715       5.790269
*        0.500000
GRID*   643                             8.286680       5.640754
*        0.500000
GRID*   644                             8.343645       5.491238
*        0.500000
GRID*   645                             8.400611       5.341722
*        0.500000
GRID*   646                             8.457576       5.192206
*        0.500000
GRID*   647                             8.514541       5.042691
*        0.500000
GRID*   648                             8.571506       4.893175
*        0.500000
GRID*   649                             6.904789       10.250838
*        0.500000
GRID*   650                             8.895504       5.025838
*        0.500000
GRID*   651                             6.961754       10.101322
*        0.500000
GRID*   652                             7.018719       9.951806
*        0.500000
GRID*   653                             7.075684       9.802290
*        0.500000
GRID*   654                             7.132650       9.652775
*        0.500000
GRID*   655                             7.189615       9.503259
*        0.500000
GRID*   656                             7.246580       9.353743
*        0.500000
GRID*   657                             7.303545       9.204227
*        0.500000
GRID*   658                             7.360511       9.054712
*        0.500000
GRID*   659                             7.417476       8.905196
*        0.500000
GRID*   660                             7.474441       8.755680
*        0.500000
GRID*   661                             7.531406       8.606164
*        0.500000
GRID*   662                             7.588372       8.456649
*        0.500000
GRID*   663                             7.645337       8.307133
*        0.500000
GRID*   664                             7.702302       8.157617
*        0.500000
GRID*   665                             7.759267       8.008101
*        0.500000
GRID*   666                             7.816232       7.858586
*        0.500000
GRID*   667                             7.873198       7.709070
*        0.500000
GRID*   668                             7.930163       7.559554
*        0.500000
GRID*   669                             7.987128       7.410038
*        0.500000
GRID*   670                             8.044093       7.260523
*        0.500000
GRID*   671                             8.101059       7.111007
*        0.500000
GRID*   672                             8.158024       6.961491
*        0.500000
GRID*   673                             8.214989       6.811975
*        0.500000
GRID*   674                             8.271954       6.662460
*        0.500000
GRID*   675                             8.328920       6.512944
*        0.500000
GRID*   676                             8.385885       6.363428
*        0.500000
GRID*   677                             8.442850       6.213912
*        0.500000
GRID*   678                             8.499815       6.064397
*        0.500000
GRID*   679                             8.556781       5.914881
*        0.500000
GRID*   680                             8.613746       5.765365
*        0.500000
GRID*   681                             8.670711       5.615849
*        0.500000
GRID*   682                             8.727676       5.466334
*        0.500000
GRID*   683                             8.784642       5.316818
*        0.500000
GRID*   684                             8.841607       5.167302
*        0.500000
GRID*   685                             7.231854       10.375449
*        0.500000
GRID*   686                             9.202609       5.202840
*        0.500000
GRID*   687                             7.288819       10.225933
*        0.500000
GRID*   688                             7.345785       10.076418
*        0.500000
GRID*   689                             7.402750       9.926902
*        0.500000
GRID*   690                             7.459715       9.777386
*        0.500000
GRID*   691                             7.516680       9.627870
*        0.500000
GRID*   692                             7.573646       9.478355
*        0.500000
GRID*   693                             7.630611       9.328839
*        0.500000
GRID*   694                             7.687576       9.179323
*        0.500000
GRID*   695                             7.744541       9.029807
*        0.500000
GRID*   696                             7.801507       8.880292
*        0.500000
GRID*   697                             7.858472       8.730776
*        0.500000
GRID*   698                             7.915437       8.581260
*        0.500000
GRID*   699                             7.972402       8.431744
*        0.500000
GRID*   700                             8.029368       8.282229
*        0.500000
GRID*   701                             8.086333       8.132713
*        0.500000
GRID*   702                             8.143298       7.983197
*        0.500000
GRID*   703                             8.200263       7.833681
*        0.500000
GRID*   704                             8.257229       7.684166
*        0.500000
GRID*   705                             8.314194       7.534650
*        0.500000
GRID*   706                             8.371159       7.385134
*        0.500000
GRID*   707                             8.428124       7.235618
*        0.500000
GRID*   708                             8.485090       7.086103
*        0.500000
GRID*   709                             8.542055       6.936587
*        0.500000
GRID*   710                             8.599020       6.787071
*        0.500000
GRID*   711                             8.655985       6.637555
*        0.500000
GRID*   712                             8.712951       6.488040
*        0.500000
GRID*   713                             8.769916       6.338524
*        0.500000
GRID*   714                             8.826881       6.189008
*        0.500000
GRID*   715                             8.883846       6.039492
*        0.500000
GRID*   716                             8.940812       5.889977
*        0.500000
GRID*   717                             8.997777       5.740461
*        0.500000
GRID*   718                             9.054742       5.590945
*        0.500000
GRID*   719                             9.111707       5.441429
*        0.500000
GRID*   720                             9.168673       5.291914
*        0.500000
GRID*   721                             7.558920       10.500061
*        0.500000
GRID*   722                             9.509714       5.379842
*        0.500000
GRID*   723                             7.615885       10.350545
*        0.500000
GRID*   724                             7.672850       10.201029
*        0.500000
GRID*   725                             7.729816       10.051513
*        0.500000
GRID*   726                             7.786781       9.901998
*        0.500000
GRID*   727                             7.843746       9.752482
*        0.500000
GRID*   728                             7.900711       9.602966
*        0.500000
GRID*   729                             7.957677       9.453450
*        0.500000
GRID*   730                             8.014642       9.303935
*        0.500000
GRID*   731                             8.071607       9.154419
*        0.500000
GRID*   732                             8.128572       9.004903
*        0.500000
GRID*   733                             8.185538       8.855387
*        0.500000
GRID*   734                             8.242503       8.705872
*        0.500000
GRID*   735                             8.299468       8.556356
*        0.500000
GRID*   736                             8.356433       8.406840
*        0.500000
GRID*   737                             8.413399       8.257324
*        0.500000
GRID*   738                             8.470364       8.107809
*        0.500000
GRID*   739                             8.527329       7.958293
*        0.500000
GRID*   740                             8.584294       7.808777
*        0.500000
GRID*   741                             8.641260       7.659261
*        0.500000
GRID*   742                             8.698225       7.509746
*        0.500000
GRID*   743                             8.755190       7.360230
*        0.500000
GRID*   744                             8.812155       7.210714
*        0.500000
GRID*   745                             8.869121       7.061198
*        0.500000
GRID*   746                             8.926086       6.911683
*        0.500000
GRID*   747                             8.983051       6.762167
*        0.500000
GRID*   748                             9.040016       6.612651
*        0.500000
GRID*   749                             9.096982       6.463135
*        0.500000
GRID*   750                             9.153947       6.313620
*        0.500000
GRID*   751                             9.210912       6.164104
*        0.500000
GRID*   752                             9.267877       6.014588
*        0.500000
GRID*   753                             9.324843       5.865072
*        0.500000
GRID*   754                             9.381808       5.715557
*        0.500000
GRID*   755                             9.438773       5.566041
*        0.500000
GRID*   756                             9.495738       5.416525
*        0.500000
GRID*   757                             7.885986       10.624672
*        0.500000
GRID*   758                             9.816819       5.556844
*        0.500000
GRID*   759                             7.942951       10.475156
*        0.500000
GRID*   760                             7.999916       10.325641
*        0.500000
GRID*   761                             8.056881       10.176125
*        0.500000
GRID*   762                             8.113847       10.026609
*        0.500000
GRID*   763                             8.170812       9.877093
*        0.500000
GRID*   764                             8.227777       9.727578
*        0.500000
GRID*   765                             8.284742       9.578062
*        0.500000
GRID*   766                             8.341708       9.428546
*        0.500000
GRID*   767                             8.398673       9.279030
*        0.500000
GRID*   768                             8.455638       9.129515
*        0.500000
GRID*   769                             8.512603       8.979999
*        0.500000
GRID*   770                             8.569569       8.830483
*        0.500000
GRID*   771                             8.626534       8.680967
*        0.500000
GRID*   772                             8.683499       8.531452
*        0.500000
GRID*   773                             8.740464       8.381936
*        0.500000
GRID*   774                             8.797430       8.232420
*        0.500000
GRID*   775                             8.854395       8.082904
*        0.500000
GRID*   776                             8.911360       7.933389
*        0.500000
GRID*   777                             8.968325       7.783873
*        0.500000
GRID*   778                             9.025291       7.634357
*        0.500000
GRID*   779                             9.082256       7.484841
*        0.500000
GRID*   780                             9.139221       7.335326
*        0.500000
GRID*   781                             9.196186       7.185810
*        0.500000
GRID*   782                             9.253152       7.036294
*        0.500000
GRID*   783                             9.310117       6.886778
*        0.500000
GRID*   784                             9.367082       6.737263
*        0.500000
GRID*   785                             9.424047       6.587747
*        0.500000
GRID*   786                             9.481013       6.438231
*        0.500000
GRID*   787                             9.537978       6.288715
*        0.500000
GRID*   788                             9.594943       6.139200
*        0.500000
GRID*   789                             9.651908       5.989684
*        0.500000
GRID*   790                             9.708874       5.840168
*        0.500000
GRID*   791                             9.765839       5.690652
*        0.500000
GRID*   792                             8.213051       10.749284
*        0.500000
GRID*   793                             10.123924       5.733846
*        0.500000
GRID*   794                             8.270017       10.599768
*        0.500000
GRID*   795                             8.326982       10.450252
*        0.500000
GRID*   796                             8.383947       10.300736
*        0.500000
GRID*   797                             8.440912       10.151221
*        0.500000
GRID*   798                             8.497878       10.001705
*        0.500000
GRID*   799                             8.554843       9.852189
*        0.500000
GRID*   800                             8.611808       9.702673
*        0.500000
GRID*   801                             8.668773       9.553158
*        0.500000
GRID*   802                             8.725739       9.403642
*        0.500000
GRID*   803                             8.782704       9.254126
*        0.500000
GRID*   804                             8.839669       9.104610
*        0.500000
GRID*   805                             8.896634       8.955095
*        0.500000
GRID*   806                             8.953600       8.805579
*        0.500000
GRID*   807                             9.010565       8.656063
*        0.500000
GRID*   808                             9.067530       8.506547
*        0.500000
GRID*   809                             9.124495       8.357032
*        0.500000
GRID*   810                             9.181461       8.207516
*        0.500000
GRID*   811                             9.238426       8.058000
*        0.500000
GRID*   812                             9.295391       7.908484
*        0.500000
GRID*   813                             9.352356       7.758969
*        0.500000
GRID*   814                             9.409322       7.609453
*        0.500000
GRID*   815                             9.466287       7.459937
*        0.500000
GRID*   816                             9.523252       7.310421
*        0.500000
GRID*   817                             9.580217       7.160906
*        0.500000
GRID*   818                             9.637183       7.011390
*        0.500000
GRID*   819                             9.694148       6.861874
*        0.500000
GRID*   820                             9.751113       6.712358
*        0.500000
GRID*   821                             9.808078       6.562843
*        0.500000
GRID*   822                             9.865044       6.413327
*        0.500000
GRID*   823                             9.922009       6.263811
*        0.500000
GRID*   824                             9.978974       6.114295
*        0.500000
GRID*   825                             10.035939       5.964780
*        0.500000
GRID*   826                             10.092905       5.815264
*        0.500000
GRID*   827                             8.540117       10.873895
*        0.500000
GRID*   828                             10.431030       5.910848
*        0.500000
GRID*   829                             8.597082       10.724379
*        0.500000
GRID*   830                             8.654048       10.574864
*        0.500000
GRID*   831                             8.711013       10.425348
*        0.500000
GRID*   832                             8.767978       10.275832
*        0.500000
GRID*   833                             8.824943       10.126316
*        0.500000
GRID*   834                             8.881909       9.976801
*        0.500000
GRID*   835                             8.938874       9.827285
*        0.500000
GRID*   836                             8.995839       9.677769
*        0.500000
GRID*   837                             9.052804       9.528253
*        0.500000
GRID*   838                             9.109770       9.378738
*        0.500000
GRID*   839                             9.166735       9.229222
*        0.500000
GRID*   840                             9.223700       9.079706
*        0.500000
GRID*   841                             9.280665       8.930190
*        0.500000
GRID*   842                             9.337631       8.780675
*        0.500000
GRID*   843                             9.394596       8.631159
*        0.500000
GRID*   844                             9.451561       8.481643
*        0.500000
GRID*   845                             9.508526       8.332127
*        0.500000
GRID*   846                             9.565492       8.182612
*        0.500000
GRID*   847                             9.622457       8.033096
*        0.500000
GRID*   848                             9.679422       7.883580
*        0.500000
GRID*   849                             9.736387       7.734064
*        0.500000
GRID*   850                             9.793353       7.584549
*        0.500000
GRID*   851                             9.850318       7.435033
*        0.500000
GRID*   852                             9.907283       7.285517
*        0.500000
GRID*   853                             9.964248       7.136001
*        0.500000
GRID*   854                             10.021214       6.986486
*        0.500000
GRID*   855                             10.078179       6.836970
*        0.500000
GRID*   856                             10.135144       6.687454
*        0.500000
GRID*   857                             10.192109       6.537938
*        0.500000
GRID*   858                             10.249075       6.388423
*        0.500000
GRID*   859                             10.306040       6.238907
*        0.500000
GRID*   860                             10.363005       6.089391
*        0.500000
GRID*   861                             10.419970       5.939875
*        0.500000
GRID*   862                             8.867183       10.998507
*        0.500000
GRID*   863                             10.738135       6.087850
*        0.500000
GRID*   864                             8.924148       10.848991
*        0.500000
GRID*   865                             8.981113       10.699475
*        0.500000
GRID*   866                             9.038079       10.549959
*        0.500000
GRID*   867                             9.095044       10.400444
*        0.500000
GRID*   868                             9.152009       10.250928
*        0.500000
GRID*   869                             9.208974       10.101412
*        0.500000
GRID*   870                             9.265940       9.951896
*        0.500000
GRID*   871                             9.322905       9.802381
*        0.500000
GRID*   872                             9.379870       9.652865
*        0.500000
GRID*   873                             9.436835       9.503349
*        0.500000
GRID*   874                             9.493801       9.353833
*        0.500000
GRID*   875                             9.550766       9.204318
*        0.500000
GRID*   876                             9.607731       9.054802
*        0.500000
GRID*   877                             9.664696       8.905286
*        0.500000
GRID*   878                             9.721662       8.755770
*        0.500000
GRID*   879                             9.778627       8.606255
*        0.500000
GRID*   880                             9.835592       8.456739
*        0.500000
GRID*   881                             9.892557       8.307223
*        0.500000
GRID*   882                             9.949522       8.157707
*        0.500000
GRID*   883                             10.006488       8.008192
*        0.500000
GRID*   884                             10.063453       7.858676
*        0.500000
GRID*   885                             10.120418       7.709160
*        0.500000
GRID*   886                             10.177383       7.559644
*        0.500000
GRID*   887                             10.234349       7.410129
*        0.500000
GRID*   888                             10.291314       7.260613
*        0.500000
GRID*   889                             10.348279       7.111097
*        0.500000
GRID*   890                             10.405244       6.961581
*        0.500000
GRID*   891                             10.462210       6.812065
*        0.500000
GRID*   892                             10.519175       6.662550
*        0.500000
GRID*   893                             10.576140       6.513034
*        0.500000
GRID*   894                             10.633105       6.363518
*        0.500000
GRID*   895                             10.690071       6.214002
*        0.500000
GRID*   896                             9.194249       11.123118
*        0.500000
GRID*   897                             11.045240       6.264852
*        0.500000
GRID*   898                             9.251214       10.973602
*        0.500000
GRID*   899                             9.308179       10.824087
*        0.500000
GRID*   900                             9.365144       10.674571
*        0.500000
GRID*   901                             9.422110       10.525055
*        0.500000
GRID*   902                             9.479075       10.375539
*        0.500000
GRID*   903                             9.536040       10.226024
*        0.500000
GRID*   904                             9.593005       10.076508
*        0.500000
GRID*   905                             9.649970       9.926992
*        0.500000
GRID*   906                             9.706936       9.777476
*        0.500000
GRID*   907                             9.763901       9.627961
*        0.500000
GRID*   908                             9.820866       9.478445
*        0.500000
GRID*   909                             9.877831       9.328929
*        0.500000
GRID*   910                             9.934797       9.179413
*        0.500000
GRID*   911                             9.991762       9.029898
*        0.500000
GRID*   912                             10.048727       8.880382
*        0.500000
GRID*   913                             10.105692       8.730866
*        0.500000
GRID*   914                             10.162658       8.581350
*        0.500000
GRID*   915                             10.219623       8.431835
*        0.500000
GRID*   916                             10.276588       8.282319
*        0.500000
GRID*   917                             10.333553       8.132803
*        0.500000
GRID*   918                             10.390519       7.983287
*        0.500000
GRID*   919                             10.447484       7.833771
*        0.500000
GRID*   920                             10.504449       7.684256
*        0.500000
GRID*   921                             10.561414       7.534740
*        0.500000
GRID*   922                             10.618380       7.385224
*        0.500000
GRID*   923                             10.675345       7.235708
*        0.500000
GRID*   924                             10.732310       7.086193
*        0.500000
GRID*   925                             10.789275       6.936677
*        0.500000
GRID*   926                             10.846241       6.787161
*        0.500000
GRID*   927                             10.903206       6.637645
*        0.500000
GRID*   928                             10.960171       6.488130
*        0.500000
GRID*   929                             11.017136       6.338614
*        0.500000
GRID*   930                             9.521314       11.247730
*        0.500000
GRID*   931                             11.352345       6.441854
*        0.500000
GRID*   932                             9.578279       11.098214
*        0.500000
GRID*   933                             9.635245       10.948698
*        0.500000
GRID*   934                             9.692210       10.799182
*        0.500000
GRID*   935                             9.749175       10.649667
*        0.500000
GRID*   936                             9.806140       10.500151
*        0.500000
GRID*   937                             9.863106       10.350635
*        0.500000
GRID*   938                             9.920071       10.201119
*        0.500000
GRID*   939                             9.977036       10.051604
*        0.500000
GRID*   940                             10.034001       9.902088
*        0.500000
GRID*   941                             10.090967       9.752572
*        0.500000
GRID*   942                             10.147932       9.603056
*        0.500000
GRID*   943                             10.204897       9.453541
*        0.500000
GRID*   944                             10.261862       9.304025
*        0.500000
GRID*   945                             10.318828       9.154509
*        0.500000
GRID*   946                             10.375793       9.004993
*        0.500000
GRID*   947                             10.432758       8.855478
*        0.500000
GRID*   948                             10.489723       8.705962
*        0.500000
GRID*   949                             10.546689       8.556446
*        0.500000
GRID*   950                             10.603654       8.406930
*        0.500000
GRID*   951                             10.660619       8.257414
*        0.500000
GRID*   952                             10.717584       8.107899
*        0.500000
GRID*   953                             10.774550       7.958383
*        0.500000
GRID*   954                             10.831515       7.808867
*        0.500000
GRID*   955                             10.888480       7.659351
*        0.500000
GRID*   956                             10.945445       7.509836
*        0.500000
GRID*   957                             11.002411       7.360320
*        0.500000
GRID*   958                             11.059376       7.210804
*        0.500000
GRID*   959                             11.116341       7.061288
*        0.500000
GRID*   960                             11.173306       6.911773
*        0.500000
GRID*   961                             11.230272       6.762257
*        0.500000
GRID*   962                             11.287237       6.612741
*        0.500000
GRID*   963                             11.344202       6.463225
*        0.500000
GRID*   964                             9.848380       11.372341
*        0.500000
GRID*   965                             11.659450       6.618856
*        0.500000
GRID*   966                             9.905345       11.222825
*        0.500000
GRID*   967                             9.962310       11.073310
*        0.500000
GRID*   968                             10.019276       10.923794
*        0.500000
GRID*   969                             10.076241       10.774278
*        0.500000
GRID*   970                             10.133206       10.624762
*        0.500000
GRID*   971                             10.190171       10.475247
*        0.500000
GRID*   972                             10.247137       10.325731
*        0.500000
GRID*   973                             10.304102       10.176215
*        0.500000
GRID*   974                             10.361067       10.026699
*        0.500000
GRID*   975                             10.418032       9.877184
*        0.500000
GRID*   976                             10.474998       9.727668
*        0.500000
GRID*   977                             10.531963       9.578152
*        0.500000
GRID*   978                             10.588928       9.428636
*        0.500000
GRID*   979                             10.645893       9.279120
*        0.500000
GRID*   980                             10.702859       9.129605
*        0.500000
GRID*   981                             10.759824       8.980089
*        0.500000
GRID*   982                             10.816789       8.830573
*        0.500000
GRID*   983                             10.873754       8.681057
*        0.500000
GRID*   984                             10.930720       8.531542
*        0.500000
GRID*   985                             10.987685       8.382026
*        0.500000
GRID*   986                             11.044650       8.232510
*        0.500000
GRID*   987                             11.101615       8.082994
*        0.500000
GRID*   988                             11.158581       7.933479
*        0.500000
GRID*   989                             11.215546       7.783963
*        0.500000
GRID*   990                             11.272511       7.634447
*        0.500000
GRID*   991                             11.329476       7.484931
*        0.500000
GRID*   992                             11.386442       7.335416
*        0.500000
GRID*   993                             11.443407       7.185900
*        0.500000
GRID*   994                             11.500372       7.036384
*        0.500000
GRID*   995                             11.557337       6.886868
*        0.500000
GRID*   996                             11.614303       6.737353
*        0.500000
GRID*   997                             10.175446       11.496953
*        0.500000
GRID*   998                             11.966555       6.795858
*        0.500000
GRID*   999                             10.232411       11.347437
*        0.500000
GRID*   1000                             10.289376       11.197921
*        0.500000
GRID*   1001                             10.346341       11.048405
*        0.500000
GRID*   1002                             10.403307       10.898890
*        0.500000
GRID*   1003                             10.460272       10.749374
*        0.500000
GRID*   1004                             10.517237       10.599858
*        0.500000
GRID*   1005                             10.574202       10.450342
*        0.500000
GRID*   1006                             10.631168       10.300826
*        0.500000
GRID*   1007                             10.688133       10.151311
*        0.500000
GRID*   1008                             10.745098       10.001795
*        0.500000
GRID*   1009                             10.802063       9.852279
*        0.500000
GRID*   1010                             10.859029       9.702763
*        0.500000
GRID*   1011                             10.915994       9.553248
*        0.500000
GRID*   1012                             10.972959       9.403732
*        0.500000
GRID*   1013                             11.029924       9.254216
*        0.500000
GRID*   1014                             11.086890       9.104700
*        0.500000
GRID*   1015                             11.143855       8.955185
*        0.500000
GRID*   1016                             11.200820       8.805669
*        0.500000
GRID*   1017                             11.257785       8.656153
*        0.500000
GRID*   1018                             11.314751       8.506637
*        0.500000
GRID*   1019                             11.371716       8.357122
*        0.500000
GRID*   1020                             11.428681       8.207606
*        0.500000
GRID*   1021                             11.485646       8.058090
*        0.500000
GRID*   1022                             11.542612       7.908574
*        0.500000
GRID*   1023                             11.599577       7.759059
*        0.500000
GRID*   1024                             11.656542       7.609543
*        0.500000
GRID*   1025                             11.713507       7.460027
*        0.500000
GRID*   1026                             11.770473       7.310511
*        0.500000
GRID*   1027                             11.827438       7.160996
*        0.500000
GRID*   1028                             11.884403       7.011480
*        0.500000
GRID*   1029                             11.941368       6.861964
*        0.500000
GRID*   1030                             10.502511       11.621564
*        0.500000
GRID*   1031                             12.273660       6.972860
*        0.500000
GRID*   1032                             10.559477       11.472048
*        0.500000
GRID*   1033                             10.616442       11.322532
*        0.500000
GRID*   1034                             10.673407       11.173017
*        0.500000
GRID*   1035                             10.730372       11.023501
*        0.500000
GRID*   1036                             10.787338       10.873985
*        0.500000
GRID*   1037                             10.844303       10.724469
*        0.500000
GRID*   1038                             10.901268       10.574954
*        0.500000
GRID*   1039                             10.958233       10.425438
*        0.500000
GRID*   1040                             11.015199       10.275922
*        0.500000
GRID*   1041                             11.072164       10.126406
*        0.500000
GRID*   1042                             11.129129       9.976891
*        0.500000
GRID*   1043                             11.186094       9.827375
*        0.500000
GRID*   1044                             11.243060       9.677859
*        0.500000
GRID*   1045                             11.300025       9.528343
*        0.500000
GRID*   1046                             11.356990       9.378828
*        0.500000
GRID*   1047                             11.413955       9.229312
*        0.500000
GRID*   1048                             11.470921       9.079796
*        0.500000
GRID*   1049                             11.527886       8.930280
*        0.500000
GRID*   1050                             11.584851       8.780765
*        0.500000
GRID*   1051                             11.641816       8.631249
*        0.500000
GRID*   1052                             11.698782       8.481733
*        0.500000
GRID*   1053                             11.755747       8.332217
*        0.500000
GRID*   1054                             11.812712       8.182702
*        0.500000
GRID*   1055                             11.869677       8.033186
*        0.500000
GRID*   1056                             11.926643       7.883670
*        0.500000
GRID*   1057                             11.983608       7.734154
*        0.500000
GRID*   1058                             12.040573       7.584639
*        0.500000
GRID*   1059                             12.097538       7.435123
*        0.500000
GRID*   1060                             12.154504       7.285607
*        0.500000
GRID*   1061                             12.211469       7.136091
*        0.500000
GRID*   1062                             12.268434       6.986576
*        0.500000
GRID*   1063                             10.829577       11.746175
*        0.500000
GRID*   1064                             12.580765       7.149862
*        0.500000
GRID*   1065                             10.886542       11.596660
*        0.500000
GRID*   1066                             10.943508       11.447144
*        0.500000
GRID*   1067                             11.000473       11.297628
*        0.500000
GRID*   1068                             11.057438       11.148112
*        0.500000
GRID*   1069                             11.114403       10.998597
*        0.500000
GRID*   1070                             11.171369       10.849081
*        0.500000
GRID*   1071                             11.228334       10.699565
*        0.500000
GRID*   1072                             11.285299       10.550049
*        0.500000
GRID*   1073                             11.342264       10.400534
*        0.500000
GRID*   1074                             11.399230       10.251018
*        0.500000
GRID*   1075                             11.456195       10.101502
*        0.500000
GRID*   1076                             11.513160       9.951986
*        0.500000
GRID*   1077                             11.570125       9.802471
*        0.500000
GRID*   1078                             11.627091       9.652955
*        0.500000
GRID*   1079                             11.684056       9.503439
*        0.500000
GRID*   1080                             11.741021       9.353923
*        0.500000
GRID*   1081                             11.797986       9.204408
*        0.500000
GRID*   1082                             11.854952       9.054892
*        0.500000
GRID*   1083                             11.911917       8.905376
*        0.500000
GRID*   1084                             11.968882       8.755860
*        0.500000
GRID*   1085                             12.025847       8.606345
*        0.500000
GRID*   1086                             12.082813       8.456829
*        0.500000
GRID*   1087                             12.139778       8.307313
*        0.500000
GRID*   1088                             12.196743       8.157797
*        0.500000
GRID*   1089                             12.253708       8.008282
*        0.500000
GRID*   1090                             12.310673       7.858766
*        0.500000
GRID*   1091                             12.367639       7.709250
*        0.500000
GRID*   1092                             12.424604       7.559734
*        0.500000
GRID*   1093                             12.481569       7.410219
*        0.500000
GRID*   1094                             12.538534       7.260703
*        0.500000
GRID*   1095                             11.156643       11.870787
*        0.500000
GRID*   1096                             12.887870       7.326864
*        0.500000
GRID*   1097                             11.213608       11.721271
*        0.500000
GRID*   1098                             11.270573       11.571755
*        0.500000
GRID*   1099                             11.327539       11.422240
*        0.500000
GRID*   1100                             11.384504       11.272724
*        0.500000
GRID*   1101                             11.441469       11.123208
*        0.500000
GRID*   1102                             11.498434       10.973692
*        0.500000
GRID*   1103                             11.555400       10.824177
*        0.500000
GRID*   1104                             11.612365       10.674661
*        0.500000
GRID*   1105                             11.669330       10.525145
*        0.500000
GRID*   1106                             11.726295       10.375629
*        0.500000
GRID*   1107                             11.783261       10.226114
*        0.500000
GRID*   1108                             11.840226       10.076598
*        0.500000
GRID*   1109                             11.897191       9.927082
*        0.500000
GRID*   1110                             11.954156       9.777566
*        0.500000
GRID*   1111                             12.011121       9.628051
*        0.500000
GRID*   1112                             12.068087       9.478535
*        0.500000
GRID*   1113                             12.125052       9.329019
*        0.500000
GRID*   1114                             12.182017       9.179503
*        0.500000
GRID*   1115                             12.238982       9.029988
*        0.500000
GRID*   1116                             12.295948       8.880472
*        0.500000
GRID*   1117                             12.352913       8.730956
*        0.500000
GRID*   1118                             12.409878       8.581440
*        0.500000
GRID*   1119                             12.466843       8.431925
*        0.500000
GRID*   1120                             12.523809       8.282409
*        0.500000
GRID*   1121                             12.580774       8.132893
*        0.500000
GRID*   1122                             12.637739       7.983377
*        0.500000
GRID*   1123                             12.694704       7.833862
*        0.500000
GRID*   1124                             12.751670       7.684346
*        0.500000
GRID*   1125                             12.808635       7.534830
*        0.500000
GRID*   1126                             12.865600       7.385314
*        0.500000
GRID*   1127                             11.483708       11.995398
*        0.500000
GRID*   1128                             13.194975       7.503866
*        0.500000
GRID*   1129                             11.540674       11.845883
*        0.500000
GRID*   1130                             11.597639       11.696367
*        0.500000
GRID*   1131                             11.654604       11.546851
*        0.500000
GRID*   1132                             11.711569       11.397335
*        0.500000
GRID*   1133                             11.768535       11.247820
*        0.500000
GRID*   1134                             11.825500       11.098304
*        0.500000
GRID*   1135                             11.882465       10.948788
*        0.500000
GRID*   1136                             11.939430       10.799272
*        0.500000
GRID*   1137                             11.996396       10.649757
*        0.500000
GRID*   1138                             12.053361       10.500241
*        0.500000
GRID*   1139                             12.110326       10.350725
*        0.500000
GRID*   1140                             12.167291       10.201209
*        0.500000
GRID*   1141                             12.224257       10.051694
*        0.500000
GRID*   1142                             12.281222       9.902178
*        0.500000
GRID*   1143                             12.338187       9.752662
*        0.500000
GRID*   1144                             12.395152       9.603146
*        0.500000
GRID*   1145                             12.452118       9.453631
*        0.500000
GRID*   1146                             12.509083       9.304115
*        0.500000
GRID*   1147                             12.566048       9.154599
*        0.500000
GRID*   1148                             12.623013       9.005083
*        0.500000
GRID*   1149                             12.679979       8.855568
*        0.500000
GRID*   1150                             12.736944       8.706052
*        0.500000
GRID*   1151                             12.793909       8.556536
*        0.500000
GRID*   1152                             12.850874       8.407020
*        0.500000
GRID*   1153                             12.907840       8.257505
*        0.500000
GRID*   1154                             12.964805       8.107989
*        0.500000
GRID*   1155                             13.021770       7.958473
*        0.500000
GRID*   1156                             13.078735       7.808957
*        0.500000
GRID*   1157                             13.135701       7.659442
*        0.500000
GRID*   1158                             13.192666       7.509926
*        0.500000
GRID*   1159                             11.810774       12.120010
*        0.500000
GRID*   1160                             13.502080       7.680868
*        0.500000
GRID*   1161                             11.867739       11.970494
*        0.500000
GRID*   1162                             11.924705       11.820978
*        0.500000
GRID*   1163                             11.981670       11.671463
*        0.500000
GRID*   1164                             12.038635       11.521947
*        0.500000
GRID*   1165                             12.095600       11.372431
*        0.500000
GRID*   1166                             12.152566       11.222915
*        0.500000
GRID*   1167                             12.209531       11.073400
*        0.500000
GRID*   1168                             12.266496       10.923884
*        0.500000
GRID*   1169                             12.323461       10.774368
*        0.500000
GRID*   1170                             12.380427       10.624852
*        0.500000
GRID*   1171                             12.437392       10.475337
*        0.500000
GRID*   1172                             12.494357       10.325821
*        0.500000
GRID*   1173                             12.551322       10.176305
*        0.500000
GRID*   1174                             12.608288       10.026789
*        0.500000
GRID*   1175                             12.665253       9.877274
*        0.500000
GRID*   1176                             12.722218       9.727758
*        0.500000
GRID*   1177                             12.779183       9.578242
*        0.500000
GRID*   1178                             12.836149       9.428726
*        0.500000
GRID*   1179                             12.893114       9.279211
*        0.500000
GRID*   1180                             12.950079       9.129695
*        0.500000
GRID*   1181                             13.007044       8.980179
*        0.500000
GRID*   1182                             13.064010       8.830663
*        0.500000
GRID*   1183                             13.120975       8.681148
*        0.500000
GRID*   1184                             13.177940       8.531632
*        0.500000
GRID*   1185                             13.234905       8.382116
*        0.500000
GRID*   1186                             13.291871       8.232600
*        0.500000
GRID*   1187                             13.348836       8.083085
*        0.500000
GRID*   1188                             13.405801       7.933569
*        0.500000
GRID*   1189                             13.462766       7.784053
*        0.500000
GRID*   1190                             12.137840       12.244621
*        0.500000
GRID*   1191                             13.809185       7.857869
*        0.500000
GRID*   1192                             12.194805       12.095106
*        0.500000
GRID*   1193                             12.251770       11.945590
*        0.500000
GRID*   1194                             12.308736       11.796074
*        0.500000
GRID*   1195                             12.365701       11.646558
*        0.500000
GRID*   1196                             12.422666       11.497043
*        0.500000
GRID*   1197                             12.479631       11.347527
*        0.500000
GRID*   1198                             12.536597       11.198011
*        0.500000
GRID*   1199                             12.593562       11.048495
*        0.500000
GRID*   1200                             12.650527       10.898980
*        0.500000
GRID*   1201                             12.707492       10.749464
*        0.500000
GRID*   1202                             12.764458       10.599948
*        0.500000
GRID*   1203                             12.821423       10.450432
*        0.500000
GRID*   1204                             12.878388       10.300917
*        0.500000
GRID*   1205                             12.935353       10.151401
*        0.500000
GRID*   1206                             12.992319       10.001885
*        0.500000
GRID*   1207                             13.049284       9.852369
*        0.500000
GRID*   1208                             13.106249       9.702854
*        0.500000
GRID*   1209                             13.163214       9.553338
*        0.500000
GRID*   1210                             13.220180       9.403822
*        0.500000
GRID*   1211                             13.277145       9.254306
*        0.500000
GRID*   1212                             13.334110       9.104791
*        0.500000
GRID*   1213                             13.391075       8.955275
*        0.500000
GRID*   1214                             13.448041       8.805759
*        0.500000
GRID*   1215                             13.505006       8.656243
*        0.500000
GRID*   1216                             13.561971       8.506728
*        0.500000
GRID*   1217                             13.618936       8.357212
*        0.500000
GRID*   1218                             13.675902       8.207696
*        0.500000
GRID*   1219                             13.732867       8.058180
*        0.500000
GRID*   1220                             13.789832       7.908665
*        0.500000
GRID*   1221                             12.464906       12.369233
*        0.500000
GRID*   1222                             14.116290       8.034871
*        0.500000
GRID*   1223                             12.521871       12.219717
*        0.500000
GRID*   1224                             12.578836       12.070201
*        0.500000
GRID*   1225                             12.635801       11.920686
*        0.500000
GRID*   1226                             12.692767       11.771170
*        0.500000
GRID*   1227                             12.749732       11.621654
*        0.500000
GRID*   1228                             12.806697       11.472138
*        0.500000
GRID*   1229                             12.863662       11.322623
*        0.500000
GRID*   1230                             12.920628       11.173107
*        0.500000
GRID*   1231                             12.977593       11.023591
*        0.500000
GRID*   1232                             13.034558       10.874075
*        0.500000
GRID*   1233                             13.091523       10.724560
*        0.500000
GRID*   1234                             13.148489       10.575044
*        0.500000
GRID*   1235                             13.205454       10.425528
*        0.500000
GRID*   1236                             13.262419       10.276012
*        0.500000
GRID*   1237                             13.319384       10.126497
*        0.500000
GRID*   1238                             13.376350       9.976981
*        0.500000
GRID*   1239                             13.433315       9.827465
*        0.500000
GRID*   1240                             13.490280       9.677949
*        0.500000
GRID*   1241                             13.547245       9.528434
*        0.500000
GRID*   1242                             13.604211       9.378918
*        0.500000
GRID*   1243                             13.661176       9.229402
*        0.500000
GRID*   1244                             13.718141       9.079886
*        0.500000
GRID*   1245                             13.775106       8.930371
*        0.500000
GRID*   1246                             13.832072       8.780855
*        0.500000
GRID*   1247                             13.889037       8.631339
*        0.500000
GRID*   1248                             13.946002       8.481823
*        0.500000
GRID*   1249                             14.002967       8.332308
*        0.500000
GRID*   1250                             14.059933       8.182792
*        0.500000
GRID*   1251                             12.791971       12.493844
*        0.500000
GRID*   1252                             14.423395       8.211873
*        0.500000
GRID*   1253                             12.848937       12.344329
*        0.500000
GRID*   1254                             12.905902       12.194813
*        0.500000
GRID*   1255                             12.962867       12.045297
*        0.500000
GRID*   1256                             13.019832       11.895781
*        0.500000
GRID*   1257                             13.076798       11.746266
*        0.500000
GRID*   1258                             13.133763       11.596750
*        0.500000
GRID*   1259                             13.190728       11.447234
*        0.500000
GRID*   1260                             13.247693       11.297718
*        0.500000
GRID*   1261                             13.304659       11.148203
*        0.500000
GRID*   1262                             13.361624       10.998687
*        0.500000
GRID*   1263                             13.418589       10.849171
*        0.500000
GRID*   1264                             13.475554       10.699655
*        0.500000
GRID*   1265                             13.532520       10.550140
*        0.500000
GRID*   1266                             13.589485       10.400624
*        0.500000
GRID*   1267                             13.646450       10.251108
*        0.500000
GRID*   1268                             13.703415       10.101592
*        0.500000
GRID*   1269                             13.760381       9.952077
*        0.500000
GRID*   1270                             13.817346       9.802561
*        0.500000
GRID*   1271                             13.874311       9.653045
*        0.500000
GRID*   1272                             13.931276       9.503529
*        0.500000
GRID*   1273                             13.988242       9.354014
*        0.500000
GRID*   1274                             14.045207       9.204498
*        0.500000
GRID*   1275                             14.102172       9.054982
*        0.500000
GRID*   1276                             14.159137       8.905466
*        0.500000
GRID*   1277                             14.216103       8.755950
*        0.500000
GRID*   1278                             14.273068       8.606435
*        0.500000
GRID*   1279                             14.330033       8.456919
*        0.500000
GRID*   1280                             14.386998       8.307403
*        0.500000
GRID*   1281                             13.119037       12.618456
*        0.500000
GRID*   1282                             14.730500       8.388875
*        0.500000
GRID*   1283                             13.176002       12.468940
*        0.500000
GRID*   1284                             13.232968       12.319424
*        0.500000
GRID*   1285                             13.289933       12.169909
*        0.500000
GRID*   1286                             13.346898       12.020393
*        0.500000
GRID*   1287                             13.403863       11.870877
*        0.500000
GRID*   1288                             13.460829       11.721361
*        0.500000
GRID*   1289                             13.517794       11.571846
*        0.500000
GRID*   1290                             13.574759       11.422330
*        0.500000
GRID*   1291                             13.631724       11.272814
*        0.500000
GRID*   1292                             13.688690       11.123298
*        0.500000
GRID*   1293                             13.745655       10.973783
*        0.500000
GRID*   1294                             13.802620       10.824267
*        0.500000
GRID*   1295                             13.859585       10.674751
*        0.500000
GRID*   1296                             13.916551       10.525235
*        0.500000
GRID*   1297                             13.973516       10.375720
*        0.500000
GRID*   1298                             14.030481       10.226204
*        0.500000
GRID*   1299                             14.087446       10.076688
*        0.500000
GRID*   1300                             14.144411       9.927172
*        0.500000
GRID*   1301                             14.201377       9.777656
*        0.500000
GRID*   1302                             14.258342       9.628141
*        0.500000
GRID*   1303                             14.315307       9.478625
*        0.500000
GRID*   1304                             14.372272       9.329109
*        0.500000
GRID*   1305                             14.429238       9.179593
*        0.500000
GRID*   1306                             14.486203       9.030078
*        0.500000
GRID*   1307                             14.543168       8.880562
*        0.500000
GRID*   1308                             14.600133       8.731046
*        0.500000
GRID*   1309                             14.657099       8.581530
*        0.500000
GRID*   1310                             14.714064       8.432015
*        0.500000
GRID*   1311                             13.446103       12.743067
*        0.500000
GRID*   1312                             15.037605       8.565877
*        0.500000
GRID*   1313                             13.503068       12.593552
*        0.500000
GRID*   1314                             13.560033       12.444036
*        0.500000
GRID*   1315                             13.616999       12.294520
*        0.500000
GRID*   1316                             13.673964       12.145004
*        0.500000
GRID*   1317                             13.730929       11.995489
*        0.500000
GRID*   1318                             13.787894       11.845973
*        0.500000
GRID*   1319                             13.844859       11.696457
*        0.500000
GRID*   1320                             13.901825       11.546941
*        0.500000
GRID*   1321                             13.958790       11.397426
*        0.500000
GRID*   1322                             14.015755       11.247910
*        0.500000
GRID*   1323                             14.072720       11.098394
*        0.500000
GRID*   1324                             14.129686       10.948878
*        0.500000
GRID*   1325                             14.186651       10.799362
*        0.500000
GRID*   1326                             14.243616       10.649847
*        0.500000
GRID*   1327                             14.300581       10.500331
*        0.500000
GRID*   1328                             14.357547       10.350815
*        0.500000
GRID*   1329                             14.414512       10.201299
*        0.500000
GRID*   1330                             14.471477       10.051784
*        0.500000
GRID*   1331                             14.528442       9.902268
*        0.500000
GRID*   1332                             14.585408       9.752752
*        0.500000
GRID*   1333                             14.642373       9.603236
*        0.500000
GRID*   1334                             14.699338       9.453721
*        0.500000
GRID*   1335                             14.756303       9.304205
*        0.500000
GRID*   1336                             14.813269       9.154689
*        0.500000
GRID*   1337                             14.870234       9.005173
*        0.500000
GRID*   1338                             14.927199       8.855658
*        0.500000
GRID*   1339                             14.984164       8.706142
*        0.500000
GRID*   1340                             13.773168       12.867679
*        0.500000
GRID*   1341                             15.344710       8.742879
*        0.500000
GRID*   1342                             13.830134       12.718163
*        0.500000
GRID*   1343                             13.887099       12.568647
*        0.500000
GRID*   1344                             13.944064       12.419132
*        0.500000
GRID*   1345                             14.001029       12.269616
*        0.500000
GRID*   1346                             14.057995       12.120100
*        0.500000
GRID*   1347                             14.114960       11.970584
*        0.500000
GRID*   1348                             14.171925       11.821068
*        0.500000
GRID*   1349                             14.228890       11.671553
*        0.500000
GRID*   1350                             14.285856       11.522037
*        0.500000
GRID*   1351                             14.342821       11.372521
*        0.500000
GRID*   1352                             14.399786       11.223005
*        0.500000
GRID*   1353                             14.456751       11.073490
*        0.500000
GRID*   1354                             14.513717       10.923974
*        0.500000
GRID*   1355                             14.570682       10.774458
*        0.500000
GRID*   1356                             14.627647       10.624942
*        0.500000
GRID*   1357                             14.684612       10.475427
*        0.500000
GRID*   1358                             14.741578       10.325911
*        0.500000
GRID*   1359                             14.798543       10.176395
*        0.500000
GRID*   1360                             14.855508       10.026879
*        0.500000
GRID*   1361                             14.912473       9.877364
*        0.500000
GRID*   1362                             14.969439       9.727848
*        0.500000
GRID*   1363                             15.026404       9.578332
*        0.500000
GRID*   1364                             15.083369       9.428816
*        0.500000
GRID*   1365                             15.140334       9.279301
*        0.500000
GRID*   1366                             15.197300       9.129785
*        0.500000
GRID*   1367                             15.254265       8.980269
*        0.500000
GRID*   1368                             15.311230       8.830753
*        0.500000
GRID*   1369                             14.100234       12.992290
*        0.500000
GRID*   1370                             15.651815       8.919881
*        0.500000
GRID*   1371                             14.157199       12.842774
*        0.500000
GRID*   1372                             14.214165       12.693259
*        0.500000
GRID*   1373                             14.271130       12.543743
*        0.500000
GRID*   1374                             14.328095       12.394227
*        0.500000
GRID*   1375                             14.385060       12.244711
*        0.500000
GRID*   1376                             14.442026       12.095196
*        0.500000
GRID*   1377                             14.498991       11.945680
*        0.500000
GRID*   1378                             14.555956       11.796164
*        0.500000
GRID*   1379                             14.612921       11.646648
*        0.500000
GRID*   1380                             14.669887       11.497133
*        0.500000
GRID*   1381                             14.726852       11.347617
*        0.500000
GRID*   1382                             14.783817       11.198101
*        0.500000
GRID*   1383                             14.840782       11.048585
*        0.500000
GRID*   1384                             14.897748       10.899070
*        0.500000
GRID*   1385                             14.954713       10.749554
*        0.500000
GRID*   1386                             15.011678       10.600038
*        0.500000
GRID*   1387                             15.068643       10.450522
*        0.500000
GRID*   1388                             15.125609       10.301007
*        0.500000
GRID*   1389                             15.182574       10.151491
*        0.500000
GRID*   1390                             15.239539       10.001975
*        0.500000
GRID*   1391                             15.296504       9.852459
*        0.500000
GRID*   1392                             15.353470       9.702944
*        0.500000
GRID*   1393                             15.410435       9.553428
*        0.500000
GRID*   1394                             15.467400       9.403912
*        0.500000
GRID*   1395                             15.524365       9.254396
*        0.500000
GRID*   1396                             15.581331       9.104881
*        0.500000
GRID*   1397                             15.638296       8.955365
*        0.500000
GRID*   1398                             14.427300       13.116902
*        0.500000
GRID*   1399                             15.958920       9.096883
*        0.500000
GRID*   1400                             14.484265       12.967386
*        0.500000
GRID*   1401                             14.541230       12.817870
*        0.500000
GRID*   1402                             14.598196       12.668354
*        0.500000
GRID*   1403                             14.655161       12.518839
*        0.500000
GRID*   1404                             14.712126       12.369323
*        0.500000
GRID*   1405                             14.769091       12.219807
*        0.500000
GRID*   1406                             14.826057       12.070291
*        0.500000
GRID*   1407                             14.883022       11.920776
*        0.500000
GRID*   1408                             14.939987       11.771260
*        0.500000
GRID*   1409                             14.996952       11.621744
*        0.500000
GRID*   1410                             15.053918       11.472228
*        0.500000
GRID*   1411                             15.110883       11.322713
*        0.500000
GRID*   1412                             15.167848       11.173197
*        0.500000
GRID*   1413                             15.224813       11.023681
*        0.500000
GRID*   1414                             15.281779       10.874165
*        0.500000
GRID*   1415                             15.338744       10.724650
*        0.500000
GRID*   1416                             15.395709       10.575134
*        0.500000
GRID*   1417                             15.452674       10.425618
*        0.500000
GRID*   1418                             15.509640       10.276102
*        0.500000
GRID*   1419                             15.566605       10.126587
*        0.500000
GRID*   1420                             15.623570       9.977071
*        0.500000
GRID*   1421                             15.680535       9.827555
*        0.500000
GRID*   1422                             15.737501       9.678039
*        0.500000
GRID*   1423                             15.794466       9.528524
*        0.500000
GRID*   1424                             15.851431       9.379008
*        0.500000
GRID*   1425                             15.908396       9.229492
*        0.500000
GRID*   1426                             14.754366       13.241513
*        0.500000
GRID*   1427                             16.266025       9.273885
*        0.500000
GRID*   1428                             14.811331       13.091997
*        0.500000
GRID*   1429                             14.868296       12.942482
*        0.500000
GRID*   1430                             14.925261       12.792966
*        0.500000
GRID*   1431                             14.982227       12.643450
*        0.500000
GRID*   1432                             15.039192       12.493934
*        0.500000
GRID*   1433                             15.096157       12.344419
*        0.500000
GRID*   1434                             15.153122       12.194903
*        0.500000
GRID*   1435                             15.210088       12.045387
*        0.500000
GRID*   1436                             15.267053       11.895871
*        0.500000
GRID*   1437                             15.324018       11.746356
*        0.500000
GRID*   1438                             15.380983       11.596840
*        0.500000
GRID*   1439                             15.437949       11.447324
*        0.500000
GRID*   1440                             15.494914       11.297808
*        0.500000
GRID*   1441                             15.551879       11.148293
*        0.500000
GRID*   1442                             15.608844       10.998777
*        0.500000
GRID*   1443                             15.665810       10.849261
*        0.500000
GRID*   1444                             15.722775       10.699745
*        0.500000
GRID*   1445                             15.779740       10.550230
*        0.500000
GRID*   1446                             15.836705       10.400714
*        0.500000
GRID*   1447                             15.893671       10.251198
*        0.500000
GRID*   1448                             15.950636       10.101682
*        0.500000
GRID*   1449                             16.007601       9.952167
*        0.500000
GRID*   1450                             16.064566       9.802651
*        0.500000
GRID*   1451                             16.121532       9.653135
*        0.500000
GRID*   1452                             16.178497       9.503619
*        0.500000
GRID*   1453                             16.235462       9.354104
*        0.500000
GRID*   1454                             15.081431       13.366125
*        0.500000
GRID*   1455                             16.573130       9.450887
*        0.500000
GRID*   1456                             15.138397       13.216609
*        0.500000
GRID*   1457                             15.195362       13.067093
*        0.500000
GRID*   1458                             15.252327       12.917577
*        0.500000
GRID*   1459                             15.309292       12.768062
*        0.500000
GRID*   1460                             15.366258       12.618546
*        0.500000
GRID*   1461                             15.423223       12.469030
*        0.500000
GRID*   1462                             15.480188       12.319514
*        0.500000
GRID*   1463                             15.537153       12.169999
*        0.500000
GRID*   1464                             15.594119       12.020483
*        0.500000
GRID*   1465                             15.651084       11.870967
*        0.500000
GRID*   1466                             15.708049       11.721451
*        0.500000
GRID*   1467                             15.765014       11.571936
*        0.500000
GRID*   1468                             15.821980       11.422420
*        0.500000
GRID*   1469                             15.878945       11.272904
*        0.500000
GRID*   1470                             15.935910       11.123388
*        0.500000
GRID*   1471                             15.992875       10.973873
*        0.500000
GRID*   1472                             16.049841       10.824357
*        0.500000
GRID*   1473                             16.106806       10.674841
*        0.500000
GRID*   1474                             16.163771       10.525325
*        0.500000
GRID*   1475                             16.220736       10.375810
*        0.500000
GRID*   1476                             16.277702       10.226294
*        0.500000
GRID*   1477                             16.334667       10.076778
*        0.500000
GRID*   1478                             16.391632       9.927262
*        0.500000
GRID*   1479                             16.448597       9.777747
*        0.500000
GRID*   1480                             16.505562       9.628231
*        0.500000
GRID*   1481                             16.562528       9.478715
*        0.500000
GRID*   1482                             15.408497       13.490736
*        0.500000
GRID*   1483                             16.880235       9.627889
*        0.500000
GRID*   1484                             15.465462       13.341220
*        0.500000
GRID*   1485                             15.522428       13.191705
*        0.500000
GRID*   1486                             15.579393       13.042189
*        0.500000
GRID*   1487                             15.636358       12.892673
*        0.500000
GRID*   1488                             15.693323       12.743157
*        0.500000
GRID*   1489                             15.750289       12.593642
*        0.500000
GRID*   1490                             15.807254       12.444126
*        0.500000
GRID*   1491                             15.864219       12.294610
*        0.500000
GRID*   1492                             15.921184       12.145094
*        0.500000
GRID*   1493                             15.978150       11.995579
*        0.500000
GRID*   1494                             16.035115       11.846063
*        0.500000
GRID*   1495                             16.092080       11.696547
*        0.500000
GRID*   1496                             16.149045       11.547031
*        0.500000
GRID*   1497                             16.206010       11.397516
*        0.500000
GRID*   1498                             16.262976       11.248000
*        0.500000
GRID*   1499                             16.319941       11.098484
*        0.500000
GRID*   1500                             16.376906       10.948968
*        0.500000
GRID*   1501                             16.433871       10.799453
*        0.500000
GRID*   1502                             16.490837       10.649937
*        0.500000
GRID*   1503                             16.547802       10.500421
*        0.500000
GRID*   1504                             16.604767       10.350905
*        0.500000
GRID*   1505                             16.661732       10.201390
*        0.500000
GRID*   1506                             16.718698       10.051874
*        0.500000
GRID*   1507                             16.775663       9.902358
*        0.500000
GRID*   1508                             16.832628       9.752842
*        0.500000
GRID*   1509                             15.735563       13.615348
*        0.500000
GRID*   1510                             17.187340       9.804891
*        0.500000
GRID*   1511                             15.792528       13.465832
*        0.500000
GRID*   1512                             15.849493       13.316316
*        0.500000
GRID*   1513                             15.906458       13.166800
*        0.500000
GRID*   1514                             15.963424       13.017285
*        0.500000
GRID*   1515                             16.020389       12.867769
*        0.500000
GRID*   1516                             16.077354       12.718253
*        0.500000
GRID*   1517                             16.134319       12.568737
*        0.500000
GRID*   1518                             16.191285       12.419222
*        0.500000
GRID*   1519                             16.248250       12.269706
*        0.500000
GRID*   1520                             16.305215       12.120190
*        0.500000
GRID*   1521                             16.362180       11.970674
*        0.500000
GRID*   1522                             16.419146       11.821159
*        0.500000
GRID*   1523                             16.476111       11.671643
*        0.500000
GRID*   1524                             16.533076       11.522127
*        0.500000
GRID*   1525                             16.590041       11.372611
*        0.500000
GRID*   1526                             16.647007       11.223096
*        0.500000
GRID*   1527                             16.703972       11.073580
*        0.500000
GRID*   1528                             16.760937       10.924064
*        0.500000
GRID*   1529                             16.817902       10.774548
*        0.500000
GRID*   1530                             16.874868       10.625033
*        0.500000
GRID*   1531                             16.931833       10.475517
*        0.500000
GRID*   1532                             16.988798       10.326001
*        0.500000
GRID*   1533                             17.045763       10.176485
*        0.500000
GRID*   1534                             17.102729       10.026970
*        0.500000
GRID*   1535                             17.159694       9.877454
*        0.500000
GRID*   1536                             16.062628       13.739959
*        0.500000
GRID*   1537                             17.494445       9.981893
*        0.500000
GRID*   1538                             16.119594       13.590443
*        0.500000
GRID*   1539                             16.176559       13.440928
*        0.500000
GRID*   1540                             16.233524       13.291412
*        0.500000
GRID*   1541                             16.290489       13.141896
*        0.500000
GRID*   1542                             16.347455       12.992380
*        0.500000
GRID*   1543                             16.404420       12.842865
*        0.500000
GRID*   1544                             16.461385       12.693349
*        0.500000
GRID*   1545                             16.518350       12.543833
*        0.500000
GRID*   1546                             16.575316       12.394317
*        0.500000
GRID*   1547                             16.632281       12.244802
*        0.500000
GRID*   1548                             16.689246       12.095286
*        0.500000
GRID*   1549                             16.746211       11.945770
*        0.500000
GRID*   1550                             16.803177       11.796254
*        0.500000
GRID*   1551                             16.860142       11.646739
*        0.500000
GRID*   1552                             16.917107       11.497223
*        0.500000
GRID*   1553                             16.974072       11.347707
*        0.500000
GRID*   1554                             17.031038       11.198191
*        0.500000
GRID*   1555                             17.088003       11.048676
*        0.500000
GRID*   1556                             17.144968       10.899160
*        0.500000
GRID*   1557                             17.201933       10.749644
*        0.500000
GRID*   1558                             17.258899       10.600128
*        0.500000
GRID*   1559                             17.315864       10.450613
*        0.500000
GRID*   1560                             17.372829       10.301097
*        0.500000
GRID*   1561                             17.429794       10.151581
*        0.500000
GRID*   1562                             17.486760       10.002065
*        0.500000
GRID*   1563                             16.389694       13.864571
*        0.500000
GRID*   1564                             17.801550       10.158895
*        0.500000
GRID*   1565                             16.446659       13.715055
*        0.500000
GRID*   1566                             16.503625       13.565539
*        0.500000
GRID*   1567                             16.560590       13.416023
*        0.500000
GRID*   1568                             16.617555       13.266508
*        0.500000
GRID*   1569                             16.674520       13.116992
*        0.500000
GRID*   1570                             16.731486       12.967476
*        0.500000
GRID*   1571                             16.788451       12.817960
*        0.500000
GRID*   1572                             16.845416       12.668445
*        0.500000
GRID*   1573                             16.902381       12.518929
*        0.500000
GRID*   1574                             16.959347       12.369413
*        0.500000
GRID*   1575                             17.016312       12.219897
*        0.500000
GRID*   1576                             17.073277       12.070382
*        0.500000
GRID*   1577                             17.130242       11.920866
*        0.500000
GRID*   1578                             17.187208       11.771350
*        0.500000
GRID*   1579                             17.244173       11.621834
*        0.500000
GRID*   1580                             17.301138       11.472319
*        0.500000
GRID*   1581                             17.358103       11.322803
*        0.500000
GRID*   1582                             17.415069       11.173287
*        0.500000
GRID*   1583                             17.472034       11.023771
*        0.500000
GRID*   1584                             17.528999       10.874256
*        0.500000
GRID*   1585                             17.585964       10.724740
*        0.500000
GRID*   1586                             17.642930       10.575224
*        0.500000
GRID*   1587                             17.699895       10.425708
*        0.500000
GRID*   1588                             17.756860       10.276193
*        0.500000
GRID*   1589                             16.716760       13.989182
*        0.500000
GRID*   1590                             18.108655       10.335897
*        0.500000
GRID*   1591                             16.773725       13.839666
*        0.500000
GRID*   1592                             16.830690       13.690151
*        0.500000
GRID*   1593                             16.887656       13.540635
*        0.500000
GRID*   1594                             16.944621       13.391119
*        0.500000
GRID*   1595                             17.001586       13.241603
*        0.500000
GRID*   1596                             17.058551       13.092088
*        0.500000
GRID*   1597                             17.115517       12.942572
*        0.500000
GRID*   1598                             17.172482       12.793056
*        0.500000
GRID*   1599                             17.229447       12.643540
*        0.500000
GRID*   1600                             17.286412       12.494025
*        0.500000
GRID*   1601                             17.343378       12.344509
*        0.500000
GRID*   1602                             17.400343       12.194993
*        0.500000
GRID*   1603                             17.457308       12.045477
*        0.500000
GRID*   1604                             17.514273       11.895962
*        0.500000
GRID*   1605                             17.571239       11.746446
*        0.500000
GRID*   1606                             17.628204       11.596930
*        0.500000
GRID*   1607                             17.685169       11.447414
*        0.500000
GRID*   1608                             17.742134       11.297899
*        0.500000
GRID*   1609                             17.799100       11.148383
*        0.500000
GRID*   1610                             17.856065       10.998867
*        0.500000
GRID*   1611                             17.913030       10.849351
*        0.500000
GRID*   1612                             17.969995       10.699835
*        0.500000
GRID*   1613                             18.026961       10.550320
*        0.500000
GRID*   1614                             18.083926       10.400804
*        0.500000
GRID*   1615                             17.043826       14.113794
*        0.500000
GRID*   1616                             18.415760       10.512899
*        0.500000
GRID*   1617                             17.100791       13.964278
*        0.500000
GRID*   1618                             17.157756       13.814762
*        0.500000
GRID*   1619                             17.214721       13.665246
*        0.500000
GRID*   1620                             17.271687       13.515731
*        0.500000
GRID*   1621                             17.328652       13.366215
*        0.500000
GRID*   1622                             17.385617       13.216699
*        0.500000
GRID*   1623                             17.442582       13.067183
*        0.500000
GRID*   1624                             17.499548       12.917668
*        0.500000
GRID*   1625                             17.556513       12.768152
*        0.500000
GRID*   1626                             17.613478       12.618636
*        0.500000
GRID*   1627                             17.670443       12.469120
*        0.500000
GRID*   1628                             17.727409       12.319605
*        0.500000
GRID*   1629                             17.784374       12.170089
*        0.500000
GRID*   1630                             17.841339       12.020573
*        0.500000
GRID*   1631                             17.898304       11.871057
*        0.500000
GRID*   1632                             17.955270       11.721541
*        0.500000
GRID*   1633                             18.012235       11.572026
*        0.500000
GRID*   1634                             18.069200       11.422510
*        0.500000
GRID*   1635                             18.126165       11.272994
*        0.500000
GRID*   1636                             18.183131       11.123478
*        0.500000
GRID*   1637                             18.240096       10.973963
*        0.500000
GRID*   1638                             18.297061       10.824447
*        0.500000
GRID*   1639                             18.354026       10.674931
*        0.500000
GRID*   1640                             18.410992       10.525415
*        0.500000
GRID*   1641                             17.370891       14.238405
*        0.500000
GRID*   1642                             18.722865       10.689900
*        0.500000
GRID*   1643                             17.427857       14.088889
*        0.500000
GRID*   1644                             17.484822       13.939374
*        0.500000
GRID*   1645                             17.541787       13.789858
*        0.500000
GRID*   1646                             17.598752       13.640342
*        0.500000
GRID*   1647                             17.655718       13.490826
*        0.500000
GRID*   1648                             17.712683       13.341311
*        0.500000
GRID*   1649                             17.769648       13.191795
*        0.500000
GRID*   1650                             17.826613       13.042279
*        0.500000
GRID*   1651                             17.883579       12.892763
*        0.500000
GRID*   1652                             17.940544       12.743247
*        0.500000
GRID*   1653                             17.997509       12.593732
*        0.500000
GRID*   1654                             18.054474       12.444216
*        0.500000
GRID*   1655                             18.111440       12.294700
*        0.500000
GRID*   1656                             18.168405       12.145184
*        0.500000
GRID*   1657                             18.225370       11.995669
*        0.500000
GRID*   1658                             18.282335       11.846153
*        0.500000
GRID*   1659                             18.339301       11.696637
*        0.500000
GRID*   1660                             18.396266       11.547121
*        0.500000
GRID*   1661                             18.453231       11.397606
*        0.500000
GRID*   1662                             18.510196       11.248090
*        0.500000
GRID*   1663                             18.567161       11.098574
*        0.500000
GRID*   1664                             18.624127       10.949058
*        0.500000
GRID*   1665                             18.681092       10.799543
*        0.500000
GRID*   1666                             17.697957       14.363017
*        0.500000
GRID*   1667                             19.029971       10.866902
*        0.500000
GRID*   1668                             17.754922       14.213501
*        0.500000
GRID*   1669                             17.811888       14.063985
*        0.500000
GRID*   1670                             17.868853       13.914469
*        0.500000
GRID*   1671                             17.925818       13.764953
*        0.500000
GRID*   1672                             17.982783       13.615438
*        0.500000
GRID*   1673                             18.039748       13.465922
*        0.500000
GRID*   1674                             18.096714       13.316406
*        0.500000
GRID*   1675                             18.153679       13.166890
*        0.500000
GRID*   1676                             18.210644       13.017375
*        0.500000
GRID*   1677                             18.267609       12.867859
*        0.500000
GRID*   1678                             18.324575       12.718343
*        0.500000
GRID*   1679                             18.381540       12.568827
*        0.500000
GRID*   1680                             18.438505       12.419312
*        0.500000
GRID*   1681                             18.495470       12.269796
*        0.500000
GRID*   1682                             18.552436       12.120280
*        0.500000
GRID*   1683                             18.609401       11.970764
*        0.500000
GRID*   1684                             18.666366       11.821249
*        0.500000
GRID*   1685                             18.723331       11.671733
*        0.500000
GRID*   1686                             18.780297       11.522217
*        0.500000
GRID*   1687                             18.837262       11.372701
*        0.500000
GRID*   1688                             18.894227       11.223186
*        0.500000
GRID*   1689                             18.951192       11.073670
*        0.500000
GRID*   1690                             19.008158       10.924154
*        0.500000
GRID*   1691                             18.025023       14.487628
*        0.500000
GRID*   1692                             19.337076       11.043904
*        0.500000
GRID*   1693                             18.081988       14.338112
*        0.500000
GRID*   1694                             18.138953       14.188596
*        0.500000
GRID*   1695                             18.195918       14.039081
*        0.500000
GRID*   1696                             18.252884       13.889565
*        0.500000
GRID*   1697                             18.309849       13.740049
*        0.500000
GRID*   1698                             18.366814       13.590533
*        0.500000
GRID*   1699                             18.423779       13.441018
*        0.500000
GRID*   1700                             18.480745       13.291502
*        0.500000
GRID*   1701                             18.537710       13.141986
*        0.500000
GRID*   1702                             18.594675       12.992470
*        0.500000
GRID*   1703                             18.651640       12.842955
*        0.500000
GRID*   1704                             18.708606       12.693439
*        0.500000
GRID*   1705                             18.765571       12.543923
*        0.500000
GRID*   1706                             18.822536       12.394407
*        0.500000
GRID*   1707                             18.879501       12.244892
*        0.500000
GRID*   1708                             18.936467       12.095376
*        0.500000
GRID*   1709                             18.993432       11.945860
*        0.500000
GRID*   1710                             19.050397       11.796344
*        0.500000
GRID*   1711                             19.107362       11.646829
*        0.500000
GRID*   1712                             19.164328       11.497313
*        0.500000
GRID*   1713                             19.221293       11.347797
*        0.500000
GRID*   1714                             19.278258       11.198281
*        0.500000
GRID*   1715                             19.335223       11.048766
*        0.500000
GRID*   1716                             18.352088       14.612239
*        0.500000
GRID*   1717                             19.644181       11.220906
*        0.500000
GRID*   1718                             18.409054       14.462724
*        0.500000
GRID*   1719                             18.466019       14.313208
*        0.500000
GRID*   1720                             18.522984       14.163692
*        0.500000
GRID*   1721                             18.579949       14.014176
*        0.500000
GRID*   1722                             18.636915       13.864661
*        0.500000
GRID*   1723                             18.693880       13.715145
*        0.500000
GRID*   1724                             18.750845       13.565629
*        0.500000
GRID*   1725                             18.807810       13.416113
*        0.500000
GRID*   1726                             18.864776       13.266598
*        0.500000
GRID*   1727                             18.921741       13.117082
*        0.500000
GRID*   1728                             18.978706       12.967566
*        0.500000
GRID*   1729                             19.035671       12.818050
*        0.500000
GRID*   1730                             19.092637       12.668535
*        0.500000
GRID*   1731                             19.149602       12.519019
*        0.500000
GRID*   1732                             19.206567       12.369503
*        0.500000
GRID*   1733                             19.263532       12.219987
*        0.500000
GRID*   1734                             19.320498       12.070472
*        0.500000
GRID*   1735                             19.377463       11.920956
*        0.500000
GRID*   1736                             19.434428       11.771440
*        0.500000
GRID*   1737                             19.491393       11.621924
*        0.500000
GRID*   1738                             19.548359       11.472409
*        0.500000
GRID*   1739                             19.605324       11.322893
*        0.500000
GRID*   1740                             18.679154       14.736851
*        0.500000
GRID*   1741                             19.951286       11.397908
*        0.500000
GRID*   1742                             18.736119       14.587335
*        0.500000
GRID*   1743                             18.793085       14.437819
*        0.500000
GRID*   1744                             18.850050       14.288304
*        0.500000
GRID*   1745                             18.907015       14.138788
*        0.500000
GRID*   1746                             18.963980       13.989272
*        0.500000
GRID*   1747                             19.020946       13.839756
*        0.500000
GRID*   1748                             19.077911       13.690241
*        0.500000
GRID*   1749                             19.134876       13.540725
*        0.500000
GRID*   1750                             19.191841       13.391209
*        0.500000
GRID*   1751                             19.248807       13.241693
*        0.500000
GRID*   1752                             19.305772       13.092178
*        0.500000
GRID*   1753                             19.362737       12.942662
*        0.500000
GRID*   1754                             19.419702       12.793146
*        0.500000
GRID*   1755                             19.476668       12.643630
*        0.500000
GRID*   1756                             19.533633       12.494115
*        0.500000
GRID*   1757                             19.590598       12.344599
*        0.500000
GRID*   1758                             19.647563       12.195083
*        0.500000
GRID*   1759                             19.704529       12.045567
*        0.500000
GRID*   1760                             19.761494       11.896052
*        0.500000
GRID*   1761                             19.818459       11.746536
*        0.500000
GRID*   1762                             19.875424       11.597020
*        0.500000
GRID*   1763                             19.932390       11.447504
*        0.500000
GRID*   1764                             19.006220       14.861462
*        0.500000
GRID*   1765                             20.258391       11.574910
*        0.500000
GRID*   1766                             19.063185       14.711947
*        0.500000
GRID*   1767                             19.120150       14.562431
*        0.500000
GRID*   1768                             19.177116       14.412915
*        0.500000
GRID*   1769                             19.234081       14.263399
*        0.500000
GRID*   1770                             19.291046       14.113884
*        0.500000
GRID*   1771                             19.348011       13.964368
*        0.500000
GRID*   1772                             19.404977       13.814852
*        0.500000
GRID*   1773                             19.461942       13.665336
*        0.500000
GRID*   1774                             19.518907       13.515821
*        0.500000
GRID*   1775                             19.575872       13.366305
*        0.500000
GRID*   1776                             19.632838       13.216789
*        0.500000
GRID*   1777                             19.689803       13.067273
*        0.500000
GRID*   1778                             19.746768       12.917758
*        0.500000
GRID*   1779                             19.803733       12.768242
*        0.500000
GRID*   1780                             19.860699       12.618726
*        0.500000
GRID*   1781                             19.917664       12.469210
*        0.500000
GRID*   1782                             19.974629       12.319695
*        0.500000
GRID*   1783                             20.031594       12.170179
*        0.500000
GRID*   1784                             20.088560       12.020663
*        0.500000
GRID*   1785                             20.145525       11.871147
*        0.500000
GRID*   1786                             20.202490       11.721632
*        0.500000
GRID*   1787                             19.333286       14.986074
*        0.500000
GRID*   1788                             20.565496       11.751912
*        0.500000
GRID*   1789                             19.390251       14.836558
*        0.500000
GRID*   1790                             19.447216       14.687042
*        0.500000
GRID*   1791                             19.504181       14.537527
*        0.500000
GRID*   1792                             19.561147       14.388011
*        0.500000
GRID*   1793                             19.618112       14.238495
*        0.500000
GRID*   1794                             19.675077       14.088979
*        0.500000
GRID*   1795                             19.732042       13.939464
*        0.500000
GRID*   1796                             19.789008       13.789948
*        0.500000
GRID*   1797                             19.845973       13.640432
*        0.500000
GRID*   1798                             19.902938       13.490916
*        0.500000
GRID*   1799                             19.959903       13.341401
*        0.500000
GRID*   1800                             20.016869       13.191885
*        0.500000
GRID*   1801                             20.073834       13.042369
*        0.500000
GRID*   1802                             20.130799       12.892853
*        0.500000
GRID*   1803                             20.187764       12.743338
*        0.500000
GRID*   1804                             20.244730       12.593822
*        0.500000
GRID*   1805                             20.301695       12.444306
*        0.500000
GRID*   1806                             20.358660       12.294790
*        0.500000
GRID*   1807                             20.415625       12.145275
*        0.500000
GRID*   1808                             20.472591       11.995759
*        0.500000
GRID*   1809                             20.529556       11.846243
*        0.500000
GRID*   1810                             19.660351       15.110685
*        0.500000
GRID*   1811                             20.872601       11.928914
*        0.500000
GRID*   1812                             19.717317       14.961170
*        0.500000
GRID*   1813                             19.774282       14.811654
*        0.500000
GRID*   1814                             19.831247       14.662138
*        0.500000
GRID*   1815                             19.888212       14.512622
*        0.500000
GRID*   1816                             19.945178       14.363107
*        0.500000
GRID*   1817                             20.002143       14.213591
*        0.500000
GRID*   1818                             20.059108       14.064075
*        0.500000
GRID*   1819                             20.116073       13.914559
*        0.500000
GRID*   1820                             20.173039       13.765044
*        0.500000
GRID*   1821                             20.230004       13.615528
*        0.500000
GRID*   1822                             20.286969       13.466012
*        0.500000
GRID*   1823                             20.343934       13.316496
*        0.500000
GRID*   1824                             20.400899       13.166981
*        0.500000
GRID*   1825                             20.457865       13.017465
*        0.500000
GRID*   1826                             20.514830       12.867949
*        0.500000
GRID*   1827                             20.571795       12.718433
*        0.500000
GRID*   1828                             20.628760       12.568918
*        0.500000
GRID*   1829                             20.685726       12.419402
*        0.500000
GRID*   1830                             20.742691       12.269886
*        0.500000
GRID*   1831                             20.799656       12.120370
*        0.500000
GRID*   1832                             20.856621       11.970855
*        0.500000
GRID*   1833                             19.987417       15.235297
*        0.500000
GRID*   1834                             21.179706       12.105916
*        0.500000
GRID*   1835                             20.044382       15.085781
*        0.500000
GRID*   1836                             20.101347       14.936265
*        0.500000
GRID*   1837                             20.158313       14.786750
*        0.500000
GRID*   1838                             20.215278       14.637234
*        0.500000
GRID*   1839                             20.272243       14.487718
*        0.500000
GRID*   1840                             20.329208       14.338202
*        0.500000
GRID*   1841                             20.386174       14.188687
*        0.500000
GRID*   1842                             20.443139       14.039171
*        0.500000
GRID*   1843                             20.500104       13.889655
*        0.500000
GRID*   1844                             20.557069       13.740139
*        0.500000
GRID*   1845                             20.614035       13.590624
*        0.500000
GRID*   1846                             20.671000       13.441108
*        0.500000
GRID*   1847                             20.727965       13.291592
*        0.500000
GRID*   1848                             20.784930       13.142076
*        0.500000
GRID*   1849                             20.841896       12.992561
*        0.500000
GRID*   1850                             20.898861       12.843045
*        0.500000
GRID*   1851                             20.955826       12.693529
*        0.500000
GRID*   1852                             21.012791       12.544013
*        0.500000
GRID*   1853                             21.069757       12.394498
*        0.500000
GRID*   1854                             21.126722       12.244982
*        0.500000
GRID*   1855                             20.314483       15.359908
*        0.500000
GRID*   1856                             21.486811       12.282918
*        0.500000
GRID*   1857                             20.371448       15.210393
*        0.500000
GRID*   1858                             20.428413       15.060877
*        0.500000
GRID*   1859                             20.485378       14.911361
*        0.500000
GRID*   1860                             20.542344       14.761845
*        0.500000
GRID*   1861                             20.599309       14.612330
*        0.500000
GRID*   1862                             20.656274       14.462814
*        0.500000
GRID*   1863                             20.713239       14.313298
*        0.500000
GRID*   1864                             20.770205       14.163782
*        0.500000
GRID*   1865                             20.827170       14.014267
*        0.500000
GRID*   1866                             20.884135       13.864751
*        0.500000
GRID*   1867                             20.941100       13.715235
*        0.500000
GRID*   1868                             20.998066       13.565719
*        0.500000
GRID*   1869                             21.055031       13.416204
*        0.500000
GRID*   1870                             21.111996       13.266688
*        0.500000
GRID*   1871                             21.168961       13.117172
*        0.500000
GRID*   1872                             21.225927       12.967656
*        0.500000
GRID*   1873                             21.282892       12.818141
*        0.500000
GRID*   1874                             21.339857       12.668625
*        0.500000
GRID*   1875                             21.396822       12.519109
*        0.500000
GRID*   1876                             21.453788       12.369593
*        0.500000
GRID*   1877                             20.641548       15.484520
*        0.500000
GRID*   1878                             21.793916       12.459920
*        0.500000
GRID*   1879                             20.698514       15.335004
*        0.500000
GRID*   1880                             20.755479       15.185488
*        0.500000
GRID*   1881                             20.812444       15.035973
*        0.500000
GRID*   1882                             20.869409       14.886457
*        0.500000
GRID*   1883                             20.926375       14.736941
*        0.500000
GRID*   1884                             20.983340       14.587425
*        0.500000
GRID*   1885                             21.040305       14.437910
*        0.500000
GRID*   1886                             21.097270       14.288394
*        0.500000
GRID*   1887                             21.154236       14.138878
*        0.500000
GRID*   1888                             21.211201       13.989362
*        0.500000
GRID*   1889                             21.268166       13.839847
*        0.500000
GRID*   1890                             21.325131       13.690331
*        0.500000
GRID*   1891                             21.382097       13.540815
*        0.500000
GRID*   1892                             21.439062       13.391299
*        0.500000
GRID*   1893                             21.496027       13.241784
*        0.500000
GRID*   1894                             21.552992       13.092268
*        0.500000
GRID*   1895                             21.609958       12.942752
*        0.500000
GRID*   1896                             21.666923       12.793236
*        0.500000
GRID*   1897                             21.723888       12.643720
*        0.500000
GRID*   1898                             21.780853       12.494205
*        0.500000
GRID*   1899                             20.968614       15.609131
*        0.500000
GRID*   1900                             22.101021       12.636922
*        0.500000
GRID*   1901                             21.025579       15.459616
*        0.500000
GRID*   1902                             21.082545       15.310100
*        0.500000
GRID*   1903                             21.139510       15.160584
*        0.500000
GRID*   1904                             21.196475       15.011068
*        0.500000
GRID*   1905                             21.253440       14.861553
*        0.500000
GRID*   1906                             21.310406       14.712037
*        0.500000
GRID*   1907                             21.367371       14.562521
*        0.500000
GRID*   1908                             21.424336       14.413005
*        0.500000
GRID*   1909                             21.481301       14.263490
*        0.500000
GRID*   1910                             21.538267       14.113974
*        0.500000
GRID*   1911                             21.595232       13.964458
*        0.500000
GRID*   1912                             21.652197       13.814942
*        0.500000
GRID*   1913                             21.709162       13.665426
*        0.500000
GRID*   1914                             21.766128       13.515911
*        0.500000
GRID*   1915                             21.823093       13.366395
*        0.500000
GRID*   1916                             21.880058       13.216879
*        0.500000
GRID*   1917                             21.937023       13.067363
*        0.500000
GRID*   1918                             21.993989       12.917848
*        0.500000
GRID*   1919                             22.050954       12.768332
*        0.500000
GRID*   1920                             21.295680       15.733743
*        0.500000
GRID*   1921                             22.408126       12.813924
*        0.500000
GRID*   1922                             21.352645       15.584227
*        0.500000
GRID*   1923                             21.409610       15.434711
*        0.500000
GRID*   1924                             21.466576       15.285196
*        0.500000
GRID*   1925                             21.523541       15.135680
*        0.500000
GRID*   1926                             21.580506       14.986164
*        0.500000
GRID*   1927                             21.637471       14.836648
*        0.500000
GRID*   1928                             21.694437       14.687132
*        0.500000
GRID*   1929                             21.751402       14.537617
*        0.500000
GRID*   1930                             21.808367       14.388101
*        0.500000
GRID*   1931                             21.865332       14.238585
*        0.500000
GRID*   1932                             21.922298       14.089069
*        0.500000
GRID*   1933                             21.979263       13.939554
*        0.500000
GRID*   1934                             22.036228       13.790038
*        0.500000
GRID*   1935                             22.093193       13.640522
*        0.500000
GRID*   1936                             22.150159       13.491006
*        0.500000
GRID*   1937                             22.207124       13.341491
*        0.500000
GRID*   1938                             22.264089       13.191975
*        0.500000
GRID*   1939                             22.321054       13.042459
*        0.500000
GRID*   1940                             22.378020       12.892943
*        0.500000
GRID*   1941                             21.622746       15.858354
*        0.500000
GRID*   1942                             22.715231       12.990926
*        0.500000
GRID*   1943                             21.679711       15.708838
*        0.500000
GRID*   1944                             21.736676       15.559323
*        0.500000
GRID*   1945                             21.793641       15.409807
*        0.500000
GRID*   1946                             21.850607       15.260291
*        0.500000
GRID*   1947                             21.907572       15.110775
*        0.500000
GRID*   1948                             21.964537       14.961260
*        0.500000
GRID*   1949                             22.021502       14.811744
*        0.500000
GRID*   1950                             22.078468       14.662228
*        0.500000
GRID*   1951                             22.135433       14.512712
*        0.500000
GRID*   1952                             22.192398       14.363197
*        0.500000
GRID*   1953                             22.249363       14.213681
*        0.500000
GRID*   1954                             22.306329       14.064165
*        0.500000
GRID*   1955                             22.363294       13.914649
*        0.500000
GRID*   1956                             22.420259       13.765134
*        0.500000
GRID*   1957                             22.477224       13.615618
*        0.500000
GRID*   1958                             22.534190       13.466102
*        0.500000
GRID*   1959                             22.591155       13.316586
*        0.500000
GRID*   1960                             22.648120       13.167071
*        0.500000
GRID*   1961                             22.705085       13.017555
*        0.500000
GRID*   1962                             21.949811       15.982966
*        0.500000
GRID*   1963                             23.022336       13.167928
*        0.500000
GRID*   1964                             22.006777       15.833450
*        0.500000
GRID*   1965                             22.063742       15.683934
*        0.500000
GRID*   1966                             22.120707       15.534418
*        0.500000
GRID*   1967                             22.177672       15.384903
*        0.500000
GRID*   1968                             22.234637       15.235387
*        0.500000
GRID*   1969                             22.291603       15.085871
*        0.500000
GRID*   1970                             22.348568       14.936355
*        0.500000
GRID*   1971                             22.405533       14.786840
*        0.500000
GRID*   1972                             22.462498       14.637324
*        0.500000
GRID*   1973                             22.519464       14.487808
*        0.500000
GRID*   1974                             22.576429       14.338292
*        0.500000
GRID*   1975                             22.633394       14.188777
*        0.500000
GRID*   1976                             22.690359       14.039261
*        0.500000
GRID*   1977                             22.747325       13.889745
*        0.500000
GRID*   1978                             22.804290       13.740229
*        0.500000
GRID*   1979                             22.861255       13.590714
*        0.500000
GRID*   1980                             22.918220       13.441198
*        0.500000
GRID*   1981                             22.975186       13.291682
*        0.500000
GRID*   1982                             22.276877       16.107577
*        0.500000
GRID*   1983                             23.329441       13.344930
*        0.500000
GRID*   1984                             22.333842       15.958061
*        0.500000
GRID*   1985                             22.390807       15.808546
*        0.500000
GRID*   1986                             22.447773       15.659030
*        0.500000
GRID*   1987                             22.504738       15.509514
*        0.500000
GRID*   1988                             22.561703       15.359998
*        0.500000
GRID*   1989                             22.618668       15.210483
*        0.500000
GRID*   1990                             22.675634       15.060967
*        0.500000
GRID*   1991                             22.732599       14.911451
*        0.500000
GRID*   1992                             22.789564       14.761935
*        0.500000
GRID*   1993                             22.846529       14.612420
*        0.500000
GRID*   1994                             22.903495       14.462904
*        0.500000
GRID*   1995                             22.960460       14.313388
*        0.500000
GRID*   1996                             23.017425       14.163872
*        0.500000
GRID*   1997                             23.074390       14.014357
*        0.500000
GRID*   1998                             23.131356       13.864841
*        0.500000
GRID*   1999                             23.188321       13.715325
*        0.500000
GRID*   2000                             23.245286       13.565809
*        0.500000
GRID*   2001                             23.302251       13.416294
*        0.500000
GRID*   2002                             22.603943       16.232189
*        0.500000
GRID*   2003                             23.636546       13.521931
*        0.500000
GRID*   2004                             22.660908       16.082673
*        0.500000
GRID*   2005                             22.717873       15.933157
*        0.500000
GRID*   2006                             22.774838       15.783641
*        0.500000
GRID*   2007                             22.831804       15.634126
*        0.500000
GRID*   2008                             22.888769       15.484610
*        0.500000
GRID*   2009                             22.945734       15.335094
*        0.500000
GRID*   2010                             23.002699       15.185578
*        0.500000
GRID*   2011                             23.059665       15.036063
*        0.500000
GRID*   2012                             23.116630       14.886547
*        0.500000
GRID*   2013                             23.173595       14.737031
*        0.500000
GRID*   2014                             23.230560       14.587515
*        0.500000
GRID*   2015                             23.287526       14.438000
*        0.500000
GRID*   2016                             23.344491       14.288484
*        0.500000
GRID*   2017                             23.401456       14.138968
*        0.500000
GRID*   2018                             23.458421       13.989452
*        0.500000
GRID*   2019                             23.515387       13.839937
*        0.500000
GRID*   2020                             23.572352       13.690421
*        0.500000
GRID*   2021                             23.629317       13.540905
*        0.500000
GRID*   2022                             22.931008       16.356800
*        0.500000
GRID*   2023                             23.943651       13.698933
*        0.500000
GRID*   2024                             22.987974       16.207284
*        0.500000
GRID*   2025                             23.044939       16.057769
*        0.500000
GRID*   2026                             23.101904       15.908253
*        0.500000
GRID*   2027                             23.158869       15.758737
*        0.500000
GRID*   2028                             23.215835       15.609221
*        0.500000
GRID*   2029                             23.272800       15.459706
*        0.500000
GRID*   2030                             23.329765       15.310190
*        0.500000
GRID*   2031                             23.386730       15.160674
*        0.500000
GRID*   2032                             23.443696       15.011158
*        0.500000
GRID*   2033                             23.500661       14.861643
*        0.500000
GRID*   2034                             23.557626       14.712127
*        0.500000
GRID*   2035                             23.614591       14.562611
*        0.500000
GRID*   2036                             23.671557       14.413095
*        0.500000
GRID*   2037                             23.728522       14.263580
*        0.500000
GRID*   2038                             23.785487       14.114064
*        0.500000
GRID*   2039                             23.842452       13.964548
*        0.500000
GRID*   2040                             23.899418       13.815032
*        0.500000
GRID*   2041                             23.258074       16.481412
*        0.500000
GRID*   2042                             24.250756       13.875935
*        0.500000
GRID*   2043                             23.315039       16.331896
*        0.500000
GRID*   2044                             23.372005       16.182380
*        0.500000
GRID*   2045                             23.428970       16.032864
*        0.500000
GRID*   2046                             23.485935       15.883349
*        0.500000
GRID*   2047                             23.542900       15.733833
*        0.500000
GRID*   2048                             23.599866       15.584317
*        0.500000
GRID*   2049                             23.656831       15.434801
*        0.500000
GRID*   2050                             23.713796       15.285286
*        0.500000
GRID*   2051                             23.770761       15.135770
*        0.500000
GRID*   2052                             23.827727       14.986254
*        0.500000
GRID*   2053                             23.884692       14.836738
*        0.500000
GRID*   2054                             23.941657       14.687223
*        0.500000
GRID*   2055                             23.998622       14.537707
*        0.500000
GRID*   2056                             24.055588       14.388191
*        0.500000
GRID*   2057                             24.112553       14.238675
*        0.500000
GRID*   2058                             24.169518       14.089160
*        0.500000
GRID*   2059                             24.226483       13.939644
*        0.500000
GRID*   2060                             23.585140       16.606023
*        0.500000
GRID*   2061                             24.557861       14.052937
*        0.500000
GRID*   2062                             23.642105       16.456507
*        0.500000
GRID*   2063                             23.699070       16.306992
*        0.500000
GRID*   2064                             23.756036       16.157476
*        0.500000
GRID*   2065                             23.813001       16.007960
*        0.500000
GRID*   2066                             23.869966       15.858444
*        0.500000
GRID*   2067                             23.926931       15.708929
*        0.500000
GRID*   2068                             23.983897       15.559413
*        0.500000
GRID*   2069                             24.040862       15.409897
*        0.500000
GRID*   2070                             24.097827       15.260381
*        0.500000
GRID*   2071                             24.154792       15.110866
*        0.500000
GRID*   2072                             24.211758       14.961350
*        0.500000
GRID*   2073                             24.268723       14.811834
*        0.500000
GRID*   2074                             24.325688       14.662318
*        0.500000
GRID*   2075                             24.382653       14.512803
*        0.500000
GRID*   2076                             24.439619       14.363287
*        0.500000
GRID*   2077                             24.496584       14.213771
*        0.500000
GRID*   2078                             24.553549       14.064255
*        0.500000
GRID*   2079                             23.912206       16.730635
*        0.500000
GRID*   2080                             24.864966       14.229939
*        0.500000
GRID*   2081                             23.969171       16.581119
*        0.500000
GRID*   2082                             24.026136       16.431603
*        0.500000
GRID*   2083                             24.083101       16.282087
*        0.500000
GRID*   2084                             24.140067       16.132572
*        0.500000
GRID*   2085                             24.197032       15.983056
*        0.500000
GRID*   2086                             24.253997       15.833540
*        0.500000
GRID*   2087                             24.310962       15.684024
*        0.500000
GRID*   2088                             24.367928       15.534509
*        0.500000
GRID*   2089                             24.424893       15.384993
*        0.500000
GRID*   2090                             24.481858       15.235477
*        0.500000
GRID*   2091                             24.538823       15.085961
*        0.500000
GRID*   2092                             24.595788       14.936446
*        0.500000
GRID*   2093                             24.652754       14.786930
*        0.500000
GRID*   2094                             24.709719       14.637414
*        0.500000
GRID*   2095                             24.766684       14.487898
*        0.500000
GRID*   2096                             24.823649       14.338383
*        0.500000
GRID*   2097                             24.239271       16.855246
*        0.500000
GRID*   2098                             25.172071       14.406941
*        0.500000
GRID*   2099                             24.296236       16.705730
*        0.500000
GRID*   2100                             24.353202       16.556215
*        0.500000
GRID*   2101                             24.410167       16.406699
*        0.500000
GRID*   2102                             24.467132       16.257183
*        0.500000
GRID*   2103                             24.524097       16.107667
*        0.500000
GRID*   2104                             24.581063       15.958152
*        0.500000
GRID*   2105                             24.638028       15.808636
*        0.500000
GRID*   2106                             24.694993       15.659120
*        0.500000
GRID*   2107                             24.751958       15.509604
*        0.500000
GRID*   2108                             24.808924       15.360089
*        0.500000
GRID*   2109                             24.865889       15.210573
*        0.500000
GRID*   2110                             24.922854       15.061057
*        0.500000
GRID*   2111                             24.979819       14.911541
*        0.500000
GRID*   2112                             25.036785       14.762026
*        0.500000
GRID*   2113                             25.093750       14.612510
*        0.500000
GRID*   2114                             25.150715       14.462994
*        0.500000
GRID*   2115                             24.566337       16.979858
*        0.500000
GRID*   2116                             25.479176       14.583943
*        0.500000
GRID*   2117                             24.623302       16.830342
*        0.500000
GRID*   2118                             24.680267       16.680826
*        0.500000
GRID*   2119                             24.737233       16.531310
*        0.500000
GRID*   2120                             24.794198       16.381795
*        0.500000
GRID*   2121                             24.851163       16.232279
*        0.500000
GRID*   2122                             24.908128       16.082763
*        0.500000
GRID*   2123                             24.965094       15.933247
*        0.500000
GRID*   2124                             25.022059       15.783732
*        0.500000
GRID*   2125                             25.079024       15.634216
*        0.500000
GRID*   2126                             25.135989       15.484700
*        0.500000
GRID*   2127                             25.192955       15.335184
*        0.500000
GRID*   2128                             25.249920       15.185669
*        0.500000
GRID*   2129                             25.306885       15.036153
*        0.500000
GRID*   2130                             25.363850       14.886637
*        0.500000
GRID*   2131                             25.420816       14.737121
*        0.500000
GRID*   2132                             25.477781       14.587605
*        0.500000
GRID*   2133                             24.893403       17.104469
*        0.500000
GRID*   2134                             25.786281       14.760945
*        0.500000
GRID*   2135                             24.950368       16.954953
*        0.500000
GRID*   2136                             25.007333       16.805438
*        0.500000
GRID*   2137                             25.064298       16.655922
*        0.500000
GRID*   2138                             25.121264       16.506406
*        0.500000
GRID*   2139                             25.178229       16.356890
*        0.500000
GRID*   2140                             25.235194       16.207375
*        0.500000
GRID*   2141                             25.292159       16.057859
*        0.500000
GRID*   2142                             25.349125       15.908343
*        0.500000
GRID*   2143                             25.406090       15.758827
*        0.500000
GRID*   2144                             25.463055       15.609311
*        0.500000
GRID*   2145                             25.520020       15.459796
*        0.500000
GRID*   2146                             25.576986       15.310280
*        0.500000
GRID*   2147                             25.633951       15.160764
*        0.500000
GRID*   2148                             25.690916       15.011248
*        0.500000
GRID*   2149                             25.747881       14.861733
*        0.500000
GRID*   2150                             25.220468       17.229081
*        0.500000
GRID*   2151                             26.093386       14.937947
*        0.500000
GRID*   2152                             25.277434       17.079565
*        0.500000
GRID*   2153                             25.334399       16.930049
*        0.500000
GRID*   2154                             25.391364       16.780533
*        0.500000
GRID*   2155                             25.448329       16.631017
*        0.500000
GRID*   2156                             25.505295       16.481502
*        0.500000
GRID*   2157                             25.562260       16.331986
*        0.500000
GRID*   2158                             25.619225       16.182470
*        0.500000
GRID*   2159                             25.676190       16.032954
*        0.500000
GRID*   2160                             25.733156       15.883439
*        0.500000
GRID*   2161                             25.790121       15.733923
*        0.500000
GRID*   2162                             25.847086       15.584407
*        0.500000
GRID*   2163                             25.904051       15.434891
*        0.500000
GRID*   2164                             25.961017       15.285376
*        0.500000
GRID*   2165                             26.017982       15.135860
*        0.500000
GRID*   2166                             26.074947       14.986344
*        0.500000
GRID*   2167                             25.547534       17.353692
*        0.500000
GRID*   2168                             26.400491       15.114949
*        0.500000
GRID*   2169                             25.604499       17.204176
*        0.500000
GRID*   2170                             25.661465       17.054660
*        0.500000
GRID*   2171                             25.718430       16.905145
*        0.500000
GRID*   2172                             25.775395       16.755629
*        0.500000
GRID*   2173                             25.832360       16.606113
*        0.500000
GRID*   2174                             25.889326       16.456597
*        0.500000
GRID*   2175                             25.946291       16.307082
*        0.500000
GRID*   2176                             26.003256       16.157566
*        0.500000
GRID*   2177                             26.060221       16.008050
*        0.500000
GRID*   2178                             26.117187       15.858534
*        0.500000
GRID*   2179                             26.174152       15.709019
*        0.500000
GRID*   2180                             26.231117       15.559503
*        0.500000
GRID*   2181                             26.288082       15.409987
*        0.500000
GRID*   2182                             26.345048       15.260471
*        0.500000
GRID*   2183                             25.874600       17.478303
*        0.500000
GRID*   2184                             26.707596       15.291951
*        0.500000
GRID*   2185                             25.931565       17.328788
*        0.500000
GRID*   2186                             25.988530       17.179272
*        0.500000
GRID*   2187                             26.045496       17.029756
*        0.500000
GRID*   2188                             26.102461       16.880240
*        0.500000
GRID*   2189                             26.159426       16.730725
*        0.500000
GRID*   2190                             26.216391       16.581209
*        0.500000
GRID*   2191                             26.273357       16.431693
*        0.500000
GRID*   2192                             26.330322       16.282177
*        0.500000
GRID*   2193                             26.387287       16.132662
*        0.500000
GRID*   2194                             26.444252       15.983146
*        0.500000
GRID*   2195                             26.501218       15.833630
*        0.500000
GRID*   2196                             26.558183       15.684114
*        0.500000
GRID*   2197                             26.615148       15.534599
*        0.500000
GRID*   2198                             26.672113       15.385083
*        0.500000
GRID*   2199                             26.201666       17.602915
*        0.500000
GRID*   2200                             27.014701       15.468953
*        0.500000
GRID*   2201                             26.258631       17.453399
*        0.500000
GRID*   2202                             26.315596       17.303883
*        0.500000
GRID*   2203                             26.372561       17.154368
*        0.500000
GRID*   2204                             26.429526       17.004852
*        0.500000
GRID*   2205                             26.486492       16.855336
*        0.500000
GRID*   2206                             26.543457       16.705820
*        0.500000
GRID*   2207                             26.600422       16.556305
*        0.500000
GRID*   2208                             26.657387       16.406789
*        0.500000
GRID*   2209                             26.714353       16.257273
*        0.500000
GRID*   2210                             26.771318       16.107757
*        0.500000
GRID*   2211                             26.828283       15.958242
*        0.500000
GRID*   2212                             26.885248       15.808726
*        0.500000
GRID*   2213                             26.942214       15.659210
*        0.500000
GRID*   2214                             26.999179       15.509694
*        0.500000
GRID*   2215                             26.528731       17.727526
*        0.500000
GRID*   2216                             27.321806       15.645955
*        0.500000
GRID*   2217                             26.585696       17.578011
*        0.500000
GRID*   2218                             26.642662       17.428495
*        0.500000
GRID*   2219                             26.699627       17.278979
*        0.500000
GRID*   2220                             26.756592       17.129463
*        0.500000
GRID*   2221                             26.813557       16.979948
*        0.500000
GRID*   2222                             26.870523       16.830432
*        0.500000
GRID*   2223                             26.927488       16.680916
*        0.500000
GRID*   2224                             26.984453       16.531400
*        0.500000
GRID*   2225                             27.041418       16.381885
*        0.500000
GRID*   2226                             27.098384       16.232369
*        0.500000
GRID*   2227                             27.155349       16.082853
*        0.500000
GRID*   2228                             27.212314       15.933337
*        0.500000
GRID*   2229                             27.269279       15.783822
*        0.500000
GRID*   2230                             26.855797       17.852138
*        0.500000
GRID*   2231                             27.628912       15.822957
*        0.500000
GRID*   2232                             26.912762       17.702622
*        0.500000
GRID*   2233                             26.969727       17.553106
*        0.500000
GRID*   2234                             27.026693       17.403591
*        0.500000
GRID*   2235                             27.083658       17.254075
*        0.500000
GRID*   2236                             27.140623       17.104559
*        0.500000
GRID*   2237                             27.197588       16.955043
*        0.500000
GRID*   2238                             27.254554       16.805528
*        0.500000
GRID*   2239                             27.311519       16.656012
*        0.500000
GRID*   2240                             27.368484       16.506496
*        0.500000
GRID*   2241                             27.425449       16.356980
*        0.500000
GRID*   2242                             27.482415       16.207465
*        0.500000
GRID*   2243                             27.539380       16.057949
*        0.500000
GRID*   2244                             27.596345       15.908433
*        0.500000
GRID*   2245                             27.182863       17.976749
*        0.500000
GRID*   2246                             27.936017       15.999959
*        0.500000
GRID*   2247                             27.239828       17.827234
*        0.500000
GRID*   2248                             27.296793       17.677718
*        0.500000
GRID*   2249                             27.353758       17.528202
*        0.500000
GRID*   2250                             27.410724       17.378686
*        0.500000
GRID*   2251                             27.467689       17.229171
*        0.500000
GRID*   2252                             27.524654       17.079655
*        0.500000
GRID*   2253                             27.581619       16.930139
*        0.500000
GRID*   2254                             27.638585       16.780623
*        0.500000
GRID*   2255                             27.695550       16.631108
*        0.500000
GRID*   2256                             27.752515       16.481592
*        0.500000
GRID*   2257                             27.809480       16.332076
*        0.500000
GRID*   2258                             27.866446       16.182560
*        0.500000
GRID*   2259                             27.923411       16.033045
*        0.500000
GRID*   2260                             27.509928       18.101361
*        0.500000
GRID*   2261                             28.243122       16.176961
*        0.500000
GRID*   2262                             27.566894       17.951845
*        0.500000
GRID*   2263                             27.623859       17.802329
*        0.500000
GRID*   2264                             27.680824       17.652814
*        0.500000
GRID*   2265                             27.737789       17.503298
*        0.500000
GRID*   2266                             27.794755       17.353782
*        0.500000
GRID*   2267                             27.851720       17.204266
*        0.500000
GRID*   2268                             27.908685       17.054751
*        0.500000
GRID*   2269                             27.965650       16.905235
*        0.500000
GRID*   2270                             28.022616       16.755719
*        0.500000
GRID*   2271                             28.079581       16.606203
*        0.500000
GRID*   2272                             28.136546       16.456688
*        0.500000
GRID*   2273                             28.193511       16.307172
*        0.500000
GRID*   2274                             27.836994       18.225972
*        0.500000
GRID*   2275                             28.550227       16.353962
*        0.500000
GRID*   2276                             27.893959       18.076457
*        0.500000
GRID*   2277                             27.950925       17.926941
*        0.500000
GRID*   2278                             28.007890       17.777425
*        0.500000
GRID*   2279                             28.064855       17.627909
*        0.500000
GRID*   2280                             28.121820       17.478394
*        0.500000
GRID*   2281                             28.178786       17.328878
*        0.500000
GRID*   2282                             28.235751       17.179362
*        0.500000
GRID*   2283                             28.292716       17.029846
*        0.500000
GRID*   2284                             28.349681       16.880331
*        0.500000
GRID*   2285                             28.406647       16.730815
*        0.500000
GRID*   2286                             28.463612       16.581299
*        0.500000
GRID*   2287                             28.520577       16.431783
*        0.500000
GRID*   2288                             28.164060       18.350584
*        0.500000
GRID*   2289                             28.857332       16.530964
*        0.500000
GRID*   2290                             28.221025       18.201068
*        0.500000
GRID*   2291                             28.277990       18.051552
*        0.500000
GRID*   2292                             28.334956       17.902037
*        0.500000
GRID*   2293                             28.391921       17.752521
*        0.500000
GRID*   2294                             28.448886       17.603005
*        0.500000
GRID*   2295                             28.505851       17.453489
*        0.500000
GRID*   2296                             28.562817       17.303974
*        0.500000
GRID*   2297                             28.619782       17.154458
*        0.500000
GRID*   2298                             28.676747       17.004942
*        0.500000
GRID*   2299                             28.733712       16.855426
*        0.500000
GRID*   2300                             28.790677       16.705911
*        0.500000
GRID*   2301                             28.847643       16.556395
*        0.500000
GRID*   2302                             28.491125       18.475195
*        0.500000
GRID*   2303                             29.164437       16.707966
*        0.500000
GRID*   2304                             28.548091       18.325680
*        0.500000
GRID*   2305                             28.605056       18.176164
*        0.500000
GRID*   2306                             28.662021       18.026648
*        0.500000
GRID*   2307                             28.718986       17.877132
*        0.500000
GRID*   2308                             28.775952       17.727617
*        0.500000
GRID*   2309                             28.832917       17.578101
*        0.500000
GRID*   2310                             28.889882       17.428585
*        0.500000
GRID*   2311                             28.946847       17.279069
*        0.500000
GRID*   2312                             29.003813       17.129554
*        0.500000
GRID*   2313                             29.060778       16.980038
*        0.500000
GRID*   2314                             29.117743       16.830522
*        0.500000
GRID*   2315                             28.818191       18.599807
*        0.500000
GRID*   2316                             29.471542       16.884968
*        0.500000
GRID*   2317                             28.875156       18.450291
*        0.500000
GRID*   2318                             28.932122       18.300775
*        0.500000
GRID*   2319                             28.989087       18.151260
*        0.500000
GRID*   2320                             29.046052       18.001744
*        0.500000
GRID*   2321                             29.103017       17.852228
*        0.500000
GRID*   2322                             29.159983       17.702712
*        0.500000
GRID*   2323                             29.216948       17.553196
*        0.500000
GRID*   2324                             29.273913       17.403681
*        0.500000
GRID*   2325                             29.330878       17.254165
*        0.500000
GRID*   2326                             29.387844       17.104649
*        0.500000
GRID*   2327                             29.444809       16.955133
*        0.500000
GRID*   2328                             29.145257       18.724418
*        0.500000
GRID*   2329                             29.778647       17.061970
*        0.500000
GRID*   2330                             29.202222       18.574902
*        0.500000
GRID*   2331                             29.259187       18.425387
*        0.500000
GRID*   2332                             29.316153       18.275871
*        0.500000
GRID*   2333                             29.373118       18.126355
*        0.500000
GRID*   2334                             29.430083       17.976839
*        0.500000
GRID*   2335                             29.487048       17.827324
*        0.500000
GRID*   2336                             29.544014       17.677808
*        0.500000
GRID*   2337                             29.600979       17.528292
*        0.500000
GRID*   2338                             29.657944       17.378776
*        0.500000
GRID*   2339                             29.714909       17.229261
*        0.500000
GRID*   2340                             29.771875       17.079745
*        0.500000
GRID*   2341                             29.472323       18.849030
*        0.500000
GRID*   2342                             30.085752       17.238972
*        0.500000
GRID*   2343                             29.529288       18.699514
*        0.500000
GRID*   2344                             29.586253       18.549998
*        0.500000
GRID*   2345                             29.643218       18.400482
*        0.500000
GRID*   2346                             29.700184       18.250967
*        0.500000
GRID*   2347                             29.757149       18.101451
*        0.500000
GRID*   2348                             29.814114       17.951935
*        0.500000
GRID*   2349                             29.871079       17.802419
*        0.500000
GRID*   2350                             29.928045       17.652904
*        0.500000
GRID*   2351                             29.985010       17.503388
*        0.500000
GRID*   2352                             30.041975       17.353872
*        0.500000
GRID*   2353                             29.799388       18.973641
*        0.500000
GRID*   2354                             30.392857       17.415974
*        0.500000
GRID*   2355                             29.856354       18.824125
*        0.500000
GRID*   2356                             29.913319       18.674610
*        0.500000
GRID*   2357                             29.970284       18.525094
*        0.500000
GRID*   2358                             30.027249       18.375578
*        0.500000
GRID*   2359                             30.084215       18.226062
*        0.500000
GRID*   2360                             30.141180       18.076547
*        0.500000
GRID*   2361                             30.198145       17.927031
*        0.500000
GRID*   2362                             30.255110       17.777515
*        0.500000
GRID*   2363                             30.312076       17.627999
*        0.500000
GRID*   2364                             30.369041       17.478484
*        0.500000
GRID*   2365                             30.126454       19.098253
*        0.500000
GRID*   2366                             30.699962       17.592976
*        0.500000
GRID*   2367                             30.183419       18.948737
*        0.500000
GRID*   2368                             30.240385       18.799221
*        0.500000
GRID*   2369                             30.297350       18.649705
*        0.500000
GRID*   2370                             30.354315       18.500190
*        0.500000
GRID*   2371                             30.411280       18.350674
*        0.500000
GRID*   2372                             30.468246       18.201158
*        0.500000
GRID*   2373                             30.525211       18.051642
*        0.500000
GRID*   2374                             30.582176       17.902127
*        0.500000
GRID*   2375                             30.639141       17.752611
*        0.500000
GRID*   2376                             30.696107       17.603095
*        0.500000
GRID*   2377                             30.453520       19.222864
*        0.500000
GRID*   2378                             31.007067       17.769978
*        0.500000
GRID*   2379                             30.510485       19.073348
*        0.500000
GRID*   2380                             30.567450       18.923833
*        0.500000
GRID*   2381                             30.624415       18.774317
*        0.500000
GRID*   2382                             30.681381       18.624801
*        0.500000
GRID*   2383                             30.738346       18.475285
*        0.500000
GRID*   2384                             30.795311       18.325770
*        0.500000
GRID*   2385                             30.852276       18.176254
*        0.500000
GRID*   2386                             30.909242       18.026738
*        0.500000
GRID*   2387                             30.966207       17.877222
*        0.500000
GRID*   2388                             30.780585       19.347476
*        0.500000
GRID*   2389                             31.314172       17.946980
*        0.500000
GRID*   2390                             30.837551       19.197960
*        0.500000
GRID*   2391                             30.894516       19.048444
*        0.500000
GRID*   2392                             30.951481       18.898928
*        0.500000
GRID*   2393                             31.008446       18.749413
*        0.500000
GRID*   2394                             31.065412       18.599897
*        0.500000
GRID*   2395                             31.122377       18.450381
*        0.500000
GRID*   2396                             31.179342       18.300865
*        0.500000
GRID*   2397                             31.236307       18.151350
*        0.500000
GRID*   2398                             31.293273       18.001834
*        0.500000
GRID*   2399                             31.107651       19.472087
*        0.500000
GRID*   2400                             31.621277       18.123982
*        0.500000
GRID*   2401                             31.164616       19.322571
*        0.500000
GRID*   2402                             31.221582       19.173056
*        0.500000
GRID*   2403                             31.278547       19.023540
*        0.500000
GRID*   2404                             31.335512       18.874024
*        0.500000
GRID*   2405                             31.392477       18.724508
*        0.500000
GRID*   2406                             31.449443       18.574993
*        0.500000
GRID*   2407                             31.506408       18.425477
*        0.500000
GRID*   2408                             31.563373       18.275961
*        0.500000
GRID*   2409                             31.620338       18.126445
*        0.500000
GRID*   2410                             2.980000       3.840222
*        0.500000
GRID*   2411                             3.674719       2.016806
*        0.500000
GRID*   2412                             2.996664       3.796486
*        0.500000
GRID*   2413                             3.053629       3.646970
*        0.500000
GRID*   2414                             3.110594       3.497454
*        0.500000
GRID*   2415                             3.167559       3.347938
*        0.500000
GRID*   2416                             3.224525       3.198423
*        0.500000
GRID*   2417                             3.281490       3.048907
*        0.500000
GRID*   2418                             3.338455       2.899391
*        0.500000
GRID*   2419                             3.395420       2.749875
*        0.500000
GRID*   2420                             3.452386       2.600360
*        0.500000
GRID*   2421                             3.509351       2.450844
*        0.500000
GRID*   2422                             3.566316       2.301328
*        0.500000
GRID*   2423                             3.623281       2.151812
*        0.500000
GRID*   2424                             2.980000       1.616400
*        0.500000
GRID*   2425                             0.000000       8.755500
*        0.500000
GRID*   2426                             0.000000       1.616400
*        0.500000
GRID*   2427                             0.000000       8.584281
*        0.500000
GRID*   2428                             0.000000       8.413061
*        0.500000
GRID*   2429                             0.000000       8.241842
*        0.500000
GRID*   2430                             0.000000       8.070622
*        0.500000
GRID*   2431                             0.000000       7.899403
*        0.500000
GRID*   2432                             0.000000       7.728184
*        0.500000
GRID*   2433                             0.000000       7.556964
*        0.500000
GRID*   2434                             0.000000       7.385745
*        0.500000
GRID*   2435                             0.000000       7.214525
*        0.500000
GRID*   2436                             0.000000       7.043306
*        0.500000
GRID*   2437                             0.000000       6.872086
*        0.500000
GRID*   2438                             0.000000       6.700867
*        0.500000
GRID*   2439                             0.000000       6.529648
*        0.500000
GRID*   2440                             0.000000       6.358428
*        0.500000
GRID*   2441                             0.000000       6.187209
*        0.500000
GRID*   2442                             0.000000       6.015989
*        0.500000
GRID*   2443                             0.000000       5.844770
*        0.500000
GRID*   2444                             0.000000       5.673551
*        0.500000
GRID*   2445                             0.000000       5.502331
*        0.500000
GRID*   2446                             0.000000       5.331112
*        0.500000
GRID*   2447                             0.000000       5.159892
*        0.500000
GRID*   2448                             0.000000       4.988673
*        0.500000
GRID*   2449                             0.000000       4.817453
*        0.500000
GRID*   2450                             0.000000       4.646234
*        0.500000
GRID*   2451                             0.000000       4.475015
*        0.500000
GRID*   2452                             0.000000       4.303795
*        0.500000
GRID*   2453                             0.000000       4.132576
*        0.500000
GRID*   2454                             0.000000       3.961356
*        0.500000
GRID*   2455                             0.000000       3.790137
*        0.500000
GRID*   2456                             0.000000       3.618918
*        0.500000
GRID*   2457                             0.000000       3.447698
*        0.500000
GRID*   2458                             0.000000       3.276479
*        0.500000
GRID*   2459                             0.000000       3.105259
*        0.500000
GRID*   2460                             0.000000       2.934040
*        0.500000
GRID*   2461                             0.000000       2.762820
*        0.500000
GRID*   2462                             0.000000       2.591601
*        0.500000
GRID*   2463                             0.000000       2.420382
*        0.500000
GRID*   2464                             0.000000       2.249162
*        0.500000
GRID*   2465                             0.000000       2.077943
*        0.500000
GRID*   2466                             0.000000       1.906723
*        0.500000
GRID*   2467                             0.440000       8.755500
*        0.500000
GRID*   2468                             0.440000       1.616400
*        0.500000
GRID*   2469                             0.440000       8.584281
*        0.500000
GRID*   2470                             0.440000       8.413061
*        0.500000
GRID*   2471                             0.440000       8.241842
*        0.500000
GRID*   2472                             0.440000       8.070622
*        0.500000
GRID*   2473                             0.440000       7.899403
*        0.500000
GRID*   2474                             0.440000       7.728184
*        0.500000
GRID*   2475                             0.440000       7.556964
*        0.500000
GRID*   2476                             0.440000       7.385745
*        0.500000
GRID*   2477                             0.440000       7.214525
*        0.500000
GRID*   2478                             0.440000       7.043306
*        0.500000
GRID*   2479                             0.440000       6.872086
*        0.500000
GRID*   2480                             0.440000       6.700867
*        0.500000
GRID*   2481                             0.440000       6.529648
*        0.500000
GRID*   2482                             0.440000       6.358428
*        0.500000
GRID*   2483                             0.440000       6.187209
*        0.500000
GRID*   2484                             0.440000       6.015989
*        0.500000
GRID*   2485                             0.440000       5.844770
*        0.500000
GRID*   2486                             0.440000       5.673551
*        0.500000
GRID*   2487                             0.440000       5.502331
*        0.500000
GRID*   2488                             0.440000       5.331112
*        0.500000
GRID*   2489                             0.440000       5.159892
*        0.500000
GRID*   2490                             0.440000       4.988673
*        0.500000
GRID*   2491                             0.440000       4.817453
*        0.500000
GRID*   2492                             0.440000       4.646234
*        0.500000
GRID*   2493                             0.440000       4.475015
*        0.500000
GRID*   2494                             0.440000       4.303795
*        0.500000
GRID*   2495                             0.440000       4.132576
*        0.500000
GRID*   2496                             0.440000       3.961356
*        0.500000
GRID*   2497                             0.440000       3.790137
*        0.500000
GRID*   2498                             0.440000       3.618918
*        0.500000
GRID*   2499                             0.440000       3.447698
*        0.500000
GRID*   2500                             0.440000       3.276479
*        0.500000
GRID*   2501                             0.440000       3.105259
*        0.500000
GRID*   2502                             0.440000       2.934040
*        0.500000
GRID*   2503                             0.440000       2.762820
*        0.500000
GRID*   2504                             0.440000       2.591601
*        0.500000
GRID*   2505                             0.440000       2.420382
*        0.500000
GRID*   2506                             0.440000       2.249162
*        0.500000
GRID*   2507                             0.440000       2.077943
*        0.500000
GRID*   2508                             0.440000       1.906723
*        0.500000
GRID*   2509                             0.880000       8.755500
*        0.500000
GRID*   2510                             0.880000       1.616400
*        0.500000
GRID*   2511                             0.880000       8.584281
*        0.500000
GRID*   2512                             0.880000       8.413061
*        0.500000
GRID*   2513                             0.880000       8.241842
*        0.500000
GRID*   2514                             0.880000       8.070622
*        0.500000
GRID*   2515                             0.880000       7.899403
*        0.500000
GRID*   2516                             0.880000       7.728184
*        0.500000
GRID*   2517                             0.880000       7.556964
*        0.500000
GRID*   2518                             0.880000       7.385745
*        0.500000
GRID*   2519                             0.880000       7.214525
*        0.500000
GRID*   2520                             0.880000       7.043306
*        0.500000
GRID*   2521                             0.880000       6.872086
*        0.500000
GRID*   2522                             0.880000       6.700867
*        0.500000
GRID*   2523                             0.880000       6.529648
*        0.500000
GRID*   2524                             0.880000       6.358428
*        0.500000
GRID*   2525                             0.880000       6.187209
*        0.500000
GRID*   2526                             0.880000       6.015989
*        0.500000
GRID*   2527                             0.880000       5.844770
*        0.500000
GRID*   2528                             0.880000       5.673551
*        0.500000
GRID*   2529                             0.880000       5.502331
*        0.500000
GRID*   2530                             0.880000       5.331112
*        0.500000
GRID*   2531                             0.880000       5.159892
*        0.500000
GRID*   2532                             0.880000       4.988673
*        0.500000
GRID*   2533                             0.880000       4.817453
*        0.500000
GRID*   2534                             0.880000       4.646234
*        0.500000
GRID*   2535                             0.880000       4.475015
*        0.500000
GRID*   2536                             0.880000       4.303795
*        0.500000
GRID*   2537                             0.880000       4.132576
*        0.500000
GRID*   2538                             0.880000       3.961356
*        0.500000
GRID*   2539                             0.880000       3.790137
*        0.500000
GRID*   2540                             0.880000       3.618918
*        0.500000
GRID*   2541                             0.880000       3.447698
*        0.500000
GRID*   2542                             0.880000       3.276479
*        0.500000
GRID*   2543                             0.880000       3.105259
*        0.500000
GRID*   2544                             0.880000       2.934040
*        0.500000
GRID*   2545                             0.880000       2.762820
*        0.500000
GRID*   2546                             0.880000       2.591601
*        0.500000
GRID*   2547                             0.880000       2.420382
*        0.500000
GRID*   2548                             0.880000       2.249162
*        0.500000
GRID*   2549                             0.880000       2.077943
*        0.500000
GRID*   2550                             0.880000       1.906723
*        0.500000
GRID*   2551                             1.230000       8.755500
*        0.500000
GRID*   2552                             1.230000       1.616400
*        0.500000
GRID*   2553                             1.230000       8.584281
*        0.500000
GRID*   2554                             1.230000       8.413061
*        0.500000
GRID*   2555                             1.230000       8.241842
*        0.500000
GRID*   2556                             1.230000       8.070622
*        0.500000
GRID*   2557                             1.230000       7.899403
*        0.500000
GRID*   2558                             1.230000       7.728184
*        0.500000
GRID*   2559                             1.230000       7.556964
*        0.500000
GRID*   2560                             1.230000       7.385745
*        0.500000
GRID*   2561                             1.230000       7.214525
*        0.500000
GRID*   2562                             1.230000       7.043306
*        0.500000
GRID*   2563                             1.230000       6.872086
*        0.500000
GRID*   2564                             1.230000       6.700867
*        0.500000
GRID*   2565                             1.230000       6.529648
*        0.500000
GRID*   2566                             1.230000       6.358428
*        0.500000
GRID*   2567                             1.230000       6.187209
*        0.500000
GRID*   2568                             1.230000       6.015989
*        0.500000
GRID*   2569                             1.230000       5.844770
*        0.500000
GRID*   2570                             1.230000       5.673551
*        0.500000
GRID*   2571                             1.230000       5.502331
*        0.500000
GRID*   2572                             1.230000       5.331112
*        0.500000
GRID*   2573                             1.230000       5.159892
*        0.500000
GRID*   2574                             1.230000       4.988673
*        0.500000
GRID*   2575                             1.230000       4.817453
*        0.500000
GRID*   2576                             1.230000       4.646234
*        0.500000
GRID*   2577                             1.230000       4.475015
*        0.500000
GRID*   2578                             1.230000       4.303795
*        0.500000
GRID*   2579                             1.230000       4.132576
*        0.500000
GRID*   2580                             1.230000       3.961356
*        0.500000
GRID*   2581                             1.230000       3.790137
*        0.500000
GRID*   2582                             1.230000       3.618918
*        0.500000
GRID*   2583                             1.230000       3.447698
*        0.500000
GRID*   2584                             1.230000       3.276479
*        0.500000
GRID*   2585                             1.230000       3.105259
*        0.500000
GRID*   2586                             1.230000       2.934040
*        0.500000
GRID*   2587                             1.230000       2.762820
*        0.500000
GRID*   2588                             1.230000       2.591601
*        0.500000
GRID*   2589                             1.230000       2.420382
*        0.500000
GRID*   2590                             1.230000       2.249162
*        0.500000
GRID*   2591                             1.230000       2.077943
*        0.500000
GRID*   2592                             1.230000       1.906723
*        0.500000
GRID*   2593                             1.580000       8.755500
*        0.500000
GRID*   2594                             1.580000       1.616400
*        0.500000
GRID*   2595                             1.580000       8.584281
*        0.500000
GRID*   2596                             1.580000       8.413061
*        0.500000
GRID*   2597                             1.580000       8.241842
*        0.500000
GRID*   2598                             1.580000       8.070622
*        0.500000
GRID*   2599                             1.580000       7.899403
*        0.500000
GRID*   2600                             1.580000       7.728184
*        0.500000
GRID*   2601                             1.580000       7.556964
*        0.500000
GRID*   2602                             1.580000       7.385745
*        0.500000
GRID*   2603                             1.580000       7.214525
*        0.500000
GRID*   2604                             1.580000       7.043306
*        0.500000
GRID*   2605                             1.580000       6.872086
*        0.500000
GRID*   2606                             1.580000       6.700867
*        0.500000
GRID*   2607                             1.580000       6.529648
*        0.500000
GRID*   2608                             1.580000       6.358428
*        0.500000
GRID*   2609                             1.580000       6.187209
*        0.500000
GRID*   2610                             1.580000       6.015989
*        0.500000
GRID*   2611                             1.580000       5.844770
*        0.500000
GRID*   2612                             1.580000       5.673551
*        0.500000
GRID*   2613                             1.580000       5.502331
*        0.500000
GRID*   2614                             1.580000       5.331112
*        0.500000
GRID*   2615                             1.580000       5.159892
*        0.500000
GRID*   2616                             1.580000       4.988673
*        0.500000
GRID*   2617                             1.580000       4.817453
*        0.500000
GRID*   2618                             1.580000       4.646234
*        0.500000
GRID*   2619                             1.580000       4.475015
*        0.500000
GRID*   2620                             1.580000       4.303795
*        0.500000
GRID*   2621                             1.580000       4.132576
*        0.500000
GRID*   2622                             1.580000       3.961356
*        0.500000
GRID*   2623                             1.580000       3.790137
*        0.500000
GRID*   2624                             1.580000       3.618918
*        0.500000
GRID*   2625                             1.580000       3.447698
*        0.500000
GRID*   2626                             1.580000       3.276479
*        0.500000
GRID*   2627                             1.580000       3.105259
*        0.500000
GRID*   2628                             1.580000       2.934040
*        0.500000
GRID*   2629                             1.580000       2.762820
*        0.500000
GRID*   2630                             1.580000       2.591601
*        0.500000
GRID*   2631                             1.580000       2.420382
*        0.500000
GRID*   2632                             1.580000       2.249162
*        0.500000
GRID*   2633                             1.580000       2.077943
*        0.500000
GRID*   2634                             1.580000       1.906723
*        0.500000
GRID*   2635                             1.930000       8.755500
*        0.500000
GRID*   2636                             1.930000       1.616400
*        0.500000
GRID*   2637                             1.930000       8.584281
*        0.500000
GRID*   2638                             1.930000       8.413061
*        0.500000
GRID*   2639                             1.930000       8.241842
*        0.500000
GRID*   2640                             1.930000       8.070622
*        0.500000
GRID*   2641                             1.930000       7.899403
*        0.500000
GRID*   2642                             1.930000       7.728184
*        0.500000
GRID*   2643                             1.930000       7.556964
*        0.500000
GRID*   2644                             1.930000       7.385745
*        0.500000
GRID*   2645                             1.930000       7.214525
*        0.500000
GRID*   2646                             1.930000       7.043306
*        0.500000
GRID*   2647                             1.930000       6.872086
*        0.500000
GRID*   2648                             1.930000       6.700867
*        0.500000
GRID*   2649                             1.930000       6.529648
*        0.500000
GRID*   2650                             1.930000       6.358428
*        0.500000
GRID*   2651                             1.930000       6.187209
*        0.500000
GRID*   2652                             1.930000       6.015989
*        0.500000
GRID*   2653                             1.930000       5.844770
*        0.500000
GRID*   2654                             1.930000       5.673551
*        0.500000
GRID*   2655                             1.930000       5.502331
*        0.500000
GRID*   2656                             1.930000       5.331112
*        0.500000
GRID*   2657                             1.930000       5.159892
*        0.500000
GRID*   2658                             1.930000       4.988673
*        0.500000
GRID*   2659                             1.930000       4.817453
*        0.500000
GRID*   2660                             1.930000       4.646234
*        0.500000
GRID*   2661                             1.930000       4.475015
*        0.500000
GRID*   2662                             1.930000       4.303795
*        0.500000
GRID*   2663                             1.930000       4.132576
*        0.500000
GRID*   2664                             1.930000       3.961356
*        0.500000
GRID*   2665                             1.930000       3.790137
*        0.500000
GRID*   2666                             1.930000       3.618918
*        0.500000
GRID*   2667                             1.930000       3.447698
*        0.500000
GRID*   2668                             1.930000       3.276479
*        0.500000
GRID*   2669                             1.930000       3.105259
*        0.500000
GRID*   2670                             1.930000       2.934040
*        0.500000
GRID*   2671                             1.930000       2.762820
*        0.500000
GRID*   2672                             1.930000       2.591601
*        0.500000
GRID*   2673                             1.930000       2.420382
*        0.500000
GRID*   2674                             1.930000       2.249162
*        0.500000
GRID*   2675                             1.930000       2.077943
*        0.500000
GRID*   2676                             1.930000       1.906723
*        0.500000
GRID*   2677                             2.280000       8.755500
*        0.500000
GRID*   2678                             2.280000       1.616400
*        0.500000
GRID*   2679                             2.280000       8.584281
*        0.500000
GRID*   2680                             2.280000       8.413061
*        0.500000
GRID*   2681                             2.280000       8.241842
*        0.500000
GRID*   2682                             2.280000       8.070622
*        0.500000
GRID*   2683                             2.280000       7.899403
*        0.500000
GRID*   2684                             2.280000       7.728184
*        0.500000
GRID*   2685                             2.280000       7.556964
*        0.500000
GRID*   2686                             2.280000       7.385745
*        0.500000
GRID*   2687                             2.280000       7.214525
*        0.500000
GRID*   2688                             2.280000       7.043306
*        0.500000
GRID*   2689                             2.280000       6.872086
*        0.500000
GRID*   2690                             2.280000       6.700867
*        0.500000
GRID*   2691                             2.280000       6.529648
*        0.500000
GRID*   2692                             2.280000       6.358428
*        0.500000
GRID*   2693                             2.280000       6.187209
*        0.500000
GRID*   2694                             2.280000       6.015989
*        0.500000
GRID*   2695                             2.280000       5.844770
*        0.500000
GRID*   2696                             2.280000       5.673551
*        0.500000
GRID*   2697                             2.280000       5.502331
*        0.500000
GRID*   2698                             2.280000       5.331112
*        0.500000
GRID*   2699                             2.280000       5.159892
*        0.500000
GRID*   2700                             2.280000       4.988673
*        0.500000
GRID*   2701                             2.280000       4.817453
*        0.500000
GRID*   2702                             2.280000       4.646234
*        0.500000
GRID*   2703                             2.280000       4.475015
*        0.500000
GRID*   2704                             2.280000       4.303795
*        0.500000
GRID*   2705                             2.280000       4.132576
*        0.500000
GRID*   2706                             2.280000       3.961356
*        0.500000
GRID*   2707                             2.280000       3.790137
*        0.500000
GRID*   2708                             2.280000       3.618918
*        0.500000
GRID*   2709                             2.280000       3.447698
*        0.500000
GRID*   2710                             2.280000       3.276479
*        0.500000
GRID*   2711                             2.280000       3.105259
*        0.500000
GRID*   2712                             2.280000       2.934040
*        0.500000
GRID*   2713                             2.280000       2.762820
*        0.500000
GRID*   2714                             2.280000       2.591601
*        0.500000
GRID*   2715                             2.280000       2.420382
*        0.500000
GRID*   2716                             2.280000       2.249162
*        0.500000
GRID*   2717                             2.280000       2.077943
*        0.500000
GRID*   2718                             2.280000       1.906723
*        0.500000
GRID*   2719                             2.630000       8.755500
*        0.500000
GRID*   2720                             2.630000       1.616400
*        0.500000
GRID*   2721                             2.630000       8.584281
*        0.500000
GRID*   2722                             2.630000       8.413061
*        0.500000
GRID*   2723                             2.630000       8.241842
*        0.500000
GRID*   2724                             2.630000       8.070622
*        0.500000
GRID*   2725                             2.630000       7.899403
*        0.500000
GRID*   2726                             2.630000       7.728184
*        0.500000
GRID*   2727                             2.630000       7.556964
*        0.500000
GRID*   2728                             2.630000       7.385745
*        0.500000
GRID*   2729                             2.630000       7.214525
*        0.500000
GRID*   2730                             2.630000       7.043306
*        0.500000
GRID*   2731                             2.630000       6.872086
*        0.500000
GRID*   2732                             2.630000       6.700867
*        0.500000
GRID*   2733                             2.630000       6.529648
*        0.500000
GRID*   2734                             2.630000       6.358428
*        0.500000
GRID*   2735                             2.630000       6.187209
*        0.500000
GRID*   2736                             2.630000       6.015989
*        0.500000
GRID*   2737                             2.630000       5.844770
*        0.500000
GRID*   2738                             2.630000       5.673551
*        0.500000
GRID*   2739                             2.630000       5.502331
*        0.500000
GRID*   2740                             2.630000       5.331112
*        0.500000
GRID*   2741                             2.630000       5.159892
*        0.500000
GRID*   2742                             2.630000       4.988673
*        0.500000
GRID*   2743                             2.630000       4.817453
*        0.500000
GRID*   2744                             2.630000       4.646234
*        0.500000
GRID*   2745                             2.630000       4.475015
*        0.500000
GRID*   2746                             2.630000       4.303795
*        0.500000
GRID*   2747                             2.630000       4.132576
*        0.500000
GRID*   2748                             2.630000       3.961356
*        0.500000
GRID*   2749                             2.630000       3.790137
*        0.500000
GRID*   2750                             2.630000       3.618918
*        0.500000
GRID*   2751                             2.630000       3.447698
*        0.500000
GRID*   2752                             2.630000       3.276479
*        0.500000
GRID*   2753                             2.630000       3.105259
*        0.500000
GRID*   2754                             2.630000       2.934040
*        0.500000
GRID*   2755                             2.630000       2.762820
*        0.500000
GRID*   2756                             2.630000       2.591601
*        0.500000
GRID*   2757                             2.630000       2.420382
*        0.500000
GRID*   2758                             2.630000       2.249162
*        0.500000
GRID*   2759                             2.630000       2.077943
*        0.500000
GRID*   2760                             2.630000       1.906723
*        0.500000
GRID*   2761                             2.980000       8.755500
*        0.500000
GRID*   2762                             2.980000       1.616400
*        0.500000
GRID*   2763                             2.980000       8.584281
*        0.500000
GRID*   2764                             2.980000       8.413061
*        0.500000
GRID*   2765                             2.980000       8.241842
*        0.500000
GRID*   2766                             2.980000       8.070622
*        0.500000
GRID*   2767                             2.980000       7.899403
*        0.500000
GRID*   2768                             2.980000       7.728184
*        0.500000
GRID*   2769                             2.980000       7.556964
*        0.500000
GRID*   2770                             2.980000       7.385745
*        0.500000
GRID*   2771                             2.980000       7.214525
*        0.500000
GRID*   2772                             2.980000       7.043306
*        0.500000
GRID*   2773                             2.980000       6.872086
*        0.500000
GRID*   2774                             2.980000       6.700867
*        0.500000
GRID*   2775                             2.980000       6.529648
*        0.500000
GRID*   2776                             2.980000       6.358428
*        0.500000
GRID*   2777                             2.980000       6.187209
*        0.500000
GRID*   2778                             2.980000       6.015989
*        0.500000
GRID*   2779                             2.980000       5.844770
*        0.500000
GRID*   2780                             2.980000       5.673551
*        0.500000
GRID*   2781                             2.980000       5.502331
*        0.500000
GRID*   2782                             2.980000       5.331112
*        0.500000
GRID*   2783                             2.980000       5.159892
*        0.500000
GRID*   2784                             2.980000       4.988673
*        0.500000
GRID*   2785                             2.980000       4.817453
*        0.500000
GRID*   2786                             2.980000       4.646234
*        0.500000
GRID*   2787                             2.980000       4.475015
*        0.500000
GRID*   2788                             2.980000       4.303795
*        0.500000
GRID*   2789                             2.980000       4.132576
*        0.500000
GRID*   2790                             2.980000       3.961356
*        0.500000
GRID*   2791                             2.980000       3.790137
*        0.500000
GRID*   2792                             2.980000       3.618918
*        0.500000
GRID*   2793                             2.980000       3.447698
*        0.500000
GRID*   2794                             2.980000       3.276479
*        0.500000
GRID*   2795                             2.980000       3.105259
*        0.500000
GRID*   2796                             2.980000       2.934040
*        0.500000
GRID*   2797                             2.980000       2.762820
*        0.500000
GRID*   2798                             2.980000       2.591601
*        0.500000
GRID*   2799                             2.980000       2.420382
*        0.500000
GRID*   2800                             2.980000       2.249162
*        0.500000
GRID*   2801                             2.980000       2.077943
*        0.500000
GRID*   2802                             2.980000       1.906723
*        0.500000
GRID*   2803                             31.635718       18.132305
*        -0.500000
GRID*   2804                             30.759279       17.627164
*        -0.500000
GRID*   2805                             29.882840       17.122022
*        -0.500000
GRID*   2806                             29.006401       16.616881
*        -0.500000
GRID*   2807                             28.129962       16.111740
*        -0.500000
GRID*   2808                             27.253523       15.606599
*        -0.500000
GRID*   2809                             26.377084       15.101458
*        -0.500000
GRID*   2810                             25.500645       14.596317
*        -0.500000
GRID*   2811                             24.624206       14.091175
*        -0.500000
GRID*   2812                             23.747767       13.586034
*        -0.500000
GRID*   2813                             22.871328       13.080893
*        -0.500000
GRID*   2814                             21.994889       12.575752
*        -0.500000
GRID*   2815                             21.118450       12.070611
*        -0.500000
GRID*   2816                             20.242011       11.565470
*        -0.500000
GRID*   2817                             19.365572       11.060328
*        -0.500000
GRID*   2818                             18.489133       10.555187
*        -0.500000
GRID*   2819                             17.612694       10.050046
*        -0.500000
GRID*   2820                             16.736255       9.544905
*        -0.500000
GRID*   2821                             15.859816       9.039764
*        -0.500000
GRID*   2822                             14.983377       8.534622
*        -0.500000
GRID*   2823                             14.106938       8.029481
*        -0.500000
GRID*   2824                             13.230499       7.524340
*        -0.500000
GRID*   2825                             12.354060       7.019199
*        -0.500000
GRID*   2826                             11.477621       6.514058
*        -0.500000
GRID*   2827                             10.601182       6.008917
*        -0.500000
GRID*   2828                             9.724743       5.503775
*        -0.500000
GRID*   2829                             8.848304       4.998634
*        -0.500000
GRID*   2830                             7.971865       4.493493
*        -0.500000
GRID*   2831                             7.095426       3.988352
*        -0.500000
GRID*   2832                             6.218987       3.483211
*        -0.500000
GRID*   2833                             5.342548       2.978070
*        -0.500000
GRID*   2834                             4.466109       2.472928
*        -0.500000
GRID*   2835                             2.980000       8.584281
*        -0.500000
GRID*   2836                             2.980000       8.413061
*        -0.500000
GRID*   2837                             2.980000       8.241842
*        -0.500000
GRID*   2838                             2.980000       8.070622
*        -0.500000
GRID*   2839                             2.980000       7.899403
*        -0.500000
GRID*   2840                             2.980000       7.728184
*        -0.500000
GRID*   2841                             2.980000       7.556964
*        -0.500000
GRID*   2842                             2.980000       7.385745
*        -0.500000
GRID*   2843                             2.980000       7.214525
*        -0.500000
GRID*   2844                             2.980000       7.043306
*        -0.500000
GRID*   2845                             2.980000       6.872086
*        -0.500000
GRID*   2846                             2.980000       6.700867
*        -0.500000
GRID*   2847                             2.980000       6.529648
*        -0.500000
GRID*   2848                             2.980000       6.358428
*        -0.500000
GRID*   2849                             2.980000       6.187209
*        -0.500000
GRID*   2850                             2.980000       6.015989
*        -0.500000
GRID*   2851                             2.980000       5.844770
*        -0.500000
GRID*   2852                             2.980000       5.673551
*        -0.500000
GRID*   2853                             2.980000       5.502331
*        -0.500000
GRID*   2854                             2.980000       5.331112
*        -0.500000
GRID*   2855                             2.980000       5.159892
*        -0.500000
GRID*   2856                             2.980000       4.988673
*        -0.500000
GRID*   2857                             2.980000       4.817453
*        -0.500000
GRID*   2858                             2.980000       4.646234
*        -0.500000
GRID*   2859                             2.980000       4.475015
*        -0.500000
GRID*   2860                             2.980000       4.303795
*        -0.500000
GRID*   2861                             2.980000       4.132576
*        -0.500000
GRID*   2862                             2.980000       3.961356
*        -0.500000
GRID*   2863                             2.980000       3.790137
*        -0.500000
GRID*   2864                             2.980000       3.618918
*        -0.500000
GRID*   2865                             2.980000       3.447698
*        -0.500000
GRID*   2866                             2.980000       3.276479
*        -0.500000
GRID*   2867                             2.980000       3.105259
*        -0.500000
GRID*   2868                             2.980000       2.934040
*        -0.500000
GRID*   2869                             2.980000       2.762820
*        -0.500000
GRID*   2870                             2.980000       2.591601
*        -0.500000
GRID*   2871                             2.980000       2.420382
*        -0.500000
GRID*   2872                             2.980000       2.249162
*        -0.500000
GRID*   2873                             2.980000       2.077943
*        -0.500000
GRID*   2874                             2.980000       1.906723
*        -0.500000
GRID*   2875                             2.980000       4.823278
*        -0.500000
GRID*   2876                             3.981824       2.193807
*        -0.500000
GRID*   2877                             2.981938       4.818192
*        -0.500000
GRID*   2878                             3.038903       4.668676
*        -0.500000
GRID*   2879                             3.095868       4.519160
*        -0.500000
GRID*   2880                             3.152834       4.369644
*        -0.500000
GRID*   2881                             3.209799       4.220129
*        -0.500000
GRID*   2882                             3.266764       4.070613
*        -0.500000
GRID*   2883                             3.323729       3.921097
*        -0.500000
GRID*   2884                             3.380695       3.771581
*        -0.500000
GRID*   2885                             3.437660       3.622066
*        -0.500000
GRID*   2886                             3.494625       3.472550
*        -0.500000
GRID*   2887                             3.551590       3.323034
*        -0.500000
GRID*   2888                             3.608556       3.173518
*        -0.500000
GRID*   2889                             3.665521       3.024003
*        -0.500000
GRID*   2890                             3.722486       2.874487
*        -0.500000
GRID*   2891                             3.779451       2.724971
*        -0.500000
GRID*   2892                             3.836417       2.575455
*        -0.500000
GRID*   2893                             3.893382       2.425940
*        -0.500000
GRID*   2894                             3.950347       2.276424
*        -0.500000
GRID*   2895                             2.980000       5.806333
*        -0.500000
GRID*   2896                             4.288929       2.370809
*        -0.500000
GRID*   2897                             3.024177       5.690382
*        -0.500000
GRID*   2898                             3.081143       5.540866
*        -0.500000
GRID*   2899                             3.138108       5.391350
*        -0.500000
GRID*   2900                             3.195073       5.241835
*        -0.500000
GRID*   2901                             3.252038       5.092319
*        -0.500000
GRID*   2902                             3.309004       4.942803
*        -0.500000
GRID*   2903                             3.365969       4.793287
*        -0.500000
GRID*   2904                             3.422934       4.643772
*        -0.500000
GRID*   2905                             3.479899       4.494256
*        -0.500000
GRID*   2906                             3.536865       4.344740
*        -0.500000
GRID*   2907                             3.593830       4.195224
*        -0.500000
GRID*   2908                             3.650795       4.045709
*        -0.500000
GRID*   2909                             3.707760       3.896193
*        -0.500000
GRID*   2910                             3.764726       3.746677
*        -0.500000
GRID*   2911                             3.821691       3.597161
*        -0.500000
GRID*   2912                             3.878656       3.447646
*        -0.500000
GRID*   2913                             3.935621       3.298130
*        -0.500000
GRID*   2914                             3.992587       3.148614
*        -0.500000
GRID*   2915                             4.049552       2.999098
*        -0.500000
GRID*   2916                             4.106517       2.849583
*        -0.500000
GRID*   2917                             4.163482       2.700067
*        -0.500000
GRID*   2918                             4.220448       2.550551
*        -0.500000
GRID*   2919                             4.277413       2.401035
*        -0.500000
GRID*   2920                             2.980000       6.789389
*        -0.500000
GRID*   2921                             4.596034       2.547811
*        -0.500000
GRID*   2922                             3.009452       6.712088
*        -0.500000
GRID*   2923                             3.066417       6.562572
*        -0.500000
GRID*   2924                             3.123382       6.413056
*        -0.500000
GRID*   2925                             3.180347       6.263541
*        -0.500000
GRID*   2926                             3.237313       6.114025
*        -0.500000
GRID*   2927                             3.294278       5.964509
*        -0.500000
GRID*   2928                             3.351243       5.814993
*        -0.500000
GRID*   2929                             3.408208       5.665478
*        -0.500000
GRID*   2930                             3.465174       5.515962
*        -0.500000
GRID*   2931                             3.522139       5.366446
*        -0.500000
GRID*   2932                             3.579104       5.216930
*        -0.500000
GRID*   2933                             3.636069       5.067415
*        -0.500000
GRID*   2934                             3.693035       4.917899
*        -0.500000
GRID*   2935                             3.750000       4.768383
*        -0.500000
GRID*   2936                             3.806965       4.618867
*        -0.500000
GRID*   2937                             3.863930       4.469352
*        -0.500000
GRID*   2938                             3.920895       4.319836
*        -0.500000
GRID*   2939                             3.977861       4.170320
*        -0.500000
GRID*   2940                             4.034826       4.020804
*        -0.500000
GRID*   2941                             4.091791       3.871289
*        -0.500000
GRID*   2942                             4.148756       3.721773
*        -0.500000
GRID*   2943                             4.205722       3.572257
*        -0.500000
GRID*   2944                             4.262687       3.422741
*        -0.500000
GRID*   2945                             4.319652       3.273226
*        -0.500000
GRID*   2946                             4.376617       3.123710
*        -0.500000
GRID*   2947                             4.433583       2.974194
*        -0.500000
GRID*   2948                             4.490548       2.824678
*        -0.500000
GRID*   2949                             4.547513       2.675163
*        -0.500000
GRID*   2950                             2.980000       7.772444
*        -0.500000
GRID*   2951                             4.903139       2.724813
*        -0.500000
GRID*   2952                             2.994726       7.733794
*        -0.500000
GRID*   2953                             3.051691       7.584278
*        -0.500000
GRID*   2954                             3.108656       7.434762
*        -0.500000
GRID*   2955                             3.165622       7.285247
*        -0.500000
GRID*   2956                             3.222587       7.135731
*        -0.500000
GRID*   2957                             3.279552       6.986215
*        -0.500000
GRID*   2958                             3.336517       6.836699
*        -0.500000
GRID*   2959                             3.393483       6.687184
*        -0.500000
GRID*   2960                             3.450448       6.537668
*        -0.500000
GRID*   2961                             3.507413       6.388152
*        -0.500000
GRID*   2962                             3.564378       6.238636
*        -0.500000
GRID*   2963                             3.621343       6.089121
*        -0.500000
GRID*   2964                             3.678309       5.939605
*        -0.500000
GRID*   2965                             3.735274       5.790089
*        -0.500000
GRID*   2966                             3.792239       5.640573
*        -0.500000
GRID*   2967                             3.849204       5.491058
*        -0.500000
GRID*   2968                             3.906170       5.341542
*        -0.500000
GRID*   2969                             3.963135       5.192026
*        -0.500000
GRID*   2970                             4.020100       5.042510
*        -0.500000
GRID*   2971                             4.077065       4.892995
*        -0.500000
GRID*   2972                             4.134031       4.743479
*        -0.500000
GRID*   2973                             4.190996       4.593963
*        -0.500000
GRID*   2974                             4.247961       4.444447
*        -0.500000
GRID*   2975                             4.304926       4.294932
*        -0.500000
GRID*   2976                             4.361892       4.145416
*        -0.500000
GRID*   2977                             4.418857       3.995900
*        -0.500000
GRID*   2978                             4.475822       3.846384
*        -0.500000
GRID*   2979                             4.532787       3.696869
*        -0.500000
GRID*   2980                             4.589753       3.547353
*        -0.500000
GRID*   2981                             4.646718       3.397837
*        -0.500000
GRID*   2982                             4.703683       3.248321
*        -0.500000
GRID*   2983                             4.760648       3.098806
*        -0.500000
GRID*   2984                             4.817614       2.949290
*        -0.500000
GRID*   2985                             4.874579       2.799774
*        -0.500000
GRID*   2986                             2.980000       8.755500
*        -0.500000
GRID*   2987                             5.210244       2.901815
*        -0.500000
GRID*   2988                             3.036965       8.605984
*        -0.500000
GRID*   2989                             3.093930       8.456468
*        -0.500000
GRID*   2990                             3.150896       8.306953
*        -0.500000
GRID*   2991                             3.207861       8.157437
*        -0.500000
GRID*   2992                             3.264826       8.007921
*        -0.500000
GRID*   2993                             3.321791       7.858405
*        -0.500000
GRID*   2994                             3.378757       7.708890
*        -0.500000
GRID*   2995                             3.435722       7.559374
*        -0.500000
GRID*   2996                             3.492687       7.409858
*        -0.500000
GRID*   2997                             3.549652       7.260342
*        -0.500000
GRID*   2998                             3.606618       7.110827
*        -0.500000
GRID*   2999                             3.663583       6.961311
*        -0.500000
GRID*   3000                             3.720548       6.811795
*        -0.500000
GRID*   3001                             3.777513       6.662279
*        -0.500000
GRID*   3002                             3.834479       6.512764
*        -0.500000
GRID*   3003                             3.891444       6.363248
*        -0.500000
GRID*   3004                             3.948409       6.213732
*        -0.500000
GRID*   3005                             4.005374       6.064216
*        -0.500000
GRID*   3006                             4.062340       5.914701
*        -0.500000
GRID*   3007                             4.119305       5.765185
*        -0.500000
GRID*   3008                             4.176270       5.615669
*        -0.500000
GRID*   3009                             4.233235       5.466153
*        -0.500000
GRID*   3010                             4.290201       5.316638
*        -0.500000
GRID*   3011                             4.347166       5.167122
*        -0.500000
GRID*   3012                             4.404131       5.017606
*        -0.500000
GRID*   3013                             4.461096       4.868090
*        -0.500000
GRID*   3014                             4.518062       4.718575
*        -0.500000
GRID*   3015                             4.575027       4.569059
*        -0.500000
GRID*   3016                             4.631992       4.419543
*        -0.500000
GRID*   3017                             4.688957       4.270027
*        -0.500000
GRID*   3018                             4.745923       4.120512
*        -0.500000
GRID*   3019                             4.802888       3.970996
*        -0.500000
GRID*   3020                             4.859853       3.821480
*        -0.500000
GRID*   3021                             4.916818       3.671964
*        -0.500000
GRID*   3022                             4.973784       3.522449
*        -0.500000
GRID*   3023                             5.030749       3.372933
*        -0.500000
GRID*   3024                             5.087714       3.223417
*        -0.500000
GRID*   3025                             5.144679       3.073901
*        -0.500000
GRID*   3026                             5.201645       2.924386
*        -0.500000
GRID*   3027                             3.307066       8.880111
*        -0.500000
GRID*   3028                             5.517349       3.078817
*        -0.500000
GRID*   3029                             3.364031       8.730596
*        -0.500000
GRID*   3030                             3.420996       8.581080
*        -0.500000
GRID*   3031                             3.477961       8.431564
*        -0.500000
GRID*   3032                             3.534927       8.282048
*        -0.500000
GRID*   3033                             3.591892       8.132533
*        -0.500000
GRID*   3034                             3.648857       7.983017
*        -0.500000
GRID*   3035                             3.705822       7.833501
*        -0.500000
GRID*   3036                             3.762788       7.683985
*        -0.500000
GRID*   3037                             3.819753       7.534470
*        -0.500000
GRID*   3038                             3.876718       7.384954
*        -0.500000
GRID*   3039                             3.933683       7.235438
*        -0.500000
GRID*   3040                             3.990649       7.085922
*        -0.500000
GRID*   3041                             4.047614       6.936407
*        -0.500000
GRID*   3042                             4.104579       6.786891
*        -0.500000
GRID*   3043                             4.161544       6.637375
*        -0.500000
GRID*   3044                             4.218510       6.487859
*        -0.500000
GRID*   3045                             4.275475       6.338344
*        -0.500000
GRID*   3046                             4.332440       6.188828
*        -0.500000
GRID*   3047                             4.389405       6.039312
*        -0.500000
GRID*   3048                             4.446371       5.889796
*        -0.500000
GRID*   3049                             4.503336       5.740281
*        -0.500000
GRID*   3050                             4.560301       5.590765
*        -0.500000
GRID*   3051                             4.617266       5.441249
*        -0.500000
GRID*   3052                             4.674232       5.291733
*        -0.500000
GRID*   3053                             4.731197       5.142218
*        -0.500000
GRID*   3054                             4.788162       4.992702
*        -0.500000
GRID*   3055                             4.845127       4.843186
*        -0.500000
GRID*   3056                             4.902093       4.693670
*        -0.500000
GRID*   3057                             4.959058       4.544155
*        -0.500000
GRID*   3058                             5.016023       4.394639
*        -0.500000
GRID*   3059                             5.072988       4.245123
*        -0.500000
GRID*   3060                             5.129954       4.095607
*        -0.500000
GRID*   3061                             5.186919       3.946092
*        -0.500000
GRID*   3062                             5.243884       3.796576
*        -0.500000
GRID*   3063                             5.300849       3.647060
*        -0.500000
GRID*   3064                             5.357815       3.497544
*        -0.500000
GRID*   3065                             5.414780       3.348029
*        -0.500000
GRID*   3066                             5.471745       3.198513
*        -0.500000
GRID*   3067                             3.634131       9.004723
*        -0.500000
GRID*   3068                             5.824454       3.255819
*        -0.500000
GRID*   3069                             3.691097       8.855207
*        -0.500000
GRID*   3070                             3.748062       8.705691
*        -0.500000
GRID*   3071                             3.805027       8.556176
*        -0.500000
GRID*   3072                             3.861992       8.406660
*        -0.500000
GRID*   3073                             3.918958       8.257144
*        -0.500000
GRID*   3074                             3.975923       8.107628
*        -0.500000
GRID*   3075                             4.032888       7.958113
*        -0.500000
GRID*   3076                             4.089853       7.808597
*        -0.500000
GRID*   3077                             4.146819       7.659081
*        -0.500000
GRID*   3078                             4.203784       7.509565
*        -0.500000
GRID*   3079                             4.260749       7.360050
*        -0.500000
GRID*   3080                             4.317714       7.210534
*        -0.500000
GRID*   3081                             4.374680       7.061018
*        -0.500000
GRID*   3082                             4.431645       6.911502
*        -0.500000
GRID*   3083                             4.488610       6.761987
*        -0.500000
GRID*   3084                             4.545575       6.612471
*        -0.500000
GRID*   3085                             4.602541       6.462955
*        -0.500000
GRID*   3086                             4.659506       6.313439
*        -0.500000
GRID*   3087                             4.716471       6.163924
*        -0.500000
GRID*   3088                             4.773436       6.014408
*        -0.500000
GRID*   3089                             4.830402       5.864892
*        -0.500000
GRID*   3090                             4.887367       5.715376
*        -0.500000
GRID*   3091                             4.944332       5.565861
*        -0.500000
GRID*   3092                             5.001297       5.416345
*        -0.500000
GRID*   3093                             5.058263       5.266829
*        -0.500000
GRID*   3094                             5.115228       5.117313
*        -0.500000
GRID*   3095                             5.172193       4.967798
*        -0.500000
GRID*   3096                             5.229158       4.818282
*        -0.500000
GRID*   3097                             5.286124       4.668766
*        -0.500000
GRID*   3098                             5.343089       4.519250
*        -0.500000
GRID*   3099                             5.400054       4.369735
*        -0.500000
GRID*   3100                             5.457019       4.220219
*        -0.500000
GRID*   3101                             5.513985       4.070703
*        -0.500000
GRID*   3102                             5.570950       3.921187
*        -0.500000
GRID*   3103                             5.627915       3.771672
*        -0.500000
GRID*   3104                             5.684880       3.622156
*        -0.500000
GRID*   3105                             5.741846       3.472640
*        -0.500000
GRID*   3106                             5.798811       3.323124
*        -0.500000
GRID*   3107                             3.961197       9.129334
*        -0.500000
GRID*   3108                             6.131559       3.432821
*        -0.500000
GRID*   3109                             4.018162       8.979819
*        -0.500000
GRID*   3110                             4.075128       8.830303
*        -0.500000
GRID*   3111                             4.132093       8.680787
*        -0.500000
GRID*   3112                             4.189058       8.531271
*        -0.500000
GRID*   3113                             4.246023       8.381756
*        -0.500000
GRID*   3114                             4.302989       8.232240
*        -0.500000
GRID*   3115                             4.359954       8.082724
*        -0.500000
GRID*   3116                             4.416919       7.933208
*        -0.500000
GRID*   3117                             4.473884       7.783693
*        -0.500000
GRID*   3118                             4.530850       7.634177
*        -0.500000
GRID*   3119                             4.587815       7.484661
*        -0.500000
GRID*   3120                             4.644780       7.335145
*        -0.500000
GRID*   3121                             4.701745       7.185630
*        -0.500000
GRID*   3122                             4.758711       7.036114
*        -0.500000
GRID*   3123                             4.815676       6.886598
*        -0.500000
GRID*   3124                             4.872641       6.737082
*        -0.500000
GRID*   3125                             4.929606       6.587567
*        -0.500000
GRID*   3126                             4.986572       6.438051
*        -0.500000
GRID*   3127                             5.043537       6.288535
*        -0.500000
GRID*   3128                             5.100502       6.139019
*        -0.500000
GRID*   3129                             5.157467       5.989504
*        -0.500000
GRID*   3130                             5.214433       5.839988
*        -0.500000
GRID*   3131                             5.271398       5.690472
*        -0.500000
GRID*   3132                             5.328363       5.540956
*        -0.500000
GRID*   3133                             5.385328       5.391441
*        -0.500000
GRID*   3134                             5.442294       5.241925
*        -0.500000
GRID*   3135                             5.499259       5.092409
*        -0.500000
GRID*   3136                             5.556224       4.942893
*        -0.500000
GRID*   3137                             5.613189       4.793378
*        -0.500000
GRID*   3138                             5.670155       4.643862
*        -0.500000
GRID*   3139                             5.727120       4.494346
*        -0.500000
GRID*   3140                             5.784085       4.344830
*        -0.500000
GRID*   3141                             5.841050       4.195315
*        -0.500000
GRID*   3142                             5.898016       4.045799
*        -0.500000
GRID*   3143                             5.954981       3.896283
*        -0.500000
GRID*   3144                             6.011946       3.746767
*        -0.500000
GRID*   3145                             6.068911       3.597252
*        -0.500000
GRID*   3146                             6.125877       3.447736
*        -0.500000
GRID*   3147                             4.288263       9.253946
*        -0.500000
GRID*   3148                             6.438664       3.609823
*        -0.500000
GRID*   3149                             4.345228       9.104430
*        -0.500000
GRID*   3150                             4.402193       8.954914
*        -0.500000
GRID*   3151                             4.459159       8.805399
*        -0.500000
GRID*   3152                             4.516124       8.655883
*        -0.500000
GRID*   3153                             4.573089       8.506367
*        -0.500000
GRID*   3154                             4.630054       8.356851
*        -0.500000
GRID*   3155                             4.687020       8.207336
*        -0.500000
GRID*   3156                             4.743985       8.057820
*        -0.500000
GRID*   3157                             4.800950       7.908304
*        -0.500000
GRID*   3158                             4.857915       7.758788
*        -0.500000
GRID*   3159                             4.914881       7.609273
*        -0.500000
GRID*   3160                             4.971846       7.459757
*        -0.500000
GRID*   3161                             5.028811       7.310241
*        -0.500000
GRID*   3162                             5.085776       7.160725
*        -0.500000
GRID*   3163                             5.142742       7.011210
*        -0.500000
GRID*   3164                             5.199707       6.861694
*        -0.500000
GRID*   3165                             5.256672       6.712178
*        -0.500000
GRID*   3166                             5.313637       6.562662
*        -0.500000
GRID*   3167                             5.370603       6.413147
*        -0.500000
GRID*   3168                             5.427568       6.263631
*        -0.500000
GRID*   3169                             5.484533       6.114115
*        -0.500000
GRID*   3170                             5.541498       5.964599
*        -0.500000
GRID*   3171                             5.598464       5.815084
*        -0.500000
GRID*   3172                             5.655429       5.665568
*        -0.500000
GRID*   3173                             5.712394       5.516052
*        -0.500000
GRID*   3174                             5.769359       5.366536
*        -0.500000
GRID*   3175                             5.826325       5.217021
*        -0.500000
GRID*   3176                             5.883290       5.067505
*        -0.500000
GRID*   3177                             5.940255       4.917989
*        -0.500000
GRID*   3178                             5.997220       4.768473
*        -0.500000
GRID*   3179                             6.054186       4.618958
*        -0.500000
GRID*   3180                             6.111151       4.469442
*        -0.500000
GRID*   3181                             6.168116       4.319926
*        -0.500000
GRID*   3182                             6.225081       4.170410
*        -0.500000
GRID*   3183                             6.282046       4.020895
*        -0.500000
GRID*   3184                             6.339012       3.871379
*        -0.500000
GRID*   3185                             6.395977       3.721863
*        -0.500000
GRID*   3186                             4.615329       9.378557
*        -0.500000
GRID*   3187                             6.745769       3.786825
*        -0.500000
GRID*   3188                             4.672294       9.229042
*        -0.500000
GRID*   3189                             4.729259       9.079526
*        -0.500000
GRID*   3190                             4.786224       8.930010
*        -0.500000
GRID*   3191                             4.843190       8.780494
*        -0.500000
GRID*   3192                             4.900155       8.630979
*        -0.500000
GRID*   3193                             4.957120       8.481463
*        -0.500000
GRID*   3194                             5.014085       8.331947
*        -0.500000
GRID*   3195                             5.071051       8.182431
*        -0.500000
GRID*   3196                             5.128016       8.032916
*        -0.500000
GRID*   3197                             5.184981       7.883400
*        -0.500000
GRID*   3198                             5.241946       7.733884
*        -0.500000
GRID*   3199                             5.298912       7.584368
*        -0.500000
GRID*   3200                             5.355877       7.434853
*        -0.500000
GRID*   3201                             5.412842       7.285337
*        -0.500000
GRID*   3202                             5.469807       7.135821
*        -0.500000
GRID*   3203                             5.526773       6.986305
*        -0.500000
GRID*   3204                             5.583738       6.836790
*        -0.500000
GRID*   3205                             5.640703       6.687274
*        -0.500000
GRID*   3206                             5.697668       6.537758
*        -0.500000
GRID*   3207                             5.754633       6.388242
*        -0.500000
GRID*   3208                             5.811599       6.238727
*        -0.500000
GRID*   3209                             5.868564       6.089211
*        -0.500000
GRID*   3210                             5.925529       5.939695
*        -0.500000
GRID*   3211                             5.982494       5.790179
*        -0.500000
GRID*   3212                             6.039460       5.640664
*        -0.500000
GRID*   3213                             6.096425       5.491148
*        -0.500000
GRID*   3214                             6.153390       5.341632
*        -0.500000
GRID*   3215                             6.210355       5.192116
*        -0.500000
GRID*   3216                             6.267321       5.042601
*        -0.500000
GRID*   3217                             6.324286       4.893085
*        -0.500000
GRID*   3218                             6.381251       4.743569
*        -0.500000
GRID*   3219                             6.438216       4.594053
*        -0.500000
GRID*   3220                             6.495182       4.444538
*        -0.500000
GRID*   3221                             6.552147       4.295022
*        -0.500000
GRID*   3222                             6.609112       4.145506
*        -0.500000
GRID*   3223                             6.666077       3.995990
*        -0.500000
GRID*   3224                             6.723043       3.846475
*        -0.500000
GRID*   3225                             4.942394       9.503169
*        -0.500000
GRID*   3226                             7.052874       3.963827
*        -0.500000
GRID*   3227                             4.999360       9.353653
*        -0.500000
GRID*   3228                             5.056325       9.204137
*        -0.500000
GRID*   3229                             5.113290       9.054622
*        -0.500000
GRID*   3230                             5.170255       8.905106
*        -0.500000
GRID*   3231                             5.227221       8.755590
*        -0.500000
GRID*   3232                             5.284186       8.606074
*        -0.500000
GRID*   3233                             5.341151       8.456559
*        -0.500000
GRID*   3234                             5.398116       8.307043
*        -0.500000
GRID*   3235                             5.455081       8.157527
*        -0.500000
GRID*   3236                             5.512047       8.008011
*        -0.500000
GRID*   3237                             5.569012       7.858496
*        -0.500000
GRID*   3238                             5.625977       7.708980
*        -0.500000
GRID*   3239                             5.682942       7.559464
*        -0.500000
GRID*   3240                             5.739908       7.409948
*        -0.500000
GRID*   3241                             5.796873       7.260433
*        -0.500000
GRID*   3242                             5.853838       7.110917
*        -0.500000
GRID*   3243                             5.910803       6.961401
*        -0.500000
GRID*   3244                             5.967769       6.811885
*        -0.500000
GRID*   3245                             6.024734       6.662370
*        -0.500000
GRID*   3246                             6.081699       6.512854
*        -0.500000
GRID*   3247                             6.138664       6.363338
*        -0.500000
GRID*   3248                             6.195630       6.213822
*        -0.500000
GRID*   3249                             6.252595       6.064307
*        -0.500000
GRID*   3250                             6.309560       5.914791
*        -0.500000
GRID*   3251                             6.366525       5.765275
*        -0.500000
GRID*   3252                             6.423491       5.615759
*        -0.500000
GRID*   3253                             6.480456       5.466244
*        -0.500000
GRID*   3254                             6.537421       5.316728
*        -0.500000
GRID*   3255                             6.594386       5.167212
*        -0.500000
GRID*   3256                             6.651352       5.017696
*        -0.500000
GRID*   3257                             6.708317       4.868181
*        -0.500000
GRID*   3258                             6.765282       4.718665
*        -0.500000
GRID*   3259                             6.822247       4.569149
*        -0.500000
GRID*   3260                             6.879213       4.419633
*        -0.500000
GRID*   3261                             6.936178       4.270117
*        -0.500000
GRID*   3262                             6.993143       4.120602
*        -0.500000
GRID*   3263                             7.050108       3.971086
*        -0.500000
GRID*   3264                             5.269460       9.627780
*        -0.500000
GRID*   3265                             7.359979       4.140829
*        -0.500000
GRID*   3266                             5.326425       9.478265
*        -0.500000
GRID*   3267                             5.383390       9.328749
*        -0.500000
GRID*   3268                             5.440356       9.179233
*        -0.500000
GRID*   3269                             5.497321       9.029717
*        -0.500000
GRID*   3270                             5.554286       8.880202
*        -0.500000
GRID*   3271                             5.611251       8.730686
*        -0.500000
GRID*   3272                             5.668217       8.581170
*        -0.500000
GRID*   3273                             5.725182       8.431654
*        -0.500000
GRID*   3274                             5.782147       8.282139
*        -0.500000
GRID*   3275                             5.839112       8.132623
*        -0.500000
GRID*   3276                             5.896078       7.983107
*        -0.500000
GRID*   3277                             5.953043       7.833591
*        -0.500000
GRID*   3278                             6.010008       7.684076
*        -0.500000
GRID*   3279                             6.066973       7.534560
*        -0.500000
GRID*   3280                             6.123939       7.385044
*        -0.500000
GRID*   3281                             6.180904       7.235528
*        -0.500000
GRID*   3282                             6.237869       7.086013
*        -0.500000
GRID*   3283                             6.294834       6.936497
*        -0.500000
GRID*   3284                             6.351800       6.786981
*        -0.500000
GRID*   3285                             6.408765       6.637465
*        -0.500000
GRID*   3286                             6.465730       6.487950
*        -0.500000
GRID*   3287                             6.522695       6.338434
*        -0.500000
GRID*   3288                             6.579661       6.188918
*        -0.500000
GRID*   3289                             6.636626       6.039402
*        -0.500000
GRID*   3290                             6.693591       5.889887
*        -0.500000
GRID*   3291                             6.750556       5.740371
*        -0.500000
GRID*   3292                             6.807522       5.590855
*        -0.500000
GRID*   3293                             6.864487       5.441339
*        -0.500000
GRID*   3294                             6.921452       5.291823
*        -0.500000
GRID*   3295                             6.978417       5.142308
*        -0.500000
GRID*   3296                             7.035383       4.992792
*        -0.500000
GRID*   3297                             7.092348       4.843276
*        -0.500000
GRID*   3298                             7.149313       4.693760
*        -0.500000
GRID*   3299                             7.206278       4.544245
*        -0.500000
GRID*   3300                             7.263244       4.394729
*        -0.500000
GRID*   3301                             7.320209       4.245213
*        -0.500000
GRID*   3302                             5.596526       9.752392
*        -0.500000
GRID*   3303                             7.667084       4.317831
*        -0.500000
GRID*   3304                             5.653491       9.602876
*        -0.500000
GRID*   3305                             5.710456       9.453360
*        -0.500000
GRID*   3306                             5.767421       9.303845
*        -0.500000
GRID*   3307                             5.824387       9.154329
*        -0.500000
GRID*   3308                             5.881352       9.004813
*        -0.500000
GRID*   3309                             5.938317       8.855297
*        -0.500000
GRID*   3310                             5.995282       8.705782
*        -0.500000
GRID*   3311                             6.052248       8.556266
*        -0.500000
GRID*   3312                             6.109213       8.406750
*        -0.500000
GRID*   3313                             6.166178       8.257234
*        -0.500000
GRID*   3314                             6.223143       8.107719
*        -0.500000
GRID*   3315                             6.280109       7.958203
*        -0.500000
GRID*   3316                             6.337074       7.808687
*        -0.500000
GRID*   3317                             6.394039       7.659171
*        -0.500000
GRID*   3318                             6.451004       7.509656
*        -0.500000
GRID*   3319                             6.507970       7.360140
*        -0.500000
GRID*   3320                             6.564935       7.210624
*        -0.500000
GRID*   3321                             6.621900       7.061108
*        -0.500000
GRID*   3322                             6.678865       6.911593
*        -0.500000
GRID*   3323                             6.735831       6.762077
*        -0.500000
GRID*   3324                             6.792796       6.612561
*        -0.500000
GRID*   3325                             6.849761       6.463045
*        -0.500000
GRID*   3326                             6.906726       6.313529
*        -0.500000
GRID*   3327                             6.963692       6.164014
*        -0.500000
GRID*   3328                             7.020657       6.014498
*        -0.500000
GRID*   3329                             7.077622       5.864982
*        -0.500000
GRID*   3330                             7.134587       5.715466
*        -0.500000
GRID*   3331                             7.191553       5.565951
*        -0.500000
GRID*   3332                             7.248518       5.416435
*        -0.500000
GRID*   3333                             7.305483       5.266919
*        -0.500000
GRID*   3334                             7.362448       5.117403
*        -0.500000
GRID*   3335                             7.419414       4.967888
*        -0.500000
GRID*   3336                             7.476379       4.818372
*        -0.500000
GRID*   3337                             7.533344       4.668856
*        -0.500000
GRID*   3338                             7.590309       4.519340
*        -0.500000
GRID*   3339                             7.647275       4.369825
*        -0.500000
GRID*   3340                             5.923591       9.877003
*        -0.500000
GRID*   3341                             7.974189       4.494833
*        -0.500000
GRID*   3342                             5.980557       9.727488
*        -0.500000
GRID*   3343                             6.037522       9.577972
*        -0.500000
GRID*   3344                             6.094487       9.428456
*        -0.500000
GRID*   3345                             6.151452       9.278940
*        -0.500000
GRID*   3346                             6.208418       9.129425
*        -0.500000
GRID*   3347                             6.265383       8.979909
*        -0.500000
GRID*   3348                             6.322348       8.830393
*        -0.500000
GRID*   3349                             6.379313       8.680877
*        -0.500000
GRID*   3350                             6.436279       8.531362
*        -0.500000
GRID*   3351                             6.493244       8.381846
*        -0.500000
GRID*   3352                             6.550209       8.232330
*        -0.500000
GRID*   3353                             6.607174       8.082814
*        -0.500000
GRID*   3354                             6.664140       7.933299
*        -0.500000
GRID*   3355                             6.721105       7.783783
*        -0.500000
GRID*   3356                             6.778070       7.634267
*        -0.500000
GRID*   3357                             6.835035       7.484751
*        -0.500000
GRID*   3358                             6.892001       7.335235
*        -0.500000
GRID*   3359                             6.948966       7.185720
*        -0.500000
GRID*   3360                             7.005931       7.036204
*        -0.500000
GRID*   3361                             7.062896       6.886688
*        -0.500000
GRID*   3362                             7.119862       6.737172
*        -0.500000
GRID*   3363                             7.176827       6.587657
*        -0.500000
GRID*   3364                             7.233792       6.438141
*        -0.500000
GRID*   3365                             7.290757       6.288625
*        -0.500000
GRID*   3366                             7.347723       6.139109
*        -0.500000
GRID*   3367                             7.404688       5.989594
*        -0.500000
GRID*   3368                             7.461653       5.840078
*        -0.500000
GRID*   3369                             7.518618       5.690562
*        -0.500000
GRID*   3370                             7.575584       5.541046
*        -0.500000
GRID*   3371                             7.632549       5.391531
*        -0.500000
GRID*   3372                             7.689514       5.242015
*        -0.500000
GRID*   3373                             7.746479       5.092499
*        -0.500000
GRID*   3374                             7.803445       4.942983
*        -0.500000
GRID*   3375                             7.860410       4.793468
*        -0.500000
GRID*   3376                             7.917375       4.643952
*        -0.500000
GRID*   3377                             6.250657       10.001615
*        -0.500000
GRID*   3378                             8.281294       4.671835
*        -0.500000
GRID*   3379                             6.307622       9.852099
*        -0.500000
GRID*   3380                             6.364588       9.702583
*        -0.500000
GRID*   3381                             6.421553       9.553068
*        -0.500000
GRID*   3382                             6.478518       9.403552
*        -0.500000
GRID*   3383                             6.535483       9.254036
*        -0.500000
GRID*   3384                             6.592449       9.104520
*        -0.500000
GRID*   3385                             6.649414       8.955005
*        -0.500000
GRID*   3386                             6.706379       8.805489
*        -0.500000
GRID*   3387                             6.763344       8.655973
*        -0.500000
GRID*   3388                             6.820310       8.506457
*        -0.500000
GRID*   3389                             6.877275       8.356941
*        -0.500000
GRID*   3390                             6.934240       8.207426
*        -0.500000
GRID*   3391                             6.991205       8.057910
*        -0.500000
GRID*   3392                             7.048171       7.908394
*        -0.500000
GRID*   3393                             7.105136       7.758878
*        -0.500000
GRID*   3394                             7.162101       7.609363
*        -0.500000
GRID*   3395                             7.219066       7.459847
*        -0.500000
GRID*   3396                             7.276032       7.310331
*        -0.500000
GRID*   3397                             7.332997       7.160815
*        -0.500000
GRID*   3398                             7.389962       7.011300
*        -0.500000
GRID*   3399                             7.446927       6.861784
*        -0.500000
GRID*   3400                             7.503893       6.712268
*        -0.500000
GRID*   3401                             7.560858       6.562752
*        -0.500000
GRID*   3402                             7.617823       6.413237
*        -0.500000
GRID*   3403                             7.674788       6.263721
*        -0.500000
GRID*   3404                             7.731754       6.114205
*        -0.500000
GRID*   3405                             7.788719       5.964689
*        -0.500000
GRID*   3406                             7.845684       5.815174
*        -0.500000
GRID*   3407                             7.902649       5.665658
*        -0.500000
GRID*   3408                             7.959615       5.516142
*        -0.500000
GRID*   3409                             8.016580       5.366626
*        -0.500000
GRID*   3410                             8.073545       5.217111
*        -0.500000
GRID*   3411                             8.130510       5.067595
*        -0.500000
GRID*   3412                             8.187476       4.918079
*        -0.500000
GRID*   3413                             8.244441       4.768563
*        -0.500000
GRID*   3414                             6.577723       10.126226
*        -0.500000
GRID*   3415                             8.588399       4.848837
*        -0.500000
GRID*   3416                             6.634688       9.976711
*        -0.500000
GRID*   3417                             6.691653       9.827195
*        -0.500000
GRID*   3418                             6.748619       9.677679
*        -0.500000
GRID*   3419                             6.805584       9.528163
*        -0.500000
GRID*   3420                             6.862549       9.378647
*        -0.500000
GRID*   3421                             6.919514       9.229132
*        -0.500000
GRID*   3422                             6.976480       9.079616
*        -0.500000
GRID*   3423                             7.033445       8.930100
*        -0.500000
GRID*   3424                             7.090410       8.780584
*        -0.500000
GRID*   3425                             7.147375       8.631069
*        -0.500000
GRID*   3426                             7.204341       8.481553
*        -0.500000
GRID*   3427                             7.261306       8.332037
*        -0.500000
GRID*   3428                             7.318271       8.182521
*        -0.500000
GRID*   3429                             7.375236       8.033006
*        -0.500000
GRID*   3430                             7.432202       7.883490
*        -0.500000
GRID*   3431                             7.489167       7.733974
*        -0.500000
GRID*   3432                             7.546132       7.584458
*        -0.500000
GRID*   3433                             7.603097       7.434943
*        -0.500000
GRID*   3434                             7.660063       7.285427
*        -0.500000
GRID*   3435                             7.717028       7.135911
*        -0.500000
GRID*   3436                             7.773993       6.986395
*        -0.500000
GRID*   3437                             7.830958       6.836880
*        -0.500000
GRID*   3438                             7.887924       6.687364
*        -0.500000
GRID*   3439                             7.944889       6.537848
*        -0.500000
GRID*   3440                             8.001854       6.388332
*        -0.500000
GRID*   3441                             8.058819       6.238817
*        -0.500000
GRID*   3442                             8.115784       6.089301
*        -0.500000
GRID*   3443                             8.172750       5.939785
*        -0.500000
GRID*   3444                             8.229715       5.790269
*        -0.500000
GRID*   3445                             8.286680       5.640754
*        -0.500000
GRID*   3446                             8.343645       5.491238
*        -0.500000
GRID*   3447                             8.400611       5.341722
*        -0.500000
GRID*   3448                             8.457576       5.192206
*        -0.500000
GRID*   3449                             8.514541       5.042691
*        -0.500000
GRID*   3450                             8.571506       4.893175
*        -0.500000
GRID*   3451                             6.904789       10.250838
*        -0.500000
GRID*   3452                             8.895504       5.025838
*        -0.500000
GRID*   3453                             6.961754       10.101322
*        -0.500000
GRID*   3454                             7.018719       9.951806
*        -0.500000
GRID*   3455                             7.075684       9.802290
*        -0.500000
GRID*   3456                             7.132650       9.652775
*        -0.500000
GRID*   3457                             7.189615       9.503259
*        -0.500000
GRID*   3458                             7.246580       9.353743
*        -0.500000
GRID*   3459                             7.303545       9.204227
*        -0.500000
GRID*   3460                             7.360511       9.054712
*        -0.500000
GRID*   3461                             7.417476       8.905196
*        -0.500000
GRID*   3462                             7.474441       8.755680
*        -0.500000
GRID*   3463                             7.531406       8.606164
*        -0.500000
GRID*   3464                             7.588372       8.456649
*        -0.500000
GRID*   3465                             7.645337       8.307133
*        -0.500000
GRID*   3466                             7.702302       8.157617
*        -0.500000
GRID*   3467                             7.759267       8.008101
*        -0.500000
GRID*   3468                             7.816232       7.858586
*        -0.500000
GRID*   3469                             7.873198       7.709070
*        -0.500000
GRID*   3470                             7.930163       7.559554
*        -0.500000
GRID*   3471                             7.987128       7.410038
*        -0.500000
GRID*   3472                             8.044093       7.260523
*        -0.500000
GRID*   3473                             8.101059       7.111007
*        -0.500000
GRID*   3474                             8.158024       6.961491
*        -0.500000
GRID*   3475                             8.214989       6.811975
*        -0.500000
GRID*   3476                             8.271954       6.662460
*        -0.500000
GRID*   3477                             8.328920       6.512944
*        -0.500000
GRID*   3478                             8.385885       6.363428
*        -0.500000
GRID*   3479                             8.442850       6.213912
*        -0.500000
GRID*   3480                             8.499815       6.064397
*        -0.500000
GRID*   3481                             8.556781       5.914881
*        -0.500000
GRID*   3482                             8.613746       5.765365
*        -0.500000
GRID*   3483                             8.670711       5.615849
*        -0.500000
GRID*   3484                             8.727676       5.466334
*        -0.500000
GRID*   3485                             8.784642       5.316818
*        -0.500000
GRID*   3486                             8.841607       5.167302
*        -0.500000
GRID*   3487                             7.231854       10.375449
*        -0.500000
GRID*   3488                             9.202609       5.202840
*        -0.500000
GRID*   3489                             7.288819       10.225933
*        -0.500000
GRID*   3490                             7.345785       10.076418
*        -0.500000
GRID*   3491                             7.402750       9.926902
*        -0.500000
GRID*   3492                             7.459715       9.777386
*        -0.500000
GRID*   3493                             7.516680       9.627870
*        -0.500000
GRID*   3494                             7.573646       9.478355
*        -0.500000
GRID*   3495                             7.630611       9.328839
*        -0.500000
GRID*   3496                             7.687576       9.179323
*        -0.500000
GRID*   3497                             7.744541       9.029807
*        -0.500000
GRID*   3498                             7.801507       8.880292
*        -0.500000
GRID*   3499                             7.858472       8.730776
*        -0.500000
GRID*   3500                             7.915437       8.581260
*        -0.500000
GRID*   3501                             7.972402       8.431744
*        -0.500000
GRID*   3502                             8.029368       8.282229
*        -0.500000
GRID*   3503                             8.086333       8.132713
*        -0.500000
GRID*   3504                             8.143298       7.983197
*        -0.500000
GRID*   3505                             8.200263       7.833681
*        -0.500000
GRID*   3506                             8.257229       7.684166
*        -0.500000
GRID*   3507                             8.314194       7.534650
*        -0.500000
GRID*   3508                             8.371159       7.385134
*        -0.500000
GRID*   3509                             8.428124       7.235618
*        -0.500000
GRID*   3510                             8.485090       7.086103
*        -0.500000
GRID*   3511                             8.542055       6.936587
*        -0.500000
GRID*   3512                             8.599020       6.787071
*        -0.500000
GRID*   3513                             8.655985       6.637555
*        -0.500000
GRID*   3514                             8.712951       6.488040
*        -0.500000
GRID*   3515                             8.769916       6.338524
*        -0.500000
GRID*   3516                             8.826881       6.189008
*        -0.500000
GRID*   3517                             8.883846       6.039492
*        -0.500000
GRID*   3518                             8.940812       5.889977
*        -0.500000
GRID*   3519                             8.997777       5.740461
*        -0.500000
GRID*   3520                             9.054742       5.590945
*        -0.500000
GRID*   3521                             9.111707       5.441429
*        -0.500000
GRID*   3522                             9.168673       5.291914
*        -0.500000
GRID*   3523                             7.558920       10.500061
*        -0.500000
GRID*   3524                             9.509714       5.379842
*        -0.500000
GRID*   3525                             7.615885       10.350545
*        -0.500000
GRID*   3526                             7.672850       10.201029
*        -0.500000
GRID*   3527                             7.729816       10.051513
*        -0.500000
GRID*   3528                             7.786781       9.901998
*        -0.500000
GRID*   3529                             7.843746       9.752482
*        -0.500000
GRID*   3530                             7.900711       9.602966
*        -0.500000
GRID*   3531                             7.957677       9.453450
*        -0.500000
GRID*   3532                             8.014642       9.303935
*        -0.500000
GRID*   3533                             8.071607       9.154419
*        -0.500000
GRID*   3534                             8.128572       9.004903
*        -0.500000
GRID*   3535                             8.185538       8.855387
*        -0.500000
GRID*   3536                             8.242503       8.705872
*        -0.500000
GRID*   3537                             8.299468       8.556356
*        -0.500000
GRID*   3538                             8.356433       8.406840
*        -0.500000
GRID*   3539                             8.413399       8.257324
*        -0.500000
GRID*   3540                             8.470364       8.107809
*        -0.500000
GRID*   3541                             8.527329       7.958293
*        -0.500000
GRID*   3542                             8.584294       7.808777
*        -0.500000
GRID*   3543                             8.641260       7.659261
*        -0.500000
GRID*   3544                             8.698225       7.509746
*        -0.500000
GRID*   3545                             8.755190       7.360230
*        -0.500000
GRID*   3546                             8.812155       7.210714
*        -0.500000
GRID*   3547                             8.869121       7.061198
*        -0.500000
GRID*   3548                             8.926086       6.911683
*        -0.500000
GRID*   3549                             8.983051       6.762167
*        -0.500000
GRID*   3550                             9.040016       6.612651
*        -0.500000
GRID*   3551                             9.096982       6.463135
*        -0.500000
GRID*   3552                             9.153947       6.313620
*        -0.500000
GRID*   3553                             9.210912       6.164104
*        -0.500000
GRID*   3554                             9.267877       6.014588
*        -0.500000
GRID*   3555                             9.324843       5.865072
*        -0.500000
GRID*   3556                             9.381808       5.715557
*        -0.500000
GRID*   3557                             9.438773       5.566041
*        -0.500000
GRID*   3558                             9.495738       5.416525
*        -0.500000
GRID*   3559                             7.885986       10.624672
*        -0.500000
GRID*   3560                             9.816819       5.556844
*        -0.500000
GRID*   3561                             7.942951       10.475156
*        -0.500000
GRID*   3562                             7.999916       10.325641
*        -0.500000
GRID*   3563                             8.056881       10.176125
*        -0.500000
GRID*   3564                             8.113847       10.026609
*        -0.500000
GRID*   3565                             8.170812       9.877093
*        -0.500000
GRID*   3566                             8.227777       9.727578
*        -0.500000
GRID*   3567                             8.284742       9.578062
*        -0.500000
GRID*   3568                             8.341708       9.428546
*        -0.500000
GRID*   3569                             8.398673       9.279030
*        -0.500000
GRID*   3570                             8.455638       9.129515
*        -0.500000
GRID*   3571                             8.512603       8.979999
*        -0.500000
GRID*   3572                             8.569569       8.830483
*        -0.500000
GRID*   3573                             8.626534       8.680967
*        -0.500000
GRID*   3574                             8.683499       8.531452
*        -0.500000
GRID*   3575                             8.740464       8.381936
*        -0.500000
GRID*   3576                             8.797430       8.232420
*        -0.500000
GRID*   3577                             8.854395       8.082904
*        -0.500000
GRID*   3578                             8.911360       7.933389
*        -0.500000
GRID*   3579                             8.968325       7.783873
*        -0.500000
GRID*   3580                             9.025291       7.634357
*        -0.500000
GRID*   3581                             9.082256       7.484841
*        -0.500000
GRID*   3582                             9.139221       7.335326
*        -0.500000
GRID*   3583                             9.196186       7.185810
*        -0.500000
GRID*   3584                             9.253152       7.036294
*        -0.500000
GRID*   3585                             9.310117       6.886778
*        -0.500000
GRID*   3586                             9.367082       6.737263
*        -0.500000
GRID*   3587                             9.424047       6.587747
*        -0.500000
GRID*   3588                             9.481013       6.438231
*        -0.500000
GRID*   3589                             9.537978       6.288715
*        -0.500000
GRID*   3590                             9.594943       6.139200
*        -0.500000
GRID*   3591                             9.651908       5.989684
*        -0.500000
GRID*   3592                             9.708874       5.840168
*        -0.500000
GRID*   3593                             9.765839       5.690652
*        -0.500000
GRID*   3594                             8.213051       10.749284
*        -0.500000
GRID*   3595                             10.123924       5.733846
*        -0.500000
GRID*   3596                             8.270017       10.599768
*        -0.500000
GRID*   3597                             8.326982       10.450252
*        -0.500000
GRID*   3598                             8.383947       10.300736
*        -0.500000
GRID*   3599                             8.440912       10.151221
*        -0.500000
GRID*   3600                             8.497878       10.001705
*        -0.500000
GRID*   3601                             8.554843       9.852189
*        -0.500000
GRID*   3602                             8.611808       9.702673
*        -0.500000
GRID*   3603                             8.668773       9.553158
*        -0.500000
GRID*   3604                             8.725739       9.403642
*        -0.500000
GRID*   3605                             8.782704       9.254126
*        -0.500000
GRID*   3606                             8.839669       9.104610
*        -0.500000
GRID*   3607                             8.896634       8.955095
*        -0.500000
GRID*   3608                             8.953600       8.805579
*        -0.500000
GRID*   3609                             9.010565       8.656063
*        -0.500000
GRID*   3610                             9.067530       8.506547
*        -0.500000
GRID*   3611                             9.124495       8.357032
*        -0.500000
GRID*   3612                             9.181461       8.207516
*        -0.500000
GRID*   3613                             9.238426       8.058000
*        -0.500000
GRID*   3614                             9.295391       7.908484
*        -0.500000
GRID*   3615                             9.352356       7.758969
*        -0.500000
GRID*   3616                             9.409322       7.609453
*        -0.500000
GRID*   3617                             9.466287       7.459937
*        -0.500000
GRID*   3618                             9.523252       7.310421
*        -0.500000
GRID*   3619                             9.580217       7.160906
*        -0.500000
GRID*   3620                             9.637183       7.011390
*        -0.500000
GRID*   3621                             9.694148       6.861874
*        -0.500000
GRID*   3622                             9.751113       6.712358
*        -0.500000
GRID*   3623                             9.808078       6.562843
*        -0.500000
GRID*   3624                             9.865044       6.413327
*        -0.500000
GRID*   3625                             9.922009       6.263811
*        -0.500000
GRID*   3626                             9.978974       6.114295
*        -0.500000
GRID*   3627                             10.035939       5.964780
*        -0.500000
GRID*   3628                             10.092905       5.815264
*        -0.500000
GRID*   3629                             8.540117       10.873895
*        -0.500000
GRID*   3630                             10.431030       5.910848
*        -0.500000
GRID*   3631                             8.597082       10.724379
*        -0.500000
GRID*   3632                             8.654048       10.574864
*        -0.500000
GRID*   3633                             8.711013       10.425348
*        -0.500000
GRID*   3634                             8.767978       10.275832
*        -0.500000
GRID*   3635                             8.824943       10.126316
*        -0.500000
GRID*   3636                             8.881909       9.976801
*        -0.500000
GRID*   3637                             8.938874       9.827285
*        -0.500000
GRID*   3638                             8.995839       9.677769
*        -0.500000
GRID*   3639                             9.052804       9.528253
*        -0.500000
GRID*   3640                             9.109770       9.378738
*        -0.500000
GRID*   3641                             9.166735       9.229222
*        -0.500000
GRID*   3642                             9.223700       9.079706
*        -0.500000
GRID*   3643                             9.280665       8.930190
*        -0.500000
GRID*   3644                             9.337631       8.780675
*        -0.500000
GRID*   3645                             9.394596       8.631159
*        -0.500000
GRID*   3646                             9.451561       8.481643
*        -0.500000
GRID*   3647                             9.508526       8.332127
*        -0.500000
GRID*   3648                             9.565492       8.182612
*        -0.500000
GRID*   3649                             9.622457       8.033096
*        -0.500000
GRID*   3650                             9.679422       7.883580
*        -0.500000
GRID*   3651                             9.736387       7.734064
*        -0.500000
GRID*   3652                             9.793353       7.584549
*        -0.500000
GRID*   3653                             9.850318       7.435033
*        -0.500000
GRID*   3654                             9.907283       7.285517
*        -0.500000
GRID*   3655                             9.964248       7.136001
*        -0.500000
GRID*   3656                             10.021214       6.986486
*        -0.500000
GRID*   3657                             10.078179       6.836970
*        -0.500000
GRID*   3658                             10.135144       6.687454
*        -0.500000
GRID*   3659                             10.192109       6.537938
*        -0.500000
GRID*   3660                             10.249075       6.388423
*        -0.500000
GRID*   3661                             10.306040       6.238907
*        -0.500000
GRID*   3662                             10.363005       6.089391
*        -0.500000
GRID*   3663                             10.419970       5.939875
*        -0.500000
GRID*   3664                             8.867183       10.998507
*        -0.500000
GRID*   3665                             10.738135       6.087850
*        -0.500000
GRID*   3666                             8.924148       10.848991
*        -0.500000
GRID*   3667                             8.981113       10.699475
*        -0.500000
GRID*   3668                             9.038079       10.549959
*        -0.500000
GRID*   3669                             9.095044       10.400444
*        -0.500000
GRID*   3670                             9.152009       10.250928
*        -0.500000
GRID*   3671                             9.208974       10.101412
*        -0.500000
GRID*   3672                             9.265940       9.951896
*        -0.500000
GRID*   3673                             9.322905       9.802381
*        -0.500000
GRID*   3674                             9.379870       9.652865
*        -0.500000
GRID*   3675                             9.436835       9.503349
*        -0.500000
GRID*   3676                             9.493801       9.353833
*        -0.500000
GRID*   3677                             9.550766       9.204318
*        -0.500000
GRID*   3678                             9.607731       9.054802
*        -0.500000
GRID*   3679                             9.664696       8.905286
*        -0.500000
GRID*   3680                             9.721662       8.755770
*        -0.500000
GRID*   3681                             9.778627       8.606255
*        -0.500000
GRID*   3682                             9.835592       8.456739
*        -0.500000
GRID*   3683                             9.892557       8.307223
*        -0.500000
GRID*   3684                             9.949522       8.157707
*        -0.500000
GRID*   3685                             10.006488       8.008192
*        -0.500000
GRID*   3686                             10.063453       7.858676
*        -0.500000
GRID*   3687                             10.120418       7.709160
*        -0.500000
GRID*   3688                             10.177383       7.559644
*        -0.500000
GRID*   3689                             10.234349       7.410129
*        -0.500000
GRID*   3690                             10.291314       7.260613
*        -0.500000
GRID*   3691                             10.348279       7.111097
*        -0.500000
GRID*   3692                             10.405244       6.961581
*        -0.500000
GRID*   3693                             10.462210       6.812065
*        -0.500000
GRID*   3694                             10.519175       6.662550
*        -0.500000
GRID*   3695                             10.576140       6.513034
*        -0.500000
GRID*   3696                             10.633105       6.363518
*        -0.500000
GRID*   3697                             10.690071       6.214002
*        -0.500000
GRID*   3698                             9.194249       11.123118
*        -0.500000
GRID*   3699                             11.045240       6.264852
*        -0.500000
GRID*   3700                             9.251214       10.973602
*        -0.500000
GRID*   3701                             9.308179       10.824087
*        -0.500000
GRID*   3702                             9.365144       10.674571
*        -0.500000
GRID*   3703                             9.422110       10.525055
*        -0.500000
GRID*   3704                             9.479075       10.375539
*        -0.500000
GRID*   3705                             9.536040       10.226024
*        -0.500000
GRID*   3706                             9.593005       10.076508
*        -0.500000
GRID*   3707                             9.649970       9.926992
*        -0.500000
GRID*   3708                             9.706936       9.777476
*        -0.500000
GRID*   3709                             9.763901       9.627961
*        -0.500000
GRID*   3710                             9.820866       9.478445
*        -0.500000
GRID*   3711                             9.877831       9.328929
*        -0.500000
GRID*   3712                             9.934797       9.179413
*        -0.500000
GRID*   3713                             9.991762       9.029898
*        -0.500000
GRID*   3714                             10.048727       8.880382
*        -0.500000
GRID*   3715                             10.105692       8.730866
*        -0.500000
GRID*   3716                             10.162658       8.581350
*        -0.500000
GRID*   3717                             10.219623       8.431835
*        -0.500000
GRID*   3718                             10.276588       8.282319
*        -0.500000
GRID*   3719                             10.333553       8.132803
*        -0.500000
GRID*   3720                             10.390519       7.983287
*        -0.500000
GRID*   3721                             10.447484       7.833771
*        -0.500000
GRID*   3722                             10.504449       7.684256
*        -0.500000
GRID*   3723                             10.561414       7.534740
*        -0.500000
GRID*   3724                             10.618380       7.385224
*        -0.500000
GRID*   3725                             10.675345       7.235708
*        -0.500000
GRID*   3726                             10.732310       7.086193
*        -0.500000
GRID*   3727                             10.789275       6.936677
*        -0.500000
GRID*   3728                             10.846241       6.787161
*        -0.500000
GRID*   3729                             10.903206       6.637645
*        -0.500000
GRID*   3730                             10.960171       6.488130
*        -0.500000
GRID*   3731                             11.017136       6.338614
*        -0.500000
GRID*   3732                             9.521314       11.247730
*        -0.500000
GRID*   3733                             11.352345       6.441854
*        -0.500000
GRID*   3734                             9.578279       11.098214
*        -0.500000
GRID*   3735                             9.635245       10.948698
*        -0.500000
GRID*   3736                             9.692210       10.799182
*        -0.500000
GRID*   3737                             9.749175       10.649667
*        -0.500000
GRID*   3738                             9.806140       10.500151
*        -0.500000
GRID*   3739                             9.863106       10.350635
*        -0.500000
GRID*   3740                             9.920071       10.201119
*        -0.500000
GRID*   3741                             9.977036       10.051604
*        -0.500000
GRID*   3742                             10.034001       9.902088
*        -0.500000
GRID*   3743                             10.090967       9.752572
*        -0.500000
GRID*   3744                             10.147932       9.603056
*        -0.500000
GRID*   3745                             10.204897       9.453541
*        -0.500000
GRID*   3746                             10.261862       9.304025
*        -0.500000
GRID*   3747                             10.318828       9.154509
*        -0.500000
GRID*   3748                             10.375793       9.004993
*        -0.500000
GRID*   3749                             10.432758       8.855478
*        -0.500000
GRID*   3750                             10.489723       8.705962
*        -0.500000
GRID*   3751                             10.546689       8.556446
*        -0.500000
GRID*   3752                             10.603654       8.406930
*        -0.500000
GRID*   3753                             10.660619       8.257414
*        -0.500000
GRID*   3754                             10.717584       8.107899
*        -0.500000
GRID*   3755                             10.774550       7.958383
*        -0.500000
GRID*   3756                             10.831515       7.808867
*        -0.500000
GRID*   3757                             10.888480       7.659351
*        -0.500000
GRID*   3758                             10.945445       7.509836
*        -0.500000
GRID*   3759                             11.002411       7.360320
*        -0.500000
GRID*   3760                             11.059376       7.210804
*        -0.500000
GRID*   3761                             11.116341       7.061288
*        -0.500000
GRID*   3762                             11.173306       6.911773
*        -0.500000
GRID*   3763                             11.230272       6.762257
*        -0.500000
GRID*   3764                             11.287237       6.612741
*        -0.500000
GRID*   3765                             11.344202       6.463225
*        -0.500000
GRID*   3766                             9.848380       11.372341
*        -0.500000
GRID*   3767                             11.659450       6.618856
*        -0.500000
GRID*   3768                             9.905345       11.222825
*        -0.500000
GRID*   3769                             9.962310       11.073310
*        -0.500000
GRID*   3770                             10.019276       10.923794
*        -0.500000
GRID*   3771                             10.076241       10.774278
*        -0.500000
GRID*   3772                             10.133206       10.624762
*        -0.500000
GRID*   3773                             10.190171       10.475247
*        -0.500000
GRID*   3774                             10.247137       10.325731
*        -0.500000
GRID*   3775                             10.304102       10.176215
*        -0.500000
GRID*   3776                             10.361067       10.026699
*        -0.500000
GRID*   3777                             10.418032       9.877184
*        -0.500000
GRID*   3778                             10.474998       9.727668
*        -0.500000
GRID*   3779                             10.531963       9.578152
*        -0.500000
GRID*   3780                             10.588928       9.428636
*        -0.500000
GRID*   3781                             10.645893       9.279120
*        -0.500000
GRID*   3782                             10.702859       9.129605
*        -0.500000
GRID*   3783                             10.759824       8.980089
*        -0.500000
GRID*   3784                             10.816789       8.830573
*        -0.500000
GRID*   3785                             10.873754       8.681057
*        -0.500000
GRID*   3786                             10.930720       8.531542
*        -0.500000
GRID*   3787                             10.987685       8.382026
*        -0.500000
GRID*   3788                             11.044650       8.232510
*        -0.500000
GRID*   3789                             11.101615       8.082994
*        -0.500000
GRID*   3790                             11.158581       7.933479
*        -0.500000
GRID*   3791                             11.215546       7.783963
*        -0.500000
GRID*   3792                             11.272511       7.634447
*        -0.500000
GRID*   3793                             11.329476       7.484931
*        -0.500000
GRID*   3794                             11.386442       7.335416
*        -0.500000
GRID*   3795                             11.443407       7.185900
*        -0.500000
GRID*   3796                             11.500372       7.036384
*        -0.500000
GRID*   3797                             11.557337       6.886868
*        -0.500000
GRID*   3798                             11.614303       6.737353
*        -0.500000
GRID*   3799                             10.175446       11.496953
*        -0.500000
GRID*   3800                             11.966555       6.795858
*        -0.500000
GRID*   3801                             10.232411       11.347437
*        -0.500000
GRID*   3802                             10.289376       11.197921
*        -0.500000
GRID*   3803                             10.346341       11.048405
*        -0.500000
GRID*   3804                             10.403307       10.898890
*        -0.500000
GRID*   3805                             10.460272       10.749374
*        -0.500000
GRID*   3806                             10.517237       10.599858
*        -0.500000
GRID*   3807                             10.574202       10.450342
*        -0.500000
GRID*   3808                             10.631168       10.300826
*        -0.500000
GRID*   3809                             10.688133       10.151311
*        -0.500000
GRID*   3810                             10.745098       10.001795
*        -0.500000
GRID*   3811                             10.802063       9.852279
*        -0.500000
GRID*   3812                             10.859029       9.702763
*        -0.500000
GRID*   3813                             10.915994       9.553248
*        -0.500000
GRID*   3814                             10.972959       9.403732
*        -0.500000
GRID*   3815                             11.029924       9.254216
*        -0.500000
GRID*   3816                             11.086890       9.104700
*        -0.500000
GRID*   3817                             11.143855       8.955185
*        -0.500000
GRID*   3818                             11.200820       8.805669
*        -0.500000
GRID*   3819                             11.257785       8.656153
*        -0.500000
GRID*   3820                             11.314751       8.506637
*        -0.500000
GRID*   3821                             11.371716       8.357122
*        -0.500000
GRID*   3822                             11.428681       8.207606
*        -0.500000
GRID*   3823                             11.485646       8.058090
*        -0.500000
GRID*   3824                             11.542612       7.908574
*        -0.500000
GRID*   3825                             11.599577       7.759059
*        -0.500000
GRID*   3826                             11.656542       7.609543
*        -0.500000
GRID*   3827                             11.713507       7.460027
*        -0.500000
GRID*   3828                             11.770473       7.310511
*        -0.500000
GRID*   3829                             11.827438       7.160996
*        -0.500000
GRID*   3830                             11.884403       7.011480
*        -0.500000
GRID*   3831                             11.941368       6.861964
*        -0.500000
GRID*   3832                             10.502511       11.621564
*        -0.500000
GRID*   3833                             12.273660       6.972860
*        -0.500000
GRID*   3834                             10.559477       11.472048
*        -0.500000
GRID*   3835                             10.616442       11.322532
*        -0.500000
GRID*   3836                             10.673407       11.173017
*        -0.500000
GRID*   3837                             10.730372       11.023501
*        -0.500000
GRID*   3838                             10.787338       10.873985
*        -0.500000
GRID*   3839                             10.844303       10.724469
*        -0.500000
GRID*   3840                             10.901268       10.574954
*        -0.500000
GRID*   3841                             10.958233       10.425438
*        -0.500000
GRID*   3842                             11.015199       10.275922
*        -0.500000
GRID*   3843                             11.072164       10.126406
*        -0.500000
GRID*   3844                             11.129129       9.976891
*        -0.500000
GRID*   3845                             11.186094       9.827375
*        -0.500000
GRID*   3846                             11.243060       9.677859
*        -0.500000
GRID*   3847                             11.300025       9.528343
*        -0.500000
GRID*   3848                             11.356990       9.378828
*        -0.500000
GRID*   3849                             11.413955       9.229312
*        -0.500000
GRID*   3850                             11.470921       9.079796
*        -0.500000
GRID*   3851                             11.527886       8.930280
*        -0.500000
GRID*   3852                             11.584851       8.780765
*        -0.500000
GRID*   3853                             11.641816       8.631249
*        -0.500000
GRID*   3854                             11.698782       8.481733
*        -0.500000
GRID*   3855                             11.755747       8.332217
*        -0.500000
GRID*   3856                             11.812712       8.182702
*        -0.500000
GRID*   3857                             11.869677       8.033186
*        -0.500000
GRID*   3858                             11.926643       7.883670
*        -0.500000
GRID*   3859                             11.983608       7.734154
*        -0.500000
GRID*   3860                             12.040573       7.584639
*        -0.500000
GRID*   3861                             12.097538       7.435123
*        -0.500000
GRID*   3862                             12.154504       7.285607
*        -0.500000
GRID*   3863                             12.211469       7.136091
*        -0.500000
GRID*   3864                             12.268434       6.986576
*        -0.500000
GRID*   3865                             10.829577       11.746175
*        -0.500000
GRID*   3866                             12.580765       7.149862
*        -0.500000
GRID*   3867                             10.886542       11.596660
*        -0.500000
GRID*   3868                             10.943508       11.447144
*        -0.500000
GRID*   3869                             11.000473       11.297628
*        -0.500000
GRID*   3870                             11.057438       11.148112
*        -0.500000
GRID*   3871                             11.114403       10.998597
*        -0.500000
GRID*   3872                             11.171369       10.849081
*        -0.500000
GRID*   3873                             11.228334       10.699565
*        -0.500000
GRID*   3874                             11.285299       10.550049
*        -0.500000
GRID*   3875                             11.342264       10.400534
*        -0.500000
GRID*   3876                             11.399230       10.251018
*        -0.500000
GRID*   3877                             11.456195       10.101502
*        -0.500000
GRID*   3878                             11.513160       9.951986
*        -0.500000
GRID*   3879                             11.570125       9.802471
*        -0.500000
GRID*   3880                             11.627091       9.652955
*        -0.500000
GRID*   3881                             11.684056       9.503439
*        -0.500000
GRID*   3882                             11.741021       9.353923
*        -0.500000
GRID*   3883                             11.797986       9.204408
*        -0.500000
GRID*   3884                             11.854952       9.054892
*        -0.500000
GRID*   3885                             11.911917       8.905376
*        -0.500000
GRID*   3886                             11.968882       8.755860
*        -0.500000
GRID*   3887                             12.025847       8.606345
*        -0.500000
GRID*   3888                             12.082813       8.456829
*        -0.500000
GRID*   3889                             12.139778       8.307313
*        -0.500000
GRID*   3890                             12.196743       8.157797
*        -0.500000
GRID*   3891                             12.253708       8.008282
*        -0.500000
GRID*   3892                             12.310673       7.858766
*        -0.500000
GRID*   3893                             12.367639       7.709250
*        -0.500000
GRID*   3894                             12.424604       7.559734
*        -0.500000
GRID*   3895                             12.481569       7.410219
*        -0.500000
GRID*   3896                             12.538534       7.260703
*        -0.500000
GRID*   3897                             11.156643       11.870787
*        -0.500000
GRID*   3898                             12.887870       7.326864
*        -0.500000
GRID*   3899                             11.213608       11.721271
*        -0.500000
GRID*   3900                             11.270573       11.571755
*        -0.500000
GRID*   3901                             11.327539       11.422240
*        -0.500000
GRID*   3902                             11.384504       11.272724
*        -0.500000
GRID*   3903                             11.441469       11.123208
*        -0.500000
GRID*   3904                             11.498434       10.973692
*        -0.500000
GRID*   3905                             11.555400       10.824177
*        -0.500000
GRID*   3906                             11.612365       10.674661
*        -0.500000
GRID*   3907                             11.669330       10.525145
*        -0.500000
GRID*   3908                             11.726295       10.375629
*        -0.500000
GRID*   3909                             11.783261       10.226114
*        -0.500000
GRID*   3910                             11.840226       10.076598
*        -0.500000
GRID*   3911                             11.897191       9.927082
*        -0.500000
GRID*   3912                             11.954156       9.777566
*        -0.500000
GRID*   3913                             12.011121       9.628051
*        -0.500000
GRID*   3914                             12.068087       9.478535
*        -0.500000
GRID*   3915                             12.125052       9.329019
*        -0.500000
GRID*   3916                             12.182017       9.179503
*        -0.500000
GRID*   3917                             12.238982       9.029988
*        -0.500000
GRID*   3918                             12.295948       8.880472
*        -0.500000
GRID*   3919                             12.352913       8.730956
*        -0.500000
GRID*   3920                             12.409878       8.581440
*        -0.500000
GRID*   3921                             12.466843       8.431925
*        -0.500000
GRID*   3922                             12.523809       8.282409
*        -0.500000
GRID*   3923                             12.580774       8.132893
*        -0.500000
GRID*   3924                             12.637739       7.983377
*        -0.500000
GRID*   3925                             12.694704       7.833862
*        -0.500000
GRID*   3926                             12.751670       7.684346
*        -0.500000
GRID*   3927                             12.808635       7.534830
*        -0.500000
GRID*   3928                             12.865600       7.385314
*        -0.500000
GRID*   3929                             11.483708       11.995398
*        -0.500000
GRID*   3930                             13.194975       7.503866
*        -0.500000
GRID*   3931                             11.540674       11.845883
*        -0.500000
GRID*   3932                             11.597639       11.696367
*        -0.500000
GRID*   3933                             11.654604       11.546851
*        -0.500000
GRID*   3934                             11.711569       11.397335
*        -0.500000
GRID*   3935                             11.768535       11.247820
*        -0.500000
GRID*   3936                             11.825500       11.098304
*        -0.500000
GRID*   3937                             11.882465       10.948788
*        -0.500000
GRID*   3938                             11.939430       10.799272
*        -0.500000
GRID*   3939                             11.996396       10.649757
*        -0.500000
GRID*   3940                             12.053361       10.500241
*        -0.500000
GRID*   3941                             12.110326       10.350725
*        -0.500000
GRID*   3942                             12.167291       10.201209
*        -0.500000
GRID*   3943                             12.224257       10.051694
*        -0.500000
GRID*   3944                             12.281222       9.902178
*        -0.500000
GRID*   3945                             12.338187       9.752662
*        -0.500000
GRID*   3946                             12.395152       9.603146
*        -0.500000
GRID*   3947                             12.452118       9.453631
*        -0.500000
GRID*   3948                             12.509083       9.304115
*        -0.500000
GRID*   3949                             12.566048       9.154599
*        -0.500000
GRID*   3950                             12.623013       9.005083
*        -0.500000
GRID*   3951                             12.679979       8.855568
*        -0.500000
GRID*   3952                             12.736944       8.706052
*        -0.500000
GRID*   3953                             12.793909       8.556536
*        -0.500000
GRID*   3954                             12.850874       8.407020
*        -0.500000
GRID*   3955                             12.907840       8.257505
*        -0.500000
GRID*   3956                             12.964805       8.107989
*        -0.500000
GRID*   3957                             13.021770       7.958473
*        -0.500000
GRID*   3958                             13.078735       7.808957
*        -0.500000
GRID*   3959                             13.135701       7.659442
*        -0.500000
GRID*   3960                             13.192666       7.509926
*        -0.500000
GRID*   3961                             11.810774       12.120010
*        -0.500000
GRID*   3962                             13.502080       7.680868
*        -0.500000
GRID*   3963                             11.867739       11.970494
*        -0.500000
GRID*   3964                             11.924705       11.820978
*        -0.500000
GRID*   3965                             11.981670       11.671463
*        -0.500000
GRID*   3966                             12.038635       11.521947
*        -0.500000
GRID*   3967                             12.095600       11.372431
*        -0.500000
GRID*   3968                             12.152566       11.222915
*        -0.500000
GRID*   3969                             12.209531       11.073400
*        -0.500000
GRID*   3970                             12.266496       10.923884
*        -0.500000
GRID*   3971                             12.323461       10.774368
*        -0.500000
GRID*   3972                             12.380427       10.624852
*        -0.500000
GRID*   3973                             12.437392       10.475337
*        -0.500000
GRID*   3974                             12.494357       10.325821
*        -0.500000
GRID*   3975                             12.551322       10.176305
*        -0.500000
GRID*   3976                             12.608288       10.026789
*        -0.500000
GRID*   3977                             12.665253       9.877274
*        -0.500000
GRID*   3978                             12.722218       9.727758
*        -0.500000
GRID*   3979                             12.779183       9.578242
*        -0.500000
GRID*   3980                             12.836149       9.428726
*        -0.500000
GRID*   3981                             12.893114       9.279211
*        -0.500000
GRID*   3982                             12.950079       9.129695
*        -0.500000
GRID*   3983                             13.007044       8.980179
*        -0.500000
GRID*   3984                             13.064010       8.830663
*        -0.500000
GRID*   3985                             13.120975       8.681148
*        -0.500000
GRID*   3986                             13.177940       8.531632
*        -0.500000
GRID*   3987                             13.234905       8.382116
*        -0.500000
GRID*   3988                             13.291871       8.232600
*        -0.500000
GRID*   3989                             13.348836       8.083085
*        -0.500000
GRID*   3990                             13.405801       7.933569
*        -0.500000
GRID*   3991                             13.462766       7.784053
*        -0.500000
GRID*   3992                             12.137840       12.244621
*        -0.500000
GRID*   3993                             13.809185       7.857869
*        -0.500000
GRID*   3994                             12.194805       12.095106
*        -0.500000
GRID*   3995                             12.251770       11.945590
*        -0.500000
GRID*   3996                             12.308736       11.796074
*        -0.500000
GRID*   3997                             12.365701       11.646558
*        -0.500000
GRID*   3998                             12.422666       11.497043
*        -0.500000
GRID*   3999                             12.479631       11.347527
*        -0.500000
GRID*   4000                             12.536597       11.198011
*        -0.500000
GRID*   4001                             12.593562       11.048495
*        -0.500000
GRID*   4002                             12.650527       10.898980
*        -0.500000
GRID*   4003                             12.707492       10.749464
*        -0.500000
GRID*   4004                             12.764458       10.599948
*        -0.500000
GRID*   4005                             12.821423       10.450432
*        -0.500000
GRID*   4006                             12.878388       10.300917
*        -0.500000
GRID*   4007                             12.935353       10.151401
*        -0.500000
GRID*   4008                             12.992319       10.001885
*        -0.500000
GRID*   4009                             13.049284       9.852369
*        -0.500000
GRID*   4010                             13.106249       9.702854
*        -0.500000
GRID*   4011                             13.163214       9.553338
*        -0.500000
GRID*   4012                             13.220180       9.403822
*        -0.500000
GRID*   4013                             13.277145       9.254306
*        -0.500000
GRID*   4014                             13.334110       9.104791
*        -0.500000
GRID*   4015                             13.391075       8.955275
*        -0.500000
GRID*   4016                             13.448041       8.805759
*        -0.500000
GRID*   4017                             13.505006       8.656243
*        -0.500000
GRID*   4018                             13.561971       8.506728
*        -0.500000
GRID*   4019                             13.618936       8.357212
*        -0.500000
GRID*   4020                             13.675902       8.207696
*        -0.500000
GRID*   4021                             13.732867       8.058180
*        -0.500000
GRID*   4022                             13.789832       7.908665
*        -0.500000
GRID*   4023                             12.464906       12.369233
*        -0.500000
GRID*   4024                             14.116290       8.034871
*        -0.500000
GRID*   4025                             12.521871       12.219717
*        -0.500000
GRID*   4026                             12.578836       12.070201
*        -0.500000
GRID*   4027                             12.635801       11.920686
*        -0.500000
GRID*   4028                             12.692767       11.771170
*        -0.500000
GRID*   4029                             12.749732       11.621654
*        -0.500000
GRID*   4030                             12.806697       11.472138
*        -0.500000
GRID*   4031                             12.863662       11.322623
*        -0.500000
GRID*   4032                             12.920628       11.173107
*        -0.500000
GRID*   4033                             12.977593       11.023591
*        -0.500000
GRID*   4034                             13.034558       10.874075
*        -0.500000
GRID*   4035                             13.091523       10.724560
*        -0.500000
GRID*   4036                             13.148489       10.575044
*        -0.500000
GRID*   4037                             13.205454       10.425528
*        -0.500000
GRID*   4038                             13.262419       10.276012
*        -0.500000
GRID*   4039                             13.319384       10.126497
*        -0.500000
GRID*   4040                             13.376350       9.976981
*        -0.500000
GRID*   4041                             13.433315       9.827465
*        -0.500000
GRID*   4042                             13.490280       9.677949
*        -0.500000
GRID*   4043                             13.547245       9.528434
*        -0.500000
GRID*   4044                             13.604211       9.378918
*        -0.500000
GRID*   4045                             13.661176       9.229402
*        -0.500000
GRID*   4046                             13.718141       9.079886
*        -0.500000
GRID*   4047                             13.775106       8.930371
*        -0.500000
GRID*   4048                             13.832072       8.780855
*        -0.500000
GRID*   4049                             13.889037       8.631339
*        -0.500000
GRID*   4050                             13.946002       8.481823
*        -0.500000
GRID*   4051                             14.002967       8.332308
*        -0.500000
GRID*   4052                             14.059933       8.182792
*        -0.500000
GRID*   4053                             12.791971       12.493844
*        -0.500000
GRID*   4054                             14.423395       8.211873
*        -0.500000
GRID*   4055                             12.848937       12.344329
*        -0.500000
GRID*   4056                             12.905902       12.194813
*        -0.500000
GRID*   4057                             12.962867       12.045297
*        -0.500000
GRID*   4058                             13.019832       11.895781
*        -0.500000
GRID*   4059                             13.076798       11.746266
*        -0.500000
GRID*   4060                             13.133763       11.596750
*        -0.500000
GRID*   4061                             13.190728       11.447234
*        -0.500000
GRID*   4062                             13.247693       11.297718
*        -0.500000
GRID*   4063                             13.304659       11.148203
*        -0.500000
GRID*   4064                             13.361624       10.998687
*        -0.500000
GRID*   4065                             13.418589       10.849171
*        -0.500000
GRID*   4066                             13.475554       10.699655
*        -0.500000
GRID*   4067                             13.532520       10.550140
*        -0.500000
GRID*   4068                             13.589485       10.400624
*        -0.500000
GRID*   4069                             13.646450       10.251108
*        -0.500000
GRID*   4070                             13.703415       10.101592
*        -0.500000
GRID*   4071                             13.760381       9.952077
*        -0.500000
GRID*   4072                             13.817346       9.802561
*        -0.500000
GRID*   4073                             13.874311       9.653045
*        -0.500000
GRID*   4074                             13.931276       9.503529
*        -0.500000
GRID*   4075                             13.988242       9.354014
*        -0.500000
GRID*   4076                             14.045207       9.204498
*        -0.500000
GRID*   4077                             14.102172       9.054982
*        -0.500000
GRID*   4078                             14.159137       8.905466
*        -0.500000
GRID*   4079                             14.216103       8.755950
*        -0.500000
GRID*   4080                             14.273068       8.606435
*        -0.500000
GRID*   4081                             14.330033       8.456919
*        -0.500000
GRID*   4082                             14.386998       8.307403
*        -0.500000
GRID*   4083                             13.119037       12.618456
*        -0.500000
GRID*   4084                             14.730500       8.388875
*        -0.500000
GRID*   4085                             13.176002       12.468940
*        -0.500000
GRID*   4086                             13.232968       12.319424
*        -0.500000
GRID*   4087                             13.289933       12.169909
*        -0.500000
GRID*   4088                             13.346898       12.020393
*        -0.500000
GRID*   4089                             13.403863       11.870877
*        -0.500000
GRID*   4090                             13.460829       11.721361
*        -0.500000
GRID*   4091                             13.517794       11.571846
*        -0.500000
GRID*   4092                             13.574759       11.422330
*        -0.500000
GRID*   4093                             13.631724       11.272814
*        -0.500000
GRID*   4094                             13.688690       11.123298
*        -0.500000
GRID*   4095                             13.745655       10.973783
*        -0.500000
GRID*   4096                             13.802620       10.824267
*        -0.500000
GRID*   4097                             13.859585       10.674751
*        -0.500000
GRID*   4098                             13.916551       10.525235
*        -0.500000
GRID*   4099                             13.973516       10.375720
*        -0.500000
GRID*   4100                             14.030481       10.226204
*        -0.500000
GRID*   4101                             14.087446       10.076688
*        -0.500000
GRID*   4102                             14.144411       9.927172
*        -0.500000
GRID*   4103                             14.201377       9.777656
*        -0.500000
GRID*   4104                             14.258342       9.628141
*        -0.500000
GRID*   4105                             14.315307       9.478625
*        -0.500000
GRID*   4106                             14.372272       9.329109
*        -0.500000
GRID*   4107                             14.429238       9.179593
*        -0.500000
GRID*   4108                             14.486203       9.030078
*        -0.500000
GRID*   4109                             14.543168       8.880562
*        -0.500000
GRID*   4110                             14.600133       8.731046
*        -0.500000
GRID*   4111                             14.657099       8.581530
*        -0.500000
GRID*   4112                             14.714064       8.432015
*        -0.500000
GRID*   4113                             13.446103       12.743067
*        -0.500000
GRID*   4114                             15.037605       8.565877
*        -0.500000
GRID*   4115                             13.503068       12.593552
*        -0.500000
GRID*   4116                             13.560033       12.444036
*        -0.500000
GRID*   4117                             13.616999       12.294520
*        -0.500000
GRID*   4118                             13.673964       12.145004
*        -0.500000
GRID*   4119                             13.730929       11.995489
*        -0.500000
GRID*   4120                             13.787894       11.845973
*        -0.500000
GRID*   4121                             13.844859       11.696457
*        -0.500000
GRID*   4122                             13.901825       11.546941
*        -0.500000
GRID*   4123                             13.958790       11.397426
*        -0.500000
GRID*   4124                             14.015755       11.247910
*        -0.500000
GRID*   4125                             14.072720       11.098394
*        -0.500000
GRID*   4126                             14.129686       10.948878
*        -0.500000
GRID*   4127                             14.186651       10.799362
*        -0.500000
GRID*   4128                             14.243616       10.649847
*        -0.500000
GRID*   4129                             14.300581       10.500331
*        -0.500000
GRID*   4130                             14.357547       10.350815
*        -0.500000
GRID*   4131                             14.414512       10.201299
*        -0.500000
GRID*   4132                             14.471477       10.051784
*        -0.500000
GRID*   4133                             14.528442       9.902268
*        -0.500000
GRID*   4134                             14.585408       9.752752
*        -0.500000
GRID*   4135                             14.642373       9.603236
*        -0.500000
GRID*   4136                             14.699338       9.453721
*        -0.500000
GRID*   4137                             14.756303       9.304205
*        -0.500000
GRID*   4138                             14.813269       9.154689
*        -0.500000
GRID*   4139                             14.870234       9.005173
*        -0.500000
GRID*   4140                             14.927199       8.855658
*        -0.500000
GRID*   4141                             14.984164       8.706142
*        -0.500000
GRID*   4142                             13.773168       12.867679
*        -0.500000
GRID*   4143                             15.344710       8.742879
*        -0.500000
GRID*   4144                             13.830134       12.718163
*        -0.500000
GRID*   4145                             13.887099       12.568647
*        -0.500000
GRID*   4146                             13.944064       12.419132
*        -0.500000
GRID*   4147                             14.001029       12.269616
*        -0.500000
GRID*   4148                             14.057995       12.120100
*        -0.500000
GRID*   4149                             14.114960       11.970584
*        -0.500000
GRID*   4150                             14.171925       11.821068
*        -0.500000
GRID*   4151                             14.228890       11.671553
*        -0.500000
GRID*   4152                             14.285856       11.522037
*        -0.500000
GRID*   4153                             14.342821       11.372521
*        -0.500000
GRID*   4154                             14.399786       11.223005
*        -0.500000
GRID*   4155                             14.456751       11.073490
*        -0.500000
GRID*   4156                             14.513717       10.923974
*        -0.500000
GRID*   4157                             14.570682       10.774458
*        -0.500000
GRID*   4158                             14.627647       10.624942
*        -0.500000
GRID*   4159                             14.684612       10.475427
*        -0.500000
GRID*   4160                             14.741578       10.325911
*        -0.500000
GRID*   4161                             14.798543       10.176395
*        -0.500000
GRID*   4162                             14.855508       10.026879
*        -0.500000
GRID*   4163                             14.912473       9.877364
*        -0.500000
GRID*   4164                             14.969439       9.727848
*        -0.500000
GRID*   4165                             15.026404       9.578332
*        -0.500000
GRID*   4166                             15.083369       9.428816
*        -0.500000
GRID*   4167                             15.140334       9.279301
*        -0.500000
GRID*   4168                             15.197300       9.129785
*        -0.500000
GRID*   4169                             15.254265       8.980269
*        -0.500000
GRID*   4170                             15.311230       8.830753
*        -0.500000
GRID*   4171                             14.100234       12.992290
*        -0.500000
GRID*   4172                             15.651815       8.919881
*        -0.500000
GRID*   4173                             14.157199       12.842774
*        -0.500000
GRID*   4174                             14.214165       12.693259
*        -0.500000
GRID*   4175                             14.271130       12.543743
*        -0.500000
GRID*   4176                             14.328095       12.394227
*        -0.500000
GRID*   4177                             14.385060       12.244711
*        -0.500000
GRID*   4178                             14.442026       12.095196
*        -0.500000
GRID*   4179                             14.498991       11.945680
*        -0.500000
GRID*   4180                             14.555956       11.796164
*        -0.500000
GRID*   4181                             14.612921       11.646648
*        -0.500000
GRID*   4182                             14.669887       11.497133
*        -0.500000
GRID*   4183                             14.726852       11.347617
*        -0.500000
GRID*   4184                             14.783817       11.198101
*        -0.500000
GRID*   4185                             14.840782       11.048585
*        -0.500000
GRID*   4186                             14.897748       10.899070
*        -0.500000
GRID*   4187                             14.954713       10.749554
*        -0.500000
GRID*   4188                             15.011678       10.600038
*        -0.500000
GRID*   4189                             15.068643       10.450522
*        -0.500000
GRID*   4190                             15.125609       10.301007
*        -0.500000
GRID*   4191                             15.182574       10.151491
*        -0.500000
GRID*   4192                             15.239539       10.001975
*        -0.500000
GRID*   4193                             15.296504       9.852459
*        -0.500000
GRID*   4194                             15.353470       9.702944
*        -0.500000
GRID*   4195                             15.410435       9.553428
*        -0.500000
GRID*   4196                             15.467400       9.403912
*        -0.500000
GRID*   4197                             15.524365       9.254396
*        -0.500000
GRID*   4198                             15.581331       9.104881
*        -0.500000
GRID*   4199                             15.638296       8.955365
*        -0.500000
GRID*   4200                             14.427300       13.116902
*        -0.500000
GRID*   4201                             15.958920       9.096883
*        -0.500000
GRID*   4202                             14.484265       12.967386
*        -0.500000
GRID*   4203                             14.541230       12.817870
*        -0.500000
GRID*   4204                             14.598196       12.668354
*        -0.500000
GRID*   4205                             14.655161       12.518839
*        -0.500000
GRID*   4206                             14.712126       12.369323
*        -0.500000
GRID*   4207                             14.769091       12.219807
*        -0.500000
GRID*   4208                             14.826057       12.070291
*        -0.500000
GRID*   4209                             14.883022       11.920776
*        -0.500000
GRID*   4210                             14.939987       11.771260
*        -0.500000
GRID*   4211                             14.996952       11.621744
*        -0.500000
GRID*   4212                             15.053918       11.472228
*        -0.500000
GRID*   4213                             15.110883       11.322713
*        -0.500000
GRID*   4214                             15.167848       11.173197
*        -0.500000
GRID*   4215                             15.224813       11.023681
*        -0.500000
GRID*   4216                             15.281779       10.874165
*        -0.500000
GRID*   4217                             15.338744       10.724650
*        -0.500000
GRID*   4218                             15.395709       10.575134
*        -0.500000
GRID*   4219                             15.452674       10.425618
*        -0.500000
GRID*   4220                             15.509640       10.276102
*        -0.500000
GRID*   4221                             15.566605       10.126587
*        -0.500000
GRID*   4222                             15.623570       9.977071
*        -0.500000
GRID*   4223                             15.680535       9.827555
*        -0.500000
GRID*   4224                             15.737501       9.678039
*        -0.500000
GRID*   4225                             15.794466       9.528524
*        -0.500000
GRID*   4226                             15.851431       9.379008
*        -0.500000
GRID*   4227                             15.908396       9.229492
*        -0.500000
GRID*   4228                             14.754366       13.241513
*        -0.500000
GRID*   4229                             16.266025       9.273885
*        -0.500000
GRID*   4230                             14.811331       13.091997
*        -0.500000
GRID*   4231                             14.868296       12.942482
*        -0.500000
GRID*   4232                             14.925261       12.792966
*        -0.500000
GRID*   4233                             14.982227       12.643450
*        -0.500000
GRID*   4234                             15.039192       12.493934
*        -0.500000
GRID*   4235                             15.096157       12.344419
*        -0.500000
GRID*   4236                             15.153122       12.194903
*        -0.500000
GRID*   4237                             15.210088       12.045387
*        -0.500000
GRID*   4238                             15.267053       11.895871
*        -0.500000
GRID*   4239                             15.324018       11.746356
*        -0.500000
GRID*   4240                             15.380983       11.596840
*        -0.500000
GRID*   4241                             15.437949       11.447324
*        -0.500000
GRID*   4242                             15.494914       11.297808
*        -0.500000
GRID*   4243                             15.551879       11.148293
*        -0.500000
GRID*   4244                             15.608844       10.998777
*        -0.500000
GRID*   4245                             15.665810       10.849261
*        -0.500000
GRID*   4246                             15.722775       10.699745
*        -0.500000
GRID*   4247                             15.779740       10.550230
*        -0.500000
GRID*   4248                             15.836705       10.400714
*        -0.500000
GRID*   4249                             15.893671       10.251198
*        -0.500000
GRID*   4250                             15.950636       10.101682
*        -0.500000
GRID*   4251                             16.007601       9.952167
*        -0.500000
GRID*   4252                             16.064566       9.802651
*        -0.500000
GRID*   4253                             16.121532       9.653135
*        -0.500000
GRID*   4254                             16.178497       9.503619
*        -0.500000
GRID*   4255                             16.235462       9.354104
*        -0.500000
GRID*   4256                             15.081431       13.366125
*        -0.500000
GRID*   4257                             16.573130       9.450887
*        -0.500000
GRID*   4258                             15.138397       13.216609
*        -0.500000
GRID*   4259                             15.195362       13.067093
*        -0.500000
GRID*   4260                             15.252327       12.917577
*        -0.500000
GRID*   4261                             15.309292       12.768062
*        -0.500000
GRID*   4262                             15.366258       12.618546
*        -0.500000
GRID*   4263                             15.423223       12.469030
*        -0.500000
GRID*   4264                             15.480188       12.319514
*        -0.500000
GRID*   4265                             15.537153       12.169999
*        -0.500000
GRID*   4266                             15.594119       12.020483
*        -0.500000
GRID*   4267                             15.651084       11.870967
*        -0.500000
GRID*   4268                             15.708049       11.721451
*        -0.500000
GRID*   4269                             15.765014       11.571936
*        -0.500000
GRID*   4270                             15.821980       11.422420
*        -0.500000
GRID*   4271                             15.878945       11.272904
*        -0.500000
GRID*   4272                             15.935910       11.123388
*        -0.500000
GRID*   4273                             15.992875       10.973873
*        -0.500000
GRID*   4274                             16.049841       10.824357
*        -0.500000
GRID*   4275                             16.106806       10.674841
*        -0.500000
GRID*   4276                             16.163771       10.525325
*        -0.500000
GRID*   4277                             16.220736       10.375810
*        -0.500000
GRID*   4278                             16.277702       10.226294
*        -0.500000
GRID*   4279                             16.334667       10.076778
*        -0.500000
GRID*   4280                             16.391632       9.927262
*        -0.500000
GRID*   4281                             16.448597       9.777747
*        -0.500000
GRID*   4282                             16.505562       9.628231
*        -0.500000
GRID*   4283                             16.562528       9.478715
*        -0.500000
GRID*   4284                             15.408497       13.490736
*        -0.500000
GRID*   4285                             16.880235       9.627889
*        -0.500000
GRID*   4286                             15.465462       13.341220
*        -0.500000
GRID*   4287                             15.522428       13.191705
*        -0.500000
GRID*   4288                             15.579393       13.042189
*        -0.500000
GRID*   4289                             15.636358       12.892673
*        -0.500000
GRID*   4290                             15.693323       12.743157
*        -0.500000
GRID*   4291                             15.750289       12.593642
*        -0.500000
GRID*   4292                             15.807254       12.444126
*        -0.500000
GRID*   4293                             15.864219       12.294610
*        -0.500000
GRID*   4294                             15.921184       12.145094
*        -0.500000
GRID*   4295                             15.978150       11.995579
*        -0.500000
GRID*   4296                             16.035115       11.846063
*        -0.500000
GRID*   4297                             16.092080       11.696547
*        -0.500000
GRID*   4298                             16.149045       11.547031
*        -0.500000
GRID*   4299                             16.206010       11.397516
*        -0.500000
GRID*   4300                             16.262976       11.248000
*        -0.500000
GRID*   4301                             16.319941       11.098484
*        -0.500000
GRID*   4302                             16.376906       10.948968
*        -0.500000
GRID*   4303                             16.433871       10.799453
*        -0.500000
GRID*   4304                             16.490837       10.649937
*        -0.500000
GRID*   4305                             16.547802       10.500421
*        -0.500000
GRID*   4306                             16.604767       10.350905
*        -0.500000
GRID*   4307                             16.661732       10.201390
*        -0.500000
GRID*   4308                             16.718698       10.051874
*        -0.500000
GRID*   4309                             16.775663       9.902358
*        -0.500000
GRID*   4310                             16.832628       9.752842
*        -0.500000
GRID*   4311                             15.735563       13.615348
*        -0.500000
GRID*   4312                             17.187340       9.804891
*        -0.500000
GRID*   4313                             15.792528       13.465832
*        -0.500000
GRID*   4314                             15.849493       13.316316
*        -0.500000
GRID*   4315                             15.906458       13.166800
*        -0.500000
GRID*   4316                             15.963424       13.017285
*        -0.500000
GRID*   4317                             16.020389       12.867769
*        -0.500000
GRID*   4318                             16.077354       12.718253
*        -0.500000
GRID*   4319                             16.134319       12.568737
*        -0.500000
GRID*   4320                             16.191285       12.419222
*        -0.500000
GRID*   4321                             16.248250       12.269706
*        -0.500000
GRID*   4322                             16.305215       12.120190
*        -0.500000
GRID*   4323                             16.362180       11.970674
*        -0.500000
GRID*   4324                             16.419146       11.821159
*        -0.500000
GRID*   4325                             16.476111       11.671643
*        -0.500000
GRID*   4326                             16.533076       11.522127
*        -0.500000
GRID*   4327                             16.590041       11.372611
*        -0.500000
GRID*   4328                             16.647007       11.223096
*        -0.500000
GRID*   4329                             16.703972       11.073580
*        -0.500000
GRID*   4330                             16.760937       10.924064
*        -0.500000
GRID*   4331                             16.817902       10.774548
*        -0.500000
GRID*   4332                             16.874868       10.625033
*        -0.500000
GRID*   4333                             16.931833       10.475517
*        -0.500000
GRID*   4334                             16.988798       10.326001
*        -0.500000
GRID*   4335                             17.045763       10.176485
*        -0.500000
GRID*   4336                             17.102729       10.026970
*        -0.500000
GRID*   4337                             17.159694       9.877454
*        -0.500000
GRID*   4338                             16.062628       13.739959
*        -0.500000
GRID*   4339                             17.494445       9.981893
*        -0.500000
GRID*   4340                             16.119594       13.590443
*        -0.500000
GRID*   4341                             16.176559       13.440928
*        -0.500000
GRID*   4342                             16.233524       13.291412
*        -0.500000
GRID*   4343                             16.290489       13.141896
*        -0.500000
GRID*   4344                             16.347455       12.992380
*        -0.500000
GRID*   4345                             16.404420       12.842865
*        -0.500000
GRID*   4346                             16.461385       12.693349
*        -0.500000
GRID*   4347                             16.518350       12.543833
*        -0.500000
GRID*   4348                             16.575316       12.394317
*        -0.500000
GRID*   4349                             16.632281       12.244802
*        -0.500000
GRID*   4350                             16.689246       12.095286
*        -0.500000
GRID*   4351                             16.746211       11.945770
*        -0.500000
GRID*   4352                             16.803177       11.796254
*        -0.500000
GRID*   4353                             16.860142       11.646739
*        -0.500000
GRID*   4354                             16.917107       11.497223
*        -0.500000
GRID*   4355                             16.974072       11.347707
*        -0.500000
GRID*   4356                             17.031038       11.198191
*        -0.500000
GRID*   4357                             17.088003       11.048676
*        -0.500000
GRID*   4358                             17.144968       10.899160
*        -0.500000
GRID*   4359                             17.201933       10.749644
*        -0.500000
GRID*   4360                             17.258899       10.600128
*        -0.500000
GRID*   4361                             17.315864       10.450613
*        -0.500000
GRID*   4362                             17.372829       10.301097
*        -0.500000
GRID*   4363                             17.429794       10.151581
*        -0.500000
GRID*   4364                             17.486760       10.002065
*        -0.500000
GRID*   4365                             16.389694       13.864571
*        -0.500000
GRID*   4366                             17.801550       10.158895
*        -0.500000
GRID*   4367                             16.446659       13.715055
*        -0.500000
GRID*   4368                             16.503625       13.565539
*        -0.500000
GRID*   4369                             16.560590       13.416023
*        -0.500000
GRID*   4370                             16.617555       13.266508
*        -0.500000
GRID*   4371                             16.674520       13.116992
*        -0.500000
GRID*   4372                             16.731486       12.967476
*        -0.500000
GRID*   4373                             16.788451       12.817960
*        -0.500000
GRID*   4374                             16.845416       12.668445
*        -0.500000
GRID*   4375                             16.902381       12.518929
*        -0.500000
GRID*   4376                             16.959347       12.369413
*        -0.500000
GRID*   4377                             17.016312       12.219897
*        -0.500000
GRID*   4378                             17.073277       12.070382
*        -0.500000
GRID*   4379                             17.130242       11.920866
*        -0.500000
GRID*   4380                             17.187208       11.771350
*        -0.500000
GRID*   4381                             17.244173       11.621834
*        -0.500000
GRID*   4382                             17.301138       11.472319
*        -0.500000
GRID*   4383                             17.358103       11.322803
*        -0.500000
GRID*   4384                             17.415069       11.173287
*        -0.500000
GRID*   4385                             17.472034       11.023771
*        -0.500000
GRID*   4386                             17.528999       10.874256
*        -0.500000
GRID*   4387                             17.585964       10.724740
*        -0.500000
GRID*   4388                             17.642930       10.575224
*        -0.500000
GRID*   4389                             17.699895       10.425708
*        -0.500000
GRID*   4390                             17.756860       10.276193
*        -0.500000
GRID*   4391                             16.716760       13.989182
*        -0.500000
GRID*   4392                             18.108655       10.335897
*        -0.500000
GRID*   4393                             16.773725       13.839666
*        -0.500000
GRID*   4394                             16.830690       13.690151
*        -0.500000
GRID*   4395                             16.887656       13.540635
*        -0.500000
GRID*   4396                             16.944621       13.391119
*        -0.500000
GRID*   4397                             17.001586       13.241603
*        -0.500000
GRID*   4398                             17.058551       13.092088
*        -0.500000
GRID*   4399                             17.115517       12.942572
*        -0.500000
GRID*   4400                             17.172482       12.793056
*        -0.500000
GRID*   4401                             17.229447       12.643540
*        -0.500000
GRID*   4402                             17.286412       12.494025
*        -0.500000
GRID*   4403                             17.343378       12.344509
*        -0.500000
GRID*   4404                             17.400343       12.194993
*        -0.500000
GRID*   4405                             17.457308       12.045477
*        -0.500000
GRID*   4406                             17.514273       11.895962
*        -0.500000
GRID*   4407                             17.571239       11.746446
*        -0.500000
GRID*   4408                             17.628204       11.596930
*        -0.500000
GRID*   4409                             17.685169       11.447414
*        -0.500000
GRID*   4410                             17.742134       11.297899
*        -0.500000
GRID*   4411                             17.799100       11.148383
*        -0.500000
GRID*   4412                             17.856065       10.998867
*        -0.500000
GRID*   4413                             17.913030       10.849351
*        -0.500000
GRID*   4414                             17.969995       10.699835
*        -0.500000
GRID*   4415                             18.026961       10.550320
*        -0.500000
GRID*   4416                             18.083926       10.400804
*        -0.500000
GRID*   4417                             17.043826       14.113794
*        -0.500000
GRID*   4418                             18.415760       10.512899
*        -0.500000
GRID*   4419                             17.100791       13.964278
*        -0.500000
GRID*   4420                             17.157756       13.814762
*        -0.500000
GRID*   4421                             17.214721       13.665246
*        -0.500000
GRID*   4422                             17.271687       13.515731
*        -0.500000
GRID*   4423                             17.328652       13.366215
*        -0.500000
GRID*   4424                             17.385617       13.216699
*        -0.500000
GRID*   4425                             17.442582       13.067183
*        -0.500000
GRID*   4426                             17.499548       12.917668
*        -0.500000
GRID*   4427                             17.556513       12.768152
*        -0.500000
GRID*   4428                             17.613478       12.618636
*        -0.500000
GRID*   4429                             17.670443       12.469120
*        -0.500000
GRID*   4430                             17.727409       12.319605
*        -0.500000
GRID*   4431                             17.784374       12.170089
*        -0.500000
GRID*   4432                             17.841339       12.020573
*        -0.500000
GRID*   4433                             17.898304       11.871057
*        -0.500000
GRID*   4434                             17.955270       11.721541
*        -0.500000
GRID*   4435                             18.012235       11.572026
*        -0.500000
GRID*   4436                             18.069200       11.422510
*        -0.500000
GRID*   4437                             18.126165       11.272994
*        -0.500000
GRID*   4438                             18.183131       11.123478
*        -0.500000
GRID*   4439                             18.240096       10.973963
*        -0.500000
GRID*   4440                             18.297061       10.824447
*        -0.500000
GRID*   4441                             18.354026       10.674931
*        -0.500000
GRID*   4442                             18.410992       10.525415
*        -0.500000
GRID*   4443                             17.370891       14.238405
*        -0.500000
GRID*   4444                             18.722865       10.689900
*        -0.500000
GRID*   4445                             17.427857       14.088889
*        -0.500000
GRID*   4446                             17.484822       13.939374
*        -0.500000
GRID*   4447                             17.541787       13.789858
*        -0.500000
GRID*   4448                             17.598752       13.640342
*        -0.500000
GRID*   4449                             17.655718       13.490826
*        -0.500000
GRID*   4450                             17.712683       13.341311
*        -0.500000
GRID*   4451                             17.769648       13.191795
*        -0.500000
GRID*   4452                             17.826613       13.042279
*        -0.500000
GRID*   4453                             17.883579       12.892763
*        -0.500000
GRID*   4454                             17.940544       12.743247
*        -0.500000
GRID*   4455                             17.997509       12.593732
*        -0.500000
GRID*   4456                             18.054474       12.444216
*        -0.500000
GRID*   4457                             18.111440       12.294700
*        -0.500000
GRID*   4458                             18.168405       12.145184
*        -0.500000
GRID*   4459                             18.225370       11.995669
*        -0.500000
GRID*   4460                             18.282335       11.846153
*        -0.500000
GRID*   4461                             18.339301       11.696637
*        -0.500000
GRID*   4462                             18.396266       11.547121
*        -0.500000
GRID*   4463                             18.453231       11.397606
*        -0.500000
GRID*   4464                             18.510196       11.248090
*        -0.500000
GRID*   4465                             18.567161       11.098574
*        -0.500000
GRID*   4466                             18.624127       10.949058
*        -0.500000
GRID*   4467                             18.681092       10.799543
*        -0.500000
GRID*   4468                             17.697957       14.363017
*        -0.500000
GRID*   4469                             19.029971       10.866902
*        -0.500000
GRID*   4470                             17.754922       14.213501
*        -0.500000
GRID*   4471                             17.811888       14.063985
*        -0.500000
GRID*   4472                             17.868853       13.914469
*        -0.500000
GRID*   4473                             17.925818       13.764953
*        -0.500000
GRID*   4474                             17.982783       13.615438
*        -0.500000
GRID*   4475                             18.039748       13.465922
*        -0.500000
GRID*   4476                             18.096714       13.316406
*        -0.500000
GRID*   4477                             18.153679       13.166890
*        -0.500000
GRID*   4478                             18.210644       13.017375
*        -0.500000
GRID*   4479                             18.267609       12.867859
*        -0.500000
GRID*   4480                             18.324575       12.718343
*        -0.500000
GRID*   4481                             18.381540       12.568827
*        -0.500000
GRID*   4482                             18.438505       12.419312
*        -0.500000
GRID*   4483                             18.495470       12.269796
*        -0.500000
GRID*   4484                             18.552436       12.120280
*        -0.500000
GRID*   4485                             18.609401       11.970764
*        -0.500000
GRID*   4486                             18.666366       11.821249
*        -0.500000
GRID*   4487                             18.723331       11.671733
*        -0.500000
GRID*   4488                             18.780297       11.522217
*        -0.500000
GRID*   4489                             18.837262       11.372701
*        -0.500000
GRID*   4490                             18.894227       11.223186
*        -0.500000
GRID*   4491                             18.951192       11.073670
*        -0.500000
GRID*   4492                             19.008158       10.924154
*        -0.500000
GRID*   4493                             18.025023       14.487628
*        -0.500000
GRID*   4494                             19.337076       11.043904
*        -0.500000
GRID*   4495                             18.081988       14.338112
*        -0.500000
GRID*   4496                             18.138953       14.188596
*        -0.500000
GRID*   4497                             18.195918       14.039081
*        -0.500000
GRID*   4498                             18.252884       13.889565
*        -0.500000
GRID*   4499                             18.309849       13.740049
*        -0.500000
GRID*   4500                             18.366814       13.590533
*        -0.500000
GRID*   4501                             18.423779       13.441018
*        -0.500000
GRID*   4502                             18.480745       13.291502
*        -0.500000
GRID*   4503                             18.537710       13.141986
*        -0.500000
GRID*   4504                             18.594675       12.992470
*        -0.500000
GRID*   4505                             18.651640       12.842955
*        -0.500000
GRID*   4506                             18.708606       12.693439
*        -0.500000
GRID*   4507                             18.765571       12.543923
*        -0.500000
GRID*   4508                             18.822536       12.394407
*        -0.500000
GRID*   4509                             18.879501       12.244892
*        -0.500000
GRID*   4510                             18.936467       12.095376
*        -0.500000
GRID*   4511                             18.993432       11.945860
*        -0.500000
GRID*   4512                             19.050397       11.796344
*        -0.500000
GRID*   4513                             19.107362       11.646829
*        -0.500000
GRID*   4514                             19.164328       11.497313
*        -0.500000
GRID*   4515                             19.221293       11.347797
*        -0.500000
GRID*   4516                             19.278258       11.198281
*        -0.500000
GRID*   4517                             19.335223       11.048766
*        -0.500000
GRID*   4518                             18.352088       14.612239
*        -0.500000
GRID*   4519                             19.644181       11.220906
*        -0.500000
GRID*   4520                             18.409054       14.462724
*        -0.500000
GRID*   4521                             18.466019       14.313208
*        -0.500000
GRID*   4522                             18.522984       14.163692
*        -0.500000
GRID*   4523                             18.579949       14.014176
*        -0.500000
GRID*   4524                             18.636915       13.864661
*        -0.500000
GRID*   4525                             18.693880       13.715145
*        -0.500000
GRID*   4526                             18.750845       13.565629
*        -0.500000
GRID*   4527                             18.807810       13.416113
*        -0.500000
GRID*   4528                             18.864776       13.266598
*        -0.500000
GRID*   4529                             18.921741       13.117082
*        -0.500000
GRID*   4530                             18.978706       12.967566
*        -0.500000
GRID*   4531                             19.035671       12.818050
*        -0.500000
GRID*   4532                             19.092637       12.668535
*        -0.500000
GRID*   4533                             19.149602       12.519019
*        -0.500000
GRID*   4534                             19.206567       12.369503
*        -0.500000
GRID*   4535                             19.263532       12.219987
*        -0.500000
GRID*   4536                             19.320498       12.070472
*        -0.500000
GRID*   4537                             19.377463       11.920956
*        -0.500000
GRID*   4538                             19.434428       11.771440
*        -0.500000
GRID*   4539                             19.491393       11.621924
*        -0.500000
GRID*   4540                             19.548359       11.472409
*        -0.500000
GRID*   4541                             19.605324       11.322893
*        -0.500000
GRID*   4542                             18.679154       14.736851
*        -0.500000
GRID*   4543                             19.951286       11.397908
*        -0.500000
GRID*   4544                             18.736119       14.587335
*        -0.500000
GRID*   4545                             18.793085       14.437819
*        -0.500000
GRID*   4546                             18.850050       14.288304
*        -0.500000
GRID*   4547                             18.907015       14.138788
*        -0.500000
GRID*   4548                             18.963980       13.989272
*        -0.500000
GRID*   4549                             19.020946       13.839756
*        -0.500000
GRID*   4550                             19.077911       13.690241
*        -0.500000
GRID*   4551                             19.134876       13.540725
*        -0.500000
GRID*   4552                             19.191841       13.391209
*        -0.500000
GRID*   4553                             19.248807       13.241693
*        -0.500000
GRID*   4554                             19.305772       13.092178
*        -0.500000
GRID*   4555                             19.362737       12.942662
*        -0.500000
GRID*   4556                             19.419702       12.793146
*        -0.500000
GRID*   4557                             19.476668       12.643630
*        -0.500000
GRID*   4558                             19.533633       12.494115
*        -0.500000
GRID*   4559                             19.590598       12.344599
*        -0.500000
GRID*   4560                             19.647563       12.195083
*        -0.500000
GRID*   4561                             19.704529       12.045567
*        -0.500000
GRID*   4562                             19.761494       11.896052
*        -0.500000
GRID*   4563                             19.818459       11.746536
*        -0.500000
GRID*   4564                             19.875424       11.597020
*        -0.500000
GRID*   4565                             19.932390       11.447504
*        -0.500000
GRID*   4566                             19.006220       14.861462
*        -0.500000
GRID*   4567                             20.258391       11.574910
*        -0.500000
GRID*   4568                             19.063185       14.711947
*        -0.500000
GRID*   4569                             19.120150       14.562431
*        -0.500000
GRID*   4570                             19.177116       14.412915
*        -0.500000
GRID*   4571                             19.234081       14.263399
*        -0.500000
GRID*   4572                             19.291046       14.113884
*        -0.500000
GRID*   4573                             19.348011       13.964368
*        -0.500000
GRID*   4574                             19.404977       13.814852
*        -0.500000
GRID*   4575                             19.461942       13.665336
*        -0.500000
GRID*   4576                             19.518907       13.515821
*        -0.500000
GRID*   4577                             19.575872       13.366305
*        -0.500000
GRID*   4578                             19.632838       13.216789
*        -0.500000
GRID*   4579                             19.689803       13.067273
*        -0.500000
GRID*   4580                             19.746768       12.917758
*        -0.500000
GRID*   4581                             19.803733       12.768242
*        -0.500000
GRID*   4582                             19.860699       12.618726
*        -0.500000
GRID*   4583                             19.917664       12.469210
*        -0.500000
GRID*   4584                             19.974629       12.319695
*        -0.500000
GRID*   4585                             20.031594       12.170179
*        -0.500000
GRID*   4586                             20.088560       12.020663
*        -0.500000
GRID*   4587                             20.145525       11.871147
*        -0.500000
GRID*   4588                             20.202490       11.721632
*        -0.500000
GRID*   4589                             19.333286       14.986074
*        -0.500000
GRID*   4590                             20.565496       11.751912
*        -0.500000
GRID*   4591                             19.390251       14.836558
*        -0.500000
GRID*   4592                             19.447216       14.687042
*        -0.500000
GRID*   4593                             19.504181       14.537527
*        -0.500000
GRID*   4594                             19.561147       14.388011
*        -0.500000
GRID*   4595                             19.618112       14.238495
*        -0.500000
GRID*   4596                             19.675077       14.088979
*        -0.500000
GRID*   4597                             19.732042       13.939464
*        -0.500000
GRID*   4598                             19.789008       13.789948
*        -0.500000
GRID*   4599                             19.845973       13.640432
*        -0.500000
GRID*   4600                             19.902938       13.490916
*        -0.500000
GRID*   4601                             19.959903       13.341401
*        -0.500000
GRID*   4602                             20.016869       13.191885
*        -0.500000
GRID*   4603                             20.073834       13.042369
*        -0.500000
GRID*   4604                             20.130799       12.892853
*        -0.500000
GRID*   4605                             20.187764       12.743338
*        -0.500000
GRID*   4606                             20.244730       12.593822
*        -0.500000
GRID*   4607                             20.301695       12.444306
*        -0.500000
GRID*   4608                             20.358660       12.294790
*        -0.500000
GRID*   4609                             20.415625       12.145275
*        -0.500000
GRID*   4610                             20.472591       11.995759
*        -0.500000
GRID*   4611                             20.529556       11.846243
*        -0.500000
GRID*   4612                             19.660351       15.110685
*        -0.500000
GRID*   4613                             20.872601       11.928914
*        -0.500000
GRID*   4614                             19.717317       14.961170
*        -0.500000
GRID*   4615                             19.774282       14.811654
*        -0.500000
GRID*   4616                             19.831247       14.662138
*        -0.500000
GRID*   4617                             19.888212       14.512622
*        -0.500000
GRID*   4618                             19.945178       14.363107
*        -0.500000
GRID*   4619                             20.002143       14.213591
*        -0.500000
GRID*   4620                             20.059108       14.064075
*        -0.500000
GRID*   4621                             20.116073       13.914559
*        -0.500000
GRID*   4622                             20.173039       13.765044
*        -0.500000
GRID*   4623                             20.230004       13.615528
*        -0.500000
GRID*   4624                             20.286969       13.466012
*        -0.500000
GRID*   4625                             20.343934       13.316496
*        -0.500000
GRID*   4626                             20.400899       13.166981
*        -0.500000
GRID*   4627                             20.457865       13.017465
*        -0.500000
GRID*   4628                             20.514830       12.867949
*        -0.500000
GRID*   4629                             20.571795       12.718433
*        -0.500000
GRID*   4630                             20.628760       12.568918
*        -0.500000
GRID*   4631                             20.685726       12.419402
*        -0.500000
GRID*   4632                             20.742691       12.269886
*        -0.500000
GRID*   4633                             20.799656       12.120370
*        -0.500000
GRID*   4634                             20.856621       11.970855
*        -0.500000
GRID*   4635                             19.987417       15.235297
*        -0.500000
GRID*   4636                             21.179706       12.105916
*        -0.500000
GRID*   4637                             20.044382       15.085781
*        -0.500000
GRID*   4638                             20.101347       14.936265
*        -0.500000
GRID*   4639                             20.158313       14.786750
*        -0.500000
GRID*   4640                             20.215278       14.637234
*        -0.500000
GRID*   4641                             20.272243       14.487718
*        -0.500000
GRID*   4642                             20.329208       14.338202
*        -0.500000
GRID*   4643                             20.386174       14.188687
*        -0.500000
GRID*   4644                             20.443139       14.039171
*        -0.500000
GRID*   4645                             20.500104       13.889655
*        -0.500000
GRID*   4646                             20.557069       13.740139
*        -0.500000
GRID*   4647                             20.614035       13.590624
*        -0.500000
GRID*   4648                             20.671000       13.441108
*        -0.500000
GRID*   4649                             20.727965       13.291592
*        -0.500000
GRID*   4650                             20.784930       13.142076
*        -0.500000
GRID*   4651                             20.841896       12.992561
*        -0.500000
GRID*   4652                             20.898861       12.843045
*        -0.500000
GRID*   4653                             20.955826       12.693529
*        -0.500000
GRID*   4654                             21.012791       12.544013
*        -0.500000
GRID*   4655                             21.069757       12.394498
*        -0.500000
GRID*   4656                             21.126722       12.244982
*        -0.500000
GRID*   4657                             20.314483       15.359908
*        -0.500000
GRID*   4658                             21.486811       12.282918
*        -0.500000
GRID*   4659                             20.371448       15.210393
*        -0.500000
GRID*   4660                             20.428413       15.060877
*        -0.500000
GRID*   4661                             20.485378       14.911361
*        -0.500000
GRID*   4662                             20.542344       14.761845
*        -0.500000
GRID*   4663                             20.599309       14.612330
*        -0.500000
GRID*   4664                             20.656274       14.462814
*        -0.500000
GRID*   4665                             20.713239       14.313298
*        -0.500000
GRID*   4666                             20.770205       14.163782
*        -0.500000
GRID*   4667                             20.827170       14.014267
*        -0.500000
GRID*   4668                             20.884135       13.864751
*        -0.500000
GRID*   4669                             20.941100       13.715235
*        -0.500000
GRID*   4670                             20.998066       13.565719
*        -0.500000
GRID*   4671                             21.055031       13.416204
*        -0.500000
GRID*   4672                             21.111996       13.266688
*        -0.500000
GRID*   4673                             21.168961       13.117172
*        -0.500000
GRID*   4674                             21.225927       12.967656
*        -0.500000
GRID*   4675                             21.282892       12.818141
*        -0.500000
GRID*   4676                             21.339857       12.668625
*        -0.500000
GRID*   4677                             21.396822       12.519109
*        -0.500000
GRID*   4678                             21.453788       12.369593
*        -0.500000
GRID*   4679                             20.641548       15.484520
*        -0.500000
GRID*   4680                             21.793916       12.459920
*        -0.500000
GRID*   4681                             20.698514       15.335004
*        -0.500000
GRID*   4682                             20.755479       15.185488
*        -0.500000
GRID*   4683                             20.812444       15.035973
*        -0.500000
GRID*   4684                             20.869409       14.886457
*        -0.500000
GRID*   4685                             20.926375       14.736941
*        -0.500000
GRID*   4686                             20.983340       14.587425
*        -0.500000
GRID*   4687                             21.040305       14.437910
*        -0.500000
GRID*   4688                             21.097270       14.288394
*        -0.500000
GRID*   4689                             21.154236       14.138878
*        -0.500000
GRID*   4690                             21.211201       13.989362
*        -0.500000
GRID*   4691                             21.268166       13.839847
*        -0.500000
GRID*   4692                             21.325131       13.690331
*        -0.500000
GRID*   4693                             21.382097       13.540815
*        -0.500000
GRID*   4694                             21.439062       13.391299
*        -0.500000
GRID*   4695                             21.496027       13.241784
*        -0.500000
GRID*   4696                             21.552992       13.092268
*        -0.500000
GRID*   4697                             21.609958       12.942752
*        -0.500000
GRID*   4698                             21.666923       12.793236
*        -0.500000
GRID*   4699                             21.723888       12.643720
*        -0.500000
GRID*   4700                             21.780853       12.494205
*        -0.500000
GRID*   4701                             20.968614       15.609131
*        -0.500000
GRID*   4702                             22.101021       12.636922
*        -0.500000
GRID*   4703                             21.025579       15.459616
*        -0.500000
GRID*   4704                             21.082545       15.310100
*        -0.500000
GRID*   4705                             21.139510       15.160584
*        -0.500000
GRID*   4706                             21.196475       15.011068
*        -0.500000
GRID*   4707                             21.253440       14.861553
*        -0.500000
GRID*   4708                             21.310406       14.712037
*        -0.500000
GRID*   4709                             21.367371       14.562521
*        -0.500000
GRID*   4710                             21.424336       14.413005
*        -0.500000
GRID*   4711                             21.481301       14.263490
*        -0.500000
GRID*   4712                             21.538267       14.113974
*        -0.500000
GRID*   4713                             21.595232       13.964458
*        -0.500000
GRID*   4714                             21.652197       13.814942
*        -0.500000
GRID*   4715                             21.709162       13.665426
*        -0.500000
GRID*   4716                             21.766128       13.515911
*        -0.500000
GRID*   4717                             21.823093       13.366395
*        -0.500000
GRID*   4718                             21.880058       13.216879
*        -0.500000
GRID*   4719                             21.937023       13.067363
*        -0.500000
GRID*   4720                             21.993989       12.917848
*        -0.500000
GRID*   4721                             22.050954       12.768332
*        -0.500000
GRID*   4722                             21.295680       15.733743
*        -0.500000
GRID*   4723                             22.408126       12.813924
*        -0.500000
GRID*   4724                             21.352645       15.584227
*        -0.500000
GRID*   4725                             21.409610       15.434711
*        -0.500000
GRID*   4726                             21.466576       15.285196
*        -0.500000
GRID*   4727                             21.523541       15.135680
*        -0.500000
GRID*   4728                             21.580506       14.986164
*        -0.500000
GRID*   4729                             21.637471       14.836648
*        -0.500000
GRID*   4730                             21.694437       14.687132
*        -0.500000
GRID*   4731                             21.751402       14.537617
*        -0.500000
GRID*   4732                             21.808367       14.388101
*        -0.500000
GRID*   4733                             21.865332       14.238585
*        -0.500000
GRID*   4734                             21.922298       14.089069
*        -0.500000
GRID*   4735                             21.979263       13.939554
*        -0.500000
GRID*   4736                             22.036228       13.790038
*        -0.500000
GRID*   4737                             22.093193       13.640522
*        -0.500000
GRID*   4738                             22.150159       13.491006
*        -0.500000
GRID*   4739                             22.207124       13.341491
*        -0.500000
GRID*   4740                             22.264089       13.191975
*        -0.500000
GRID*   4741                             22.321054       13.042459
*        -0.500000
GRID*   4742                             22.378020       12.892943
*        -0.500000
GRID*   4743                             21.622746       15.858354
*        -0.500000
GRID*   4744                             22.715231       12.990926
*        -0.500000
GRID*   4745                             21.679711       15.708838
*        -0.500000
GRID*   4746                             21.736676       15.559323
*        -0.500000
GRID*   4747                             21.793641       15.409807
*        -0.500000
GRID*   4748                             21.850607       15.260291
*        -0.500000
GRID*   4749                             21.907572       15.110775
*        -0.500000
GRID*   4750                             21.964537       14.961260
*        -0.500000
GRID*   4751                             22.021502       14.811744
*        -0.500000
GRID*   4752                             22.078468       14.662228
*        -0.500000
GRID*   4753                             22.135433       14.512712
*        -0.500000
GRID*   4754                             22.192398       14.363197
*        -0.500000
GRID*   4755                             22.249363       14.213681
*        -0.500000
GRID*   4756                             22.306329       14.064165
*        -0.500000
GRID*   4757                             22.363294       13.914649
*        -0.500000
GRID*   4758                             22.420259       13.765134
*        -0.500000
GRID*   4759                             22.477224       13.615618
*        -0.500000
GRID*   4760                             22.534190       13.466102
*        -0.500000
GRID*   4761                             22.591155       13.316586
*        -0.500000
GRID*   4762                             22.648120       13.167071
*        -0.500000
GRID*   4763                             22.705085       13.017555
*        -0.500000
GRID*   4764                             21.949811       15.982966
*        -0.500000
GRID*   4765                             23.022336       13.167928
*        -0.500000
GRID*   4766                             22.006777       15.833450
*        -0.500000
GRID*   4767                             22.063742       15.683934
*        -0.500000
GRID*   4768                             22.120707       15.534418
*        -0.500000
GRID*   4769                             22.177672       15.384903
*        -0.500000
GRID*   4770                             22.234637       15.235387
*        -0.500000
GRID*   4771                             22.291603       15.085871
*        -0.500000
GRID*   4772                             22.348568       14.936355
*        -0.500000
GRID*   4773                             22.405533       14.786840
*        -0.500000
GRID*   4774                             22.462498       14.637324
*        -0.500000
GRID*   4775                             22.519464       14.487808
*        -0.500000
GRID*   4776                             22.576429       14.338292
*        -0.500000
GRID*   4777                             22.633394       14.188777
*        -0.500000
GRID*   4778                             22.690359       14.039261
*        -0.500000
GRID*   4779                             22.747325       13.889745
*        -0.500000
GRID*   4780                             22.804290       13.740229
*        -0.500000
GRID*   4781                             22.861255       13.590714
*        -0.500000
GRID*   4782                             22.918220       13.441198
*        -0.500000
GRID*   4783                             22.975186       13.291682
*        -0.500000
GRID*   4784                             22.276877       16.107577
*        -0.500000
GRID*   4785                             23.329441       13.344930
*        -0.500000
GRID*   4786                             22.333842       15.958061
*        -0.500000
GRID*   4787                             22.390807       15.808546
*        -0.500000
GRID*   4788                             22.447773       15.659030
*        -0.500000
GRID*   4789                             22.504738       15.509514
*        -0.500000
GRID*   4790                             22.561703       15.359998
*        -0.500000
GRID*   4791                             22.618668       15.210483
*        -0.500000
GRID*   4792                             22.675634       15.060967
*        -0.500000
GRID*   4793                             22.732599       14.911451
*        -0.500000
GRID*   4794                             22.789564       14.761935
*        -0.500000
GRID*   4795                             22.846529       14.612420
*        -0.500000
GRID*   4796                             22.903495       14.462904
*        -0.500000
GRID*   4797                             22.960460       14.313388
*        -0.500000
GRID*   4798                             23.017425       14.163872
*        -0.500000
GRID*   4799                             23.074390       14.014357
*        -0.500000
GRID*   4800                             23.131356       13.864841
*        -0.500000
GRID*   4801                             23.188321       13.715325
*        -0.500000
GRID*   4802                             23.245286       13.565809
*        -0.500000
GRID*   4803                             23.302251       13.416294
*        -0.500000
GRID*   4804                             22.603943       16.232189
*        -0.500000
GRID*   4805                             23.636546       13.521931
*        -0.500000
GRID*   4806                             22.660908       16.082673
*        -0.500000
GRID*   4807                             22.717873       15.933157
*        -0.500000
GRID*   4808                             22.774838       15.783641
*        -0.500000
GRID*   4809                             22.831804       15.634126
*        -0.500000
GRID*   4810                             22.888769       15.484610
*        -0.500000
GRID*   4811                             22.945734       15.335094
*        -0.500000
GRID*   4812                             23.002699       15.185578
*        -0.500000
GRID*   4813                             23.059665       15.036063
*        -0.500000
GRID*   4814                             23.116630       14.886547
*        -0.500000
GRID*   4815                             23.173595       14.737031
*        -0.500000
GRID*   4816                             23.230560       14.587515
*        -0.500000
GRID*   4817                             23.287526       14.438000
*        -0.500000
GRID*   4818                             23.344491       14.288484
*        -0.500000
GRID*   4819                             23.401456       14.138968
*        -0.500000
GRID*   4820                             23.458421       13.989452
*        -0.500000
GRID*   4821                             23.515387       13.839937
*        -0.500000
GRID*   4822                             23.572352       13.690421
*        -0.500000
GRID*   4823                             23.629317       13.540905
*        -0.500000
GRID*   4824                             22.931008       16.356800
*        -0.500000
GRID*   4825                             23.943651       13.698933
*        -0.500000
GRID*   4826                             22.987974       16.207284
*        -0.500000
GRID*   4827                             23.044939       16.057769
*        -0.500000
GRID*   4828                             23.101904       15.908253
*        -0.500000
GRID*   4829                             23.158869       15.758737
*        -0.500000
GRID*   4830                             23.215835       15.609221
*        -0.500000
GRID*   4831                             23.272800       15.459706
*        -0.500000
GRID*   4832                             23.329765       15.310190
*        -0.500000
GRID*   4833                             23.386730       15.160674
*        -0.500000
GRID*   4834                             23.443696       15.011158
*        -0.500000
GRID*   4835                             23.500661       14.861643
*        -0.500000
GRID*   4836                             23.557626       14.712127
*        -0.500000
GRID*   4837                             23.614591       14.562611
*        -0.500000
GRID*   4838                             23.671557       14.413095
*        -0.500000
GRID*   4839                             23.728522       14.263580
*        -0.500000
GRID*   4840                             23.785487       14.114064
*        -0.500000
GRID*   4841                             23.842452       13.964548
*        -0.500000
GRID*   4842                             23.899418       13.815032
*        -0.500000
GRID*   4843                             23.258074       16.481412
*        -0.500000
GRID*   4844                             24.250756       13.875935
*        -0.500000
GRID*   4845                             23.315039       16.331896
*        -0.500000
GRID*   4846                             23.372005       16.182380
*        -0.500000
GRID*   4847                             23.428970       16.032864
*        -0.500000
GRID*   4848                             23.485935       15.883349
*        -0.500000
GRID*   4849                             23.542900       15.733833
*        -0.500000
GRID*   4850                             23.599866       15.584317
*        -0.500000
GRID*   4851                             23.656831       15.434801
*        -0.500000
GRID*   4852                             23.713796       15.285286
*        -0.500000
GRID*   4853                             23.770761       15.135770
*        -0.500000
GRID*   4854                             23.827727       14.986254
*        -0.500000
GRID*   4855                             23.884692       14.836738
*        -0.500000
GRID*   4856                             23.941657       14.687223
*        -0.500000
GRID*   4857                             23.998622       14.537707
*        -0.500000
GRID*   4858                             24.055588       14.388191
*        -0.500000
GRID*   4859                             24.112553       14.238675
*        -0.500000
GRID*   4860                             24.169518       14.089160
*        -0.500000
GRID*   4861                             24.226483       13.939644
*        -0.500000
GRID*   4862                             23.585140       16.606023
*        -0.500000
GRID*   4863                             24.557861       14.052937
*        -0.500000
GRID*   4864                             23.642105       16.456507
*        -0.500000
GRID*   4865                             23.699070       16.306992
*        -0.500000
GRID*   4866                             23.756036       16.157476
*        -0.500000
GRID*   4867                             23.813001       16.007960
*        -0.500000
GRID*   4868                             23.869966       15.858444
*        -0.500000
GRID*   4869                             23.926931       15.708929
*        -0.500000
GRID*   4870                             23.983897       15.559413
*        -0.500000
GRID*   4871                             24.040862       15.409897
*        -0.500000
GRID*   4872                             24.097827       15.260381
*        -0.500000
GRID*   4873                             24.154792       15.110866
*        -0.500000
GRID*   4874                             24.211758       14.961350
*        -0.500000
GRID*   4875                             24.268723       14.811834
*        -0.500000
GRID*   4876                             24.325688       14.662318
*        -0.500000
GRID*   4877                             24.382653       14.512803
*        -0.500000
GRID*   4878                             24.439619       14.363287
*        -0.500000
GRID*   4879                             24.496584       14.213771
*        -0.500000
GRID*   4880                             24.553549       14.064255
*        -0.500000
GRID*   4881                             23.912206       16.730635
*        -0.500000
GRID*   4882                             24.864966       14.229939
*        -0.500000
GRID*   4883                             23.969171       16.581119
*        -0.500000
GRID*   4884                             24.026136       16.431603
*        -0.500000
GRID*   4885                             24.083101       16.282087
*        -0.500000
GRID*   4886                             24.140067       16.132572
*        -0.500000
GRID*   4887                             24.197032       15.983056
*        -0.500000
GRID*   4888                             24.253997       15.833540
*        -0.500000
GRID*   4889                             24.310962       15.684024
*        -0.500000
GRID*   4890                             24.367928       15.534509
*        -0.500000
GRID*   4891                             24.424893       15.384993
*        -0.500000
GRID*   4892                             24.481858       15.235477
*        -0.500000
GRID*   4893                             24.538823       15.085961
*        -0.500000
GRID*   4894                             24.595788       14.936446
*        -0.500000
GRID*   4895                             24.652754       14.786930
*        -0.500000
GRID*   4896                             24.709719       14.637414
*        -0.500000
GRID*   4897                             24.766684       14.487898
*        -0.500000
GRID*   4898                             24.823649       14.338383
*        -0.500000
GRID*   4899                             24.239271       16.855246
*        -0.500000
GRID*   4900                             25.172071       14.406941
*        -0.500000
GRID*   4901                             24.296236       16.705730
*        -0.500000
GRID*   4902                             24.353202       16.556215
*        -0.500000
GRID*   4903                             24.410167       16.406699
*        -0.500000
GRID*   4904                             24.467132       16.257183
*        -0.500000
GRID*   4905                             24.524097       16.107667
*        -0.500000
GRID*   4906                             24.581063       15.958152
*        -0.500000
GRID*   4907                             24.638028       15.808636
*        -0.500000
GRID*   4908                             24.694993       15.659120
*        -0.500000
GRID*   4909                             24.751958       15.509604
*        -0.500000
GRID*   4910                             24.808924       15.360089
*        -0.500000
GRID*   4911                             24.865889       15.210573
*        -0.500000
GRID*   4912                             24.922854       15.061057
*        -0.500000
GRID*   4913                             24.979819       14.911541
*        -0.500000
GRID*   4914                             25.036785       14.762026
*        -0.500000
GRID*   4915                             25.093750       14.612510
*        -0.500000
GRID*   4916                             25.150715       14.462994
*        -0.500000
GRID*   4917                             24.566337       16.979858
*        -0.500000
GRID*   4918                             25.479176       14.583943
*        -0.500000
GRID*   4919                             24.623302       16.830342
*        -0.500000
GRID*   4920                             24.680267       16.680826
*        -0.500000
GRID*   4921                             24.737233       16.531310
*        -0.500000
GRID*   4922                             24.794198       16.381795
*        -0.500000
GRID*   4923                             24.851163       16.232279
*        -0.500000
GRID*   4924                             24.908128       16.082763
*        -0.500000
GRID*   4925                             24.965094       15.933247
*        -0.500000
GRID*   4926                             25.022059       15.783732
*        -0.500000
GRID*   4927                             25.079024       15.634216
*        -0.500000
GRID*   4928                             25.135989       15.484700
*        -0.500000
GRID*   4929                             25.192955       15.335184
*        -0.500000
GRID*   4930                             25.249920       15.185669
*        -0.500000
GRID*   4931                             25.306885       15.036153
*        -0.500000
GRID*   4932                             25.363850       14.886637
*        -0.500000
GRID*   4933                             25.420816       14.737121
*        -0.500000
GRID*   4934                             25.477781       14.587605
*        -0.500000
GRID*   4935                             24.893403       17.104469
*        -0.500000
GRID*   4936                             25.786281       14.760945
*        -0.500000
GRID*   4937                             24.950368       16.954953
*        -0.500000
GRID*   4938                             25.007333       16.805438
*        -0.500000
GRID*   4939                             25.064298       16.655922
*        -0.500000
GRID*   4940                             25.121264       16.506406
*        -0.500000
GRID*   4941                             25.178229       16.356890
*        -0.500000
GRID*   4942                             25.235194       16.207375
*        -0.500000
GRID*   4943                             25.292159       16.057859
*        -0.500000
GRID*   4944                             25.349125       15.908343
*        -0.500000
GRID*   4945                             25.406090       15.758827
*        -0.500000
GRID*   4946                             25.463055       15.609311
*        -0.500000
GRID*   4947                             25.520020       15.459796
*        -0.500000
GRID*   4948                             25.576986       15.310280
*        -0.500000
GRID*   4949                             25.633951       15.160764
*        -0.500000
GRID*   4950                             25.690916       15.011248
*        -0.500000
GRID*   4951                             25.747881       14.861733
*        -0.500000
GRID*   4952                             25.220468       17.229081
*        -0.500000
GRID*   4953                             26.093386       14.937947
*        -0.500000
GRID*   4954                             25.277434       17.079565
*        -0.500000
GRID*   4955                             25.334399       16.930049
*        -0.500000
GRID*   4956                             25.391364       16.780533
*        -0.500000
GRID*   4957                             25.448329       16.631017
*        -0.500000
GRID*   4958                             25.505295       16.481502
*        -0.500000
GRID*   4959                             25.562260       16.331986
*        -0.500000
GRID*   4960                             25.619225       16.182470
*        -0.500000
GRID*   4961                             25.676190       16.032954
*        -0.500000
GRID*   4962                             25.733156       15.883439
*        -0.500000
GRID*   4963                             25.790121       15.733923
*        -0.500000
GRID*   4964                             25.847086       15.584407
*        -0.500000
GRID*   4965                             25.904051       15.434891
*        -0.500000
GRID*   4966                             25.961017       15.285376
*        -0.500000
GRID*   4967                             26.017982       15.135860
*        -0.500000
GRID*   4968                             26.074947       14.986344
*        -0.500000
GRID*   4969                             25.547534       17.353692
*        -0.500000
GRID*   4970                             26.400491       15.114949
*        -0.500000
GRID*   4971                             25.604499       17.204176
*        -0.500000
GRID*   4972                             25.661465       17.054660
*        -0.500000
GRID*   4973                             25.718430       16.905145
*        -0.500000
GRID*   4974                             25.775395       16.755629
*        -0.500000
GRID*   4975                             25.832360       16.606113
*        -0.500000
GRID*   4976                             25.889326       16.456597
*        -0.500000
GRID*   4977                             25.946291       16.307082
*        -0.500000
GRID*   4978                             26.003256       16.157566
*        -0.500000
GRID*   4979                             26.060221       16.008050
*        -0.500000
GRID*   4980                             26.117187       15.858534
*        -0.500000
GRID*   4981                             26.174152       15.709019
*        -0.500000
GRID*   4982                             26.231117       15.559503
*        -0.500000
GRID*   4983                             26.288082       15.409987
*        -0.500000
GRID*   4984                             26.345048       15.260471
*        -0.500000
GRID*   4985                             25.874600       17.478303
*        -0.500000
GRID*   4986                             26.707596       15.291951
*        -0.500000
GRID*   4987                             25.931565       17.328788
*        -0.500000
GRID*   4988                             25.988530       17.179272
*        -0.500000
GRID*   4989                             26.045496       17.029756
*        -0.500000
GRID*   4990                             26.102461       16.880240
*        -0.500000
GRID*   4991                             26.159426       16.730725
*        -0.500000
GRID*   4992                             26.216391       16.581209
*        -0.500000
GRID*   4993                             26.273357       16.431693
*        -0.500000
GRID*   4994                             26.330322       16.282177
*        -0.500000
GRID*   4995                             26.387287       16.132662
*        -0.500000
GRID*   4996                             26.444252       15.983146
*        -0.500000
GRID*   4997                             26.501218       15.833630
*        -0.500000
GRID*   4998                             26.558183       15.684114
*        -0.500000
GRID*   4999                             26.615148       15.534599
*        -0.500000
GRID*   5000                             26.672113       15.385083
*        -0.500000
GRID*   5001                             26.201666       17.602915
*        -0.500000
GRID*   5002                             27.014701       15.468953
*        -0.500000
GRID*   5003                             26.258631       17.453399
*        -0.500000
GRID*   5004                             26.315596       17.303883
*        -0.500000
GRID*   5005                             26.372561       17.154368
*        -0.500000
GRID*   5006                             26.429526       17.004852
*        -0.500000
GRID*   5007                             26.486492       16.855336
*        -0.500000
GRID*   5008                             26.543457       16.705820
*        -0.500000
GRID*   5009                             26.600422       16.556305
*        -0.500000
GRID*   5010                             26.657387       16.406789
*        -0.500000
GRID*   5011                             26.714353       16.257273
*        -0.500000
GRID*   5012                             26.771318       16.107757
*        -0.500000
GRID*   5013                             26.828283       15.958242
*        -0.500000
GRID*   5014                             26.885248       15.808726
*        -0.500000
GRID*   5015                             26.942214       15.659210
*        -0.500000
GRID*   5016                             26.999179       15.509694
*        -0.500000
GRID*   5017                             26.528731       17.727526
*        -0.500000
GRID*   5018                             27.321806       15.645955
*        -0.500000
GRID*   5019                             26.585696       17.578011
*        -0.500000
GRID*   5020                             26.642662       17.428495
*        -0.500000
GRID*   5021                             26.699627       17.278979
*        -0.500000
GRID*   5022                             26.756592       17.129463
*        -0.500000
GRID*   5023                             26.813557       16.979948
*        -0.500000
GRID*   5024                             26.870523       16.830432
*        -0.500000
GRID*   5025                             26.927488       16.680916
*        -0.500000
GRID*   5026                             26.984453       16.531400
*        -0.500000
GRID*   5027                             27.041418       16.381885
*        -0.500000
GRID*   5028                             27.098384       16.232369
*        -0.500000
GRID*   5029                             27.155349       16.082853
*        -0.500000
GRID*   5030                             27.212314       15.933337
*        -0.500000
GRID*   5031                             27.269279       15.783822
*        -0.500000
GRID*   5032                             26.855797       17.852138
*        -0.500000
GRID*   5033                             27.628912       15.822957
*        -0.500000
GRID*   5034                             26.912762       17.702622
*        -0.500000
GRID*   5035                             26.969727       17.553106
*        -0.500000
GRID*   5036                             27.026693       17.403591
*        -0.500000
GRID*   5037                             27.083658       17.254075
*        -0.500000
GRID*   5038                             27.140623       17.104559
*        -0.500000
GRID*   5039                             27.197588       16.955043
*        -0.500000
GRID*   5040                             27.254554       16.805528
*        -0.500000
GRID*   5041                             27.311519       16.656012
*        -0.500000
GRID*   5042                             27.368484       16.506496
*        -0.500000
GRID*   5043                             27.425449       16.356980
*        -0.500000
GRID*   5044                             27.482415       16.207465
*        -0.500000
GRID*   5045                             27.539380       16.057949
*        -0.500000
GRID*   5046                             27.596345       15.908433
*        -0.500000
GRID*   5047                             27.182863       17.976749
*        -0.500000
GRID*   5048                             27.936017       15.999959
*        -0.500000
GRID*   5049                             27.239828       17.827234
*        -0.500000
GRID*   5050                             27.296793       17.677718
*        -0.500000
GRID*   5051                             27.353758       17.528202
*        -0.500000
GRID*   5052                             27.410724       17.378686
*        -0.500000
GRID*   5053                             27.467689       17.229171
*        -0.500000
GRID*   5054                             27.524654       17.079655
*        -0.500000
GRID*   5055                             27.581619       16.930139
*        -0.500000
GRID*   5056                             27.638585       16.780623
*        -0.500000
GRID*   5057                             27.695550       16.631108
*        -0.500000
GRID*   5058                             27.752515       16.481592
*        -0.500000
GRID*   5059                             27.809480       16.332076
*        -0.500000
GRID*   5060                             27.866446       16.182560
*        -0.500000
GRID*   5061                             27.923411       16.033045
*        -0.500000
GRID*   5062                             27.509928       18.101361
*        -0.500000
GRID*   5063                             28.243122       16.176961
*        -0.500000
GRID*   5064                             27.566894       17.951845
*        -0.500000
GRID*   5065                             27.623859       17.802329
*        -0.500000
GRID*   5066                             27.680824       17.652814
*        -0.500000
GRID*   5067                             27.737789       17.503298
*        -0.500000
GRID*   5068                             27.794755       17.353782
*        -0.500000
GRID*   5069                             27.851720       17.204266
*        -0.500000
GRID*   5070                             27.908685       17.054751
*        -0.500000
GRID*   5071                             27.965650       16.905235
*        -0.500000
GRID*   5072                             28.022616       16.755719
*        -0.500000
GRID*   5073                             28.079581       16.606203
*        -0.500000
GRID*   5074                             28.136546       16.456688
*        -0.500000
GRID*   5075                             28.193511       16.307172
*        -0.500000
GRID*   5076                             27.836994       18.225972
*        -0.500000
GRID*   5077                             28.550227       16.353962
*        -0.500000
GRID*   5078                             27.893959       18.076457
*        -0.500000
GRID*   5079                             27.950925       17.926941
*        -0.500000
GRID*   5080                             28.007890       17.777425
*        -0.500000
GRID*   5081                             28.064855       17.627909
*        -0.500000
GRID*   5082                             28.121820       17.478394
*        -0.500000
GRID*   5083                             28.178786       17.328878
*        -0.500000
GRID*   5084                             28.235751       17.179362
*        -0.500000
GRID*   5085                             28.292716       17.029846
*        -0.500000
GRID*   5086                             28.349681       16.880331
*        -0.500000
GRID*   5087                             28.406647       16.730815
*        -0.500000
GRID*   5088                             28.463612       16.581299
*        -0.500000
GRID*   5089                             28.520577       16.431783
*        -0.500000
GRID*   5090                             28.164060       18.350584
*        -0.500000
GRID*   5091                             28.857332       16.530964
*        -0.500000
GRID*   5092                             28.221025       18.201068
*        -0.500000
GRID*   5093                             28.277990       18.051552
*        -0.500000
GRID*   5094                             28.334956       17.902037
*        -0.500000
GRID*   5095                             28.391921       17.752521
*        -0.500000
GRID*   5096                             28.448886       17.603005
*        -0.500000
GRID*   5097                             28.505851       17.453489
*        -0.500000
GRID*   5098                             28.562817       17.303974
*        -0.500000
GRID*   5099                             28.619782       17.154458
*        -0.500000
GRID*   5100                             28.676747       17.004942
*        -0.500000
GRID*   5101                             28.733712       16.855426
*        -0.500000
GRID*   5102                             28.790677       16.705911
*        -0.500000
GRID*   5103                             28.847643       16.556395
*        -0.500000
GRID*   5104                             28.491125       18.475195
*        -0.500000
GRID*   5105                             29.164437       16.707966
*        -0.500000
GRID*   5106                             28.548091       18.325680
*        -0.500000
GRID*   5107                             28.605056       18.176164
*        -0.500000
GRID*   5108                             28.662021       18.026648
*        -0.500000
GRID*   5109                             28.718986       17.877132
*        -0.500000
GRID*   5110                             28.775952       17.727617
*        -0.500000
GRID*   5111                             28.832917       17.578101
*        -0.500000
GRID*   5112                             28.889882       17.428585
*        -0.500000
GRID*   5113                             28.946847       17.279069
*        -0.500000
GRID*   5114                             29.003813       17.129554
*        -0.500000
GRID*   5115                             29.060778       16.980038
*        -0.500000
GRID*   5116                             29.117743       16.830522
*        -0.500000
GRID*   5117                             28.818191       18.599807
*        -0.500000
GRID*   5118                             29.471542       16.884968
*        -0.500000
GRID*   5119                             28.875156       18.450291
*        -0.500000
GRID*   5120                             28.932122       18.300775
*        -0.500000
GRID*   5121                             28.989087       18.151260
*        -0.500000
GRID*   5122                             29.046052       18.001744
*        -0.500000
GRID*   5123                             29.103017       17.852228
*        -0.500000
GRID*   5124                             29.159983       17.702712
*        -0.500000
GRID*   5125                             29.216948       17.553196
*        -0.500000
GRID*   5126                             29.273913       17.403681
*        -0.500000
GRID*   5127                             29.330878       17.254165
*        -0.500000
GRID*   5128                             29.387844       17.104649
*        -0.500000
GRID*   5129                             29.444809       16.955133
*        -0.500000
GRID*   5130                             29.145257       18.724418
*        -0.500000
GRID*   5131                             29.778647       17.061970
*        -0.500000
GRID*   5132                             29.202222       18.574902
*        -0.500000
GRID*   5133                             29.259187       18.425387
*        -0.500000
GRID*   5134                             29.316153       18.275871
*        -0.500000
GRID*   5135                             29.373118       18.126355
*        -0.500000
GRID*   5136                             29.430083       17.976839
*        -0.500000
GRID*   5137                             29.487048       17.827324
*        -0.500000
GRID*   5138                             29.544014       17.677808
*        -0.500000
GRID*   5139                             29.600979       17.528292
*        -0.500000
GRID*   5140                             29.657944       17.378776
*        -0.500000
GRID*   5141                             29.714909       17.229261
*        -0.500000
GRID*   5142                             29.771875       17.079745
*        -0.500000
GRID*   5143                             29.472323       18.849030
*        -0.500000
GRID*   5144                             30.085752       17.238972
*        -0.500000
GRID*   5145                             29.529288       18.699514
*        -0.500000
GRID*   5146                             29.586253       18.549998
*        -0.500000
GRID*   5147                             29.643218       18.400482
*        -0.500000
GRID*   5148                             29.700184       18.250967
*        -0.500000
GRID*   5149                             29.757149       18.101451
*        -0.500000
GRID*   5150                             29.814114       17.951935
*        -0.500000
GRID*   5151                             29.871079       17.802419
*        -0.500000
GRID*   5152                             29.928045       17.652904
*        -0.500000
GRID*   5153                             29.985010       17.503388
*        -0.500000
GRID*   5154                             30.041975       17.353872
*        -0.500000
GRID*   5155                             29.799388       18.973641
*        -0.500000
GRID*   5156                             30.392857       17.415974
*        -0.500000
GRID*   5157                             29.856354       18.824125
*        -0.500000
GRID*   5158                             29.913319       18.674610
*        -0.500000
GRID*   5159                             29.970284       18.525094
*        -0.500000
GRID*   5160                             30.027249       18.375578
*        -0.500000
GRID*   5161                             30.084215       18.226062
*        -0.500000
GRID*   5162                             30.141180       18.076547
*        -0.500000
GRID*   5163                             30.198145       17.927031
*        -0.500000
GRID*   5164                             30.255110       17.777515
*        -0.500000
GRID*   5165                             30.312076       17.627999
*        -0.500000
GRID*   5166                             30.369041       17.478484
*        -0.500000
GRID*   5167                             30.126454       19.098253
*        -0.500000
GRID*   5168                             30.699962       17.592976
*        -0.500000
GRID*   5169                             30.183419       18.948737
*        -0.500000
GRID*   5170                             30.240385       18.799221
*        -0.500000
GRID*   5171                             30.297350       18.649705
*        -0.500000
GRID*   5172                             30.354315       18.500190
*        -0.500000
GRID*   5173                             30.411280       18.350674
*        -0.500000
GRID*   5174                             30.468246       18.201158
*        -0.500000
GRID*   5175                             30.525211       18.051642
*        -0.500000
GRID*   5176                             30.582176       17.902127
*        -0.500000
GRID*   5177                             30.639141       17.752611
*        -0.500000
GRID*   5178                             30.696107       17.603095
*        -0.500000
GRID*   5179                             30.453520       19.222864
*        -0.500000
GRID*   5180                             31.007067       17.769978
*        -0.500000
GRID*   5181                             30.510485       19.073348
*        -0.500000
GRID*   5182                             30.567450       18.923833
*        -0.500000
GRID*   5183                             30.624415       18.774317
*        -0.500000
GRID*   5184                             30.681381       18.624801
*        -0.500000
GRID*   5185                             30.738346       18.475285
*        -0.500000
GRID*   5186                             30.795311       18.325770
*        -0.500000
GRID*   5187                             30.852276       18.176254
*        -0.500000
GRID*   5188                             30.909242       18.026738
*        -0.500000
GRID*   5189                             30.966207       17.877222
*        -0.500000
GRID*   5190                             30.780585       19.347476
*        -0.500000
GRID*   5191                             31.314172       17.946980
*        -0.500000
GRID*   5192                             30.837551       19.197960
*        -0.500000
GRID*   5193                             30.894516       19.048444
*        -0.500000
GRID*   5194                             30.951481       18.898928
*        -0.500000
GRID*   5195                             31.008446       18.749413
*        -0.500000
GRID*   5196                             31.065412       18.599897
*        -0.500000
GRID*   5197                             31.122377       18.450381
*        -0.500000
GRID*   5198                             31.179342       18.300865
*        -0.500000
GRID*   5199                             31.236307       18.151350
*        -0.500000
GRID*   5200                             31.293273       18.001834
*        -0.500000
GRID*   5201                             31.107651       19.472087
*        -0.500000
GRID*   5202                             31.621277       18.123982
*        -0.500000
GRID*   5203                             31.164616       19.322571
*        -0.500000
GRID*   5204                             31.221582       19.173056
*        -0.500000
GRID*   5205                             31.278547       19.023540
*        -0.500000
GRID*   5206                             31.335512       18.874024
*        -0.500000
GRID*   5207                             31.392477       18.724508
*        -0.500000
GRID*   5208                             31.449443       18.574993
*        -0.500000
GRID*   5209                             31.506408       18.425477
*        -0.500000
GRID*   5210                             31.563373       18.275961
*        -0.500000
GRID*   5211                             31.620338       18.126445
*        -0.500000
GRID*   5212                             2.980000       3.840222
*        -0.500000
GRID*   5213                             3.674719       2.016806
*        -0.500000
GRID*   5214                             2.996664       3.796486
*        -0.500000
GRID*   5215                             3.053629       3.646970
*        -0.500000
GRID*   5216                             3.110594       3.497454
*        -0.500000
GRID*   5217                             3.167559       3.347938
*        -0.500000
GRID*   5218                             3.224525       3.198423
*        -0.500000
GRID*   5219                             3.281490       3.048907
*        -0.500000
GRID*   5220                             3.338455       2.899391
*        -0.500000
GRID*   5221                             3.395420       2.749875
*        -0.500000
GRID*   5222                             3.452386       2.600360
*        -0.500000
GRID*   5223                             3.509351       2.450844
*        -0.500000
GRID*   5224                             3.566316       2.301328
*        -0.500000
GRID*   5225                             3.623281       2.151812
*        -0.500000
GRID*   5226                             2.980000       1.616400
*        -0.500000
GRID*   5227                             0.000000       8.755500
*        -0.500000
GRID*   5228                             0.000000       1.616400
*        -0.500000
GRID*   5229                             0.000000       8.584281
*        -0.500000
GRID*   5230                             0.000000       8.413061
*        -0.500000
GRID*   5231                             0.000000       8.241842
*        -0.500000
GRID*   5232                             0.000000       8.070622
*        -0.500000
GRID*   5233                             0.000000       7.899403
*        -0.500000
GRID*   5234                             0.000000       7.728184
*        -0.500000
GRID*   5235                             0.000000       7.556964
*        -0.500000
GRID*   5236                             0.000000       7.385745
*        -0.500000
GRID*   5237                             0.000000       7.214525
*        -0.500000
GRID*   5238                             0.000000       7.043306
*        -0.500000
GRID*   5239                             0.000000       6.872086
*        -0.500000
GRID*   5240                             0.000000       6.700867
*        -0.500000
GRID*   5241                             0.000000       6.529648
*        -0.500000
GRID*   5242                             0.000000       6.358428
*        -0.500000
GRID*   5243                             0.000000       6.187209
*        -0.500000
GRID*   5244                             0.000000       6.015989
*        -0.500000
GRID*   5245                             0.000000       5.844770
*        -0.500000
GRID*   5246                             0.000000       5.673551
*        -0.500000
GRID*   5247                             0.000000       5.502331
*        -0.500000
GRID*   5248                             0.000000       5.331112
*        -0.500000
GRID*   5249                             0.000000       5.159892
*        -0.500000
GRID*   5250                             0.000000       4.988673
*        -0.500000
GRID*   5251                             0.000000       4.817453
*        -0.500000
GRID*   5252                             0.000000       4.646234
*        -0.500000
GRID*   5253                             0.000000       4.475015
*        -0.500000
GRID*   5254                             0.000000       4.303795
*        -0.500000
GRID*   5255                             0.000000       4.132576
*        -0.500000
GRID*   5256                             0.000000       3.961356
*        -0.500000
GRID*   5257                             0.000000       3.790137
*        -0.500000
GRID*   5258                             0.000000       3.618918
*        -0.500000
GRID*   5259                             0.000000       3.447698
*        -0.500000
GRID*   5260                             0.000000       3.276479
*        -0.500000
GRID*   5261                             0.000000       3.105259
*        -0.500000
GRID*   5262                             0.000000       2.934040
*        -0.500000
GRID*   5263                             0.000000       2.762820
*        -0.500000
GRID*   5264                             0.000000       2.591601
*        -0.500000
GRID*   5265                             0.000000       2.420382
*        -0.500000
GRID*   5266                             0.000000       2.249162
*        -0.500000
GRID*   5267                             0.000000       2.077943
*        -0.500000
GRID*   5268                             0.000000       1.906723
*        -0.500000
GRID*   5269                             0.440000       8.755500
*        -0.500000
GRID*   5270                             0.440000       1.616400
*        -0.500000
GRID*   5271                             0.440000       8.584281
*        -0.500000
GRID*   5272                             0.440000       8.413061
*        -0.500000
GRID*   5273                             0.440000       8.241842
*        -0.500000
GRID*   5274                             0.440000       8.070622
*        -0.500000
GRID*   5275                             0.440000       7.899403
*        -0.500000
GRID*   5276                             0.440000       7.728184
*        -0.500000
GRID*   5277                             0.440000       7.556964
*        -0.500000
GRID*   5278                             0.440000       7.385745
*        -0.500000
GRID*   5279                             0.440000       7.214525
*        -0.500000
GRID*   5280                             0.440000       7.043306
*        -0.500000
GRID*   5281                             0.440000       6.872086
*        -0.500000
GRID*   5282                             0.440000       6.700867
*        -0.500000
GRID*   5283                             0.440000       6.529648
*        -0.500000
GRID*   5284                             0.440000       6.358428
*        -0.500000
GRID*   5285                             0.440000       6.187209
*        -0.500000
GRID*   5286                             0.440000       6.015989
*        -0.500000
GRID*   5287                             0.440000       5.844770
*        -0.500000
GRID*   5288                             0.440000       5.673551
*        -0.500000
GRID*   5289                             0.440000       5.502331
*        -0.500000
GRID*   5290                             0.440000       5.331112
*        -0.500000
GRID*   5291                             0.440000       5.159892
*        -0.500000
GRID*   5292                             0.440000       4.988673
*        -0.500000
GRID*   5293                             0.440000       4.817453
*        -0.500000
GRID*   5294                             0.440000       4.646234
*        -0.500000
GRID*   5295                             0.440000       4.475015
*        -0.500000
GRID*   5296                             0.440000       4.303795
*        -0.500000
GRID*   5297                             0.440000       4.132576
*        -0.500000
GRID*   5298                             0.440000       3.961356
*        -0.500000
GRID*   5299                             0.440000       3.790137
*        -0.500000
GRID*   5300                             0.440000       3.618918
*        -0.500000
GRID*   5301                             0.440000       3.447698
*        -0.500000
GRID*   5302                             0.440000       3.276479
*        -0.500000
GRID*   5303                             0.440000       3.105259
*        -0.500000
GRID*   5304                             0.440000       2.934040
*        -0.500000
GRID*   5305                             0.440000       2.762820
*        -0.500000
GRID*   5306                             0.440000       2.591601
*        -0.500000
GRID*   5307                             0.440000       2.420382
*        -0.500000
GRID*   5308                             0.440000       2.249162
*        -0.500000
GRID*   5309                             0.440000       2.077943
*        -0.500000
GRID*   5310                             0.440000       1.906723
*        -0.500000
GRID*   5311                             0.880000       8.755500
*        -0.500000
GRID*   5312                             0.880000       1.616400
*        -0.500000
GRID*   5313                             0.880000       8.584281
*        -0.500000
GRID*   5314                             0.880000       8.413061
*        -0.500000
GRID*   5315                             0.880000       8.241842
*        -0.500000
GRID*   5316                             0.880000       8.070622
*        -0.500000
GRID*   5317                             0.880000       7.899403
*        -0.500000
GRID*   5318                             0.880000       7.728184
*        -0.500000
GRID*   5319                             0.880000       7.556964
*        -0.500000
GRID*   5320                             0.880000       7.385745
*        -0.500000
GRID*   5321                             0.880000       7.214525
*        -0.500000
GRID*   5322                             0.880000       7.043306
*        -0.500000
GRID*   5323                             0.880000       6.872086
*        -0.500000
GRID*   5324                             0.880000       6.700867
*        -0.500000
GRID*   5325                             0.880000       6.529648
*        -0.500000
GRID*   5326                             0.880000       6.358428
*        -0.500000
GRID*   5327                             0.880000       6.187209
*        -0.500000
GRID*   5328                             0.880000       6.015989
*        -0.500000
GRID*   5329                             0.880000       5.844770
*        -0.500000
GRID*   5330                             0.880000       5.673551
*        -0.500000
GRID*   5331                             0.880000       5.502331
*        -0.500000
GRID*   5332                             0.880000       5.331112
*        -0.500000
GRID*   5333                             0.880000       5.159892
*        -0.500000
GRID*   5334                             0.880000       4.988673
*        -0.500000
GRID*   5335                             0.880000       4.817453
*        -0.500000
GRID*   5336                             0.880000       4.646234
*        -0.500000
GRID*   5337                             0.880000       4.475015
*        -0.500000
GRID*   5338                             0.880000       4.303795
*        -0.500000
GRID*   5339                             0.880000       4.132576
*        -0.500000
GRID*   5340                             0.880000       3.961356
*        -0.500000
GRID*   5341                             0.880000       3.790137
*        -0.500000
GRID*   5342                             0.880000       3.618918
*        -0.500000
GRID*   5343                             0.880000       3.447698
*        -0.500000
GRID*   5344                             0.880000       3.276479
*        -0.500000
GRID*   5345                             0.880000       3.105259
*        -0.500000
GRID*   5346                             0.880000       2.934040
*        -0.500000
GRID*   5347                             0.880000       2.762820
*        -0.500000
GRID*   5348                             0.880000       2.591601
*        -0.500000
GRID*   5349                             0.880000       2.420382
*        -0.500000
GRID*   5350                             0.880000       2.249162
*        -0.500000
GRID*   5351                             0.880000       2.077943
*        -0.500000
GRID*   5352                             0.880000       1.906723
*        -0.500000
GRID*   5353                             1.230000       8.755500
*        -0.500000
GRID*   5354                             1.230000       1.616400
*        -0.500000
GRID*   5355                             1.230000       8.584281
*        -0.500000
GRID*   5356                             1.230000       8.413061
*        -0.500000
GRID*   5357                             1.230000       8.241842
*        -0.500000
GRID*   5358                             1.230000       8.070622
*        -0.500000
GRID*   5359                             1.230000       7.899403
*        -0.500000
GRID*   5360                             1.230000       7.728184
*        -0.500000
GRID*   5361                             1.230000       7.556964
*        -0.500000
GRID*   5362                             1.230000       7.385745
*        -0.500000
GRID*   5363                             1.230000       7.214525
*        -0.500000
GRID*   5364                             1.230000       7.043306
*        -0.500000
GRID*   5365                             1.230000       6.872086
*        -0.500000
GRID*   5366                             1.230000       6.700867
*        -0.500000
GRID*   5367                             1.230000       6.529648
*        -0.500000
GRID*   5368                             1.230000       6.358428
*        -0.500000
GRID*   5369                             1.230000       6.187209
*        -0.500000
GRID*   5370                             1.230000       6.015989
*        -0.500000
GRID*   5371                             1.230000       5.844770
*        -0.500000
GRID*   5372                             1.230000       5.673551
*        -0.500000
GRID*   5373                             1.230000       5.502331
*        -0.500000
GRID*   5374                             1.230000       5.331112
*        -0.500000
GRID*   5375                             1.230000       5.159892
*        -0.500000
GRID*   5376                             1.230000       4.988673
*        -0.500000
GRID*   5377                             1.230000       4.817453
*        -0.500000
GRID*   5378                             1.230000       4.646234
*        -0.500000
GRID*   5379                             1.230000       4.475015
*        -0.500000
GRID*   5380                             1.230000       4.303795
*        -0.500000
GRID*   5381                             1.230000       4.132576
*        -0.500000
GRID*   5382                             1.230000       3.961356
*        -0.500000
GRID*   5383                             1.230000       3.790137
*        -0.500000
GRID*   5384                             1.230000       3.618918
*        -0.500000
GRID*   5385                             1.230000       3.447698
*        -0.500000
GRID*   5386                             1.230000       3.276479
*        -0.500000
GRID*   5387                             1.230000       3.105259
*        -0.500000
GRID*   5388                             1.230000       2.934040
*        -0.500000
GRID*   5389                             1.230000       2.762820
*        -0.500000
GRID*   5390                             1.230000       2.591601
*        -0.500000
GRID*   5391                             1.230000       2.420382
*        -0.500000
GRID*   5392                             1.230000       2.249162
*        -0.500000
GRID*   5393                             1.230000       2.077943
*        -0.500000
GRID*   5394                             1.230000       1.906723
*        -0.500000
GRID*   5395                             1.580000       8.755500
*        -0.500000
GRID*   5396                             1.580000       1.616400
*        -0.500000
GRID*   5397                             1.580000       8.584281
*        -0.500000
GRID*   5398                             1.580000       8.413061
*        -0.500000
GRID*   5399                             1.580000       8.241842
*        -0.500000
GRID*   5400                             1.580000       8.070622
*        -0.500000
GRID*   5401                             1.580000       7.899403
*        -0.500000
GRID*   5402                             1.580000       7.728184
*        -0.500000
GRID*   5403                             1.580000       7.556964
*        -0.500000
GRID*   5404                             1.580000       7.385745
*        -0.500000
GRID*   5405                             1.580000       7.214525
*        -0.500000
GRID*   5406                             1.580000       7.043306
*        -0.500000
GRID*   5407                             1.580000       6.872086
*        -0.500000
GRID*   5408                             1.580000       6.700867
*        -0.500000
GRID*   5409                             1.580000       6.529648
*        -0.500000
GRID*   5410                             1.580000       6.358428
*        -0.500000
GRID*   5411                             1.580000       6.187209
*        -0.500000
GRID*   5412                             1.580000       6.015989
*        -0.500000
GRID*   5413                             1.580000       5.844770
*        -0.500000
GRID*   5414                             1.580000       5.673551
*        -0.500000
GRID*   5415                             1.580000       5.502331
*        -0.500000
GRID*   5416                             1.580000       5.331112
*        -0.500000
GRID*   5417                             1.580000       5.159892
*        -0.500000
GRID*   5418                             1.580000       4.988673
*        -0.500000
GRID*   5419                             1.580000       4.817453
*        -0.500000
GRID*   5420                             1.580000       4.646234
*        -0.500000
GRID*   5421                             1.580000       4.475015
*        -0.500000
GRID*   5422                             1.580000       4.303795
*        -0.500000
GRID*   5423                             1.580000       4.132576
*        -0.500000
GRID*   5424                             1.580000       3.961356
*        -0.500000
GRID*   5425                             1.580000       3.790137
*        -0.500000
GRID*   5426                             1.580000       3.618918
*        -0.500000
GRID*   5427                             1.580000       3.447698
*        -0.500000
GRID*   5428                             1.580000       3.276479
*        -0.500000
GRID*   5429                             1.580000       3.105259
*        -0.500000
GRID*   5430                             1.580000       2.934040
*        -0.500000
GRID*   5431                             1.580000       2.762820
*        -0.500000
GRID*   5432                             1.580000       2.591601
*        -0.500000
GRID*   5433                             1.580000       2.420382
*        -0.500000
GRID*   5434                             1.580000       2.249162
*        -0.500000
GRID*   5435                             1.580000       2.077943
*        -0.500000
GRID*   5436                             1.580000       1.906723
*        -0.500000
GRID*   5437                             1.930000       8.755500
*        -0.500000
GRID*   5438                             1.930000       1.616400
*        -0.500000
GRID*   5439                             1.930000       8.584281
*        -0.500000
GRID*   5440                             1.930000       8.413061
*        -0.500000
GRID*   5441                             1.930000       8.241842
*        -0.500000
GRID*   5442                             1.930000       8.070622
*        -0.500000
GRID*   5443                             1.930000       7.899403
*        -0.500000
GRID*   5444                             1.930000       7.728184
*        -0.500000
GRID*   5445                             1.930000       7.556964
*        -0.500000
GRID*   5446                             1.930000       7.385745
*        -0.500000
GRID*   5447                             1.930000       7.214525
*        -0.500000
GRID*   5448                             1.930000       7.043306
*        -0.500000
GRID*   5449                             1.930000       6.872086
*        -0.500000
GRID*   5450                             1.930000       6.700867
*        -0.500000
GRID*   5451                             1.930000       6.529648
*        -0.500000
GRID*   5452                             1.930000       6.358428
*        -0.500000
GRID*   5453                             1.930000       6.187209
*        -0.500000
GRID*   5454                             1.930000       6.015989
*        -0.500000
GRID*   5455                             1.930000       5.844770
*        -0.500000
GRID*   5456                             1.930000       5.673551
*        -0.500000
GRID*   5457                             1.930000       5.502331
*        -0.500000
GRID*   5458                             1.930000       5.331112
*        -0.500000
GRID*   5459                             1.930000       5.159892
*        -0.500000
GRID*   5460                             1.930000       4.988673
*        -0.500000
GRID*   5461                             1.930000       4.817453
*        -0.500000
GRID*   5462                             1.930000       4.646234
*        -0.500000
GRID*   5463                             1.930000       4.475015
*        -0.500000
GRID*   5464                             1.930000       4.303795
*        -0.500000
GRID*   5465                             1.930000       4.132576
*        -0.500000
GRID*   5466                             1.930000       3.961356
*        -0.500000
GRID*   5467                             1.930000       3.790137
*        -0.500000
GRID*   5468                             1.930000       3.618918
*        -0.500000
GRID*   5469                             1.930000       3.447698
*        -0.500000
GRID*   5470                             1.930000       3.276479
*        -0.500000
GRID*   5471                             1.930000       3.105259
*        -0.500000
GRID*   5472                             1.930000       2.934040
*        -0.500000
GRID*   5473                             1.930000       2.762820
*        -0.500000
GRID*   5474                             1.930000       2.591601
*        -0.500000
GRID*   5475                             1.930000       2.420382
*        -0.500000
GRID*   5476                             1.930000       2.249162
*        -0.500000
GRID*   5477                             1.930000       2.077943
*        -0.500000
GRID*   5478                             1.930000       1.906723
*        -0.500000
GRID*   5479                             2.280000       8.755500
*        -0.500000
GRID*   5480                             2.280000       1.616400
*        -0.500000
GRID*   5481                             2.280000       8.584281
*        -0.500000
GRID*   5482                             2.280000       8.413061
*        -0.500000
GRID*   5483                             2.280000       8.241842
*        -0.500000
GRID*   5484                             2.280000       8.070622
*        -0.500000
GRID*   5485                             2.280000       7.899403
*        -0.500000
GRID*   5486                             2.280000       7.728184
*        -0.500000
GRID*   5487                             2.280000       7.556964
*        -0.500000
GRID*   5488                             2.280000       7.385745
*        -0.500000
GRID*   5489                             2.280000       7.214525
*        -0.500000
GRID*   5490                             2.280000       7.043306
*        -0.500000
GRID*   5491                             2.280000       6.872086
*        -0.500000
GRID*   5492                             2.280000       6.700867
*        -0.500000
GRID*   5493                             2.280000       6.529648
*        -0.500000
GRID*   5494                             2.280000       6.358428
*        -0.500000
GRID*   5495                             2.280000       6.187209
*        -0.500000
GRID*   5496                             2.280000       6.015989
*        -0.500000
GRID*   5497                             2.280000       5.844770
*        -0.500000
GRID*   5498                             2.280000       5.673551
*        -0.500000
GRID*   5499                             2.280000       5.502331
*        -0.500000
GRID*   5500                             2.280000       5.331112
*        -0.500000
GRID*   5501                             2.280000       5.159892
*        -0.500000
GRID*   5502                             2.280000       4.988673
*        -0.500000
GRID*   5503                             2.280000       4.817453
*        -0.500000
GRID*   5504                             2.280000       4.646234
*        -0.500000
GRID*   5505                             2.280000       4.475015
*        -0.500000
GRID*   5506                             2.280000       4.303795
*        -0.500000
GRID*   5507                             2.280000       4.132576
*        -0.500000
GRID*   5508                             2.280000       3.961356
*        -0.500000
GRID*   5509                             2.280000       3.790137
*        -0.500000
GRID*   5510                             2.280000       3.618918
*        -0.500000
GRID*   5511                             2.280000       3.447698
*        -0.500000
GRID*   5512                             2.280000       3.276479
*        -0.500000
GRID*   5513                             2.280000       3.105259
*        -0.500000
GRID*   5514                             2.280000       2.934040
*        -0.500000
GRID*   5515                             2.280000       2.762820
*        -0.500000
GRID*   5516                             2.280000       2.591601
*        -0.500000
GRID*   5517                             2.280000       2.420382
*        -0.500000
GRID*   5518                             2.280000       2.249162
*        -0.500000
GRID*   5519                             2.280000       2.077943
*        -0.500000
GRID*   5520                             2.280000       1.906723
*        -0.500000
GRID*   5521                             2.630000       8.755500
*        -0.500000
GRID*   5522                             2.630000       1.616400
*        -0.500000
GRID*   5523                             2.630000       8.584281
*        -0.500000
GRID*   5524                             2.630000       8.413061
*        -0.500000
GRID*   5525                             2.630000       8.241842
*        -0.500000
GRID*   5526                             2.630000       8.070622
*        -0.500000
GRID*   5527                             2.630000       7.899403
*        -0.500000
GRID*   5528                             2.630000       7.728184
*        -0.500000
GRID*   5529                             2.630000       7.556964
*        -0.500000
GRID*   5530                             2.630000       7.385745
*        -0.500000
GRID*   5531                             2.630000       7.214525
*        -0.500000
GRID*   5532                             2.630000       7.043306
*        -0.500000
GRID*   5533                             2.630000       6.872086
*        -0.500000
GRID*   5534                             2.630000       6.700867
*        -0.500000
GRID*   5535                             2.630000       6.529648
*        -0.500000
GRID*   5536                             2.630000       6.358428
*        -0.500000
GRID*   5537                             2.630000       6.187209
*        -0.500000
GRID*   5538                             2.630000       6.015989
*        -0.500000
GRID*   5539                             2.630000       5.844770
*        -0.500000
GRID*   5540                             2.630000       5.673551
*        -0.500000
GRID*   5541                             2.630000       5.502331
*        -0.500000
GRID*   5542                             2.630000       5.331112
*        -0.500000
GRID*   5543                             2.630000       5.159892
*        -0.500000
GRID*   5544                             2.630000       4.988673
*        -0.500000
GRID*   5545                             2.630000       4.817453
*        -0.500000
GRID*   5546                             2.630000       4.646234
*        -0.500000
GRID*   5547                             2.630000       4.475015
*        -0.500000
GRID*   5548                             2.630000       4.303795
*        -0.500000
GRID*   5549                             2.630000       4.132576
*        -0.500000
GRID*   5550                             2.630000       3.961356
*        -0.500000
GRID*   5551                             2.630000       3.790137
*        -0.500000
GRID*   5552                             2.630000       3.618918
*        -0.500000
GRID*   5553                             2.630000       3.447698
*        -0.500000
GRID*   5554                             2.630000       3.276479
*        -0.500000
GRID*   5555                             2.630000       3.105259
*        -0.500000
GRID*   5556                             2.630000       2.934040
*        -0.500000
GRID*   5557                             2.630000       2.762820
*        -0.500000
GRID*   5558                             2.630000       2.591601
*        -0.500000
GRID*   5559                             2.630000       2.420382
*        -0.500000
GRID*   5560                             2.630000       2.249162
*        -0.500000
GRID*   5561                             2.630000       2.077943
*        -0.500000
GRID*   5562                             2.630000       1.906723
*        -0.500000
GRID*   5563                             2.980000       8.755500
*        -0.500000
GRID*   5564                             2.980000       1.616400
*        -0.500000
GRID*   5565                             2.980000       8.584281
*        -0.500000
GRID*   5566                             2.980000       8.413061
*        -0.500000
GRID*   5567                             2.980000       8.241842
*        -0.500000
GRID*   5568                             2.980000       8.070622
*        -0.500000
GRID*   5569                             2.980000       7.899403
*        -0.500000
GRID*   5570                             2.980000       7.728184
*        -0.500000
GRID*   5571                             2.980000       7.556964
*        -0.500000
GRID*   5572                             2.980000       7.385745
*        -0.500000
GRID*   5573                             2.980000       7.214525
*        -0.500000
GRID*   5574                             2.980000       7.043306
*        -0.500000
GRID*   5575                             2.980000       6.872086
*        -0.500000
GRID*   5576                             2.980000       6.700867
*        -0.500000
GRID*   5577                             2.980000       6.529648
*        -0.500000
GRID*   5578                             2.980000       6.358428
*        -0.500000
GRID*   5579                             2.980000       6.187209
*        -0.500000
GRID*   5580                             2.980000       6.015989
*        -0.500000
GRID*   5581                             2.980000       5.844770
*        -0.500000
GRID*   5582                             2.980000       5.673551
*        -0.500000
GRID*   5583                             2.980000       5.502331
*        -0.500000
GRID*   5584                             2.980000       5.331112
*        -0.500000
GRID*   5585                             2.980000       5.159892
*        -0.500000
GRID*   5586                             2.980000       4.988673
*        -0.500000
GRID*   5587                             2.980000       4.817453
*        -0.500000
GRID*   5588                             2.980000       4.646234
*        -0.500000
GRID*   5589                             2.980000       4.475015
*        -0.500000
GRID*   5590                             2.980000       4.303795
*        -0.500000
GRID*   5591                             2.980000       4.132576
*        -0.500000
GRID*   5592                             2.980000       3.961356
*        -0.500000
GRID*   5593                             2.980000       3.790137
*        -0.500000
GRID*   5594                             2.980000       3.618918
*        -0.500000
GRID*   5595                             2.980000       3.447698
*        -0.500000
GRID*   5596                             2.980000       3.276479
*        -0.500000
GRID*   5597                             2.980000       3.105259
*        -0.500000
GRID*   5598                             2.980000       2.934040
*        -0.500000
GRID*   5599                             2.980000       2.762820
*        -0.500000
GRID*   5600                             2.980000       2.591601
*        -0.500000
GRID*   5601                             2.980000       2.420382
*        -0.500000
GRID*   5602                             2.980000       2.249162
*        -0.500000
GRID*   5603                             2.980000       2.077943
*        -0.500000
GRID*   5604                             2.980000       1.906723
*        -0.500000
ENDDATA
