x,y,z
31.6357177516464,18.1323048323686,0.01
30.7592787611228,17.6271636565544,0.01
29.8828397705992,17.1220224807403,0.01
29.0064007800756,16.6168813049261,0.01
28.129961789552,16.111740129112,0.01
27.2535227990283,15.6065989532978,0.01
26.3770838085047,15.1014577774836,0.01
25.5006448179811,14.5963166016695,0.01
24.6242058274575,14.0911754258553,0.01
23.7477668369339,13.5860342500412,0.01
22.8713278464103,13.080893074227,0.01
21.9948888558866,12.5757518984129,0.01
21.118449865363,12.0706107225987,0.01
20.2420108748394,11.5654695467845,0.01
19.3655718843158,11.0603283709704,0.01
18.4891328937922,10.5551871951562,0.01
17.6126939032685,10.0500460193421,0.01
16.7362549127449,9.54490484352792,0.01
15.8598159222213,9.03976366771376,0.01
14.9833769316977,8.53462249189961,0.01
14.1069379411741,8.02948131608545,0.01
13.2304989506505,7.5243401402713,0.01
12.3540599601268,7.01919896445714,0.01
11.4776209696032,6.51405778864298,0.01
10.6011819790796,6.00891661282883,0.01
9.72474298855598,5.50377543701467,0.01
8.84830399803236,4.99863426120052,0.01
7.97186500750874,4.49349308538636,0.01
7.09542601698513,3.98835190957221,0.01
6.2189870264615,3.48321073375805,0.01
5.34254803593789,2.97806955794389,0.01
4.46610904541427,2.47292838212974,0.01
2.98,8.58428058428197,0.01
2.98,8.41306116856395,0.01
2.98,8.24184175284592,0.01
2.98,8.07062233712789,0.01
2.98,7.89940292140987,0.01
2.98,7.72818350569184,0.01
2.98,7.55696408997381,0.01
2.98,7.38574467425578,0.01
2.98,7.21452525853776,0.01
2.98,7.04330584281973,0.01
2.98,6.8720864271017,0.01
2.98,6.70086701138368,0.01
2.98,6.52964759566565,0.01
2.98,6.35842817994762,0.01
2.98,6.18720876422959,0.01
2.98,6.01598934851157,0.01
2.98,5.84476993279354,0.01
2.98,5.67355051707551,0.01
2.98,5.50233110135749,0.01
2.98,5.33111168563946,0.01
2.98,5.15989226992143,0.01
2.98,4.9886728542034,0.01
2.98,4.81745343848538,0.01
2.98,4.64623402276735,0.01
2.98,4.47501460704932,0.01
2.98,4.3037951913313,0.01
2.98,4.13257577561327,0.01
2.98,3.96135635989524,0.01
2.98,3.79013694417721,0.01
2.98,3.61891752845919,0.01
2.98,3.44769811274116,0.01
2.98,3.27647869702313,0.01
2.98,3.10525928130511,0.01
2.98,2.93403986558708,0.01
2.98,2.76282044986905,0.01
2.98,2.59160103415102,0.01
2.98,2.420381618433,0.01
2.98,2.24916220271497,0.01
2.98,2.07794278699694,0.01
2.98,1.90672337127892,0.01
2.98,4.82327796246619,0.01
3.98182376515712,2.19380748661546,0.01
2.98193783775272,4.81819175136302,0.01
3.03890308484759,4.66867599759967,0.01
3.09586833194246,4.51916024383633,0.01
3.15283357903732,4.36964449007299,0.01
3.20979882613219,4.22012873630964,0.01
3.26676407322706,4.0706129825463,0.01
3.32372932032193,3.92109722878296,0.01
3.3806945674168,3.77158147501962,0.01
3.43765981451167,3.62206572125627,0.01
3.49462506160653,3.47254996749293,0.01
3.5515903087014,3.32303421372959,0.01
3.60855555579627,3.17351845996624,0.01
3.66552080289114,3.0240027062029,0.01
3.72248604998601,2.87448695243956,0.01
3.77945129708088,2.72497119867622,0.01
3.83641654417574,2.57545544491287,0.01
3.89338179127061,2.42593969114953,0.01
3.95034703836548,2.27642393738619,0.01
2.98,5.80633347184964,0.01
4.28892880105054,2.3708094235523,0.01
3.02417731363569,5.69038199819976,0.01
3.08114256073056,5.54086624443641,0.01
3.13810780782543,5.39135049067307,0.01
3.1950730549203,5.24183473690973,0.01
3.25203830201516,5.09231898314638,0.01
3.30900354911003,4.94280322938304,0.01
3.3659687962049,4.7932874756197,0.01
3.42293404329977,4.64377172185635,0.01
3.47989929039464,4.49425596809301,0.01
3.5368645374895,4.34474021432967,0.01
3.59382978458437,4.19522446056633,0.01
3.65079503167924,4.04570870680298,0.01
3.70776027877411,3.89619295303964,0.01
3.76472552586898,3.7466771992763,0.01
3.82169077296385,3.59716144551295,0.01
3.87865602005871,3.44764569174961,0.01
3.93562126715358,3.29812993798627,0.01
3.99258651424845,3.14861418422293,0.01
4.04955176134332,2.99909843045958,0.01
4.10651700843819,2.84958267669624,0.01
4.16348225553306,2.7000669229329,0.01
4.22044750262792,2.55055116916955,0.01
4.27741274972279,2.40103541540621,0.01
2.98,6.7893889812331,0.01
4.59603383694396,2.54781136048914,0.01
3.00945154242379,6.71208799879984,0.01
3.06641678951866,6.56257224503649,0.01
3.12338203661353,6.41305649127315,0.01
3.1803472837084,6.26354073750981,0.01
3.23731253080327,6.11402498374647,0.01
3.29427777789814,5.96450922998312,0.01
3.351243024993,5.81499347621978,0.01
3.40820827208787,5.66547772245644,0.01
3.46517351918274,5.51596196869309,0.01
3.52213876627761,5.36644621492975,0.01
3.57910401337248,5.21693046116641,0.01
3.63606926046735,5.06741470740306,0.01
3.69303450756221,4.91789895363972,0.01
3.74999975465708,4.76838319987638,0.01
3.80696500175195,4.61886744611304,0.01
3.86393024884682,4.46935169234969,0.01
3.92089549594169,4.31983593858635,0.01
3.97786074303656,4.17032018482301,0.01
4.03482599013142,4.02080443105966,0.01
4.09179123722629,3.87128867729632,0.01
4.14875648432116,3.72177292353298,0.01
4.20572173141603,3.57225716976964,0.01
4.2626869785109,3.42274141600629,0.01
4.31965222560576,3.27322566224295,0.01
4.37661747270063,3.12370990847961,0.01
4.4335827197955,2.97419415471626,0.01
4.49054796689037,2.82467840095292,0.01
4.54751321398524,2.67516264718958,0.01
2.98,7.77244449061655,0.01
4.90313887283737,2.72481329742598,0.01
2.9947257712119,7.73379399939992,0.01
3.05169101830677,7.58427824563658,0.01
3.10865626540163,7.43476249187323,0.01
3.1656215124965,7.28524673810989,0.01
3.22258675959137,7.13573098434655,0.01
3.27955200668624,6.9862152305832,0.01
3.33651725378111,6.83669947681986,0.01
3.39348250087597,6.68718372305652,0.01
3.45044774797084,6.53766796929318,0.01
3.50741299506571,6.38815221552983,0.01
3.56437824216058,6.23863646176649,0.01
3.62134348925545,6.08912070800315,0.01
3.67830873635032,5.9396049542398,0.01
3.73527398344518,5.79008920047646,0.01
3.79223923054005,5.64057344671312,0.01
3.84920447763492,5.49105769294977,0.01
3.90616972472979,5.34154193918643,0.01
3.96313497182466,5.19202618542309,0.01
4.02010021891953,5.04251043165975,0.01
4.07706546601439,4.8929946778964,0.01
4.13403071310926,4.74347892413306,0.01
4.19099596020413,4.59396317036972,0.01
4.247961207299,4.44444741660637,0.01
4.30492645439387,4.29493166284303,0.01
4.36189170148874,4.14541590907969,0.01
4.4188569485836,3.99590015531635,0.01
4.47582219567847,3.846384401553,0.01
4.53278744277334,3.69686864778966,0.01
4.58975268986821,3.54735289402632,0.01
4.64671793696308,3.39783714026297,0.01
4.70368318405794,3.24832138649963,0.01
4.76064843115281,3.09880563273629,0.01
4.81761367824768,2.94928987897294,0.01
4.87457892534255,2.7997741252096,0.01
2.98,8.7555,0.01
5.21024390873079,2.90181523436282,0.01
3.03696524709487,8.60598424623666,0.01
3.09393049418974,8.45646849247332,0.01
3.15089574128461,8.30695273870997,0.01
3.20786098837947,8.15743698494663,0.01
3.26482623547434,8.00792123118329,0.01
3.32179148256921,7.85840547741994,0.01
3.37875672966408,7.7088897236566,0.01
3.43572197675895,7.55937396989326,0.01
3.49268722385382,7.40985821612991,0.01
3.54965247094868,7.26034246236657,0.01
3.60661771804355,7.11082670860323,0.01
3.66358296513842,6.96131095483989,0.01
3.72054821223329,6.81179520107654,0.01
3.77751345932816,6.6622794473132,0.01
3.83447870642302,6.51276369354986,0.01
3.89144395351789,6.36324793978651,0.01
3.94840920061276,6.21373218602317,0.01
4.00537444770763,6.06421643225983,0.01
4.0623396948025,5.91470067849649,0.01
4.11930494189737,5.76518492473314,0.01
4.17627018899223,5.6156691709698,0.01
4.2332354360871,5.46615341720646,0.01
4.29020068318197,5.31663766344311,0.01
4.34716593027684,5.16712190967977,0.01
4.40413117737171,5.01760615591643,0.01
4.46109642446658,4.86809040215308,0.01
4.51806167156144,4.71857464838974,0.01
4.57502691865631,4.5690588946264,0.01
4.63199216575118,4.41954314086306,0.01
4.68895741284605,4.27002738709971,0.01
4.74592265994092,4.12051163333637,0.01
4.80288790703579,3.97099587957303,0.01
4.85985315413065,3.82148012580968,0.01
4.91681840122552,3.67196437204634,0.01
4.97378364832039,3.522448618283,0.01
5.03074889541526,3.37293286451966,0.01
5.08771414251013,3.22341711075631,0.01
5.14467938960499,3.07390135699297,0.01
5.20164463669986,2.92438560322963,0.01
3.30706571135731,8.88011147802003,0.01
5.51734894462421,3.07881717129966,0.01
3.36403095845218,8.73059572425668,0.01
3.42099620554705,8.58107997049334,0.01
3.47796145264192,8.43156421673,0.01
3.53492669973679,8.28204846296665,0.01
3.59189194683165,8.13253270920331,0.01
3.64885719392652,7.98301695543997,0.01
3.70582244102139,7.83350120167662,0.01
3.76278768811626,7.68398544791328,0.01
3.81975293521113,7.53446969414994,0.01
3.876718182306,7.3849539403866,0.01
3.93368342940086,7.23543818662325,0.01
3.99064867649573,7.08592243285991,0.01
4.0476139235906,6.93640667909657,0.01
4.10457917068547,6.78689092533322,0.01
4.16154441778034,6.63737517156988,0.01
4.2185096648752,6.48785941780654,0.01
4.27547491197007,6.3383436640432,0.01
4.33244015906494,6.18882791027985,0.01
4.38940540615981,6.03931215651651,0.01
4.44637065325468,5.88979640275317,0.01
4.50333590034955,5.74028064898982,0.01
4.56030114744441,5.59076489522648,0.01
4.61726639453928,5.44124914146314,0.01
4.67423164163415,5.29173338769979,0.01
4.73119688872902,5.14221763393645,0.01
4.78816213582389,4.99270188017311,0.01
4.84512738291876,4.84318612640977,0.01
4.90209263001362,4.69367037264642,0.01
4.95905787710849,4.54415461888308,0.01
5.01602312420336,4.39463886511974,0.01
5.07298837129823,4.24512311135639,0.01
5.1299536183931,4.09560735759305,0.01
5.18691886548797,3.94609160382971,0.01
5.24388411258283,3.79657585006637,0.01
5.3008493596777,3.64706009630302,0.01
5.35781460677257,3.49754434253968,0.01
5.41477985386744,3.34802858877634,0.01
5.47174510096231,3.19851283501299,0.01
3.63413142271463,9.00472295604005,0.01
5.82445398051762,3.2558191082365,0.01
3.69109666980949,8.85520720227671,0.01
3.74806191690436,8.70569144851336,0.01
3.80502716399923,8.55617569475002,0.01
3.8619924110941,8.40665994098668,0.01
3.91895765818897,8.25714418722334,0.01
3.97592290528384,8.10762843345999,0.01
4.0328881523787,7.95811267969665,0.01
4.08985339947357,7.80859692593331,0.01
4.14681864656844,7.65908117216996,0.01
4.20378389366331,7.50956541840662,0.01
4.26074914075818,7.36004966464328,0.01
4.31771438785305,7.21053391087993,0.01
4.37467963494791,7.06101815711659,0.01
4.43164488204278,6.91150240335325,0.01
4.48861012913765,6.76198664958991,0.01
4.54557537623252,6.61247089582656,0.01
4.60254062332739,6.46295514206322,0.01
4.65950587042226,6.31343938829988,0.01
4.71647111751712,6.16392363453653,0.01
4.77343636461199,6.01440788077319,0.01
4.83040161170686,5.86489212700985,0.01
4.88736685880173,5.71537637324651,0.01
4.9443321058966,5.56586061948316,0.01
5.00129735299146,5.41634486571982,0.01
5.05826260008633,5.26682911195648,0.01
5.1152278471812,5.11731335819313,0.01
5.17219309427607,4.96779760442979,0.01
5.22915834137094,4.81828185066645,0.01
5.28612358846581,4.66876609690311,0.01
5.34308883556067,4.51925034313976,0.01
5.40005408265554,4.36973458937642,0.01
5.45701932975041,4.22021883561308,0.01
5.51398457684528,4.07070308184973,0.01
5.57094982394015,3.92118732808639,0.01
5.62791507103502,3.77167157432305,0.01
5.68488031812988,3.6221558205597,0.01
5.74184556522475,3.47264006679636,0.01
5.79881081231962,3.32312431303302,0.01
3.96119713407194,9.12933443406007,0.01
6.13155901641104,3.43282104517334,0.01
4.01816238116681,8.97981868029673,0.01
4.07512762826167,8.83030292653339,0.01
4.13209287535654,8.68078717277005,0.01
4.18905812245141,8.5312714190067,0.01
4.24602336954628,8.38175566524336,0.01
4.30298861664115,8.23223991148001,0.01
4.35995386373602,8.08272415771667,0.01
4.41691911083088,7.93320840395333,0.01
4.47388435792575,7.78369265018999,0.01
4.53084960502062,7.63417689642664,0.01
4.58781485211549,7.4846611426633,0.01
4.64478009921036,7.33514538889996,0.01
4.70174534630522,7.18562963513662,0.01
4.75871059340009,7.03611388137327,0.01
4.81567584049496,6.88659812760993,0.01
4.87264108758983,6.73708237384659,0.01
4.9296063346847,6.58756662008324,0.01
4.98657158177957,6.4380508663199,0.01
5.04353682887443,6.28853511255656,0.01
5.1005020759693,6.13901935879321,0.01
5.15746732306417,5.98950360502987,0.01
5.21443257015904,5.83998785126653,0.01
5.27139781725391,5.69047209750319,0.01
5.32836306434878,5.54095634373984,0.01
5.38532831144364,5.3914405899765,0.01
5.44229355853851,5.24192483621316,0.01
5.49925880563338,5.09240908244981,0.01
5.55622405272825,4.94289332868647,0.01
5.61318929982312,4.79337757492313,0.01
5.67015454691798,4.64386182115979,0.01
5.72711979401285,4.49434606739644,0.01
5.78408504110772,4.3448303136331,0.01
5.84105028820259,4.19531455986976,0.01
5.89801553529746,4.04579880610641,0.01
5.95498078239233,3.89628305234307,0.01
6.01194602948719,3.74676729857973,0.01
6.06891127658206,3.59725154481639,0.01
6.12587652367693,3.44773579105304,0.01
4.28826284542925,9.2539459120801,0.01
6.43866405230445,3.60982298211018,0.01
4.34522809252412,9.10443015831675,0.01
4.40219333961899,8.95491440455341,0.01
4.45915858671385,8.80539865079007,0.01
4.51612383380872,8.65588289702673,0.01
4.57308908090359,8.50636714326338,0.01
4.63005432799846,8.35685138950004,0.01
4.68701957509333,8.2073356357367,0.01
4.7439848221882,8.05781988197336,0.01
4.80095006928306,7.90830412821001,0.01
4.85791531637793,7.75878837444667,0.01
4.9148805634728,7.60927262068333,0.01
4.97184581056767,7.45975686691998,0.01
5.02881105766254,7.31024111315664,0.01
5.08577630475741,7.1607253593933,0.01
5.14274155185227,7.01120960562995,0.01
5.19970679894714,6.86169385186661,0.01
5.25667204604201,6.71217809810327,0.01
5.31363729313688,6.56266234433993,0.01
5.37060254023175,6.41314659057658,0.01
5.42756778732662,6.26363083681324,0.01
5.48453303442148,6.1141150830499,0.01
5.54149828151635,5.96459932928655,0.01
5.59846352861122,5.81508357552321,0.01
5.65542877570609,5.66556782175987,0.01
5.71239402280096,5.51605206799653,0.01
5.76935926989583,5.36653631423318,0.01
5.82632451699069,5.21702056046984,0.01
5.88328976408556,5.0675048067065,0.01
5.94025501118043,4.91798905294315,0.01
5.9972202582753,4.76847329917981,0.01
6.05418550537017,4.61895754541647,0.01
6.11115075246503,4.46944179165312,0.01
6.1681159995599,4.31992603788978,0.01
6.22508124665477,4.17041028412644,0.01
6.28204649374964,4.0208945303631,0.01
6.33901174084451,3.87137877659975,0.01
6.39597698793938,3.72186302283641,0.01
4.61532855678656,9.37855739010012,0.01
6.74576908819787,3.78682491904702,0.01
4.67229380388143,9.22904163633678,0.01
4.7292590509763,9.07952588257344,0.01
4.78622429807117,8.93001012881009,0.01
4.84318954516604,8.78049437504675,0.01
4.9001547922609,8.63097862128341,0.01
4.95712003935577,8.48146286752007,0.01
5.01408528645064,8.33194711375672,0.01
5.07105053354551,8.18243135999338,0.01
5.12801578064038,8.03291560623004,0.01
5.18498102773525,7.88339985246669,0.01
5.24194627483011,7.73388409870335,0.01
5.29891152192498,7.58436834494001,0.01
5.35587676901985,7.43485259117667,0.01
5.41284201611472,7.28533683741332,0.01
5.46980726320959,7.13582108364998,0.01
5.52677251030446,6.98630532988664,0.01
5.58373775739932,6.83678957612329,0.01
5.64070300449419,6.68727382235995,0.01
5.69766825158906,6.53775806859661,0.01
5.75463349868393,6.38824231483326,0.01
5.8115987457788,6.23872656106992,0.01
5.86856399287367,6.08921080730658,0.01
5.92552923996853,5.93969505354324,0.01
5.9824944870634,5.79017929977989,0.01
6.03945973415827,5.64066354601655,0.01
6.09642498125314,5.49114779225321,0.01
6.15339022834801,5.34163203848986,0.01
6.21035547544288,5.19211628472652,0.01
6.26732072253774,5.04260053096318,0.01
6.32428596963261,4.89308477719984,0.01
6.38125121672748,4.74356902343649,0.01
6.43821646382235,4.59405326967315,0.01
6.49518171091722,4.44453751590981,0.01
6.55214695801209,4.29502176214646,0.01
6.60911220510695,4.14550600838312,0.01
6.66607745220182,3.99599025461978,0.01
6.72304269929669,3.84647450085643,0.01
4.94239426814388,9.50316886812015,0.01
7.05287412409129,3.96382685598386,0.01
4.99935951523874,9.3536531143568,0.01
5.05632476233361,9.20413736059346,0.01
5.11329000942848,9.05462160683012,0.01
5.17025525652335,8.90510585306678,0.01
5.22722050361822,8.75559009930343,0.01
5.28418575071309,8.60607434554009,0.01
5.34115099780795,8.45655859177675,0.01
5.39811624490282,8.3070428380134,0.01
5.45508149199769,8.15752708425006,0.01
5.51204673909256,8.00801133048672,0.01
5.56901198618743,7.85849557672337,0.01
5.6259772332823,7.70897982296003,0.01
5.68294248037716,7.55946406919669,0.01
5.73990772747203,7.40994831543335,0.01
5.7968729745669,7.26043256167,0.01
5.85383822166177,7.11091680790666,0.01
5.91080346875664,6.96140105414332,0.01
5.9677687158515,6.81188530037997,0.01
6.02473396294637,6.66236954661663,0.01
6.08169921004124,6.51285379285329,0.01
6.13866445713611,6.36333803908995,0.01
6.19562970423098,6.2138222853266,0.01
6.25259495132585,6.06430653156326,0.01
6.30956019842071,5.91479077779992,0.01
6.36652544551558,5.76527502403657,0.01
6.42349069261045,5.61575927027323,0.01
6.48045593970532,5.46624351650989,0.01
6.53742118680019,5.31672776274655,0.01
6.59438643389506,5.1672120089832,0.01
6.65135168098992,5.01769625521986,0.01
6.70831692808479,4.86818050145652,0.01
6.76528217517966,4.71866474769317,0.01
6.82224742227453,4.56914899392983,0.01
6.8792126693694,4.41963324016649,0.01
6.93617791646427,4.27011748640314,0.01
6.99314316355913,4.1206017326398,0.01
7.050108410654,3.97108597887646,0.01
5.26945997950119,9.62778034614017,0.01
7.3599791599847,4.1408287929207,0.01
5.32642522659606,9.47826459237683,0.01
5.38339047369093,9.32874883861349,0.01
5.44035572078579,9.17923308485014,0.01
5.49732096788066,9.0297173310868,0.01
5.55428621497553,8.88020157732346,0.01
5.6112514620704,8.73068582356011,0.01
5.66821670916527,8.58117006979677,0.01
5.72518195626014,8.43165431603343,0.01
5.782147203355,8.28213856227008,0.01
5.83911245044987,8.13262280850674,0.01
5.89607769754474,7.9831070547434,0.01
5.95304294463961,7.83359130098006,0.01
6.01000819173448,7.68407554721671,0.01
6.06697343882934,7.53455979345337,0.01
6.12393868592421,7.38504403969003,0.01
6.18090393301908,7.23552828592669,0.01
6.23786918011395,7.08601253216334,0.01
6.29483442720882,6.9364967784,0.01
6.35179967430369,6.78698102463666,0.01
6.40876492139856,6.63746527087331,0.01
6.46573016849342,6.48794951710997,0.01
6.52269541558829,6.33843376334663,0.01
6.57966066268316,6.18891800958328,0.01
6.63662590977803,6.03940225581994,0.01
6.6935911568729,5.8898865020566,0.01
6.75055640396776,5.74037074829326,0.01
6.80752165106263,5.59085499452991,0.01
6.8644868981575,5.44133924076657,0.01
6.92145214525237,5.29182348700323,0.01
6.97841739234724,5.14230773323988,0.01
7.03538263944211,4.99279197947654,0.01
7.09234788653697,4.8432762257132,0.01
7.14931313363184,4.69376047194986,0.01
7.20627838072671,4.54424471818651,0.01
7.26324362782158,4.39472896442317,0.01
7.32020887491645,4.24521321065983,0.01
5.5965256908585,9.7523918241602,0.01
7.66708419587812,4.31783072985754,0.01
5.65349093795337,9.60287607039685,0.01
5.71045618504824,9.45336031663351,0.01
5.76742143214311,9.30384456287017,0.01
5.82438667923797,9.15432880910682,0.01
5.88135192633284,9.00481305534348,0.01
5.93831717342771,8.85529730158014,0.01
5.99528242052258,8.70578154781679,0.01
6.05224766761745,8.55626579405345,0.01
6.10921291471232,8.40675004029011,0.01
6.16617816180718,8.25723428652677,0.01
6.22314340890205,8.10771853276342,0.01
6.28010865599692,7.95820277900008,0.01
6.33707390309179,7.80868702523674,0.01
6.39403915018666,7.65917127147339,0.01
6.45100439728153,7.50965551771005,0.01
6.50796964437639,7.36013976394671,0.01
6.56493489147126,7.21062401018337,0.01
6.62190013856613,7.06110825642002,0.01
6.678865385661,6.91159250265668,0.01
6.73583063275587,6.76207674889334,0.01
6.79279587985073,6.61256099512999,0.01
6.8497611269456,6.46304524136665,0.01
6.90672637404047,6.31352948760331,0.01
6.96369162113534,6.16401373383997,0.01
7.02065686823021,6.01449798007662,0.01
7.07762211532508,5.86498222631328,0.01
7.13458736241994,5.71546647254994,0.01
7.19155260951481,5.56595071878659,0.01
7.24851785660968,5.41643496502325,0.01
7.30548310370455,5.26691921125991,0.01
7.36244835079942,5.11740345749656,0.01
7.41941359789429,4.96788770373322,0.01
7.47637884498915,4.81837194996988,0.01
7.53334409208402,4.66885619620654,0.01
7.59030933917889,4.51934044244319,0.01
7.64727458627376,4.36982468867985,0.01
5.92359140221581,9.87700330218022,0.01
7.97418923177154,4.49483266679438,0.01
5.98055664931068,9.72748754841688,0.01
6.03752189640555,9.57797179465354,0.01
6.09448714350042,9.42845604089019,0.01
6.15145239059529,9.27894028712685,0.01
6.20841763769016,9.12942453336351,0.01
6.26538288478502,8.97990877960016,0.01
6.32234813187989,8.83039302583682,0.01
6.37931337897476,8.68087727207348,0.01
6.43627862606963,8.53136151831013,0.01
6.4932438731645,8.38184576454679,0.01
6.55020912025937,8.23233001078345,0.01
6.60717436735423,8.0828142570201,0.01
6.6641396144491,7.93329850325676,0.01
6.72110486154397,7.78378274949342,0.01
6.77807010863884,7.63426699573008,0.01
6.83503535573371,7.48475124196673,0.01
6.89200060282857,7.33523548820339,0.01
6.94896584992344,7.18571973444005,0.01
7.00593109701831,7.0362039806767,0.01
7.06289634411318,6.88668822691336,0.01
7.11986159120805,6.73717247315002,0.01
7.17682683830292,6.58765671938668,0.01
7.23379208539779,6.43814096562333,0.01
7.29075733249265,6.28862521185999,0.01
7.34772257958752,6.13910945809665,0.01
7.40468782668239,5.9895937043333,0.01
7.46165307377726,5.84007795056996,0.01
7.51861832087213,5.69056219680662,0.01
7.575583567967,5.54104644304328,0.01
7.63254881506186,5.39153068927993,0.01
7.68951406215673,5.24201493551659,0.01
7.7464793092516,5.09249918175325,0.01
7.80344455634647,4.9429834279899,0.01
7.86040980344134,4.79346767422656,0.01
7.9173750505362,4.64395192046322,0.01
6.25065711357313,10.0016147802002,0.01
8.28129426766495,4.67183460373122,0.01
6.307622360668,9.8520990264369,0.01
6.36458760776286,9.70258327267356,0.01
6.42155285485773,9.55306751891022,0.01
6.4785181019526,9.40355176514687,0.01
6.53548334904747,9.25403601138353,0.01
6.59244859614234,9.10452025762019,0.01
6.64941384323721,8.95500450385684,0.01
6.70637909033207,8.8054887500935,0.01
6.76334433742694,8.65597299633016,0.01
6.82030958452181,8.50645724256682,0.01
6.87727483161668,8.35694148880347,0.01
6.93424007871155,8.20742573504013,0.01
6.99120532580642,8.05790998127679,0.01
7.04817057290128,7.90839422751344,0.01
7.10513581999615,7.7588784737501,0.01
7.16210106709102,7.60936271998676,0.01
7.21906631418589,7.45984696622341,0.01
7.27603156128076,7.31033121246007,0.01
7.33299680837562,7.16081545869673,0.01
7.38996205547049,7.01129970493339,0.01
7.44692730256536,6.86178395117004,0.01
7.50389254966023,6.7122681974067,0.01
7.5608577967551,6.56275244364336,0.01
7.61782304384997,6.41323668988001,0.01
7.67478829094483,6.26372093611667,0.01
7.7317535380397,6.11420518235333,0.01
7.78871878513457,5.96468942858998,0.01
7.84568403222944,5.81517367482664,0.01
7.90264927932431,5.6656579210633,0.01
7.95961452641918,5.51614216729996,0.01
8.01657977351404,5.36662641353661,0.01
8.07354502060891,5.21711065977327,0.01
8.13051026770378,5.06759490600993,0.01
8.18747551479865,4.91807915224658,0.01
8.24444076189352,4.76856339848324,0.01
6.57772282493044,10.1262262582203,0.01
8.58839930355837,4.84883654066805,0.01
6.63468807202531,9.97671050445692,0.01
6.69165331912018,9.82719475069358,0.01
6.74861856621504,9.67767899693024,0.01
6.80558381330991,9.5281632431669,0.01
6.86254906040478,9.37864748940355,0.01
6.91951430749965,9.22913173564021,0.01
6.97647955459452,9.07961598187687,0.01
7.03344480168939,8.93010022811353,0.01
7.09041004878426,8.78058447435018,0.01
7.14737529587912,8.63106872058684,0.01
7.20434054297399,8.4815529668235,0.01
7.26130579006886,8.33203721306015,0.01
7.31827103716373,8.18252145929681,0.01
7.3752362842586,8.03300570553347,0.01
7.43220153135346,7.88348995177012,0.01
7.48916677844833,7.73397419800678,0.01
7.5461320255432,7.58445844424344,0.01
7.60309727263807,7.4349426904801,0.01
7.66006251973294,7.28542693671675,0.01
7.71702776682781,7.13591118295341,0.01
7.77399301392267,6.98639542919007,0.01
7.83095826101754,6.83687967542672,0.01
7.88792350811241,6.68736392166338,0.01
7.94488875520728,6.53784816790004,0.01
8.00185400230215,6.38833241413669,0.01
8.05881924939701,6.23881666037335,0.01
8.11578449649188,6.08930090661001,0.01
8.17274974358675,5.93978515284667,0.01
8.22971499068162,5.79026939908332,0.01
8.28668023777649,5.64075364531998,0.01
8.34364548487136,5.49123789155664,0.01
8.40061073196622,5.3417221377933,0.01
8.45757597906109,5.19220638402995,0.01
8.51454122615596,5.04269063026661,0.01
8.57150647325083,4.89317487650327,0.01
6.90478853628775,10.2508377362403,0.01
8.89550433945179,5.02583847760489,0.01
6.96175378338262,10.101321982477,0.01
7.01871903047749,9.95180622871361,0.01
7.07568427757236,9.80229047495027,0.01
7.13264952466723,9.65277472118692,0.01
7.18961477176209,9.50325896742358,0.01
7.24658001885696,9.35374321366024,0.01
7.30354526595183,9.20422745989689,0.01
7.3605105130467,9.05471170613355,0.01
7.41747576014157,8.90519595237021,0.01
7.47444100723643,8.75568019860686,0.01
7.5314062543313,8.60616444484352,0.01
7.58837150142617,8.45664869108018,0.01
7.64533674852104,8.30713293731684,0.01
7.70230199561591,8.15761718355349,0.01
7.75926724271078,8.00810142979015,0.01
7.81623248980564,7.85858567602681,0.01
7.87319773690051,7.70906992226346,0.01
7.93016298399538,7.55955416850012,0.01
7.98712823109025,7.41003841473678,0.01
8.04409347818512,7.26052266097343,0.01
8.10105872527999,7.11100690721009,0.01
8.15802397237485,6.96149115344675,0.01
8.21498921946972,6.81197539968341,0.01
8.27195446656459,6.66245964592006,0.01
8.32891971365946,6.51294389215672,0.01
8.38588496075433,6.36342813839338,0.01
8.4428502078492,6.21391238463003,0.01
8.49981545494406,6.06439663086669,0.01
8.55678070203893,5.91488087710335,0.01
8.6137459491338,5.76536512334,0.01
8.67071119622867,5.61584936957666,0.01
8.72767644332354,5.46633361581332,0.01
8.78464169041841,5.31681786204998,0.01
8.84160693751327,5.16730210828663,0.01
7.23185424764506,10.3754492142603,0.01
9.2026093753452,5.20284041454173,0.01
7.28881949473993,10.225933460497,0.01
7.3457847418348,10.0764177067336,0.01
7.40274998892967,9.92690195297029,0.01
7.45971523602454,9.77738619920694,0.01
7.5166804831194,9.6278704454436,0.01
7.57364573021427,9.47835469168026,0.01
7.63061097730914,9.32883893791692,0.01
7.68757622440401,9.17932318415357,0.01
7.74454147149888,9.02980743039023,0.01
7.80150671859375,8.88029167662689,0.01
7.85847196568862,8.73077592286355,0.01
7.91543721278348,8.5812601691002,0.01
7.97240245987835,8.43174441533686,0.01
8.02936770697322,8.28222866157352,0.01
8.08633295406809,8.13271290781017,0.01
8.14329820116296,7.98319715404683,0.01
8.20026344825783,7.83368140028349,0.01
8.25722869535269,7.68416564652015,0.01
8.31419394244756,7.5346498927568,0.01
8.37115918954243,7.38513413899346,0.01
8.4281244366373,7.23561838523012,0.01
8.48508968373217,7.08610263146677,0.01
8.54205493082704,6.93658687770343,0.01
8.5990201779219,6.78707112394009,0.01
8.65598542501677,6.63755537017674,0.01
8.71295067211164,6.4880396164134,0.01
8.76991591920651,6.33852386265006,0.01
8.82688116630138,6.18900810888672,0.01
8.88384641339624,6.03949235512337,0.01
8.94081166049111,5.88997660136003,0.01
8.99777690758598,5.74046084759669,0.01
9.05474215468085,5.59094509383334,0.01
9.11170740177572,5.44142934007,0.01
9.16867264887059,5.29191358630666,0.01
7.55891995900238,10.5000606922803,0.01
9.50971441123862,5.37984235147857,0.01
7.61588520609724,10.350544938517,0.01
7.67285045319211,10.2010291847537,0.01
7.72981570028698,10.0515134309903,0.01
7.78678094738185,9.90199767722697,0.01
7.84374619447672,9.75248192346363,0.01
7.90071144157159,9.60296616970028,0.01
7.95767668866645,9.45345041593694,0.01
8.01464193576132,9.3039346621736,0.01
8.07160718285619,9.15441890841026,0.01
8.12857242995106,9.00490315464691,0.01
8.18553767704593,8.85538740088357,0.01
8.2425029241408,8.70587164712023,0.01
8.29946817123566,8.55635589335688,0.01
8.35643341833053,8.40684013959354,0.01
8.4133986654254,8.2573243858302,0.01
8.47036391252027,8.10780863206685,0.01
8.52732915961514,7.95829287830351,0.01
8.58429440671001,7.80877712454017,0.01
8.64125965380487,7.65926137077683,0.01
8.69822490089974,7.50974561701348,0.01
8.75519014799461,7.36022986325014,0.01
8.81215539508948,7.2107141094868,0.01
8.86912064218435,7.06119835572345,0.01
8.92608588927922,6.91168260196011,0.01
8.98305113637408,6.76216684819677,0.01
9.04001638346895,6.61265109443343,0.01
9.09698163056382,6.46313534067008,0.01
9.15394687765869,6.31361958690674,0.01
9.21091212475356,6.1641038331434,0.01
9.26787737184842,6.01458807938005,0.01
9.32484261894329,5.86507232561671,0.01
9.38180786603816,5.71555657185337,0.01
9.43877311313303,5.56604081809003,0.01
9.4957383602279,5.41652506432668,0.01
7.88598567035969,10.6246721703004,0.01
9.81681944713204,5.55684428841541,0.01
7.94295091745456,10.475156416537,0.01
7.99991616454943,10.3256406627737,0.01
8.05688141164429,10.1761249090103,0.01
8.11384665873916,10.026609155247,0.01
8.17081190583403,9.87709340148365,0.01
8.2277771529289,9.72757764772031,0.01
8.28474240002377,9.57806189395697,0.01
8.34170764711864,9.42854614019362,0.01
8.3986728942135,9.27903038643028,0.01
8.45563814130837,9.12951463266694,0.01
8.51260338840324,8.97999887890359,0.01
8.56956863549811,8.83048312514025,0.01
8.62653388259298,8.68096737137691,0.01
8.68349912968785,8.53145161761357,0.01
8.74046437678271,8.38193586385022,0.01
8.79742962387758,8.23242011008688,0.01
8.85439487097245,8.08290435632354,0.01
8.91136011806732,7.93338860256019,0.01
8.96832536516219,7.78387284879685,0.01
9.02529061225705,7.63435709503351,0.01
9.08225585935192,7.48484134127016,0.01
9.13922110644679,7.33532558750682,0.01
9.19618635354166,7.18580983374348,0.01
9.25315160063653,7.03629407998014,0.01
9.3101168477314,6.88677832621679,0.01
9.36708209482626,6.73726257245345,0.01
9.42404734192113,6.58774681869011,0.01
9.481012589016,6.43823106492676,0.01
9.53797783611087,6.28871531116342,0.01
9.59494308320574,6.13919955740008,0.01
9.65190833030061,5.98968380363674,0.01
9.70887357739547,5.84016804987339,0.01
9.76583882449034,5.69065229611005,0.01
8.213051381717,10.7492836483204,0.01
10.1239244830255,5.73384622535225,0.01
8.27001662881187,10.599767894557,0.01
8.32698187590674,10.4502521407937,0.01
8.38394712300161,10.3007363870304,0.01
8.44091237009648,10.151220633267,0.01
8.49787761719134,10.0017048795037,0.01
8.55484286428621,9.85218912574033,0.01
8.61180811138108,9.70267337197699,0.01
8.66877335847595,9.55315761821365,0.01
8.72573860557082,9.4036418644503,0.01
8.78270385266569,9.25412611068696,0.01
8.83966909976055,9.10461035692362,0.01
8.89663434685542,8.95509460316028,0.01
8.95359959395029,8.80557884939693,0.01
9.01056484104516,8.65606309563359,0.01
9.06753008814003,8.50654734187025,0.01
9.1244953352349,8.3570315881069,0.01
9.18146058232976,8.20751583434356,0.01
9.23842582942463,8.05800008058022,0.01
9.2953910765195,7.90848432681688,0.01
9.35235632361437,7.75896857305353,0.01
9.40932157070924,7.60945281929019,0.01
9.46628681780411,7.45993706552685,0.01
9.52325206489897,7.3104213117635,0.01
9.58021731199384,7.16090555800016,0.01
9.63718255908871,7.01138980423682,0.01
9.69414780618358,6.86187405047347,0.01
9.75111305327845,6.71235829671013,0.01
9.80807830037332,6.56284254294679,0.01
9.86504354746818,6.41332678918345,0.01
9.92200879456305,6.2638110354201,0.01
9.97897404165792,6.11429528165676,0.01
10.0359392887528,5.96477952789342,0.01
10.0929045358477,5.81526377413007,0.01
8.54011709307431,10.8738951263404,0.01
10.4310295189189,5.91084816228909,0.01
8.59708234016918,10.7243793725771,0.01
8.65404758726405,10.5748636188137,0.01
8.71101283435892,10.4253478650504,0.01
8.76797808145379,10.275832111287,0.01
8.82494332854865,10.1263163575237,0.01
8.88190857564352,9.97680060376036,0.01
8.93887382273839,9.82728484999701,0.01
8.99583906983326,9.67776909623367,0.01
9.05280431692813,9.52825334247033,0.01
9.109769564023,9.37873758870699,0.01
9.16673481111786,9.22922183494364,0.01
9.22370005821273,9.0797060811803,0.01
9.2806653053076,8.93019032741696,0.01
9.33763055240247,8.78067457365361,0.01
9.39459579949734,8.63115881989027,0.01
9.45156104659221,8.48164306612693,0.01
9.50852629368707,8.33212731236359,0.01
9.56549154078194,8.18261155860024,0.01
9.62245678787681,8.0330958048369,0.01
9.67942203497168,7.88358005107356,0.01
9.73638728206655,7.73406429731021,0.01
9.79335252916142,7.58454854354687,0.01
9.85031777625628,7.43503278978353,0.01
9.90728302335115,7.28551703602018,0.01
9.96424827044602,7.13600128225684,0.01
10.0212135175409,6.9864855284935,0.01
10.0781787646358,6.83696977473015,0.01
10.1351440117306,6.68745402096681,0.01
10.1921092588255,6.53793826720347,0.01
10.2490745059204,6.38842251344013,0.01
10.3060397530152,6.23890675967678,0.01
10.3630050001101,6.08939100591344,0.01
10.419970247205,5.9398752521501,0.01
8.86718280443163,10.9985066043604,0.01
10.7381345548123,6.08785009922593,0.01
8.9241480515265,10.8489908505971,0.01
8.98111329862137,10.6994750968338,0.01
9.03807854571624,10.5499593430704,0.01
9.0950437928111,10.4004435893071,0.01
9.15200903990597,10.2509278355437,0.01
9.20897428700084,10.1014120817804,0.01
9.26593953409571,9.95189632801704,0.01
9.32290478119057,9.8023805742537,0.01
9.37987002828544,9.65286482049035,0.01
9.43683527538031,9.50334906672701,0.01
9.49380052247518,9.35383331296367,0.01
9.55076576957005,9.20431755920032,0.01
9.60773101666492,9.05480180543698,0.01
9.66469626375979,8.90528605167364,0.01
9.72166151085465,8.7557702979103,0.01
9.77862675794952,8.60625454414695,0.01
9.83559200504439,8.45673879038361,0.01
9.89255725213926,8.30722303662027,0.01
9.94952249923413,8.15770728285692,0.01
10.006487746329,8.00819152909358,0.01
10.0634529934239,7.85867577533024,0.01
10.1204182405187,7.7091600215669,0.01
10.1773834876136,7.55964426780355,0.01
10.2343487347085,7.41012851404021,0.01
10.2913139818033,7.26061276027687,0.01
10.3482792288982,7.11109700651352,0.01
10.4052444759931,6.96158125275018,0.01
10.4622097230879,6.81206549898684,0.01
10.5191749701828,6.6625497452235,0.01
10.5761402172777,6.51303399146015,0.01
10.6331054643725,6.36351823769681,0.01
10.6900707114674,6.21400248393347,0.01
9.19424851578894,11.1231180823805,0.01
11.0452395907057,6.26485203616277,0.01
9.25121376288381,10.9736023286171,0.01
9.30817900997868,10.8240865748538,0.01
9.36514425707355,10.6745708210904,0.01
9.42210950416841,10.5250550673271,0.01
9.47907475126328,10.3755393135637,0.01
9.53603999835815,10.2260235598004,0.01
9.59300524545302,10.0765078060371,0.01
9.64997049254789,9.92699205227372,0.01
9.70693573964275,9.77747629851038,0.01
9.76390098673762,9.62796054474703,0.01
9.82086623383249,9.47844479098369,0.01
9.87783148092736,9.32892903722035,0.01
9.93479672802223,9.17941328345701,0.01
9.9917619751171,9.02989752969366,0.01
10.048727222212,8.88038177593032,0.01
10.1056924693068,8.73086602216698,0.01
10.1626577164017,8.58135026840363,0.01
10.2196229634966,8.43183451464029,0.01
10.2765882105914,8.28231876087695,0.01
10.3335534576863,8.1328030071136,0.01
10.3905187047812,7.98328725335026,0.01
10.447483951876,7.83377149958692,0.01
10.5044491989709,7.68425574582358,0.01
10.5614144460658,7.53473999206023,0.01
10.6183796931606,7.38522423829689,0.01
10.6753449402555,7.23570848453355,0.01
10.7323101873504,7.0861927307702,0.01
10.7892754344453,6.93667697700686,0.01
10.8462406815401,6.78716122324352,0.01
10.903205928635,6.63764546948018,0.01
10.9601711757299,6.48812971571683,0.01
11.0171364228247,6.33861396195349,0.01
9.52131422714625,11.2477295604005,0.01
11.3523446265991,6.44185397309961,0.01
9.57827947424112,11.0982138066371,0.01
9.63524472133599,10.9486980528738,0.01
9.69220996843086,10.7991822991105,0.01
9.74917521552573,10.6496665453471,0.01
9.8061404626206,10.5001507915838,0.01
9.86310570971546,10.3506350378204,0.01
9.92007095681033,10.2011192840571,0.01
9.9770362039052,10.0516035302937,0.01
10.0340014510001,9.9020877765304,0.01
10.0909666980949,9.75257202276706,0.01
10.1479319451898,9.60305626900372,0.01
10.2048971922847,9.45354051524037,0.01
10.2618624393795,9.30402476147703,0.01
10.3188276864744,9.15450900771369,0.01
10.3757929335693,9.00499325395034,0.01
10.4327581806641,8.855477500187,0.01
10.489723427759,8.70596174642366,0.01
10.5466886748539,8.55644599266031,0.01
10.6036539219487,8.40693023889697,0.01
10.6606191690436,8.25741448513363,0.01
10.7175844161385,8.10789873137029,0.01
10.7745496632334,7.95838297760694,0.01
10.8315149103282,7.8088672238436,0.01
10.8884801574231,7.65935147008026,0.01
10.945445404518,7.50983571631692,0.01
11.0024106516128,7.36031996255357,0.01
11.0593758987077,7.21080420879023,0.01
11.1163411458026,7.06128845502689,0.01
11.1733063928974,6.91177270126354,0.01
11.2302716399923,6.7622569475002,0.01
11.2872368870872,6.61274119373686,0.01
11.344202134182,6.46322543997351,0.01
9.84837993850357,11.3723410384205,0.01
11.6594496624925,6.61885591003645,0.01
9.90534518559843,11.2228252846572,0.01
9.9623104326933,11.0733095308938,0.01
10.0192756797882,10.9237937771305,0.01
10.076240926883,10.7742780233671,0.01
10.1332061739779,10.6247622696038,0.01
10.1901714210728,10.4752465158405,0.01
10.2471366681676,10.3257307620771,0.01
10.3041019152625,10.1762150083138,0.01
10.3610671623574,10.0266992545504,0.01
10.4180324094522,9.87718350078708,0.01
10.4749976565471,9.72766774702374,0.01
10.531962903642,9.5781519932604,0.01
10.5889281507369,9.42863623949706,0.01
10.6458933978317,9.27912048573371,0.01
10.7028586449266,9.12960473197037,0.01
10.7598238920215,8.98008897820703,0.01
10.8167891391163,8.83057322444368,0.01
10.8737543862112,8.68105747068034,0.01
10.9307196333061,8.531541716917,0.01
10.9876848804009,8.38202596315365,0.01
11.0446501274958,8.23251020939031,0.01
11.1016153745907,8.08299445562697,0.01
11.1585806216855,7.93347870186362,0.01
11.2155458687804,7.78396294810028,0.01
11.2725111158753,7.63444719433694,0.01
11.3294763629701,7.4849314405736,0.01
11.386441610065,7.33541568681025,0.01
11.4434068571599,7.18589993304691,0.01
11.5003721042547,7.03638417928357,0.01
11.5573373513496,6.88686842552022,0.01
11.6143025984445,6.73735267175688,0.01
10.1754456498609,11.4969525164405,0.01
11.966554698386,6.79585784697329,0.01
10.2324108969557,11.3474367626772,0.01
10.2893761440506,11.1979210089139,0.01
10.3463413911455,11.0484052551505,0.01
10.4033066382404,10.8988895013872,0.01
10.4602718853352,10.7493737476238,0.01
10.5172371324301,10.5998579938605,0.01
10.574202379525,10.4503422400971,0.01
10.6311676266198,10.3008264863338,0.01
10.6881328737147,10.1513107325705,0.01
10.7450981208096,10.0017949788071,0.01
10.8020633679044,9.85227922504376,0.01
10.8590286149993,9.70276347128042,0.01
10.9159938620942,9.55324771751708,0.01
10.972959109189,9.40373196375374,0.01
11.0299243562839,9.25421620999039,0.01
11.0868896033788,9.10470045622705,0.01
11.1438548504736,8.95518470246371,0.01
11.2008200975685,8.80566894870036,0.01
11.2577853446634,8.65615319493702,0.01
11.3147505917582,8.50663744117368,0.01
11.3717158388531,8.35712168741033,0.01
11.428681085948,8.20760593364699,0.01
11.4856463330428,8.05809017988365,0.01
11.5426115801377,7.90857442612031,0.01
11.5995768272326,7.75905867235696,0.01
11.6565420743275,7.60954291859362,0.01
11.7135073214223,7.46002716483028,0.01
11.7704725685172,7.31051141106693,0.01
11.8274378156121,7.16099565730359,0.01
11.8844030627069,7.01147990354025,0.01
11.9413683098018,6.86196414977691,0.01
10.5025113612182,11.6215639944606,0.01
12.2736597342794,6.97285978391013,0.01
10.5594766083131,11.4720482406972,0.01
10.6164418554079,11.3225324869339,0.01
10.6734071025028,11.1730167331705,0.01
10.7303723495977,11.0235009794072,0.01
10.7873375966925,10.8739852256438,0.01
10.8443028437874,10.7244694718805,0.01
10.9012680908823,10.5749537181172,0.01
10.9582333379771,10.4254379643538,0.01
11.015198585072,10.2759222105905,0.01
11.0721638321669,10.1264064568271,0.01
11.1291290792617,9.97689070306379,0.01
11.1860943263566,9.82737494930045,0.01
11.2430595734515,9.67785919553711,0.01
11.3000248205463,9.52834344177376,0.01
11.3569900676412,9.37882768801042,0.01
11.4139553147361,9.22931193424708,0.01
11.470920561831,9.07979618048373,0.01
11.5278858089258,8.93028042672039,0.01
11.5848510560207,8.78076467295705,0.01
11.6418163031156,8.6312489191937,0.01
11.6987815502104,8.48173316543036,0.01
11.7557467973053,8.33221741166702,0.01
11.8127120444002,8.18270165790367,0.01
11.869677291495,8.03318590414033,0.01
11.9266425385899,7.88367015037699,0.01
11.9836077856848,7.73415439661365,0.01
12.0405730327796,7.5846386428503,0.01
12.0975382798745,7.43512288908696,0.01
12.1545035269694,7.28560713532362,0.01
12.2114687740642,7.13609138156027,0.01
12.2684340211591,6.98657562779693,0.01
10.8295770725755,11.7461754724806,0.01
12.5807647701728,7.14986172084697,0.01
10.8865423196704,11.5966597187172,0.01
10.9435075667652,11.4471439649539,0.01
11.0004728138601,11.2976282111906,0.01
11.057438060955,11.1481124574272,0.01
11.1144033080498,10.9985967036639,0.01
11.1713685551447,10.8490809499005,0.01
11.2283338022396,10.6995651961372,0.01
11.2852990493344,10.5500494423738,0.01
11.3422642964293,10.4005336886105,0.01
11.3992295435242,10.2510179348472,0.01
11.4561947906191,10.1015021810838,0.01
11.5131600377139,9.95198642732047,0.01
11.5701252848088,9.80247067355713,0.01
11.6270905319037,9.65295491979379,0.01
11.6840557789985,9.50343916603044,0.01
11.7410210260934,9.3539234122671,0.01
11.7979862731883,9.20440765850376,0.01
11.8549515202831,9.05489190474041,0.01
11.911916767378,8.90537615097707,0.01
11.9688820144729,8.75586039721373,0.01
12.0258472615677,8.60634464345038,0.01
12.0828125086626,8.45682888968704,0.01
12.1397777557575,8.3073131359237,0.01
12.1967430028523,8.15779738216036,0.01
12.2537082499472,8.00828162839701,0.01
12.3106734970421,7.85876587463367,0.01
12.3676387441369,7.70925012087033,0.01
12.4246039912318,7.55973436710698,0.01
12.4815692383267,7.41021861334364,0.01
12.5385344854216,7.2607028595803,0.01
11.1566427839328,11.8707869505006,0.01
12.8878698060662,7.32686365778381,0.01
11.2136080310277,11.7212711967373,0.01
11.2705732781226,11.5717554429739,0.01
11.3275385252174,11.4222396892106,0.01
11.3845037723123,11.2727239354472,0.01
11.4414690194072,11.1232081816839,0.01
11.498434266502,10.9736924279206,0.01
11.5553995135969,10.8241766741572,0.01
11.6123647606918,10.6746609203939,0.01
11.6693300077866,10.5251451666305,0.01
11.7262952548815,10.3756294128672,0.01
11.7832605019764,10.2261136591038,0.01
11.8402257490712,10.0765979053405,0.01
11.8971909961661,9.92708215157715,0.01
11.954156243261,9.77756639781381,0.01
12.0111214903558,9.62805064405047,0.01
12.0680867374507,9.47853489028712,0.01
12.1250519845456,9.32901913652378,0.01
12.1820172316404,9.17950338276044,0.01
12.2389824787353,9.02998762899709,0.01
12.2959477258302,8.88047187523375,0.01
12.352912972925,8.73095612147041,0.01
12.4098782200199,8.58144036770707,0.01
12.4668434671148,8.43192461394372,0.01
12.5238087142097,8.28240886018038,0.01
12.5807739613045,8.13289310641704,0.01
12.6377392083994,7.98337735265369,0.01
12.6947044554943,7.83386159889035,0.01
12.7516697025891,7.68434584512701,0.01
12.808634949684,7.53483009136366,0.01
12.8656001967789,7.38531433760032,0.01
11.4837084952901,11.9953984285206,0.01
13.1949748419596,7.50386559472065,0.01
11.540673742385,11.8458826747573,0.01
11.5976389894799,11.6963669209939,0.01
11.6546042365747,11.5468511672306,0.01
11.7115694836696,11.3973354134673,0.01
11.7685347307645,11.2478196597039,0.01
11.8254999778593,11.0983039059406,0.01
11.8824652249542,10.9487881521772,0.01
11.9394304720491,10.7992723984139,0.01
11.9963957191439,10.6497566446505,0.01
12.0533609662388,10.5002408908872,0.01
12.1103262133337,10.3507251371239,0.01
12.1672914604286,10.2012093833605,0.01
12.2242567075234,10.0516936295972,0.01
12.2812219546183,9.90217787583383,0.01
12.3381872017132,9.75266212207049,0.01
12.395152448808,9.60314636830715,0.01
12.4521176959029,9.4536306145438,0.01
12.5090829429978,9.30411486078046,0.01
12.5660481900926,9.15459910701712,0.01
12.6230134371875,9.00508335325378,0.01
12.6799786842824,8.85556759949043,0.01
12.7369439313772,8.70605184572709,0.01
12.7939091784721,8.55653609196375,0.01
12.850874425567,8.4070203382004,0.01
12.9078396726618,8.25750458443706,0.01
12.9648049197567,8.10798883067372,0.01
13.0217701668516,7.95847307691038,0.01
13.0787354139464,7.80895732314703,0.01
13.1357006610413,7.65944156938369,0.01
13.1926659081362,7.50992581562035,0.01
11.8107742066474,12.1200099065407,0.01
13.502079877853,7.68086753165749,0.01
11.8677394537423,11.9704941527773,0.01
11.9247047008372,11.820978399014,0.01
11.981669947932,11.6714626452506,0.01
12.0386351950269,11.5219468914873,0.01
12.0956004421218,11.3724311377239,0.01
12.1525656892167,11.2229153839606,0.01
12.2095309363115,11.0733996301973,0.01
12.2664961834064,10.9238838764339,0.01
12.3234614305013,10.7743681226706,0.01
12.3804266775961,10.6248523689072,0.01
12.437391924691,10.4753366151439,0.01
12.4943571717859,10.3258208613805,0.01
12.5513224188807,10.1763051076172,0.01
12.6082876659756,10.0267893538539,0.01
12.6652529130705,9.87727360009051,0.01
12.7222181601653,9.72775784632717,0.01
12.7791834072602,9.57824209256383,0.01
12.8361486543551,9.42872633880049,0.01
12.8931139014499,9.27921058503714,0.01
12.9500791485448,9.1296948312738,0.01
13.0070443956397,8.98017907751046,0.01
13.0640096427345,8.83066332374711,0.01
13.1209748898294,8.68114756998377,0.01
13.1779401369243,8.53163181622043,0.01
13.2349053840192,8.38211606245709,0.01
13.291870631114,8.23260030869374,0.01
13.3488358782089,8.0830845549304,0.01
13.4058011253038,7.93356880116706,0.01
13.4627663723986,7.78405304740371,0.01
12.1378399180048,12.2446213845607,0.01
13.8091849137464,7.85786946859433,0.01
12.1948051650996,12.0951056307973,0.01
12.2517704121945,11.945589877034,0.01
12.3087356592894,11.7960741232707,0.01
12.3657009063842,11.6465583695073,0.01
12.4226661534791,11.497042615744,0.01
12.479631400574,11.3475268619806,0.01
12.5365966476688,11.1980111082173,0.01
12.5935618947637,11.0484953544539,0.01
12.6505271418586,10.8989796006906,0.01
12.7074923889534,10.7494638469273,0.01
12.7644576360483,10.5999480931639,0.01
12.8214228831432,10.4504323394006,0.01
12.878388130238,10.3009165856372,0.01
12.9353533773329,10.1514008318739,0.01
12.9923186244278,10.0018850781105,0.01
13.0492838715226,9.8523693243472,0.01
13.1062491186175,9.70285357058385,0.01
13.1632143657124,9.55333781682051,0.01
13.2201796128073,9.40382206305717,0.01
13.2771448599021,9.25430630929382,0.01
13.334110106997,9.10479055553048,0.01
13.3910753540919,8.95527480176714,0.01
13.4480406011867,8.8057590480038,0.01
13.5050058482816,8.65624329424045,0.01
13.5619710953765,8.50672754047711,0.01
13.6189363424713,8.35721178671377,0.01
13.6759015895662,8.20769603295042,0.01
13.7328668366611,8.05818027918708,0.01
13.7898320837559,7.90866452542374,0.01
12.4649056293621,12.3692328625807,0.01
14.1162899496399,8.03487140553117,0.01
12.5218708764569,12.2197171088174,0.01
12.5788361235518,12.070201355054,0.01
12.6358013706467,11.9206856012907,0.01
12.6927666177415,11.7711698475273,0.01
12.7497318648364,11.621654093764,0.01
12.8066971119313,11.4721383400007,0.01
12.8636623590261,11.3226225862373,0.01
12.920627606121,11.173106832474,0.01
12.9775928532159,11.0235910787106,0.01
13.0345581003108,10.8740753249473,0.01
13.0915233474056,10.7245595711839,0.01
13.1484885945005,10.5750438174206,0.01
13.2054538415954,10.4255280636573,0.01
13.2624190886902,10.2760123098939,0.01
13.3193843357851,10.1264965561306,0.01
13.37634958288,9.97698080236722,0.01
13.4333148299748,9.82746504860388,0.01
13.4902800770697,9.67794929484053,0.01
13.5472453241646,9.52843354107719,0.01
13.6042105712594,9.37891778731385,0.01
13.6611758183543,9.22940203355051,0.01
13.7181410654492,9.07988627978716,0.01
13.775106312544,8.93037052602382,0.01
13.8320715596389,8.78085477226048,0.01
13.8890368067338,8.63133901849714,0.01
13.9460020538286,8.48182326473379,0.01
14.0029673009235,8.33230751097045,0.01
14.0599325480184,8.18279175720711,0.01
12.7919713407194,12.4938443406007,0.01
14.4233949855333,8.21187334246801,0.01
12.8489365878142,12.3443285868374,0.01
12.9059018349091,12.194812833074,0.01
12.962867082004,12.0452970793107,0.01
13.0198323290989,11.8957813255474,0.01
13.0767975761937,11.746265571784,0.01
13.1337628232886,11.5967498180207,0.01
13.1907280703835,11.4472340642573,0.01
13.2476933174783,11.297718310494,0.01
13.3046585645732,11.1482025567306,0.01
13.3616238116681,10.9986868029673,0.01
13.4185890587629,10.849171049204,0.01
13.4755543058578,10.6996552954406,0.01
13.5325195529527,10.5501395416773,0.01
13.5894848000475,10.4006237879139,0.01
13.6464500471424,10.2511080341506,0.01
13.7034152942373,10.1015922803872,0.01
13.7603805413321,9.9520765266239,0.01
13.817345788427,9.80256077286056,0.01
13.8743110355219,9.65304501909722,0.01
13.9312762826167,9.50352926533387,0.01
13.9882415297116,9.35401351157053,0.01
14.0452067768065,9.20449775780719,0.01
14.1021720239013,9.05498200404384,0.01
14.1591372709962,8.9054662502805,0.01
14.2161025180911,8.75595049651716,0.01
14.273067765186,8.60643474275382,0.01
14.3300330122808,8.45691898899047,0.01
14.3869982593757,8.30740323522713,0.01
13.1190370520767,12.6184558186208,0.01
14.7305000214267,8.38887527940485,0.01
13.1760022991716,12.4689400648574,0.01
13.2329675462664,12.3194243110941,0.01
13.2899327933613,12.1699085573307,0.01
13.3468980404562,12.0203928035674,0.01
13.403863287551,11.870877049804,0.01
13.4608285346459,11.7213612960407,0.01
13.5177937817408,11.5718455422774,0.01
13.5747590288356,11.422329788514,0.01
13.6317242759305,11.2728140347507,0.01
13.6886895230254,11.1232982809873,0.01
13.7456547701202,10.973782527224,0.01
13.8026200172151,10.8242667734606,0.01
13.85958526431,10.6747510196973,0.01
13.9165505114049,10.525235265934,0.01
13.9735157584997,10.3757195121706,0.01
14.0304810055946,10.2262037584073,0.01
14.0874462526895,10.0766880046439,0.01
14.1444114997843,9.92717225088058,0.01
14.2013767468792,9.77765649711724,0.01
14.2583419939741,9.6281407433539,0.01
14.3153072410689,9.47862498959056,0.01
14.3722724881638,9.32910923582721,0.01
14.4292377352587,9.17959348206387,0.01
14.4862029823535,9.03007772830053,0.01
14.5431682294484,8.88056197453718,0.01
14.6001334765433,8.73104622077384,0.01
14.6570987236381,8.5815304670105,0.01
14.714063970733,8.43201471324715,0.01
13.446102763434,12.7430672966408,0.01
15.0376050573201,8.56587721634169,0.01
13.5030680105289,12.5935515428774,0.01
13.5600332576237,12.4440357891141,0.01
13.6169985047186,12.2945200353508,0.01
13.6739637518135,12.1450042815874,0.01
13.7309289989083,11.9954885278241,0.01
13.7878942460032,11.8459727740607,0.01
13.8448594930981,11.6964570202974,0.01
13.901824740193,11.546941266534,0.01
13.9587899872878,11.3974255127707,0.01
14.0157552343827,11.2479097590074,0.01
14.0727204814776,11.098394005244,0.01
14.1296857285724,10.9488782514807,0.01
14.1866509756673,10.7993624977173,0.01
14.2436162227622,10.649846743954,0.01
14.300581469857,10.5003309901906,0.01
14.3575467169519,10.3508152364273,0.01
14.4145119640468,10.201299482664,0.01
14.4714772111416,10.0517837289006,0.01
14.5284424582365,9.90226797513727,0.01
14.5854077053314,9.75275222137392,0.01
14.6423729524262,9.60323646761058,0.01
14.6993381995211,9.45372071384724,0.01
14.756303446616,9.30420496008389,0.01
14.8132686937108,9.15468920632055,0.01
14.8702339408057,9.00517345255721,0.01
14.9271991879006,8.85565769879387,0.01
14.9841644349955,8.70614194503052,0.01
13.7731684747913,12.8676787746608,0.01
15.3447100932135,8.74287915327853,0.01
13.8301337218862,12.7181630208975,0.01
13.8870989689811,12.5686472671341,0.01
13.9440642160759,12.4191315133708,0.01
14.0010294631708,12.2696157596074,0.01
14.0579947102657,12.1201000058441,0.01
14.1149599573605,11.9705842520807,0.01
14.1719252044554,11.8210684983174,0.01
14.2288904515503,11.6715527445541,0.01
14.2858556986451,11.5220369907907,0.01
14.34282094574,11.3725212370274,0.01
14.3997861928349,11.223005483264,0.01
14.4567514399297,11.0734897295007,0.01
14.5137166870246,10.9239739757373,0.01
14.5706819341195,10.774458221974,0.01
14.6276471812143,10.6249424682107,0.01
14.6846124283092,10.4754267144473,0.01
14.7415776754041,10.325910960684,0.01
14.7985429224989,10.1763952069206,0.01
14.8555081695938,10.0268794531573,0.01
14.9124734166887,9.87736369939395,0.01
14.9694386637836,9.7278479456306,0.01
15.0264039108784,9.57833219186726,0.01
15.0833691579733,9.42881643810392,0.01
15.1403344050682,9.27930068434057,0.01
15.197299652163,9.12978493057723,0.01
15.2542648992579,8.98026917681389,0.01
15.3112301463528,8.83075342305055,0.01
14.1002341861486,12.9922902526808,0.01
15.651815129107,8.91988109021537,0.01
14.1571994332435,12.8427744989175,0.01
14.2141646803384,12.6932587451541,0.01
14.2711299274332,12.5437429913908,0.01
14.3280951745281,12.3942272376275,0.01
14.385060421623,12.2447114838641,0.01
14.4420256687178,12.0951957301008,0.01
14.4989909158127,11.9456799763374,0.01
14.5559561629076,11.7961642225741,0.01
14.6129214100024,11.6466484688107,0.01
14.6698866570973,11.4971327150474,0.01
14.7268519041922,11.3476169612841,0.01
14.7838171512871,11.1981012075207,0.01
14.8407823983819,11.0485854537574,0.01
14.8977476454768,10.899069699994,0.01
14.9547128925717,10.7495539462307,0.01
15.0116781396665,10.6000381924673,0.01
15.0686433867614,10.450522438704,0.01
15.1256086338563,10.3010066849407,0.01
15.1825738809511,10.1514909311773,0.01
15.239539128046,10.001975177414,0.01
15.2965043751409,9.85245942365063,0.01
15.3534696222357,9.70294366988729,0.01
15.4104348693306,9.55342791612394,0.01
15.4674001164255,9.4039121623606,0.01
15.5243653635203,9.25439640859726,0.01
15.5813306106152,9.10488065483391,0.01
15.6382958577101,8.95536490107057,0.01
14.4272998975059,13.1169017307009,0.01
15.9589201650004,9.09688302715221,0.01
14.4842651446008,12.9673859769375,0.01
14.5412303916957,12.8178702231742,0.01
14.5981956387906,12.6683544694108,0.01
14.6551608858854,12.5188387156475,0.01
14.7121261329803,12.3693229618841,0.01
14.7690913800752,12.2198072081208,0.01
14.82605662717,12.0702914543575,0.01
14.8830218742649,11.9207757005941,0.01
14.9399871213598,11.7712599468308,0.01
14.9969523684546,11.6217441930674,0.01
15.0539176155495,11.4722284393041,0.01
15.1108828626444,11.3227126855407,0.01
15.1678481097392,11.1731969317774,0.01
15.2248133568341,11.0236811780141,0.01
15.281778603929,10.8741654242507,0.01
15.3387438510238,10.7246496704874,0.01
15.3957090981187,10.575133916724,0.01
15.4526743452136,10.4256181629607,0.01
15.5096395923084,10.2761024091973,0.01
15.5666048394033,10.126586655434,0.01
15.6235700864982,9.97707090167065,0.01
15.6805353335931,9.82755514790731,0.01
15.7375005806879,9.67803939414397,0.01
15.7944658277828,9.52852364038063,0.01
15.8514310748777,9.37900788661728,0.01
15.9083963219725,9.22949213285394,0.01
14.7543656088633,13.2415132087209,0.01
16.2660252008938,9.27388496408905,0.01
14.8113308559581,13.0919974549575,0.01
14.868296103053,12.9424817011942,0.01
14.9252613501479,12.7929659474309,0.01
14.9822265972427,12.6434501936675,0.01
15.0391918443376,12.4939344399042,0.01
15.0961570914325,12.3444186861408,0.01
15.1531223385273,12.1949029323775,0.01
15.2100875856222,12.0453871786141,0.01
15.2670528327171,11.8958714248508,0.01
15.3240180798119,11.7463556710874,0.01
15.3809833269068,11.5968399173241,0.01
15.4379485740017,11.4473241635608,0.01
15.4949138210965,11.2978084097974,0.01
15.5518790681914,11.1482926560341,0.01
15.6088443152863,10.9987769022707,0.01
15.6658095623812,10.8492611485074,0.01
15.722774809476,10.699745394744,0.01
15.7797400565709,10.5502296409807,0.01
15.8367053036658,10.4007138872174,0.01
15.8936705507606,10.251198133454,0.01
15.9506357978555,10.1016823796907,0.01
16.0076010449504,9.95216662592733,0.01
16.0645662920452,9.80265087216399,0.01
16.1215315391401,9.65313511840065,0.01
16.178496786235,9.50361936463731,0.01
16.2354620333298,9.35410361087396,0.01
15.0814313202206,13.3661246867409,0.01
16.5731302367872,9.45088690102589,0.01
15.1383965673154,13.2166089329776,0.01
15.1953618144103,13.0670931792142,0.01
15.2523270615052,12.9175774254509,0.01
15.3092923086,12.7680616716875,0.01
15.3662575556949,12.6185459179242,0.01
15.4232228027898,12.4690301641608,0.01
15.4801880498846,12.3195144103975,0.01
15.5371532969795,12.1699986566342,0.01
15.5941185440744,12.0204829028708,0.01
15.6510837911693,11.8709671491075,0.01
15.7080490382641,11.7214513953441,0.01
15.765014285359,11.5719356415808,0.01
15.8219795324539,11.4224198878174,0.01
15.8789447795487,11.2729041340541,0.01
15.9359100266436,11.1233883802908,0.01
15.9928752737385,10.9738726265274,0.01
16.0498405208333,10.8243568727641,0.01
16.1068057679282,10.6748411190007,0.01
16.1637710150231,10.5253253652374,0.01
16.2207362621179,10.375809611474,0.01
16.2777015092128,10.2262938577107,0.01
16.3346667563077,10.0767781039474,0.01
16.3916320034025,9.92726235018402,0.01
16.4485972504974,9.77774659642067,0.01
16.5055624975923,9.62823084265733,0.01
16.5625277446871,9.47871508889399,0.01
15.4084970315779,13.4907361647609,0.01
16.8802352726806,9.62788883796272,0.01
15.4654622786727,13.3412204109976,0.01
15.5224275257676,13.1917046572342,0.01
15.5793927728625,13.0421889034709,0.01
15.6363580199574,12.8926731497076,0.01
15.6933232670522,12.7431573959442,0.01
15.7502885141471,12.5936416421809,0.01
15.807253761242,12.4441258884175,0.01
15.8642190083368,12.2946101346542,0.01
15.9211842554317,12.1450943808908,0.01
15.9781495025266,11.9955786271275,0.01
16.0351147496214,11.8460628733642,0.01
16.0920799967163,11.6965471196008,0.01
16.1490452438112,11.5470313658375,0.01
16.206010490906,11.3975156120741,0.01
16.2629757380009,11.2479998583108,0.01
16.3199409850958,11.0984841045474,0.01
16.3769062321906,10.9489683507841,0.01
16.4338714792855,10.7994525970208,0.01
16.4908367263804,10.6499368432574,0.01
16.5478019734752,10.5004210894941,0.01
16.6047672205701,10.3509053357307,0.01
16.661732467665,10.2013895819674,0.01
16.7186977147599,10.051873828204,0.01
16.7756629618547,9.9023580744407,0.01
16.8326282089496,9.75284232067735,0.01
15.7355627429352,13.615347642781,0.01
17.187340308574,9.80489077489956,0.01
15.7925279900301,13.4658318890176,0.01
15.8494932371249,13.3163161352543,0.01
15.9064584842198,13.1668003814909,0.01
15.9634237313147,13.0172846277276,0.01
16.0203889784095,12.8677688739642,0.01
16.0773542255044,12.7182531202009,0.01
16.1343194725993,12.5687373664376,0.01
16.1912847196941,12.4192216126742,0.01
16.248249966789,12.2697058589109,0.01
16.3052152138839,12.1201901051475,0.01
16.3621804609787,11.9706743513842,0.01
16.4191457080736,11.8211585976208,0.01
16.4761109551685,11.6716428438575,0.01
16.5330762022634,11.5221270900942,0.01
16.5900414493582,11.3726113363308,0.01
16.6470066964531,11.2230955825675,0.01
16.703971943548,11.0735798288041,0.01
16.7609371906428,10.9240640750408,0.01
16.8179024377377,10.7745483212774,0.01
16.8748676848326,10.6250325675141,0.01
16.9318329319274,10.4755168137507,0.01
16.9887981790223,10.3260010599874,0.01
17.0457634261172,10.1764853062241,0.01
17.102728673212,10.0269695524607,0.01
17.1596939203069,9.87745379869738,0.01
16.0626284542925,13.739959120801,0.01
17.4944453444674,9.9818927118364,0.01
16.1195937013874,13.5904433670376,0.01
16.1765589484822,13.4409276132743,0.01
16.2335241955771,13.2914118595109,0.01
16.290489442672,13.1418961057476,0.01
16.3474546897668,12.9923803519843,0.01
16.4044199368617,12.8428645982209,0.01
16.4613851839566,12.6933488444576,0.01
16.5183504310515,12.5438330906942,0.01
16.5753156781463,12.3943173369309,0.01
16.6322809252412,12.2448015831675,0.01
16.6892461723361,12.0952858294042,0.01
16.7462114194309,11.9457700756409,0.01
16.8031766665258,11.7962543218775,0.01
16.8601419136207,11.6467385681142,0.01
16.9171071607155,11.4972228143508,0.01
16.9740724078104,11.3477070605875,0.01
17.0310376549053,11.1981913068241,0.01
17.0880029020001,11.0486755530608,0.01
17.144968149095,10.8991597992975,0.01
17.2019333961899,10.7496440455341,0.01
17.2588986432847,10.6001282917708,0.01
17.3158638903796,10.4506125380074,0.01
17.3728291374745,10.3010967842441,0.01
17.4297943845693,10.1515810304807,0.01
17.4867596316642,10.0020652767174,0.01
16.3896941656498,13.864570598821,0.01
17.8015503803609,10.1588946487732,0.01
16.4466594127447,13.7150548450577,0.01
16.5036246598396,13.5655390912943,0.01
16.5605899069344,13.416023337531,0.01
16.6175551540293,13.2665075837676,0.01
16.6745204011242,13.1169918300043,0.01
16.731485648219,12.9674760762409,0.01
16.7884508953139,12.8179603224776,0.01
16.8454161424088,12.6684445687143,0.01
16.9023813895036,12.5189288149509,0.01
16.9593466365985,12.3694130611876,0.01
17.0163118836934,12.2198973074242,0.01
17.0732771307882,12.0703815536609,0.01
17.1302423778831,11.9208657998975,0.01
17.187207624978,11.7713500461342,0.01
17.2441728720728,11.6218342923709,0.01
17.3011381191677,11.4723185386075,0.01
17.3581033662626,11.3228027848442,0.01
17.4150686133574,11.1732870310808,0.01
17.4720338604523,11.0237712773175,0.01
17.5289991075472,10.8742555235541,0.01
17.5859643546421,10.7247397697908,0.01
17.6429296017369,10.5752240160275,0.01
17.6998948488318,10.4257082622641,0.01
17.7568600959267,10.2761925085008,0.01
16.7167598770071,13.989182076841,0.01
18.1086554162543,10.3358965857101,0.01
16.773725124102,13.8396663230777,0.01
16.8306903711969,13.6901505693143,0.01
16.8876556182917,13.540634815551,0.01
16.9446208653866,13.3911190617877,0.01
17.0015861124815,13.2416033080243,0.01
17.0585513595763,13.092087554261,0.01
17.1155166066712,12.9425718004976,0.01
17.1724818537661,12.7930560467343,0.01
17.2294471008609,12.6435402929709,0.01
17.2864123479558,12.4940245392076,0.01
17.3433775950507,12.3445087854443,0.01
17.4003428421456,12.1949930316809,0.01
17.4573080892404,12.0454772779176,0.01
17.5142733363353,11.8959615241542,0.01
17.5712385834302,11.7464457703909,0.01
17.628203830525,11.5969300166275,0.01
17.6851690776199,11.4474142628642,0.01
17.7421343247148,11.2978985091009,0.01
17.7990995718096,11.1483827553375,0.01
17.8560648189045,10.9988670015742,0.01
17.9130300659994,10.8493512478108,0.01
17.9699953130942,10.6998354940475,0.01
18.0269605601891,10.5503197402841,0.01
18.083925807284,10.4008039865208,0.01
17.0438255883644,14.113793554861,0.01
18.4157604521477,10.5128985226469,0.01
17.1007908354593,13.9642778010977,0.01
17.1577560825542,13.8147620473344,0.01
17.214721329649,13.665246293571,0.01
17.2716865767439,13.5157305398077,0.01
17.3286518238388,13.3662147860443,0.01
17.3856170709337,13.216699032281,0.01
17.4425823180285,13.0671832785176,0.01
17.4995475651234,12.9176675247543,0.01
17.5565128122183,12.768151770991,0.01
17.6134780593131,12.6186360172276,0.01
17.670443306408,12.4691202634643,0.01
17.7274085535029,12.3196045097009,0.01
17.7843738005977,12.1700887559376,0.01
17.8413390476926,12.0205730021742,0.01
17.8983042947875,11.8710572484109,0.01
17.9552695418823,11.7215414946476,0.01
18.0122347889772,11.5720257408842,0.01
18.0692000360721,11.4225099871209,0.01
18.1261652831669,11.2729942333575,0.01
18.1831305302618,11.1234784795942,0.01
18.2400957773567,10.9739627258308,0.01
18.2970610244515,10.8244469720675,0.01
18.3540262715464,10.6749312183042,0.01
18.4109915186413,10.5254154645408,0.01
17.3708912997218,14.2384050328811,0.01
18.7228654880411,10.6899004595838,0.01
17.4278565468166,14.0888892791177,0.01
17.4848217939115,13.9393735253544,0.01
17.5417870410064,13.789857771591,0.01
17.5987522881012,13.6403420178277,0.01
17.6557175351961,13.4908262640644,0.01
17.712682782291,13.341310510301,0.01
17.7696480293858,13.1917947565377,0.01
17.8266132764807,13.0422790027743,0.01
17.8835785235756,12.892763249011,0.01
17.9405437706704,12.7432474952476,0.01
17.9975090177653,12.5937317414843,0.01
18.0544742648602,12.444215987721,0.01
18.111439511955,12.2947002339576,0.01
18.1684047590499,12.1451844801943,0.01
18.2253700061448,11.9956687264309,0.01
18.2823352532397,11.8461529726676,0.01
18.3393005003345,11.6966372189042,0.01
18.3962657474294,11.5471214651409,0.01
18.4532309945243,11.3976057113776,0.01
18.5101962416191,11.2480899576142,0.01
18.567161488714,11.0985742038509,0.01
18.6241267358089,10.9490584500875,0.01
18.6810919829037,10.7995426963242,0.01
17.6979570110791,14.3630165109011,0.01
19.0299705239345,10.8669023965206,0.01
17.7549222581739,14.2135007571378,0.01
17.8118875052688,14.0639850033744,0.01
17.8688527523637,13.9144692496111,0.01
17.9258179994585,13.7649534958477,0.01
17.9827832465534,13.6154377420844,0.01
18.0397484936483,13.465921988321,0.01
18.0967137407431,13.3164062345577,0.01
18.153678987838,13.1668904807944,0.01
18.2106442349329,13.017374727031,0.01
18.2676094820278,12.8678589732677,0.01
18.3245747291226,12.7183432195043,0.01
18.3815399762175,12.568827465741,0.01
18.4385052233124,12.4193117119776,0.01
18.4954704704072,12.2697959582143,0.01
18.5524357175021,12.120280204451,0.01
18.609400964597,11.9707644506876,0.01
18.6663662116918,11.8212486969243,0.01
18.7233314587867,11.6717329431609,0.01
18.7802967058816,11.5222171893976,0.01
18.8372619529764,11.3727014356342,0.01
18.8942272000713,11.2231856818709,0.01
18.9511924471662,11.0736699281076,0.01
19.008157694261,10.9241541743442,0.01
18.0250227224364,14.4876279889211,0.01
19.3370755598279,11.0439043334574,0.01
18.0819879695313,14.3381122351578,0.01
18.1389532166261,14.1885964813944,0.01
18.195918463721,14.0390807276311,0.01
18.2528837108159,13.8895649738677,0.01
18.3098489579107,13.7400492201044,0.01
18.3668142050056,13.5905334663411,0.01
18.4237794521005,13.4410177125777,0.01
18.4807446991953,13.2915019588144,0.01
18.5377099462902,13.141986205051,0.01
18.5946751933851,12.9924704512877,0.01
18.6516404404799,12.8429546975243,0.01
18.7086056875748,12.693438943761,0.01
18.7655709346697,12.5439231899977,0.01
18.8225361817645,12.3944074362343,0.01
18.8795014288594,12.244891682471,0.01
18.9364666759543,12.0953759287076,0.01
18.9934319230491,11.9458601749443,0.01
19.050397170144,11.7963444211809,0.01
19.1073624172389,11.6468286674176,0.01
19.1643276643337,11.4973129136543,0.01
19.2212929114286,11.3477971598909,0.01
19.2782581585235,11.1982814061276,0.01
19.3352234056184,11.0487656523642,0.01
18.3520884337937,14.6122394669411,0.01
19.6441805957214,11.2209062703943,0.01
18.4090536808886,14.4627237131778,0.01
18.4660189279834,14.3132079594145,0.01
18.5229841750783,14.1636922056511,0.01
18.5799494221732,14.0141764518878,0.01
18.636914669268,13.8646606981244,0.01
18.6938799163629,13.7151449443611,0.01
18.7508451634578,13.5656291905977,0.01
18.8078104105526,13.4161134368344,0.01
18.8647756576475,13.2665976830711,0.01
18.9217409047424,13.1170819293077,0.01
18.9787061518372,12.9675661755444,0.01
19.0356713989321,12.818050421781,0.01
19.092636646027,12.6685346680177,0.01
19.1496018931219,12.5190189142543,0.01
19.2065671402167,12.369503160491,0.01
19.2635323873116,12.2199874067277,0.01
19.3204976344065,12.0704716529643,0.01
19.3774628815013,11.920955899201,0.01
19.4344281285962,11.7714401454376,0.01
19.4913933756911,11.6219243916743,0.01
19.5483586227859,11.4724086379109,0.01
19.6053238698808,11.3228928841476,0.01
18.679154145151,14.7368509449612,0.01
19.9512856316148,11.3979082073311,0.01
18.7361193922459,14.5873351911978,0.01
18.7930846393407,14.4378194374345,0.01
18.8500498864356,14.2883036836711,0.01
18.9070151335305,14.1387879299078,0.01
18.9639803806253,13.9892721761445,0.01
19.0209456277202,13.8397564223811,0.01
19.0779108748151,13.6902406686178,0.01
19.13487612191,13.5407249148544,0.01
19.1918413690048,13.3912091610911,0.01
19.2488066160997,13.2416934073277,0.01
19.3057718631946,13.0921776535644,0.01
19.3627371102894,12.9426618998011,0.01
19.4197023573843,12.7931461460377,0.01
19.4766676044792,12.6436303922744,0.01
19.533632851574,12.494114638511,0.01
19.5905980986689,12.3445988847477,0.01
19.6475633457638,12.1950831309843,0.01
19.7045285928586,12.045567377221,0.01
19.7614938399535,11.8960516234577,0.01
19.8184590870484,11.7465358696943,0.01
19.8754243341432,11.597020115931,0.01
19.9323895812381,11.4475043621676,0.01
19.0062198565083,14.8614624229812,0.01
20.2583906675082,11.574910144268,0.01
19.0631851036032,14.7119466692179,0.01
19.1201503506981,14.5624309154545,0.01
19.1771155977929,14.4129151616912,0.01
19.2340808448878,14.2633994079278,0.01
19.2910460919827,14.1138836541645,0.01
19.3480113390775,13.9643679004011,0.01
19.4049765861724,13.8148521466378,0.01
19.4619418332673,13.6653363928744,0.01
19.5189070803621,13.5158206391111,0.01
19.575872327457,13.3663048853478,0.01
19.6328375745519,13.2167891315844,0.01
19.6898028216467,13.0672733778211,0.01
19.7467680687416,12.9177576240577,0.01
19.8037333158365,12.7682418702944,0.01
19.8606985629313,12.6187261165311,0.01
19.9176638100262,12.4692103627677,0.01
19.9746290571211,12.3196946090044,0.01
20.0315943042159,12.170178855241,0.01
20.0885595513108,12.0206631014777,0.01
20.1455247984057,11.8711473477143,0.01
20.2024900455006,11.721631593951,0.01
19.3332855678656,14.9860739010012,0.01
20.5654957034016,11.7519120812048,0.01
19.3902508149605,14.8365581472379,0.01
19.4472160620554,14.6870423934745,0.01
19.5041813091502,14.5375266397112,0.01
19.5611465562451,14.3880108859478,0.01
19.61811180334,14.2384951321845,0.01
19.6750770504348,14.0889793784212,0.01
19.7320422975297,13.9394636246578,0.01
19.7890075446246,13.7899478708945,0.01
19.8459727917194,13.6404321171311,0.01
19.9029380388143,13.4909163633678,0.01
19.9599032859092,13.3414006096044,0.01
20.016868533004,13.1918848558411,0.01
20.0738337800989,13.0423691020778,0.01
20.1307990271938,12.8928533483144,0.01
20.1877642742887,12.7433375945511,0.01
20.2447295213835,12.5938218407877,0.01
20.3016947684784,12.4443060870244,0.01
20.3586600155733,12.294790333261,0.01
20.4156252626681,12.1452745794977,0.01
20.472590509763,11.9957588257344,0.01
20.5295557568579,11.846243071971,0.01
19.6603512792229,15.1106853790212,0.01
20.872600739295,11.9289140181416,0.01
19.7173165263178,14.9611696252579,0.01
19.7742817734127,14.8116538714946,0.01
19.8312470205075,14.6621381177312,0.01
19.8882122676024,14.5126223639679,0.01
19.9451775146973,14.3631066102045,0.01
20.0021427617922,14.2135908564412,0.01
20.059108008887,14.0640751026778,0.01
20.1160732559819,13.9145593489145,0.01
20.1730385030768,13.7650435951512,0.01
20.2300037501716,13.6155278413878,0.01
20.2869689972665,13.4660120876245,0.01
20.3439342443614,13.3164963338611,0.01
20.4008994914562,13.1669805800978,0.01
20.4578647385511,13.0174648263344,0.01
20.514829985646,12.8679490725711,0.01
20.5717952327408,12.7184333188078,0.01
20.6287604798357,12.5689175650444,0.01
20.6857257269306,12.4194018112811,0.01
20.7426909740254,12.2698860575177,0.01
20.7996562211203,12.1203703037544,0.01
20.8566214682152,11.970854549991,0.01
19.9874169905803,15.2352968570413,0.01
21.1797057751884,12.1059159550785,0.01
20.0443822376751,15.0857811032779,0.01
20.10134748477,14.9362653495146,0.01
20.1583127318649,14.7867495957512,0.01
20.2152779789597,14.6372338419879,0.01
20.2722432260546,14.4877180882246,0.01
20.3292084731495,14.3382023344612,0.01
20.3861737202443,14.1886865806979,0.01
20.4431389673392,14.0391708269345,0.01
20.5001042144341,13.8896550731712,0.01
20.5570694615289,13.7401393194078,0.01
20.6140347086238,13.5906235656445,0.01
20.6709999557187,13.4411078118812,0.01
20.7279652028135,13.2915920581178,0.01
20.7849304499084,13.1420763043545,0.01
20.8418956970033,12.9925605505911,0.01
20.8988609440982,12.8430447968278,0.01
20.955826191193,12.6935290430644,0.01
21.0127914382879,12.5440132893011,0.01
21.0697566853828,12.3944975355378,0.01
21.1267219324776,12.2449817817744,0.01
20.3144827019376,15.3599083350613,0.01
21.4868108110819,12.2829178920153,0.01
20.3714479490324,15.2103925812979,0.01
20.4284131961273,15.0608768275346,0.01
20.4853784432222,14.9113610737713,0.01
20.542343690317,14.7618453200079,0.01
20.5993089374119,14.6123295662446,0.01
20.6562741845068,14.4628138124812,0.01
20.7132394316016,14.3132980587179,0.01
20.7702046786965,14.1637823049545,0.01
20.8271699257914,14.0142665511912,0.01
20.8841351728863,13.8647507974279,0.01
20.9411004199811,13.7152350436645,0.01
20.998065667076,13.5657192899012,0.01
21.0550309141709,13.4162035361378,0.01
21.1119961612657,13.2666877823745,0.01
21.1689614083606,13.1171720286111,0.01
21.2259266554555,12.9676562748478,0.01
21.2828919025503,12.8181405210845,0.01
21.3398571496452,12.6686247673211,0.01
21.3968223967401,12.5191090135578,0.01
21.4537876438349,12.3695932597944,0.01
20.6415484132949,15.4845198130813,0.01
21.7939158469753,12.4599198289522,0.01
20.6985136603898,15.335004059318,0.01
20.7554789074846,15.1854883055546,0.01
20.8124441545795,15.0359725517913,0.01
20.8694094016744,14.8864567980279,0.01
20.9263746487692,14.7369410442646,0.01
20.9833398958641,14.5874252905013,0.01
21.040305142959,14.4379095367379,0.01
21.0972703900538,14.2883937829746,0.01
21.1542356371487,14.1388780292112,0.01
21.2112008842436,13.9893622754479,0.01
21.2681661313384,13.8398465216845,0.01
21.3251313784333,13.6903307679212,0.01
21.3820966255282,13.5408150141579,0.01
21.439061872623,13.3912992603945,0.01
21.4960271197179,13.2417835066312,0.01
21.5529923668128,13.0922677528678,0.01
21.6099576139076,12.9427519991045,0.01
21.6669228610025,12.7932362453411,0.01
21.7238881080974,12.6437204915778,0.01
21.7808533551923,12.4942047378145,0.01
20.9686141246522,15.6091312911013,0.01
22.1010208828687,12.636921765889,0.01
21.0255793717471,15.459615537338,0.01
21.0825446188419,15.3100997835747,0.01
21.1395098659368,15.1605840298113,0.01
21.1964751130317,15.011068276048,0.01
21.2534403601265,14.8615525222846,0.01
21.3104056072214,14.7120367685213,0.01
21.3673708543163,14.5625210147579,0.01
21.4243361014111,14.4130052609946,0.01
21.481301348506,14.2634895072313,0.01
21.5382665956009,14.1139737534679,0.01
21.5952318426958,13.9644579997046,0.01
21.6521970897906,13.8149422459412,0.01
21.7091623368855,13.6654264921779,0.01
21.7661275839804,13.5159107384145,0.01
21.8230928310752,13.3663949846512,0.01
21.8800580781701,13.2168792308879,0.01
21.937023325265,13.0673634771245,0.01
21.9939885723598,12.9178477233612,0.01
22.0509538194547,12.7683319695978,0.01
21.2956798360095,15.7337427691214,0.01
22.4081259187621,12.8139237028258,0.01
21.3526450831044,15.584227015358,0.01
21.4096103301992,15.4347112615947,0.01
21.4665755772941,15.2851955078313,0.01
21.523540824389,15.135679754068,0.01
21.5805060714838,14.9861640003046,0.01
21.6374713185787,14.8366482465413,0.01
21.6944365656736,14.687132492778,0.01
21.7514018127685,14.5376167390146,0.01
21.8083670598633,14.3881009852513,0.01
21.8653323069582,14.2385852314879,0.01
21.9222975540531,14.0890694777246,0.01
21.9792628011479,13.9395537239612,0.01
22.0362280482428,13.7900379701979,0.01
22.0931932953377,13.6405222164346,0.01
22.1501585424325,13.4910064626712,0.01
22.2071237895274,13.3414907089079,0.01
22.2640890366223,13.1919749551445,0.01
22.3210542837171,13.0424592013812,0.01
22.378019530812,12.8929434476179,0.01
21.6227455473668,15.8583542471414,0.01
22.7152309546555,12.9909256397627,0.01
21.6797107944617,15.708838493378,0.01
21.7366760415566,15.5593227396147,0.01
21.7936412886514,15.4098069858514,0.01
21.8506065357463,15.260291232088,0.01
21.9075717828412,15.1107754783247,0.01
21.964537029936,14.9612597245613,0.01
22.0215022770309,14.811743970798,0.01
22.0784675241258,14.6622282170346,0.01
22.1354327712206,14.5127124632713,0.01
22.1923980183155,14.363196709508,0.01
22.2493632654104,14.2136809557446,0.01
22.3063285125052,14.0641652019813,0.01
22.3632937596001,13.9146494482179,0.01
22.420259006695,13.7651336944546,0.01
22.4772242537898,13.6156179406912,0.01
22.5341895008847,13.4661021869279,0.01
22.5911547479796,13.3165864331646,0.01
22.6481199950744,13.1670706794012,0.01
22.7050852421693,13.0175549256379,0.01
21.9498112587241,15.9829657251614,0.01
23.0223359905489,13.1679275766995,0.01
22.006776505819,15.8334499713981,0.01
22.0637417529139,15.6839342176347,0.01
22.1207070000087,15.5344184638714,0.01
22.1776722471036,15.384902710108,0.01
22.2346374941985,15.2353869563447,0.01
22.2916027412933,15.0858712025814,0.01
22.3485679883882,14.936355448818,0.01
22.4055332354831,14.7868396950547,0.01
22.4624984825779,14.6373239412913,0.01
22.5194637296728,14.487808187528,0.01
22.5764289767677,14.3382924337646,0.01
22.6333942238625,14.1887766800013,0.01
22.6903594709574,14.039260926238,0.01
22.7473247180523,13.8897451724746,0.01
22.8042899651472,13.7402294187113,0.01
22.861255212242,13.5907136649479,0.01
22.9182204593369,13.4411979111846,0.01
22.9751857064318,13.2916821574212,0.01
22.2768769700814,16.1075772031814,0.01
23.3294410264424,13.3449295136364,0.01
22.3338422171763,15.9580614494181,0.01
22.3908074642712,15.8085456956548,0.01
22.447772711366,15.6590299418914,0.01
22.5047379584609,15.5095141881281,0.01
22.5617032055558,15.3599984343647,0.01
22.6186684526507,15.2104826806014,0.01
22.6756336997455,15.060966926838,0.01
22.7325989468404,14.9114511730747,0.01
22.7895641939353,14.7619354193114,0.01
22.8465294410301,14.612419665548,0.01
22.903494688125,14.4629039117847,0.01
22.9604599352199,14.3133881580213,0.01
23.0174251823147,14.163872404258,0.01
23.0743904294096,14.0143566504946,0.01
23.1313556765045,13.8648408967313,0.01
23.1883209235993,13.715325142968,0.01
23.2452861706942,13.5658093892046,0.01
23.3022514177891,13.4162936354413,0.01
22.6039426814388,16.2321886812015,0.01
23.6365460623358,13.5219314505732,0.01
22.6609079285336,16.0826729274381,0.01
22.7178731756285,15.9331571736748,0.01
22.7748384227234,15.7836414199114,0.01
22.8318036698182,15.6341256661481,0.01
22.8887689169131,15.4846099123847,0.01
22.945734164008,15.3350941586214,0.01
23.0026994111028,15.1855784048581,0.01
23.0596646581977,15.0360626510947,0.01
23.1166299052926,14.8865468973314,0.01
23.1735951523874,14.737031143568,0.01
23.2305603994823,14.5875153898047,0.01
23.2875256465772,14.4379996360413,0.01
23.344490893672,14.288483882278,0.01
23.4014561407669,14.1389681285147,0.01
23.4584213878618,13.9894523747513,0.01
23.5153866349567,13.839936620988,0.01
23.5723518820515,13.6904208672246,0.01
23.6293171291464,13.5409051134613,0.01
22.9310083927961,16.3568001592215,0.01
23.9436510982292,13.69893338751,0.01
22.9879736398909,16.2072844054581,0.01
23.0449388869858,16.0577686516948,0.01
23.1019041340807,15.9082528979315,0.01
23.1588693811755,15.7587371441681,0.01
23.2158346282704,15.6092213904048,0.01
23.2727998753653,15.4597056366414,0.01
23.3297651224601,15.3101898828781,0.01
23.386730369555,15.1606741291147,0.01
23.4436956166499,15.0111583753514,0.01
23.5006608637448,14.8616426215881,0.01
23.5576261108396,14.7121268678247,0.01
23.6145913579345,14.5626111140614,0.01
23.6715566050294,14.413095360298,0.01
23.7285218521242,14.2635796065347,0.01
23.7854870992191,14.1140638527713,0.01
23.842452346314,13.964548099008,0.01
23.8994175934088,13.8150323452447,0.01
23.2580741041534,16.4814116372415,0.01
24.2507561341226,13.8759353244469,0.01
23.3150393512483,16.3318958834782,0.01
23.3720045983431,16.1823801297148,0.01
23.428969845438,16.0328643759515,0.01
23.4859350925329,15.8833486221881,0.01
23.5429003396277,15.7338328684248,0.01
23.5998655867226,15.5843171146615,0.01
23.6568308338175,15.4348013608981,0.01
23.7137960809123,15.2852856071348,0.01
23.7707613280072,15.1357698533714,0.01
23.8277265751021,14.9862540996081,0.01
23.8846918221969,14.8367383458447,0.01
23.9416570692918,14.6872225920814,0.01
23.9986223163867,14.5377068383181,0.01
24.0555875634815,14.3881910845547,0.01
24.1125528105764,14.2386753307914,0.01
24.1695180576713,14.089159577028,0.01
24.2264833047661,13.9396438232647,0.01
23.5851398155107,16.6060231152615,0.01
24.557861170016,14.0529372613837,0.01
23.6421050626056,16.4565073614982,0.01
23.6990703097004,16.3069916077349,0.01
23.7560355567953,16.1574758539715,0.01
23.8130008038902,16.0079601002082,0.01
23.869966050985,15.8584443464448,0.01
23.9269312980799,15.7089285926815,0.01
23.9838965451748,15.5594128389181,0.01
24.0408617922696,15.4098970851548,0.01
24.0978270393645,15.2603813313915,0.01
24.1547922864594,15.1108655776281,0.01
24.2117575335542,14.9613498238648,0.01
24.2687227806491,14.8118340701014,0.01
24.325688027744,14.6623183163381,0.01
24.3826532748389,14.5128025625747,0.01
24.4396185219337,14.3632868088114,0.01
24.4965837690286,14.2137710550481,0.01
24.5535490161235,14.0642553012847,0.01
23.912205526868,16.7306345932816,0.01
24.8649662059094,14.2299391983206,0.01
23.9691707739629,16.5811188395182,0.01
24.0261360210577,16.4316030857549,0.01
24.0831012681526,16.2820873319915,0.01
24.1400665152475,16.1325715782282,0.01
24.1970317623423,15.9830558244648,0.01
24.2539970094372,15.8335400707015,0.01
24.3109622565321,15.6840243169382,0.01
24.367927503627,15.5345085631748,0.01
24.4248927507218,15.3849928094115,0.01
24.4818579978167,15.2354770556481,0.01
24.5388232449116,15.0859613018848,0.01
24.5957884920064,14.9364455481214,0.01
24.6527537391013,14.7869297943581,0.01
24.7097189861962,14.6374140405948,0.01
24.766684233291,14.4878982868314,0.01
24.8236494803859,14.3383825330681,0.01
24.2392712382253,16.8552460713016,0.01
25.1720712418029,14.4069411352574,0.01
24.2962364853202,16.7057303175382,0.01
24.3532017324151,16.5562145637749,0.01
24.4101669795099,16.4066988100116,0.01
24.4671322266048,16.2571830562482,0.01
24.5240974736997,16.1076673024849,0.01
24.5810627207945,15.9581515487215,0.01
24.6380279678894,15.8086357949582,0.01
24.6949932149843,15.6591200411948,0.01
24.7519584620791,15.5096042874315,0.01
24.808923709174,15.3600885336682,0.01
24.8658889562689,15.2105727799048,0.01
24.9228542033637,15.0610570261415,0.01
24.9798194504586,14.9115412723781,0.01
25.0367846975535,14.7620255186148,0.01
25.0937499446483,14.6125097648514,0.01
25.1507151917432,14.4629940110881,0.01
24.5663369495826,16.9798575493216,0.01
25.4791762776963,14.5839430721942,0.01
24.6233021966775,16.8303417955583,0.01
24.6802674437724,16.6808260417949,0.01
24.7372326908672,16.5313102880316,0.01
24.7941979379621,16.3817945342682,0.01
24.851163185057,16.2322787805049,0.01
24.9081284321518,16.0827630267416,0.01
24.9650936792467,15.9332472729782,0.01
25.0220589263416,15.7837315192149,0.01
25.0790241734365,15.6342157654515,0.01
25.1359894205313,15.4847000116882,0.01
25.1929546676262,15.3351842579248,0.01
25.2499199147211,15.1856685041615,0.01
25.3068851618159,15.0361527503982,0.01
25.3638504089108,14.8866369966348,0.01
25.4208156560057,14.7371212428715,0.01
25.4777809031005,14.5876054891081,0.01
24.8934026609399,17.1044690273416,0.01
25.7862813135897,14.7609450091311,0.01
24.9503679080348,16.9549532735783,0.01
25.0073331551297,16.8054375198149,0.01
25.0642984022246,16.6559217660516,0.01
25.1212636493194,16.5064060122883,0.01
25.1782288964143,16.3568902585249,0.01
25.2351941435092,16.2073745047616,0.01
25.292159390604,16.0578587509982,0.01
25.3491246376989,15.9083429972349,0.01
25.4060898847938,15.7588272434715,0.01
25.4630551318886,15.6093114897082,0.01
25.5200203789835,15.4597957359449,0.01
25.5769856260784,15.3102799821815,0.01
25.6339508731732,15.1607642284182,0.01
25.6909161202681,15.0112484746548,0.01
25.747881367363,14.8617327208915,0.01
25.2204683722973,17.2290805053617,0.01
26.0933863494831,14.9379469460679,0.01
25.2774336193921,17.0795647515983,0.01
25.334398866487,16.930048997835,0.01
25.3913641135819,16.7805332440716,0.01
25.4483293606767,16.6310174903083,0.01
25.5052946077716,16.4815017365449,0.01
25.5622598548665,16.3319859827816,0.01
25.6192251019613,16.1824702290183,0.01
25.6761903490562,16.0329544752549,0.01
25.7331555961511,15.8834387214916,0.01
25.7901208432459,15.7339229677282,0.01
25.8470860903408,15.5844072139649,0.01
25.9040513374357,15.4348914602015,0.01
25.9610165845305,15.2853757064382,0.01
26.0179818316254,15.1358599526749,0.01
26.0749470787203,14.9863441989115,0.01
25.5475340836546,17.3536919833817,0.01
26.4004913853765,15.1149488830047,0.01
25.6044993307494,17.2041762296183,0.01
25.6614645778443,17.054660475855,0.01
25.7184298249392,16.9051447220917,0.01
25.775395072034,16.7556289683283,0.01
25.8323603191289,16.606113214565,0.01
25.8893255662238,16.4565974608016,0.01
25.9462908133187,16.3070817070383,0.01
26.0032560604135,16.1575659532749,0.01
26.0602213075084,16.0080501995116,0.01
26.1171865546033,15.8585344457483,0.01
26.1741518016981,15.7090186919849,0.01
26.231117048793,15.5595029382216,0.01
26.2880822958879,15.4099871844582,0.01
26.3450475429827,15.2604714306949,0.01
25.8745997950119,17.4783034614017,0.01
26.7075964212699,15.2919508199416,0.01
25.9315650421068,17.3287877076384,0.01
25.9885302892016,17.179271953875,0.01
26.0454955362965,17.0297562001117,0.01
26.1024607833914,16.8802404463483,0.01
26.1594260304862,16.730724692585,0.01
26.2163912775811,16.5812089388216,0.01
26.273356524676,16.4316931850583,0.01
26.3303217717708,16.282177431295,0.01
26.3872870188657,16.1326616775316,0.01
26.4442522659606,15.9831459237683,0.01
26.5012175130554,15.8336301700049,0.01
26.5581827601503,15.6841144162416,0.01
26.6151480072452,15.5345986624782,0.01
26.67211325434,15.3850829087149,0.01
26.2016655063692,17.6029149394217,0.01
27.0147014571633,15.4689527568784,0.01
26.2586307534641,17.4533991856584,0.01
26.3155960005589,17.303883431895,0.01
26.3725612476538,17.1543676781317,0.01
26.4295264947487,17.0048519243684,0.01
26.4864917418435,16.855336170605,0.01
26.5434569889384,16.7058204168417,0.01
26.6004222360333,16.5563046630783,0.01
26.6573874831281,16.406788909315,0.01
26.714352730223,16.2572731555516,0.01
26.7713179773179,16.1077574017883,0.01
26.8282832244127,15.958241648025,0.01
26.8852484715076,15.8087258942616,0.01
26.9422137186025,15.6592101404983,0.01
26.9991789656974,15.5096943867349,0.01
26.5287312177265,17.7275264174418,0.01
27.3218064930568,15.6459546938153,0.01
26.5856964648214,17.5780106636784,0.01
26.6426617119162,17.4284949099151,0.01
26.6996269590111,17.2789791561517,0.01
26.756592206106,17.1294634023884,0.01
26.8135574532009,16.979947648625,0.01
26.8705227002957,16.8304318948617,0.01
26.9274879473906,16.6809161410984,0.01
26.9844531944855,16.531400387335,0.01
27.0414184415803,16.3818846335717,0.01
27.0983836886752,16.2323688798083,0.01
27.1553489357701,16.082853126045,0.01
27.2123141828649,15.9333373722816,0.01
27.2692794299598,15.7838216185183,0.01
26.8557969290838,17.8521378954618,0.01
27.6289115289502,15.8229566307521,0.01
26.9127621761787,17.7026221416984,0.01
26.9697274232736,17.5531063879351,0.01
27.0266926703684,17.4035906341717,0.01
27.0836579174633,17.2540748804084,0.01
27.1406231645582,17.1045591266451,0.01
27.197588411653,16.9550433728817,0.01
27.2545536587479,16.8055276191184,0.01
27.3115189058428,16.656011865355,0.01
27.3684841529376,16.5064961115917,0.01
27.4254494000325,16.3569803578283,0.01
27.4824146471274,16.207464604065,0.01
27.5393798942222,16.0579488503017,0.01
27.5963451413171,15.9084330965383,0.01
27.1828626404411,17.9767493734818,0.01
27.9360165648436,15.9999585676889,0.01
27.239827887536,17.8272336197185,0.01
27.2967931346309,17.6777178659551,0.01
27.3537583817257,17.5282021121918,0.01
27.4107236288206,17.3786863584284,0.01
27.4676888759155,17.2291706046651,0.01
27.5246541230103,17.0796548509017,0.01
27.5816193701052,16.9301390971384,0.01
27.6385846172001,16.7806233433751,0.01
27.6955498642949,16.6311075896117,0.01
27.7525151113898,16.4815918358484,0.01
27.8094803584847,16.332076082085,0.01
27.8664456055796,16.1825603283217,0.01
27.9234108526744,16.0330445745583,0.01
27.5099283517985,18.1013608515018,0.01
28.243121600737,16.1769605046258,0.01
27.5668935988933,17.9518450977385,0.01
27.6238588459882,17.8023293439751,0.01
27.6808240930831,17.6528135902118,0.01
27.7377893401779,17.5032978364485,0.01
27.7947545872728,17.3537820826851,0.01
27.8517198343677,17.2042663289218,0.01
27.9086850814625,17.0547505751584,0.01
27.9656503285574,16.9052348213951,0.01
28.0226155756523,16.7557190676317,0.01
28.0795808227471,16.6062033138684,0.01
28.136546069842,16.4566875601051,0.01
28.1935113169369,16.3071718063417,0.01
27.8369940631558,18.2259723295219,0.01
28.5502266366304,16.3539624415626,0.01
27.8939593102506,18.0764565757585,0.01
27.9509245573455,17.9269408219952,0.01
28.0078898044404,17.7774250682318,0.01
28.0648550515352,17.6279093144685,0.01
28.1218202986301,17.4783935607051,0.01
28.178785545725,17.3288778069418,0.01
28.2357507928198,17.1793620531785,0.01
28.2927160399147,17.0298462994151,0.01
28.3496812870096,16.8803305456518,0.01
28.4066465341044,16.7308147918884,0.01
28.4636117811993,16.5812990381251,0.01
28.5205770282942,16.4317832843617,0.01
28.1640597745131,18.3505838075419,0.01
28.8573316725238,16.5309643784995,0.01
28.221025021608,18.2010680537785,0.01
28.2779902687028,18.0515523000152,0.01
28.3349555157977,17.9020365462518,0.01
28.3919207628925,17.7525207924885,0.01
28.4488860099874,17.6030050387252,0.01
28.5058512570823,17.4534892849618,0.01
28.5628165041772,17.3039735311985,0.01
28.619781751272,17.1544577774351,0.01
28.6767469983669,17.0049420236718,0.01
28.7337122454618,16.8554262699084,0.01
28.7906774925566,16.7059105161451,0.01
28.8476427396515,16.5563947623818,0.01
28.4911254858704,18.4751952855619,0.01
29.1644367084173,16.7079663154363,0.01
28.5480907329653,18.3256795317986,0.01
28.6050559800601,18.1761637780352,0.01
28.662021227155,18.0266480242719,0.01
28.7189864742499,17.8771322705085,0.01
28.7759517213447,17.7276165167452,0.01
28.8329169684396,17.5781007629818,0.01
28.8898822155345,17.4285850092185,0.01
28.9468474626293,17.2790692554552,0.01
29.0038127097242,17.1295535016918,0.01
29.0607779568191,16.9800377479285,0.01
29.1177432039139,16.8305219941651,0.01
28.8181911972277,18.5998067635819,0.01
29.4715417443107,16.8849682523731,0.01
28.8751564443226,18.4502910098186,0.01
28.9321216914174,18.3007752560552,0.01
28.9890869385123,18.1512595022919,0.01
29.0460521856072,18.0017437485286,0.01
29.103017432702,17.8522279947652,0.01
29.1599826797969,17.7027122410019,0.01
29.2169479268918,17.5531964872385,0.01
29.2739131739866,17.4036807334752,0.01
29.3308784210815,17.2541649797118,0.01
29.3878436681764,17.1046492259485,0.01
29.4448089152713,16.9551334721852,0.01
29.145256908585,18.724418241602,0.01
29.7786467802041,17.06197018931,0.01
29.2022221556799,18.5749024878386,0.01
29.2591874027747,18.4253867340753,0.01
29.3161526498696,18.2758709803119,0.01
29.3731178969645,18.1263552265486,0.01
29.4300831440594,17.9768394727852,0.01
29.4870483911542,17.8273237190219,0.01
29.5440136382491,17.6778079652585,0.01
29.600978885344,17.5282922114952,0.01
29.6579441324388,17.3787764577319,0.01
29.7149093795337,17.2292607039685,0.01
29.7718746266286,17.0797449502052,0.01
29.4723226199423,18.849029719622,0.01
30.0857518160975,17.2389721262468,0.01
29.5292878670372,18.6995139658586,0.01
29.5862531141321,18.5499982120953,0.01
29.6432183612269,18.4004824583319,0.01
29.7001836083218,18.2509667045686,0.01
29.7571488554167,18.1014509508053,0.01
29.8141141025115,17.9519351970419,0.01
29.8710793496064,17.8024194432786,0.01
29.9280445967013,17.6529036895152,0.01
29.9850098437961,17.5033879357519,0.01
30.041975090891,17.3538721819885,0.01
29.7993883312996,18.973641197642,0.01
30.3928568519909,17.4159740631837,0.01
29.8563535783945,18.8241254438787,0.01
29.9133188254894,18.6746096901153,0.01
29.9702840725842,18.525093936352,0.01
30.0272493196791,18.3755781825886,0.01
30.084214566774,18.2260624288253,0.01
30.1411798138688,18.0765466750619,0.01
30.1981450609637,17.9270309212986,0.01
30.2551103080586,17.7775151675353,0.01
30.3120755551535,17.6279994137719,0.01
30.3690408022483,17.4784836600086,0.01
30.126454042657,19.098252675662,0.01
30.6999618878843,17.5929760001205,0.01
30.1834192897518,18.9487369218987,0.01
30.2403845368467,18.7992211681353,0.01
30.2973497839416,18.649705414372,0.01
30.3543150310364,18.5001896606086,0.01
30.4112802781313,18.3506739068453,0.01
30.4682455252262,18.201158153082,0.01
30.525210772321,18.0516423993186,0.01
30.5821760194159,17.9021266455553,0.01
30.6391412665108,17.7526108917919,0.01
30.6961065136056,17.6030951380286,0.01
30.4535197540143,19.222864153682,0.01
31.0070669237778,17.7699779370573,0.01
30.5104850011091,19.0733483999187,0.01
30.567450248204,18.9238326461554,0.01
30.6244154952989,18.774316892392,0.01
30.6813807423937,18.6248011386287,0.01
30.7383459894886,18.4752853848653,0.01
30.7953112365835,18.325769631102,0.01
30.8522764836783,18.1762538773386,0.01
30.9092417307732,18.0267381235753,0.01
30.9662069778681,17.877222369812,0.01
30.7805854653716,19.3474756317021,0.01
31.3141719596712,17.9469798739942,0.01
30.8375507124664,19.1979598779387,0.01
30.8945159595613,19.0484441241754,0.01
30.9514812066562,18.898928370412,0.01
31.008446453751,18.7494126166487,0.01
31.0654117008459,18.5998968628854,0.01
31.1223769479408,18.450381109122,0.01
31.1793421950357,18.3008653553587,0.01
31.2363074421305,18.1513496015953,0.01
31.2932726892254,18.001833847832,0.01
31.1076511767289,19.4720871097221,0.01
31.6212769955646,18.123981810931,0.01
31.1646164238238,19.3225713559588,0.01
31.2215816709186,19.1730556021954,0.01
31.2785469180135,19.0235398484321,0.01
31.3355121651084,18.8740240946687,0.01
31.3924774122032,18.7245083409054,0.01
31.4494426592981,18.574992587142,0.01
31.506407906393,18.4254768333787,0.01
31.5633731534878,18.2759610796154,0.01
31.6203384005827,18.126445325852,0.01
2.98,3.84022245308274,0.01
3.67471872926371,2.01680554967862,0.01
2.99666361,3.79648575,0.01
3.05362886,3.64697,0.01
3.1105941,3.49745424,0.01
3.16755935,3.34793849,0.01
3.2245246,3.19842274,0.01
3.28148984,3.04890698,0.01
3.33845509,2.89939123,0.01
3.39542034,2.74987547,0.01
3.45238559,2.60035972,0.01
3.50935083,2.45084397,0.01
3.56631608,2.30132821,0.01
3.62328133,2.15181246,0.01
2.98,1.6164,0.01
0,8.7555,0.01
0,1.6164,0.01
0,8.58428058428197,0.01
0,8.41306116856395,0.01
0,8.24184175284592,0.01
0,8.07062233712789,0.01
0,7.89940292140987,0.01
0,7.72818350569184,0.01
0,7.55696408997381,0.01
0,7.38574467425578,0.01
0,7.21452525853776,0.01
0,7.04330584281973,0.01
0,6.8720864271017,0.01
0,6.70086701138368,0.01
0,6.52964759566565,0.01
0,6.35842817994762,0.01
0,6.18720876422959,0.01
0,6.01598934851157,0.01
0,5.84476993279354,0.01
0,5.67355051707551,0.01
0,5.50233110135749,0.01
0,5.33111168563946,0.01
0,5.15989226992143,0.01
0,4.9886728542034,0.01
0,4.81745343848538,0.01
0,4.64623402276735,0.01
0,4.47501460704932,0.01
0,4.30379519133129,0.01
0,4.13257577561327,0.01
0,3.96135635989524,0.01
0,3.79013694417721,0.01
0,3.61891752845919,0.01
0,3.44769811274116,0.01
0,3.27647869702313,0.01
0,3.1052592813051,0.01
0,2.93403986558708,0.01
0,2.76282044986905,0.01
0,2.59160103415102,0.01
0,2.420381618433,0.01
0,2.24916220271497,0.01
0,2.07794278699694,0.01
0,1.90672337127891,0.01
0.44,8.7555,0.01
0.44,1.6164,0.01
0.44,8.58428058428197,0.01
0.44,8.41306116856395,0.01
0.44,8.24184175284592,0.01
0.44,8.07062233712789,0.01
0.44,7.89940292140987,0.01
0.44,7.72818350569184,0.01
0.44,7.55696408997381,0.01
0.44,7.38574467425578,0.01
0.44,7.21452525853776,0.01
0.44,7.04330584281973,0.01
0.44,6.8720864271017,0.01
0.44,6.70086701138368,0.01
0.44,6.52964759566565,0.01
0.44,6.35842817994762,0.01
0.44,6.18720876422959,0.01
0.44,6.01598934851157,0.01
0.44,5.84476993279354,0.01
0.44,5.67355051707551,0.01
0.44,5.50233110135749,0.01
0.44,5.33111168563946,0.01
0.44,5.15989226992143,0.01
0.44,4.9886728542034,0.01
0.44,4.81745343848538,0.01
0.44,4.64623402276735,0.01
0.44,4.47501460704932,0.01
0.44,4.30379519133129,0.01
0.44,4.13257577561327,0.01
0.44,3.96135635989524,0.01
0.44,3.79013694417721,0.01
0.44,3.61891752845919,0.01
0.44,3.44769811274116,0.01
0.44,3.27647869702313,0.01
0.44,3.1052592813051,0.01
0.44,2.93403986558708,0.01
0.44,2.76282044986905,0.01
0.44,2.59160103415102,0.01
0.44,2.420381618433,0.01
0.44,2.24916220271497,0.01
0.44,2.07794278699694,0.01
0.44,1.90672337127891,0.01
0.88,8.7555,0.01
0.88,1.6164,0.01
0.88,8.58428058428197,0.01
0.88,8.41306116856395,0.01
0.88,8.24184175284592,0.01
0.88,8.07062233712789,0.01
0.88,7.89940292140987,0.01
0.88,7.72818350569184,0.01
0.88,7.55696408997381,0.01
0.88,7.38574467425578,0.01
0.88,7.21452525853776,0.01
0.88,7.04330584281973,0.01
0.88,6.8720864271017,0.01
0.88,6.70086701138368,0.01
0.88,6.52964759566565,0.01
0.88,6.35842817994762,0.01
0.88,6.18720876422959,0.01
0.88,6.01598934851157,0.01
0.88,5.84476993279354,0.01
0.88,5.67355051707551,0.01
0.88,5.50233110135749,0.01
0.88,5.33111168563946,0.01
0.88,5.15989226992143,0.01
0.88,4.9886728542034,0.01
0.88,4.81745343848538,0.01
0.88,4.64623402276735,0.01
0.88,4.47501460704932,0.01
0.88,4.30379519133129,0.01
0.88,4.13257577561327,0.01
0.88,3.96135635989524,0.01
0.88,3.79013694417721,0.01
0.88,3.61891752845919,0.01
0.88,3.44769811274116,0.01
0.88,3.27647869702313,0.01
0.88,3.1052592813051,0.01
0.88,2.93403986558708,0.01
0.88,2.76282044986905,0.01
0.88,2.59160103415102,0.01
0.88,2.420381618433,0.01
0.88,2.24916220271497,0.01
0.88,2.07794278699694,0.01
0.88,1.90672337127891,0.01
1.23,8.7555,0.01
1.23,1.6164,0.01
1.23,8.58428058428197,0.01
1.23,8.41306116856395,0.01
1.23,8.24184175284592,0.01
1.23,8.07062233712789,0.01
1.23,7.89940292140987,0.01
1.23,7.72818350569184,0.01
1.23,7.55696408997381,0.01
1.23,7.38574467425578,0.01
1.23,7.21452525853776,0.01
1.23,7.04330584281973,0.01
1.23,6.8720864271017,0.01
1.23,6.70086701138368,0.01
1.23,6.52964759566565,0.01
1.23,6.35842817994762,0.01
1.23,6.18720876422959,0.01
1.23,6.01598934851157,0.01
1.23,5.84476993279354,0.01
1.23,5.67355051707551,0.01
1.23,5.50233110135749,0.01
1.23,5.33111168563946,0.01
1.23,5.15989226992143,0.01
1.23,4.9886728542034,0.01
1.23,4.81745343848538,0.01
1.23,4.64623402276735,0.01
1.23,4.47501460704932,0.01
1.23,4.30379519133129,0.01
1.23,4.13257577561327,0.01
1.23,3.96135635989524,0.01
1.23,3.79013694417721,0.01
1.23,3.61891752845919,0.01
1.23,3.44769811274116,0.01
1.23,3.27647869702313,0.01
1.23,3.1052592813051,0.01
1.23,2.93403986558708,0.01
1.23,2.76282044986905,0.01
1.23,2.59160103415102,0.01
1.23,2.420381618433,0.01
1.23,2.24916220271497,0.01
1.23,2.07794278699694,0.01
1.23,1.90672337127891,0.01
1.58,8.7555,0.01
1.58,1.6164,0.01
1.58,8.58428058428197,0.01
1.58,8.41306116856395,0.01
1.58,8.24184175284592,0.01
1.58,8.07062233712789,0.01
1.58,7.89940292140987,0.01
1.58,7.72818350569184,0.01
1.58,7.55696408997381,0.01
1.58,7.38574467425578,0.01
1.58,7.21452525853776,0.01
1.58,7.04330584281973,0.01
1.58,6.8720864271017,0.01
1.58,6.70086701138368,0.01
1.58,6.52964759566565,0.01
1.58,6.35842817994762,0.01
1.58,6.18720876422959,0.01
1.58,6.01598934851157,0.01
1.58,5.84476993279354,0.01
1.58,5.67355051707551,0.01
1.58,5.50233110135749,0.01
1.58,5.33111168563946,0.01
1.58,5.15989226992143,0.01
1.58,4.9886728542034,0.01
1.58,4.81745343848538,0.01
1.58,4.64623402276735,0.01
1.58,4.47501460704932,0.01
1.58,4.30379519133129,0.01
1.58,4.13257577561327,0.01
1.58,3.96135635989524,0.01
1.58,3.79013694417721,0.01
1.58,3.61891752845919,0.01
1.58,3.44769811274116,0.01
1.58,3.27647869702313,0.01
1.58,3.1052592813051,0.01
1.58,2.93403986558708,0.01
1.58,2.76282044986905,0.01
1.58,2.59160103415102,0.01
1.58,2.420381618433,0.01
1.58,2.24916220271497,0.01
1.58,2.07794278699694,0.01
1.58,1.90672337127891,0.01
1.93,8.7555,0.01
1.93,1.6164,0.01
1.93,8.58428058428197,0.01
1.93,8.41306116856395,0.01
1.93,8.24184175284592,0.01
1.93,8.07062233712789,0.01
1.93,7.89940292140987,0.01
1.93,7.72818350569184,0.01
1.93,7.55696408997381,0.01
1.93,7.38574467425578,0.01
1.93,7.21452525853776,0.01
1.93,7.04330584281973,0.01
1.93,6.8720864271017,0.01
1.93,6.70086701138368,0.01
1.93,6.52964759566565,0.01
1.93,6.35842817994762,0.01
1.93,6.18720876422959,0.01
1.93,6.01598934851157,0.01
1.93,5.84476993279354,0.01
1.93,5.67355051707551,0.01
1.93,5.50233110135749,0.01
1.93,5.33111168563946,0.01
1.93,5.15989226992143,0.01
1.93,4.9886728542034,0.01
1.93,4.81745343848538,0.01
1.93,4.64623402276735,0.01
1.93,4.47501460704932,0.01
1.93,4.30379519133129,0.01
1.93,4.13257577561327,0.01
1.93,3.96135635989524,0.01
1.93,3.79013694417721,0.01
1.93,3.61891752845919,0.01
1.93,3.44769811274116,0.01
1.93,3.27647869702313,0.01
1.93,3.1052592813051,0.01
1.93,2.93403986558708,0.01
1.93,2.76282044986905,0.01
1.93,2.59160103415102,0.01
1.93,2.420381618433,0.01
1.93,2.24916220271497,0.01
1.93,2.07794278699694,0.01
1.93,1.90672337127891,0.01
2.28,8.7555,0.01
2.28,1.6164,0.01
2.28,8.58428058428197,0.01
2.28,8.41306116856395,0.01
2.28,8.24184175284592,0.01
2.28,8.07062233712789,0.01
2.28,7.89940292140987,0.01
2.28,7.72818350569184,0.01
2.28,7.55696408997381,0.01
2.28,7.38574467425578,0.01
2.28,7.21452525853776,0.01
2.28,7.04330584281973,0.01
2.28,6.8720864271017,0.01
2.28,6.70086701138368,0.01
2.28,6.52964759566565,0.01
2.28,6.35842817994762,0.01
2.28,6.18720876422959,0.01
2.28,6.01598934851157,0.01
2.28,5.84476993279354,0.01
2.28,5.67355051707551,0.01
2.28,5.50233110135749,0.01
2.28,5.33111168563946,0.01
2.28,5.15989226992143,0.01
2.28,4.9886728542034,0.01
2.28,4.81745343848538,0.01
2.28,4.64623402276735,0.01
2.28,4.47501460704932,0.01
2.28,4.30379519133129,0.01
2.28,4.13257577561327,0.01
2.28,3.96135635989524,0.01
2.28,3.79013694417721,0.01
2.28,3.61891752845919,0.01
2.28,3.44769811274116,0.01
2.28,3.27647869702313,0.01
2.28,3.1052592813051,0.01
2.28,2.93403986558708,0.01
2.28,2.76282044986905,0.01
2.28,2.59160103415102,0.01
2.28,2.420381618433,0.01
2.28,2.24916220271497,0.01
2.28,2.07794278699694,0.01
2.28,1.90672337127891,0.01
2.63,8.7555,0.01
2.63,1.6164,0.01
2.63,8.58428058428197,0.01
2.63,8.41306116856395,0.01
2.63,8.24184175284592,0.01
2.63,8.07062233712789,0.01
2.63,7.89940292140987,0.01
2.63,7.72818350569184,0.01
2.63,7.55696408997381,0.01
2.63,7.38574467425578,0.01
2.63,7.21452525853776,0.01
2.63,7.04330584281973,0.01
2.63,6.8720864271017,0.01
2.63,6.70086701138368,0.01
2.63,6.52964759566565,0.01
2.63,6.35842817994762,0.01
2.63,6.18720876422959,0.01
2.63,6.01598934851157,0.01
2.63,5.84476993279354,0.01
2.63,5.67355051707551,0.01
2.63,5.50233110135749,0.01
2.63,5.33111168563946,0.01
2.63,5.15989226992143,0.01
2.63,4.9886728542034,0.01
2.63,4.81745343848538,0.01
2.63,4.64623402276735,0.01
2.63,4.47501460704932,0.01
2.63,4.30379519133129,0.01
2.63,4.13257577561327,0.01
2.63,3.96135635989524,0.01
2.63,3.79013694417721,0.01
2.63,3.61891752845919,0.01
2.63,3.44769811274116,0.01
2.63,3.27647869702313,0.01
2.63,3.1052592813051,0.01
2.63,2.93403986558708,0.01
2.63,2.76282044986905,0.01
2.63,2.59160103415102,0.01
2.63,2.420381618433,0.01
2.63,2.24916220271497,0.01
2.63,2.07794278699694,0.01
2.63,1.90672337127891,0.01
2.98,8.7555,0.01
2.98,1.6164,0.01
2.98,8.58428058428197,0.01
2.98,8.41306116856395,0.01
2.98,8.24184175284592,0.01
2.98,8.07062233712789,0.01
2.98,7.89940292140987,0.01
2.98,7.72818350569184,0.01
2.98,7.55696408997381,0.01
2.98,7.38574467425578,0.01
2.98,7.21452525853776,0.01
2.98,7.04330584281973,0.01
2.98,6.8720864271017,0.01
2.98,6.70086701138368,0.01
2.98,6.52964759566565,0.01
2.98,6.35842817994762,0.01
2.98,6.18720876422959,0.01
2.98,6.01598934851157,0.01
2.98,5.84476993279354,0.01
2.98,5.67355051707551,0.01
2.98,5.50233110135749,0.01
2.98,5.33111168563946,0.01
2.98,5.15989226992143,0.01
2.98,4.9886728542034,0.01
2.98,4.81745343848538,0.01
2.98,4.64623402276735,0.01
2.98,4.47501460704932,0.01
2.98,4.30379519133129,0.01
2.98,4.13257577561327,0.01
2.98,3.96135635989524,0.01
2.98,3.79013694417721,0.01
2.98,3.61891752845919,0.01
2.98,3.44769811274116,0.01
2.98,3.27647869702313,0.01
2.98,3.1052592813051,0.01
2.98,2.93403986558708,0.01
2.98,2.76282044986905,0.01
2.98,2.59160103415102,0.01
2.98,2.420381618433,0.01
2.98,2.24916220271497,0.01
2.98,2.07794278699694,0.01
2.98,1.90672337127891,0.01
31.6357177516464,18.1323048323686,-0.01
30.7592787611228,17.6271636565544,-0.01
29.8828397705992,17.1220224807403,-0.01
29.0064007800756,16.6168813049261,-0.01
28.129961789552,16.111740129112,-0.01
27.2535227990283,15.6065989532978,-0.01
26.3770838085047,15.1014577774836,-0.01
25.5006448179811,14.5963166016695,-0.01
24.6242058274575,14.0911754258553,-0.01
23.7477668369339,13.5860342500412,-0.01
22.8713278464103,13.080893074227,-0.01
21.9948888558866,12.5757518984129,-0.01
21.118449865363,12.0706107225987,-0.01
20.2420108748394,11.5654695467845,-0.01
19.3655718843158,11.0603283709704,-0.01
18.4891328937922,10.5551871951562,-0.01
17.6126939032685,10.0500460193421,-0.01
16.7362549127449,9.54490484352792,-0.01
15.8598159222213,9.03976366771376,-0.01
14.9833769316977,8.53462249189961,-0.01
14.1069379411741,8.02948131608545,-0.01
13.2304989506505,7.5243401402713,-0.01
12.3540599601268,7.01919896445714,-0.01
11.4776209696032,6.51405778864298,-0.01
10.6011819790796,6.00891661282883,-0.01
9.72474298855598,5.50377543701467,-0.01
8.84830399803236,4.99863426120052,-0.01
7.97186500750874,4.49349308538636,-0.01
7.09542601698513,3.98835190957221,-0.01
6.2189870264615,3.48321073375805,-0.01
5.34254803593789,2.97806955794389,-0.01
4.46610904541427,2.47292838212974,-0.01
2.98,8.58428058428197,-0.01
2.98,8.41306116856395,-0.01
2.98,8.24184175284592,-0.01
2.98,8.07062233712789,-0.01
2.98,7.89940292140987,-0.01
2.98,7.72818350569184,-0.01
2.98,7.55696408997381,-0.01
2.98,7.38574467425578,-0.01
2.98,7.21452525853776,-0.01
2.98,7.04330584281973,-0.01
2.98,6.8720864271017,-0.01
2.98,6.70086701138368,-0.01
2.98,6.52964759566565,-0.01
2.98,6.35842817994762,-0.01
2.98,6.18720876422959,-0.01
2.98,6.01598934851157,-0.01
2.98,5.84476993279354,-0.01
2.98,5.67355051707551,-0.01
2.98,5.50233110135749,-0.01
2.98,5.33111168563946,-0.01
2.98,5.15989226992143,-0.01
2.98,4.9886728542034,-0.01
2.98,4.81745343848538,-0.01
2.98,4.64623402276735,-0.01
2.98,4.47501460704932,-0.01
2.98,4.3037951913313,-0.01
2.98,4.13257577561327,-0.01
2.98,3.96135635989524,-0.01
2.98,3.79013694417721,-0.01
2.98,3.61891752845919,-0.01
2.98,3.44769811274116,-0.01
2.98,3.27647869702313,-0.01
2.98,3.10525928130511,-0.01
2.98,2.93403986558708,-0.01
2.98,2.76282044986905,-0.01
2.98,2.59160103415102,-0.01
2.98,2.420381618433,-0.01
2.98,2.24916220271497,-0.01
2.98,2.07794278699694,-0.01
2.98,1.90672337127892,-0.01
2.98,4.82327796246619,-0.01
3.98182376515712,2.19380748661546,-0.01
2.98193783775272,4.81819175136302,-0.01
3.03890308484759,4.66867599759967,-0.01
3.09586833194246,4.51916024383633,-0.01
3.15283357903732,4.36964449007299,-0.01
3.20979882613219,4.22012873630964,-0.01
3.26676407322706,4.0706129825463,-0.01
3.32372932032193,3.92109722878296,-0.01
3.3806945674168,3.77158147501962,-0.01
3.43765981451167,3.62206572125627,-0.01
3.49462506160653,3.47254996749293,-0.01
3.5515903087014,3.32303421372959,-0.01
3.60855555579627,3.17351845996624,-0.01
3.66552080289114,3.0240027062029,-0.01
3.72248604998601,2.87448695243956,-0.01
3.77945129708088,2.72497119867622,-0.01
3.83641654417574,2.57545544491287,-0.01
3.89338179127061,2.42593969114953,-0.01
3.95034703836548,2.27642393738619,-0.01
2.98,5.80633347184964,-0.01
4.28892880105054,2.3708094235523,-0.01
3.02417731363569,5.69038199819976,-0.01
3.08114256073056,5.54086624443641,-0.01
3.13810780782543,5.39135049067307,-0.01
3.1950730549203,5.24183473690973,-0.01
3.25203830201516,5.09231898314638,-0.01
3.30900354911003,4.94280322938304,-0.01
3.3659687962049,4.7932874756197,-0.01
3.42293404329977,4.64377172185635,-0.01
3.47989929039464,4.49425596809301,-0.01
3.5368645374895,4.34474021432967,-0.01
3.59382978458437,4.19522446056633,-0.01
3.65079503167924,4.04570870680298,-0.01
3.70776027877411,3.89619295303964,-0.01
3.76472552586898,3.7466771992763,-0.01
3.82169077296385,3.59716144551295,-0.01
3.87865602005871,3.44764569174961,-0.01
3.93562126715358,3.29812993798627,-0.01
3.99258651424845,3.14861418422293,-0.01
4.04955176134332,2.99909843045958,-0.01
4.10651700843819,2.84958267669624,-0.01
4.16348225553306,2.7000669229329,-0.01
4.22044750262792,2.55055116916955,-0.01
4.27741274972279,2.40103541540621,-0.01
2.98,6.7893889812331,-0.01
4.59603383694396,2.54781136048914,-0.01
3.00945154242379,6.71208799879984,-0.01
3.06641678951866,6.56257224503649,-0.01
3.12338203661353,6.41305649127315,-0.01
3.1803472837084,6.26354073750981,-0.01
3.23731253080327,6.11402498374647,-0.01
3.29427777789814,5.96450922998312,-0.01
3.351243024993,5.81499347621978,-0.01
3.40820827208787,5.66547772245644,-0.01
3.46517351918274,5.51596196869309,-0.01
3.52213876627761,5.36644621492975,-0.01
3.57910401337248,5.21693046116641,-0.01
3.63606926046735,5.06741470740306,-0.01
3.69303450756221,4.91789895363972,-0.01
3.74999975465708,4.76838319987638,-0.01
3.80696500175195,4.61886744611304,-0.01
3.86393024884682,4.46935169234969,-0.01
3.92089549594169,4.31983593858635,-0.01
3.97786074303656,4.17032018482301,-0.01
4.03482599013142,4.02080443105966,-0.01
4.09179123722629,3.87128867729632,-0.01
4.14875648432116,3.72177292353298,-0.01
4.20572173141603,3.57225716976964,-0.01
4.2626869785109,3.42274141600629,-0.01
4.31965222560576,3.27322566224295,-0.01
4.37661747270063,3.12370990847961,-0.01
4.4335827197955,2.97419415471626,-0.01
4.49054796689037,2.82467840095292,-0.01
4.54751321398524,2.67516264718958,-0.01
2.98,7.77244449061655,-0.01
4.90313887283737,2.72481329742598,-0.01
2.9947257712119,7.73379399939992,-0.01
3.05169101830677,7.58427824563658,-0.01
3.10865626540163,7.43476249187323,-0.01
3.1656215124965,7.28524673810989,-0.01
3.22258675959137,7.13573098434655,-0.01
3.27955200668624,6.9862152305832,-0.01
3.33651725378111,6.83669947681986,-0.01
3.39348250087597,6.68718372305652,-0.01
3.45044774797084,6.53766796929318,-0.01
3.50741299506571,6.38815221552983,-0.01
3.56437824216058,6.23863646176649,-0.01
3.62134348925545,6.08912070800315,-0.01
3.67830873635032,5.9396049542398,-0.01
3.73527398344518,5.79008920047646,-0.01
3.79223923054005,5.64057344671312,-0.01
3.84920447763492,5.49105769294977,-0.01
3.90616972472979,5.34154193918643,-0.01
3.96313497182466,5.19202618542309,-0.01
4.02010021891953,5.04251043165975,-0.01
4.07706546601439,4.8929946778964,-0.01
4.13403071310926,4.74347892413306,-0.01
4.19099596020413,4.59396317036972,-0.01
4.247961207299,4.44444741660637,-0.01
4.30492645439387,4.29493166284303,-0.01
4.36189170148874,4.14541590907969,-0.01
4.4188569485836,3.99590015531635,-0.01
4.47582219567847,3.846384401553,-0.01
4.53278744277334,3.69686864778966,-0.01
4.58975268986821,3.54735289402632,-0.01
4.64671793696308,3.39783714026297,-0.01
4.70368318405794,3.24832138649963,-0.01
4.76064843115281,3.09880563273629,-0.01
4.81761367824768,2.94928987897294,-0.01
4.87457892534255,2.7997741252096,-0.01
2.98,8.7555,-0.01
5.21024390873079,2.90181523436282,-0.01
3.03696524709487,8.60598424623666,-0.01
3.09393049418974,8.45646849247332,-0.01
3.15089574128461,8.30695273870997,-0.01
3.20786098837947,8.15743698494663,-0.01
3.26482623547434,8.00792123118329,-0.01
3.32179148256921,7.85840547741994,-0.01
3.37875672966408,7.7088897236566,-0.01
3.43572197675895,7.55937396989326,-0.01
3.49268722385382,7.40985821612991,-0.01
3.54965247094868,7.26034246236657,-0.01
3.60661771804355,7.11082670860323,-0.01
3.66358296513842,6.96131095483989,-0.01
3.72054821223329,6.81179520107654,-0.01
3.77751345932816,6.6622794473132,-0.01
3.83447870642302,6.51276369354986,-0.01
3.89144395351789,6.36324793978651,-0.01
3.94840920061276,6.21373218602317,-0.01
4.00537444770763,6.06421643225983,-0.01
4.0623396948025,5.91470067849649,-0.01
4.11930494189737,5.76518492473314,-0.01
4.17627018899223,5.6156691709698,-0.01
4.2332354360871,5.46615341720646,-0.01
4.29020068318197,5.31663766344311,-0.01
4.34716593027684,5.16712190967977,-0.01
4.40413117737171,5.01760615591643,-0.01
4.46109642446658,4.86809040215308,-0.01
4.51806167156144,4.71857464838974,-0.01
4.57502691865631,4.5690588946264,-0.01
4.63199216575118,4.41954314086306,-0.01
4.68895741284605,4.27002738709971,-0.01
4.74592265994092,4.12051163333637,-0.01
4.80288790703579,3.97099587957303,-0.01
4.85985315413065,3.82148012580968,-0.01
4.91681840122552,3.67196437204634,-0.01
4.97378364832039,3.522448618283,-0.01
5.03074889541526,3.37293286451966,-0.01
5.08771414251013,3.22341711075631,-0.01
5.14467938960499,3.07390135699297,-0.01
5.20164463669986,2.92438560322963,-0.01
3.30706571135731,8.88011147802003,-0.01
5.51734894462421,3.07881717129966,-0.01
3.36403095845218,8.73059572425668,-0.01
3.42099620554705,8.58107997049334,-0.01
3.47796145264192,8.43156421673,-0.01
3.53492669973679,8.28204846296665,-0.01
3.59189194683165,8.13253270920331,-0.01
3.64885719392652,7.98301695543997,-0.01
3.70582244102139,7.83350120167662,-0.01
3.76278768811626,7.68398544791328,-0.01
3.81975293521113,7.53446969414994,-0.01
3.876718182306,7.3849539403866,-0.01
3.93368342940086,7.23543818662325,-0.01
3.99064867649573,7.08592243285991,-0.01
4.0476139235906,6.93640667909657,-0.01
4.10457917068547,6.78689092533322,-0.01
4.16154441778034,6.63737517156988,-0.01
4.2185096648752,6.48785941780654,-0.01
4.27547491197007,6.3383436640432,-0.01
4.33244015906494,6.18882791027985,-0.01
4.38940540615981,6.03931215651651,-0.01
4.44637065325468,5.88979640275317,-0.01
4.50333590034955,5.74028064898982,-0.01
4.56030114744441,5.59076489522648,-0.01
4.61726639453928,5.44124914146314,-0.01
4.67423164163415,5.29173338769979,-0.01
4.73119688872902,5.14221763393645,-0.01
4.78816213582389,4.99270188017311,-0.01
4.84512738291876,4.84318612640977,-0.01
4.90209263001362,4.69367037264642,-0.01
4.95905787710849,4.54415461888308,-0.01
5.01602312420336,4.39463886511974,-0.01
5.07298837129823,4.24512311135639,-0.01
5.1299536183931,4.09560735759305,-0.01
5.18691886548797,3.94609160382971,-0.01
5.24388411258283,3.79657585006637,-0.01
5.3008493596777,3.64706009630302,-0.01
5.35781460677257,3.49754434253968,-0.01
5.41477985386744,3.34802858877634,-0.01
5.47174510096231,3.19851283501299,-0.01
3.63413142271463,9.00472295604005,-0.01
5.82445398051762,3.2558191082365,-0.01
3.69109666980949,8.85520720227671,-0.01
3.74806191690436,8.70569144851336,-0.01
3.80502716399923,8.55617569475002,-0.01
3.8619924110941,8.40665994098668,-0.01
3.91895765818897,8.25714418722334,-0.01
3.97592290528384,8.10762843345999,-0.01
4.0328881523787,7.95811267969665,-0.01
4.08985339947357,7.80859692593331,-0.01
4.14681864656844,7.65908117216996,-0.01
4.20378389366331,7.50956541840662,-0.01
4.26074914075818,7.36004966464328,-0.01
4.31771438785305,7.21053391087993,-0.01
4.37467963494791,7.06101815711659,-0.01
4.43164488204278,6.91150240335325,-0.01
4.48861012913765,6.76198664958991,-0.01
4.54557537623252,6.61247089582656,-0.01
4.60254062332739,6.46295514206322,-0.01
4.65950587042226,6.31343938829988,-0.01
4.71647111751712,6.16392363453653,-0.01
4.77343636461199,6.01440788077319,-0.01
4.83040161170686,5.86489212700985,-0.01
4.88736685880173,5.71537637324651,-0.01
4.9443321058966,5.56586061948316,-0.01
5.00129735299146,5.41634486571982,-0.01
5.05826260008633,5.26682911195648,-0.01
5.1152278471812,5.11731335819313,-0.01
5.17219309427607,4.96779760442979,-0.01
5.22915834137094,4.81828185066645,-0.01
5.28612358846581,4.66876609690311,-0.01
5.34308883556067,4.51925034313976,-0.01
5.40005408265554,4.36973458937642,-0.01
5.45701932975041,4.22021883561308,-0.01
5.51398457684528,4.07070308184973,-0.01
5.57094982394015,3.92118732808639,-0.01
5.62791507103502,3.77167157432305,-0.01
5.68488031812988,3.6221558205597,-0.01
5.74184556522475,3.47264006679636,-0.01
5.79881081231962,3.32312431303302,-0.01
3.96119713407194,9.12933443406007,-0.01
6.13155901641104,3.43282104517334,-0.01
4.01816238116681,8.97981868029673,-0.01
4.07512762826167,8.83030292653339,-0.01
4.13209287535654,8.68078717277005,-0.01
4.18905812245141,8.5312714190067,-0.01
4.24602336954628,8.38175566524336,-0.01
4.30298861664115,8.23223991148001,-0.01
4.35995386373602,8.08272415771667,-0.01
4.41691911083088,7.93320840395333,-0.01
4.47388435792575,7.78369265018999,-0.01
4.53084960502062,7.63417689642664,-0.01
4.58781485211549,7.4846611426633,-0.01
4.64478009921036,7.33514538889996,-0.01
4.70174534630522,7.18562963513662,-0.01
4.75871059340009,7.03611388137327,-0.01
4.81567584049496,6.88659812760993,-0.01
4.87264108758983,6.73708237384659,-0.01
4.9296063346847,6.58756662008324,-0.01
4.98657158177957,6.4380508663199,-0.01
5.04353682887443,6.28853511255656,-0.01
5.1005020759693,6.13901935879321,-0.01
5.15746732306417,5.98950360502987,-0.01
5.21443257015904,5.83998785126653,-0.01
5.27139781725391,5.69047209750319,-0.01
5.32836306434878,5.54095634373984,-0.01
5.38532831144364,5.3914405899765,-0.01
5.44229355853851,5.24192483621316,-0.01
5.49925880563338,5.09240908244981,-0.01
5.55622405272825,4.94289332868647,-0.01
5.61318929982312,4.79337757492313,-0.01
5.67015454691798,4.64386182115979,-0.01
5.72711979401285,4.49434606739644,-0.01
5.78408504110772,4.3448303136331,-0.01
5.84105028820259,4.19531455986976,-0.01
5.89801553529746,4.04579880610641,-0.01
5.95498078239233,3.89628305234307,-0.01
6.01194602948719,3.74676729857973,-0.01
6.06891127658206,3.59725154481639,-0.01
6.12587652367693,3.44773579105304,-0.01
4.28826284542925,9.2539459120801,-0.01
6.43866405230445,3.60982298211018,-0.01
4.34522809252412,9.10443015831675,-0.01
4.40219333961899,8.95491440455341,-0.01
4.45915858671385,8.80539865079007,-0.01
4.51612383380872,8.65588289702673,-0.01
4.57308908090359,8.50636714326338,-0.01
4.63005432799846,8.35685138950004,-0.01
4.68701957509333,8.2073356357367,-0.01
4.7439848221882,8.05781988197336,-0.01
4.80095006928306,7.90830412821001,-0.01
4.85791531637793,7.75878837444667,-0.01
4.9148805634728,7.60927262068333,-0.01
4.97184581056767,7.45975686691998,-0.01
5.02881105766254,7.31024111315664,-0.01
5.08577630475741,7.1607253593933,-0.01
5.14274155185227,7.01120960562995,-0.01
5.19970679894714,6.86169385186661,-0.01
5.25667204604201,6.71217809810327,-0.01
5.31363729313688,6.56266234433993,-0.01
5.37060254023175,6.41314659057658,-0.01
5.42756778732662,6.26363083681324,-0.01
5.48453303442148,6.1141150830499,-0.01
5.54149828151635,5.96459932928655,-0.01
5.59846352861122,5.81508357552321,-0.01
5.65542877570609,5.66556782175987,-0.01
5.71239402280096,5.51605206799653,-0.01
5.76935926989583,5.36653631423318,-0.01
5.82632451699069,5.21702056046984,-0.01
5.88328976408556,5.0675048067065,-0.01
5.94025501118043,4.91798905294315,-0.01
5.9972202582753,4.76847329917981,-0.01
6.05418550537017,4.61895754541647,-0.01
6.11115075246503,4.46944179165312,-0.01
6.1681159995599,4.31992603788978,-0.01
6.22508124665477,4.17041028412644,-0.01
6.28204649374964,4.0208945303631,-0.01
6.33901174084451,3.87137877659975,-0.01
6.39597698793938,3.72186302283641,-0.01
4.61532855678656,9.37855739010012,-0.01
6.74576908819787,3.78682491904702,-0.01
4.67229380388143,9.22904163633678,-0.01
4.7292590509763,9.07952588257344,-0.01
4.78622429807117,8.93001012881009,-0.01
4.84318954516604,8.78049437504675,-0.01
4.9001547922609,8.63097862128341,-0.01
4.95712003935577,8.48146286752007,-0.01
5.01408528645064,8.33194711375672,-0.01
5.07105053354551,8.18243135999338,-0.01
5.12801578064038,8.03291560623004,-0.01
5.18498102773525,7.88339985246669,-0.01
5.24194627483011,7.73388409870335,-0.01
5.29891152192498,7.58436834494001,-0.01
5.35587676901985,7.43485259117667,-0.01
5.41284201611472,7.28533683741332,-0.01
5.46980726320959,7.13582108364998,-0.01
5.52677251030446,6.98630532988664,-0.01
5.58373775739932,6.83678957612329,-0.01
5.64070300449419,6.68727382235995,-0.01
5.69766825158906,6.53775806859661,-0.01
5.75463349868393,6.38824231483326,-0.01
5.8115987457788,6.23872656106992,-0.01
5.86856399287367,6.08921080730658,-0.01
5.92552923996853,5.93969505354324,-0.01
5.9824944870634,5.79017929977989,-0.01
6.03945973415827,5.64066354601655,-0.01
6.09642498125314,5.49114779225321,-0.01
6.15339022834801,5.34163203848986,-0.01
6.21035547544288,5.19211628472652,-0.01
6.26732072253774,5.04260053096318,-0.01
6.32428596963261,4.89308477719984,-0.01
6.38125121672748,4.74356902343649,-0.01
6.43821646382235,4.59405326967315,-0.01
6.49518171091722,4.44453751590981,-0.01
6.55214695801209,4.29502176214646,-0.01
6.60911220510695,4.14550600838312,-0.01
6.66607745220182,3.99599025461978,-0.01
6.72304269929669,3.84647450085643,-0.01
4.94239426814388,9.50316886812015,-0.01
7.05287412409129,3.96382685598386,-0.01
4.99935951523874,9.3536531143568,-0.01
5.05632476233361,9.20413736059346,-0.01
5.11329000942848,9.05462160683012,-0.01
5.17025525652335,8.90510585306678,-0.01
5.22722050361822,8.75559009930343,-0.01
5.28418575071309,8.60607434554009,-0.01
5.34115099780795,8.45655859177675,-0.01
5.39811624490282,8.3070428380134,-0.01
5.45508149199769,8.15752708425006,-0.01
5.51204673909256,8.00801133048672,-0.01
5.56901198618743,7.85849557672337,-0.01
5.6259772332823,7.70897982296003,-0.01
5.68294248037716,7.55946406919669,-0.01
5.73990772747203,7.40994831543335,-0.01
5.7968729745669,7.26043256167,-0.01
5.85383822166177,7.11091680790666,-0.01
5.91080346875664,6.96140105414332,-0.01
5.9677687158515,6.81188530037997,-0.01
6.02473396294637,6.66236954661663,-0.01
6.08169921004124,6.51285379285329,-0.01
6.13866445713611,6.36333803908995,-0.01
6.19562970423098,6.2138222853266,-0.01
6.25259495132585,6.06430653156326,-0.01
6.30956019842071,5.91479077779992,-0.01
6.36652544551558,5.76527502403657,-0.01
6.42349069261045,5.61575927027323,-0.01
6.48045593970532,5.46624351650989,-0.01
6.53742118680019,5.31672776274655,-0.01
6.59438643389506,5.1672120089832,-0.01
6.65135168098992,5.01769625521986,-0.01
6.70831692808479,4.86818050145652,-0.01
6.76528217517966,4.71866474769317,-0.01
6.82224742227453,4.56914899392983,-0.01
6.8792126693694,4.41963324016649,-0.01
6.93617791646427,4.27011748640314,-0.01
6.99314316355913,4.1206017326398,-0.01
7.050108410654,3.97108597887646,-0.01
5.26945997950119,9.62778034614017,-0.01
7.3599791599847,4.1408287929207,-0.01
5.32642522659606,9.47826459237683,-0.01
5.38339047369093,9.32874883861349,-0.01
5.44035572078579,9.17923308485014,-0.01
5.49732096788066,9.0297173310868,-0.01
5.55428621497553,8.88020157732346,-0.01
5.6112514620704,8.73068582356011,-0.01
5.66821670916527,8.58117006979677,-0.01
5.72518195626014,8.43165431603343,-0.01
5.782147203355,8.28213856227008,-0.01
5.83911245044987,8.13262280850674,-0.01
5.89607769754474,7.9831070547434,-0.01
5.95304294463961,7.83359130098006,-0.01
6.01000819173448,7.68407554721671,-0.01
6.06697343882934,7.53455979345337,-0.01
6.12393868592421,7.38504403969003,-0.01
6.18090393301908,7.23552828592669,-0.01
6.23786918011395,7.08601253216334,-0.01
6.29483442720882,6.9364967784,-0.01
6.35179967430369,6.78698102463666,-0.01
6.40876492139856,6.63746527087331,-0.01
6.46573016849342,6.48794951710997,-0.01
6.52269541558829,6.33843376334663,-0.01
6.57966066268316,6.18891800958328,-0.01
6.63662590977803,6.03940225581994,-0.01
6.6935911568729,5.8898865020566,-0.01
6.75055640396776,5.74037074829326,-0.01
6.80752165106263,5.59085499452991,-0.01
6.8644868981575,5.44133924076657,-0.01
6.92145214525237,5.29182348700323,-0.01
6.97841739234724,5.14230773323988,-0.01
7.03538263944211,4.99279197947654,-0.01
7.09234788653697,4.8432762257132,-0.01
7.14931313363184,4.69376047194986,-0.01
7.20627838072671,4.54424471818651,-0.01
7.26324362782158,4.39472896442317,-0.01
7.32020887491645,4.24521321065983,-0.01
5.5965256908585,9.7523918241602,-0.01
7.66708419587812,4.31783072985754,-0.01
5.65349093795337,9.60287607039685,-0.01
5.71045618504824,9.45336031663351,-0.01
5.76742143214311,9.30384456287017,-0.01
5.82438667923797,9.15432880910682,-0.01
5.88135192633284,9.00481305534348,-0.01
5.93831717342771,8.85529730158014,-0.01
5.99528242052258,8.70578154781679,-0.01
6.05224766761745,8.55626579405345,-0.01
6.10921291471232,8.40675004029011,-0.01
6.16617816180718,8.25723428652677,-0.01
6.22314340890205,8.10771853276342,-0.01
6.28010865599692,7.95820277900008,-0.01
6.33707390309179,7.80868702523674,-0.01
6.39403915018666,7.65917127147339,-0.01
6.45100439728153,7.50965551771005,-0.01
6.50796964437639,7.36013976394671,-0.01
6.56493489147126,7.21062401018337,-0.01
6.62190013856613,7.06110825642002,-0.01
6.678865385661,6.91159250265668,-0.01
6.73583063275587,6.76207674889334,-0.01
6.79279587985073,6.61256099512999,-0.01
6.8497611269456,6.46304524136665,-0.01
6.90672637404047,6.31352948760331,-0.01
6.96369162113534,6.16401373383997,-0.01
7.02065686823021,6.01449798007662,-0.01
7.07762211532508,5.86498222631328,-0.01
7.13458736241994,5.71546647254994,-0.01
7.19155260951481,5.56595071878659,-0.01
7.24851785660968,5.41643496502325,-0.01
7.30548310370455,5.26691921125991,-0.01
7.36244835079942,5.11740345749656,-0.01
7.41941359789429,4.96788770373322,-0.01
7.47637884498915,4.81837194996988,-0.01
7.53334409208402,4.66885619620654,-0.01
7.59030933917889,4.51934044244319,-0.01
7.64727458627376,4.36982468867985,-0.01
5.92359140221581,9.87700330218022,-0.01
7.97418923177154,4.49483266679438,-0.01
5.98055664931068,9.72748754841688,-0.01
6.03752189640555,9.57797179465354,-0.01
6.09448714350042,9.42845604089019,-0.01
6.15145239059529,9.27894028712685,-0.01
6.20841763769016,9.12942453336351,-0.01
6.26538288478502,8.97990877960016,-0.01
6.32234813187989,8.83039302583682,-0.01
6.37931337897476,8.68087727207348,-0.01
6.43627862606963,8.53136151831013,-0.01
6.4932438731645,8.38184576454679,-0.01
6.55020912025937,8.23233001078345,-0.01
6.60717436735423,8.0828142570201,-0.01
6.6641396144491,7.93329850325676,-0.01
6.72110486154397,7.78378274949342,-0.01
6.77807010863884,7.63426699573008,-0.01
6.83503535573371,7.48475124196673,-0.01
6.89200060282857,7.33523548820339,-0.01
6.94896584992344,7.18571973444005,-0.01
7.00593109701831,7.0362039806767,-0.01
7.06289634411318,6.88668822691336,-0.01
7.11986159120805,6.73717247315002,-0.01
7.17682683830292,6.58765671938668,-0.01
7.23379208539779,6.43814096562333,-0.01
7.29075733249265,6.28862521185999,-0.01
7.34772257958752,6.13910945809665,-0.01
7.40468782668239,5.9895937043333,-0.01
7.46165307377726,5.84007795056996,-0.01
7.51861832087213,5.69056219680662,-0.01
7.575583567967,5.54104644304328,-0.01
7.63254881506186,5.39153068927993,-0.01
7.68951406215673,5.24201493551659,-0.01
7.7464793092516,5.09249918175325,-0.01
7.80344455634647,4.9429834279899,-0.01
7.86040980344134,4.79346767422656,-0.01
7.9173750505362,4.64395192046322,-0.01
6.25065711357313,10.0016147802002,-0.01
8.28129426766495,4.67183460373122,-0.01
6.307622360668,9.8520990264369,-0.01
6.36458760776286,9.70258327267356,-0.01
6.42155285485773,9.55306751891022,-0.01
6.4785181019526,9.40355176514687,-0.01
6.53548334904747,9.25403601138353,-0.01
6.59244859614234,9.10452025762019,-0.01
6.64941384323721,8.95500450385684,-0.01
6.70637909033207,8.8054887500935,-0.01
6.76334433742694,8.65597299633016,-0.01
6.82030958452181,8.50645724256682,-0.01
6.87727483161668,8.35694148880347,-0.01
6.93424007871155,8.20742573504013,-0.01
6.99120532580642,8.05790998127679,-0.01
7.04817057290128,7.90839422751344,-0.01
7.10513581999615,7.7588784737501,-0.01
7.16210106709102,7.60936271998676,-0.01
7.21906631418589,7.45984696622341,-0.01
7.27603156128076,7.31033121246007,-0.01
7.33299680837562,7.16081545869673,-0.01
7.38996205547049,7.01129970493339,-0.01
7.44692730256536,6.86178395117004,-0.01
7.50389254966023,6.7122681974067,-0.01
7.5608577967551,6.56275244364336,-0.01
7.61782304384997,6.41323668988001,-0.01
7.67478829094483,6.26372093611667,-0.01
7.7317535380397,6.11420518235333,-0.01
7.78871878513457,5.96468942858998,-0.01
7.84568403222944,5.81517367482664,-0.01
7.90264927932431,5.6656579210633,-0.01
7.95961452641918,5.51614216729996,-0.01
8.01657977351404,5.36662641353661,-0.01
8.07354502060891,5.21711065977327,-0.01
8.13051026770378,5.06759490600993,-0.01
8.18747551479865,4.91807915224658,-0.01
8.24444076189352,4.76856339848324,-0.01
6.57772282493044,10.1262262582203,-0.01
8.58839930355837,4.84883654066805,-0.01
6.63468807202531,9.97671050445692,-0.01
6.69165331912018,9.82719475069358,-0.01
6.74861856621504,9.67767899693024,-0.01
6.80558381330991,9.5281632431669,-0.01
6.86254906040478,9.37864748940355,-0.01
6.91951430749965,9.22913173564021,-0.01
6.97647955459452,9.07961598187687,-0.01
7.03344480168939,8.93010022811353,-0.01
7.09041004878426,8.78058447435018,-0.01
7.14737529587912,8.63106872058684,-0.01
7.20434054297399,8.4815529668235,-0.01
7.26130579006886,8.33203721306015,-0.01
7.31827103716373,8.18252145929681,-0.01
7.3752362842586,8.03300570553347,-0.01
7.43220153135346,7.88348995177012,-0.01
7.48916677844833,7.73397419800678,-0.01
7.5461320255432,7.58445844424344,-0.01
7.60309727263807,7.4349426904801,-0.01
7.66006251973294,7.28542693671675,-0.01
7.71702776682781,7.13591118295341,-0.01
7.77399301392267,6.98639542919007,-0.01
7.83095826101754,6.83687967542672,-0.01
7.88792350811241,6.68736392166338,-0.01
7.94488875520728,6.53784816790004,-0.01
8.00185400230215,6.38833241413669,-0.01
8.05881924939701,6.23881666037335,-0.01
8.11578449649188,6.08930090661001,-0.01
8.17274974358675,5.93978515284667,-0.01
8.22971499068162,5.79026939908332,-0.01
8.28668023777649,5.64075364531998,-0.01
8.34364548487136,5.49123789155664,-0.01
8.40061073196622,5.3417221377933,-0.01
8.45757597906109,5.19220638402995,-0.01
8.51454122615596,5.04269063026661,-0.01
8.57150647325083,4.89317487650327,-0.01
6.90478853628775,10.2508377362403,-0.01
8.89550433945179,5.02583847760489,-0.01
6.96175378338262,10.101321982477,-0.01
7.01871903047749,9.95180622871361,-0.01
7.07568427757236,9.80229047495027,-0.01
7.13264952466723,9.65277472118692,-0.01
7.18961477176209,9.50325896742358,-0.01
7.24658001885696,9.35374321366024,-0.01
7.30354526595183,9.20422745989689,-0.01
7.3605105130467,9.05471170613355,-0.01
7.41747576014157,8.90519595237021,-0.01
7.47444100723643,8.75568019860686,-0.01
7.5314062543313,8.60616444484352,-0.01
7.58837150142617,8.45664869108018,-0.01
7.64533674852104,8.30713293731684,-0.01
7.70230199561591,8.15761718355349,-0.01
7.75926724271078,8.00810142979015,-0.01
7.81623248980564,7.85858567602681,-0.01
7.87319773690051,7.70906992226346,-0.01
7.93016298399538,7.55955416850012,-0.01
7.98712823109025,7.41003841473678,-0.01
8.04409347818512,7.26052266097343,-0.01
8.10105872527999,7.11100690721009,-0.01
8.15802397237485,6.96149115344675,-0.01
8.21498921946972,6.81197539968341,-0.01
8.27195446656459,6.66245964592006,-0.01
8.32891971365946,6.51294389215672,-0.01
8.38588496075433,6.36342813839338,-0.01
8.4428502078492,6.21391238463003,-0.01
8.49981545494406,6.06439663086669,-0.01
8.55678070203893,5.91488087710335,-0.01
8.6137459491338,5.76536512334,-0.01
8.67071119622867,5.61584936957666,-0.01
8.72767644332354,5.46633361581332,-0.01
8.78464169041841,5.31681786204998,-0.01
8.84160693751327,5.16730210828663,-0.01
7.23185424764506,10.3754492142603,-0.01
9.2026093753452,5.20284041454173,-0.01
7.28881949473993,10.225933460497,-0.01
7.3457847418348,10.0764177067336,-0.01
7.40274998892967,9.92690195297029,-0.01
7.45971523602454,9.77738619920694,-0.01
7.5166804831194,9.6278704454436,-0.01
7.57364573021427,9.47835469168026,-0.01
7.63061097730914,9.32883893791692,-0.01
7.68757622440401,9.17932318415357,-0.01
7.74454147149888,9.02980743039023,-0.01
7.80150671859375,8.88029167662689,-0.01
7.85847196568862,8.73077592286355,-0.01
7.91543721278348,8.5812601691002,-0.01
7.97240245987835,8.43174441533686,-0.01
8.02936770697322,8.28222866157352,-0.01
8.08633295406809,8.13271290781017,-0.01
8.14329820116296,7.98319715404683,-0.01
8.20026344825783,7.83368140028349,-0.01
8.25722869535269,7.68416564652015,-0.01
8.31419394244756,7.5346498927568,-0.01
8.37115918954243,7.38513413899346,-0.01
8.4281244366373,7.23561838523012,-0.01
8.48508968373217,7.08610263146677,-0.01
8.54205493082704,6.93658687770343,-0.01
8.5990201779219,6.78707112394009,-0.01
8.65598542501677,6.63755537017674,-0.01
8.71295067211164,6.4880396164134,-0.01
8.76991591920651,6.33852386265006,-0.01
8.82688116630138,6.18900810888672,-0.01
8.88384641339624,6.03949235512337,-0.01
8.94081166049111,5.88997660136003,-0.01
8.99777690758598,5.74046084759669,-0.01
9.05474215468085,5.59094509383334,-0.01
9.11170740177572,5.44142934007,-0.01
9.16867264887059,5.29191358630666,-0.01
7.55891995900238,10.5000606922803,-0.01
9.50971441123862,5.37984235147857,-0.01
7.61588520609724,10.350544938517,-0.01
7.67285045319211,10.2010291847537,-0.01
7.72981570028698,10.0515134309903,-0.01
7.78678094738185,9.90199767722697,-0.01
7.84374619447672,9.75248192346363,-0.01
7.90071144157159,9.60296616970028,-0.01
7.95767668866645,9.45345041593694,-0.01
8.01464193576132,9.3039346621736,-0.01
8.07160718285619,9.15441890841026,-0.01
8.12857242995106,9.00490315464691,-0.01
8.18553767704593,8.85538740088357,-0.01
8.2425029241408,8.70587164712023,-0.01
8.29946817123566,8.55635589335688,-0.01
8.35643341833053,8.40684013959354,-0.01
8.4133986654254,8.2573243858302,-0.01
8.47036391252027,8.10780863206685,-0.01
8.52732915961514,7.95829287830351,-0.01
8.58429440671001,7.80877712454017,-0.01
8.64125965380487,7.65926137077683,-0.01
8.69822490089974,7.50974561701348,-0.01
8.75519014799461,7.36022986325014,-0.01
8.81215539508948,7.2107141094868,-0.01
8.86912064218435,7.06119835572345,-0.01
8.92608588927922,6.91168260196011,-0.01
8.98305113637408,6.76216684819677,-0.01
9.04001638346895,6.61265109443343,-0.01
9.09698163056382,6.46313534067008,-0.01
9.15394687765869,6.31361958690674,-0.01
9.21091212475356,6.1641038331434,-0.01
9.26787737184842,6.01458807938005,-0.01
9.32484261894329,5.86507232561671,-0.01
9.38180786603816,5.71555657185337,-0.01
9.43877311313303,5.56604081809003,-0.01
9.4957383602279,5.41652506432668,-0.01
7.88598567035969,10.6246721703004,-0.01
9.81681944713204,5.55684428841541,-0.01
7.94295091745456,10.475156416537,-0.01
7.99991616454943,10.3256406627737,-0.01
8.05688141164429,10.1761249090103,-0.01
8.11384665873916,10.026609155247,-0.01
8.17081190583403,9.87709340148365,-0.01
8.2277771529289,9.72757764772031,-0.01
8.28474240002377,9.57806189395697,-0.01
8.34170764711864,9.42854614019362,-0.01
8.3986728942135,9.27903038643028,-0.01
8.45563814130837,9.12951463266694,-0.01
8.51260338840324,8.97999887890359,-0.01
8.56956863549811,8.83048312514025,-0.01
8.62653388259298,8.68096737137691,-0.01
8.68349912968785,8.53145161761357,-0.01
8.74046437678271,8.38193586385022,-0.01
8.79742962387758,8.23242011008688,-0.01
8.85439487097245,8.08290435632354,-0.01
8.91136011806732,7.93338860256019,-0.01
8.96832536516219,7.78387284879685,-0.01
9.02529061225705,7.63435709503351,-0.01
9.08225585935192,7.48484134127016,-0.01
9.13922110644679,7.33532558750682,-0.01
9.19618635354166,7.18580983374348,-0.01
9.25315160063653,7.03629407998014,-0.01
9.3101168477314,6.88677832621679,-0.01
9.36708209482626,6.73726257245345,-0.01
9.42404734192113,6.58774681869011,-0.01
9.481012589016,6.43823106492676,-0.01
9.53797783611087,6.28871531116342,-0.01
9.59494308320574,6.13919955740008,-0.01
9.65190833030061,5.98968380363674,-0.01
9.70887357739547,5.84016804987339,-0.01
9.76583882449034,5.69065229611005,-0.01
8.213051381717,10.7492836483204,-0.01
10.1239244830255,5.73384622535225,-0.01
8.27001662881187,10.599767894557,-0.01
8.32698187590674,10.4502521407937,-0.01
8.38394712300161,10.3007363870304,-0.01
8.44091237009648,10.151220633267,-0.01
8.49787761719134,10.0017048795037,-0.01
8.55484286428621,9.85218912574033,-0.01
8.61180811138108,9.70267337197699,-0.01
8.66877335847595,9.55315761821365,-0.01
8.72573860557082,9.4036418644503,-0.01
8.78270385266569,9.25412611068696,-0.01
8.83966909976055,9.10461035692362,-0.01
8.89663434685542,8.95509460316028,-0.01
8.95359959395029,8.80557884939693,-0.01
9.01056484104516,8.65606309563359,-0.01
9.06753008814003,8.50654734187025,-0.01
9.1244953352349,8.3570315881069,-0.01
9.18146058232976,8.20751583434356,-0.01
9.23842582942463,8.05800008058022,-0.01
9.2953910765195,7.90848432681688,-0.01
9.35235632361437,7.75896857305353,-0.01
9.40932157070924,7.60945281929019,-0.01
9.46628681780411,7.45993706552685,-0.01
9.52325206489897,7.3104213117635,-0.01
9.58021731199384,7.16090555800016,-0.01
9.63718255908871,7.01138980423682,-0.01
9.69414780618358,6.86187405047347,-0.01
9.75111305327845,6.71235829671013,-0.01
9.80807830037332,6.56284254294679,-0.01
9.86504354746818,6.41332678918345,-0.01
9.92200879456305,6.2638110354201,-0.01
9.97897404165792,6.11429528165676,-0.01
10.0359392887528,5.96477952789342,-0.01
10.0929045358477,5.81526377413007,-0.01
8.54011709307431,10.8738951263404,-0.01
10.4310295189189,5.91084816228909,-0.01
8.59708234016918,10.7243793725771,-0.01
8.65404758726405,10.5748636188137,-0.01
8.71101283435892,10.4253478650504,-0.01
8.76797808145379,10.275832111287,-0.01
8.82494332854865,10.1263163575237,-0.01
8.88190857564352,9.97680060376036,-0.01
8.93887382273839,9.82728484999701,-0.01
8.99583906983326,9.67776909623367,-0.01
9.05280431692813,9.52825334247033,-0.01
9.109769564023,9.37873758870699,-0.01
9.16673481111786,9.22922183494364,-0.01
9.22370005821273,9.0797060811803,-0.01
9.2806653053076,8.93019032741696,-0.01
9.33763055240247,8.78067457365361,-0.01
9.39459579949734,8.63115881989027,-0.01
9.45156104659221,8.48164306612693,-0.01
9.50852629368707,8.33212731236359,-0.01
9.56549154078194,8.18261155860024,-0.01
9.62245678787681,8.0330958048369,-0.01
9.67942203497168,7.88358005107356,-0.01
9.73638728206655,7.73406429731021,-0.01
9.79335252916142,7.58454854354687,-0.01
9.85031777625628,7.43503278978353,-0.01
9.90728302335115,7.28551703602018,-0.01
9.96424827044602,7.13600128225684,-0.01
10.0212135175409,6.9864855284935,-0.01
10.0781787646358,6.83696977473015,-0.01
10.1351440117306,6.68745402096681,-0.01
10.1921092588255,6.53793826720347,-0.01
10.2490745059204,6.38842251344013,-0.01
10.3060397530152,6.23890675967678,-0.01
10.3630050001101,6.08939100591344,-0.01
10.419970247205,5.9398752521501,-0.01
8.86718280443163,10.9985066043604,-0.01
10.7381345548123,6.08785009922593,-0.01
8.9241480515265,10.8489908505971,-0.01
8.98111329862137,10.6994750968338,-0.01
9.03807854571624,10.5499593430704,-0.01
9.0950437928111,10.4004435893071,-0.01
9.15200903990597,10.2509278355437,-0.01
9.20897428700084,10.1014120817804,-0.01
9.26593953409571,9.95189632801704,-0.01
9.32290478119057,9.8023805742537,-0.01
9.37987002828544,9.65286482049035,-0.01
9.43683527538031,9.50334906672701,-0.01
9.49380052247518,9.35383331296367,-0.01
9.55076576957005,9.20431755920032,-0.01
9.60773101666492,9.05480180543698,-0.01
9.66469626375979,8.90528605167364,-0.01
9.72166151085465,8.7557702979103,-0.01
9.77862675794952,8.60625454414695,-0.01
9.83559200504439,8.45673879038361,-0.01
9.89255725213926,8.30722303662027,-0.01
9.94952249923413,8.15770728285692,-0.01
10.006487746329,8.00819152909358,-0.01
10.0634529934239,7.85867577533024,-0.01
10.1204182405187,7.7091600215669,-0.01
10.1773834876136,7.55964426780355,-0.01
10.2343487347085,7.41012851404021,-0.01
10.2913139818033,7.26061276027687,-0.01
10.3482792288982,7.11109700651352,-0.01
10.4052444759931,6.96158125275018,-0.01
10.4622097230879,6.81206549898684,-0.01
10.5191749701828,6.6625497452235,-0.01
10.5761402172777,6.51303399146015,-0.01
10.6331054643725,6.36351823769681,-0.01
10.6900707114674,6.21400248393347,-0.01
9.19424851578894,11.1231180823805,-0.01
11.0452395907057,6.26485203616277,-0.01
9.25121376288381,10.9736023286171,-0.01
9.30817900997868,10.8240865748538,-0.01
9.36514425707355,10.6745708210904,-0.01
9.42210950416841,10.5250550673271,-0.01
9.47907475126328,10.3755393135637,-0.01
9.53603999835815,10.2260235598004,-0.01
9.59300524545302,10.0765078060371,-0.01
9.64997049254789,9.92699205227372,-0.01
9.70693573964275,9.77747629851038,-0.01
9.76390098673762,9.62796054474703,-0.01
9.82086623383249,9.47844479098369,-0.01
9.87783148092736,9.32892903722035,-0.01
9.93479672802223,9.17941328345701,-0.01
9.9917619751171,9.02989752969366,-0.01
10.048727222212,8.88038177593032,-0.01
10.1056924693068,8.73086602216698,-0.01
10.1626577164017,8.58135026840363,-0.01
10.2196229634966,8.43183451464029,-0.01
10.2765882105914,8.28231876087695,-0.01
10.3335534576863,8.1328030071136,-0.01
10.3905187047812,7.98328725335026,-0.01
10.447483951876,7.83377149958692,-0.01
10.5044491989709,7.68425574582358,-0.01
10.5614144460658,7.53473999206023,-0.01
10.6183796931606,7.38522423829689,-0.01
10.6753449402555,7.23570848453355,-0.01
10.7323101873504,7.0861927307702,-0.01
10.7892754344453,6.93667697700686,-0.01
10.8462406815401,6.78716122324352,-0.01
10.903205928635,6.63764546948018,-0.01
10.9601711757299,6.48812971571683,-0.01
11.0171364228247,6.33861396195349,-0.01
9.52131422714625,11.2477295604005,-0.01
11.3523446265991,6.44185397309961,-0.01
9.57827947424112,11.0982138066371,-0.01
9.63524472133599,10.9486980528738,-0.01
9.69220996843086,10.7991822991105,-0.01
9.74917521552573,10.6496665453471,-0.01
9.8061404626206,10.5001507915838,-0.01
9.86310570971546,10.3506350378204,-0.01
9.92007095681033,10.2011192840571,-0.01
9.9770362039052,10.0516035302937,-0.01
10.0340014510001,9.9020877765304,-0.01
10.0909666980949,9.75257202276706,-0.01
10.1479319451898,9.60305626900372,-0.01
10.2048971922847,9.45354051524037,-0.01
10.2618624393795,9.30402476147703,-0.01
10.3188276864744,9.15450900771369,-0.01
10.3757929335693,9.00499325395034,-0.01
10.4327581806641,8.855477500187,-0.01
10.489723427759,8.70596174642366,-0.01
10.5466886748539,8.55644599266031,-0.01
10.6036539219487,8.40693023889697,-0.01
10.6606191690436,8.25741448513363,-0.01
10.7175844161385,8.10789873137029,-0.01
10.7745496632334,7.95838297760694,-0.01
10.8315149103282,7.8088672238436,-0.01
10.8884801574231,7.65935147008026,-0.01
10.945445404518,7.50983571631692,-0.01
11.0024106516128,7.36031996255357,-0.01
11.0593758987077,7.21080420879023,-0.01
11.1163411458026,7.06128845502689,-0.01
11.1733063928974,6.91177270126354,-0.01
11.2302716399923,6.7622569475002,-0.01
11.2872368870872,6.61274119373686,-0.01
11.344202134182,6.46322543997351,-0.01
9.84837993850357,11.3723410384205,-0.01
11.6594496624925,6.61885591003645,-0.01
9.90534518559843,11.2228252846572,-0.01
9.9623104326933,11.0733095308938,-0.01
10.0192756797882,10.9237937771305,-0.01
10.076240926883,10.7742780233671,-0.01
10.1332061739779,10.6247622696038,-0.01
10.1901714210728,10.4752465158405,-0.01
10.2471366681676,10.3257307620771,-0.01
10.3041019152625,10.1762150083138,-0.01
10.3610671623574,10.0266992545504,-0.01
10.4180324094522,9.87718350078708,-0.01
10.4749976565471,9.72766774702374,-0.01
10.531962903642,9.5781519932604,-0.01
10.5889281507369,9.42863623949706,-0.01
10.6458933978317,9.27912048573371,-0.01
10.7028586449266,9.12960473197037,-0.01
10.7598238920215,8.98008897820703,-0.01
10.8167891391163,8.83057322444368,-0.01
10.8737543862112,8.68105747068034,-0.01
10.9307196333061,8.531541716917,-0.01
10.9876848804009,8.38202596315365,-0.01
11.0446501274958,8.23251020939031,-0.01
11.1016153745907,8.08299445562697,-0.01
11.1585806216855,7.93347870186362,-0.01
11.2155458687804,7.78396294810028,-0.01
11.2725111158753,7.63444719433694,-0.01
11.3294763629701,7.4849314405736,-0.01
11.386441610065,7.33541568681025,-0.01
11.4434068571599,7.18589993304691,-0.01
11.5003721042547,7.03638417928357,-0.01
11.5573373513496,6.88686842552022,-0.01
11.6143025984445,6.73735267175688,-0.01
10.1754456498609,11.4969525164405,-0.01
11.966554698386,6.79585784697329,-0.01
10.2324108969557,11.3474367626772,-0.01
10.2893761440506,11.1979210089139,-0.01
10.3463413911455,11.0484052551505,-0.01
10.4033066382404,10.8988895013872,-0.01
10.4602718853352,10.7493737476238,-0.01
10.5172371324301,10.5998579938605,-0.01
10.574202379525,10.4503422400971,-0.01
10.6311676266198,10.3008264863338,-0.01
10.6881328737147,10.1513107325705,-0.01
10.7450981208096,10.0017949788071,-0.01
10.8020633679044,9.85227922504376,-0.01
10.8590286149993,9.70276347128042,-0.01
10.9159938620942,9.55324771751708,-0.01
10.972959109189,9.40373196375374,-0.01
11.0299243562839,9.25421620999039,-0.01
11.0868896033788,9.10470045622705,-0.01
11.1438548504736,8.95518470246371,-0.01
11.2008200975685,8.80566894870036,-0.01
11.2577853446634,8.65615319493702,-0.01
11.3147505917582,8.50663744117368,-0.01
11.3717158388531,8.35712168741033,-0.01
11.428681085948,8.20760593364699,-0.01
11.4856463330428,8.05809017988365,-0.01
11.5426115801377,7.90857442612031,-0.01
11.5995768272326,7.75905867235696,-0.01
11.6565420743275,7.60954291859362,-0.01
11.7135073214223,7.46002716483028,-0.01
11.7704725685172,7.31051141106693,-0.01
11.8274378156121,7.16099565730359,-0.01
11.8844030627069,7.01147990354025,-0.01
11.9413683098018,6.86196414977691,-0.01
10.5025113612182,11.6215639944606,-0.01
12.2736597342794,6.97285978391013,-0.01
10.5594766083131,11.4720482406972,-0.01
10.6164418554079,11.3225324869339,-0.01
10.6734071025028,11.1730167331705,-0.01
10.7303723495977,11.0235009794072,-0.01
10.7873375966925,10.8739852256438,-0.01
10.8443028437874,10.7244694718805,-0.01
10.9012680908823,10.5749537181172,-0.01
10.9582333379771,10.4254379643538,-0.01
11.015198585072,10.2759222105905,-0.01
11.0721638321669,10.1264064568271,-0.01
11.1291290792617,9.97689070306379,-0.01
11.1860943263566,9.82737494930045,-0.01
11.2430595734515,9.67785919553711,-0.01
11.3000248205463,9.52834344177376,-0.01
11.3569900676412,9.37882768801042,-0.01
11.4139553147361,9.22931193424708,-0.01
11.470920561831,9.07979618048373,-0.01
11.5278858089258,8.93028042672039,-0.01
11.5848510560207,8.78076467295705,-0.01
11.6418163031156,8.6312489191937,-0.01
11.6987815502104,8.48173316543036,-0.01
11.7557467973053,8.33221741166702,-0.01
11.8127120444002,8.18270165790367,-0.01
11.869677291495,8.03318590414033,-0.01
11.9266425385899,7.88367015037699,-0.01
11.9836077856848,7.73415439661365,-0.01
12.0405730327796,7.5846386428503,-0.01
12.0975382798745,7.43512288908696,-0.01
12.1545035269694,7.28560713532362,-0.01
12.2114687740642,7.13609138156027,-0.01
12.2684340211591,6.98657562779693,-0.01
10.8295770725755,11.7461754724806,-0.01
12.5807647701728,7.14986172084697,-0.01
10.8865423196704,11.5966597187172,-0.01
10.9435075667652,11.4471439649539,-0.01
11.0004728138601,11.2976282111906,-0.01
11.057438060955,11.1481124574272,-0.01
11.1144033080498,10.9985967036639,-0.01
11.1713685551447,10.8490809499005,-0.01
11.2283338022396,10.6995651961372,-0.01
11.2852990493344,10.5500494423738,-0.01
11.3422642964293,10.4005336886105,-0.01
11.3992295435242,10.2510179348472,-0.01
11.4561947906191,10.1015021810838,-0.01
11.5131600377139,9.95198642732047,-0.01
11.5701252848088,9.80247067355713,-0.01
11.6270905319037,9.65295491979379,-0.01
11.6840557789985,9.50343916603044,-0.01
11.7410210260934,9.3539234122671,-0.01
11.7979862731883,9.20440765850376,-0.01
11.8549515202831,9.05489190474041,-0.01
11.911916767378,8.90537615097707,-0.01
11.9688820144729,8.75586039721373,-0.01
12.0258472615677,8.60634464345038,-0.01
12.0828125086626,8.45682888968704,-0.01
12.1397777557575,8.3073131359237,-0.01
12.1967430028523,8.15779738216036,-0.01
12.2537082499472,8.00828162839701,-0.01
12.3106734970421,7.85876587463367,-0.01
12.3676387441369,7.70925012087033,-0.01
12.4246039912318,7.55973436710698,-0.01
12.4815692383267,7.41021861334364,-0.01
12.5385344854216,7.2607028595803,-0.01
11.1566427839328,11.8707869505006,-0.01
12.8878698060662,7.32686365778381,-0.01
11.2136080310277,11.7212711967373,-0.01
11.2705732781226,11.5717554429739,-0.01
11.3275385252174,11.4222396892106,-0.01
11.3845037723123,11.2727239354472,-0.01
11.4414690194072,11.1232081816839,-0.01
11.498434266502,10.9736924279206,-0.01
11.5553995135969,10.8241766741572,-0.01
11.6123647606918,10.6746609203939,-0.01
11.6693300077866,10.5251451666305,-0.01
11.7262952548815,10.3756294128672,-0.01
11.7832605019764,10.2261136591038,-0.01
11.8402257490712,10.0765979053405,-0.01
11.8971909961661,9.92708215157715,-0.01
11.954156243261,9.77756639781381,-0.01
12.0111214903558,9.62805064405047,-0.01
12.0680867374507,9.47853489028712,-0.01
12.1250519845456,9.32901913652378,-0.01
12.1820172316404,9.17950338276044,-0.01
12.2389824787353,9.02998762899709,-0.01
12.2959477258302,8.88047187523375,-0.01
12.352912972925,8.73095612147041,-0.01
12.4098782200199,8.58144036770707,-0.01
12.4668434671148,8.43192461394372,-0.01
12.5238087142097,8.28240886018038,-0.01
12.5807739613045,8.13289310641704,-0.01
12.6377392083994,7.98337735265369,-0.01
12.6947044554943,7.83386159889035,-0.01
12.7516697025891,7.68434584512701,-0.01
12.808634949684,7.53483009136366,-0.01
12.8656001967789,7.38531433760032,-0.01
11.4837084952901,11.9953984285206,-0.01
13.1949748419596,7.50386559472065,-0.01
11.540673742385,11.8458826747573,-0.01
11.5976389894799,11.6963669209939,-0.01
11.6546042365747,11.5468511672306,-0.01
11.7115694836696,11.3973354134673,-0.01
11.7685347307645,11.2478196597039,-0.01
11.8254999778593,11.0983039059406,-0.01
11.8824652249542,10.9487881521772,-0.01
11.9394304720491,10.7992723984139,-0.01
11.9963957191439,10.6497566446505,-0.01
12.0533609662388,10.5002408908872,-0.01
12.1103262133337,10.3507251371239,-0.01
12.1672914604286,10.2012093833605,-0.01
12.2242567075234,10.0516936295972,-0.01
12.2812219546183,9.90217787583383,-0.01
12.3381872017132,9.75266212207049,-0.01
12.395152448808,9.60314636830715,-0.01
12.4521176959029,9.4536306145438,-0.01
12.5090829429978,9.30411486078046,-0.01
12.5660481900926,9.15459910701712,-0.01
12.6230134371875,9.00508335325378,-0.01
12.6799786842824,8.85556759949043,-0.01
12.7369439313772,8.70605184572709,-0.01
12.7939091784721,8.55653609196375,-0.01
12.850874425567,8.4070203382004,-0.01
12.9078396726618,8.25750458443706,-0.01
12.9648049197567,8.10798883067372,-0.01
13.0217701668516,7.95847307691038,-0.01
13.0787354139464,7.80895732314703,-0.01
13.1357006610413,7.65944156938369,-0.01
13.1926659081362,7.50992581562035,-0.01
11.8107742066474,12.1200099065407,-0.01
13.502079877853,7.68086753165749,-0.01
11.8677394537423,11.9704941527773,-0.01
11.9247047008372,11.820978399014,-0.01
11.981669947932,11.6714626452506,-0.01
12.0386351950269,11.5219468914873,-0.01
12.0956004421218,11.3724311377239,-0.01
12.1525656892167,11.2229153839606,-0.01
12.2095309363115,11.0733996301973,-0.01
12.2664961834064,10.9238838764339,-0.01
12.3234614305013,10.7743681226706,-0.01
12.3804266775961,10.6248523689072,-0.01
12.437391924691,10.4753366151439,-0.01
12.4943571717859,10.3258208613805,-0.01
12.5513224188807,10.1763051076172,-0.01
12.6082876659756,10.0267893538539,-0.01
12.6652529130705,9.87727360009051,-0.01
12.7222181601653,9.72775784632717,-0.01
12.7791834072602,9.57824209256383,-0.01
12.8361486543551,9.42872633880049,-0.01
12.8931139014499,9.27921058503714,-0.01
12.9500791485448,9.1296948312738,-0.01
13.0070443956397,8.98017907751046,-0.01
13.0640096427345,8.83066332374711,-0.01
13.1209748898294,8.68114756998377,-0.01
13.1779401369243,8.53163181622043,-0.01
13.2349053840192,8.38211606245709,-0.01
13.291870631114,8.23260030869374,-0.01
13.3488358782089,8.0830845549304,-0.01
13.4058011253038,7.93356880116706,-0.01
13.4627663723986,7.78405304740371,-0.01
12.1378399180048,12.2446213845607,-0.01
13.8091849137464,7.85786946859433,-0.01
12.1948051650996,12.0951056307973,-0.01
12.2517704121945,11.945589877034,-0.01
12.3087356592894,11.7960741232707,-0.01
12.3657009063842,11.6465583695073,-0.01
12.4226661534791,11.497042615744,-0.01
12.479631400574,11.3475268619806,-0.01
12.5365966476688,11.1980111082173,-0.01
12.5935618947637,11.0484953544539,-0.01
12.6505271418586,10.8989796006906,-0.01
12.7074923889534,10.7494638469273,-0.01
12.7644576360483,10.5999480931639,-0.01
12.8214228831432,10.4504323394006,-0.01
12.878388130238,10.3009165856372,-0.01
12.9353533773329,10.1514008318739,-0.01
12.9923186244278,10.0018850781105,-0.01
13.0492838715226,9.8523693243472,-0.01
13.1062491186175,9.70285357058385,-0.01
13.1632143657124,9.55333781682051,-0.01
13.2201796128073,9.40382206305717,-0.01
13.2771448599021,9.25430630929382,-0.01
13.334110106997,9.10479055553048,-0.01
13.3910753540919,8.95527480176714,-0.01
13.4480406011867,8.8057590480038,-0.01
13.5050058482816,8.65624329424045,-0.01
13.5619710953765,8.50672754047711,-0.01
13.6189363424713,8.35721178671377,-0.01
13.6759015895662,8.20769603295042,-0.01
13.7328668366611,8.05818027918708,-0.01
13.7898320837559,7.90866452542374,-0.01
12.4649056293621,12.3692328625807,-0.01
14.1162899496399,8.03487140553117,-0.01
12.5218708764569,12.2197171088174,-0.01
12.5788361235518,12.070201355054,-0.01
12.6358013706467,11.9206856012907,-0.01
12.6927666177415,11.7711698475273,-0.01
12.7497318648364,11.621654093764,-0.01
12.8066971119313,11.4721383400007,-0.01
12.8636623590261,11.3226225862373,-0.01
12.920627606121,11.173106832474,-0.01
12.9775928532159,11.0235910787106,-0.01
13.0345581003108,10.8740753249473,-0.01
13.0915233474056,10.7245595711839,-0.01
13.1484885945005,10.5750438174206,-0.01
13.2054538415954,10.4255280636573,-0.01
13.2624190886902,10.2760123098939,-0.01
13.3193843357851,10.1264965561306,-0.01
13.37634958288,9.97698080236722,-0.01
13.4333148299748,9.82746504860388,-0.01
13.4902800770697,9.67794929484053,-0.01
13.5472453241646,9.52843354107719,-0.01
13.6042105712594,9.37891778731385,-0.01
13.6611758183543,9.22940203355051,-0.01
13.7181410654492,9.07988627978716,-0.01
13.775106312544,8.93037052602382,-0.01
13.8320715596389,8.78085477226048,-0.01
13.8890368067338,8.63133901849714,-0.01
13.9460020538286,8.48182326473379,-0.01
14.0029673009235,8.33230751097045,-0.01
14.0599325480184,8.18279175720711,-0.01
12.7919713407194,12.4938443406007,-0.01
14.4233949855333,8.21187334246801,-0.01
12.8489365878142,12.3443285868374,-0.01
12.9059018349091,12.194812833074,-0.01
12.962867082004,12.0452970793107,-0.01
13.0198323290989,11.8957813255474,-0.01
13.0767975761937,11.746265571784,-0.01
13.1337628232886,11.5967498180207,-0.01
13.1907280703835,11.4472340642573,-0.01
13.2476933174783,11.297718310494,-0.01
13.3046585645732,11.1482025567306,-0.01
13.3616238116681,10.9986868029673,-0.01
13.4185890587629,10.849171049204,-0.01
13.4755543058578,10.6996552954406,-0.01
13.5325195529527,10.5501395416773,-0.01
13.5894848000475,10.4006237879139,-0.01
13.6464500471424,10.2511080341506,-0.01
13.7034152942373,10.1015922803872,-0.01
13.7603805413321,9.9520765266239,-0.01
13.817345788427,9.80256077286056,-0.01
13.8743110355219,9.65304501909722,-0.01
13.9312762826167,9.50352926533387,-0.01
13.9882415297116,9.35401351157053,-0.01
14.0452067768065,9.20449775780719,-0.01
14.1021720239013,9.05498200404384,-0.01
14.1591372709962,8.9054662502805,-0.01
14.2161025180911,8.75595049651716,-0.01
14.273067765186,8.60643474275382,-0.01
14.3300330122808,8.45691898899047,-0.01
14.3869982593757,8.30740323522713,-0.01
13.1190370520767,12.6184558186208,-0.01
14.7305000214267,8.38887527940485,-0.01
13.1760022991716,12.4689400648574,-0.01
13.2329675462664,12.3194243110941,-0.01
13.2899327933613,12.1699085573307,-0.01
13.3468980404562,12.0203928035674,-0.01
13.403863287551,11.870877049804,-0.01
13.4608285346459,11.7213612960407,-0.01
13.5177937817408,11.5718455422774,-0.01
13.5747590288356,11.422329788514,-0.01
13.6317242759305,11.2728140347507,-0.01
13.6886895230254,11.1232982809873,-0.01
13.7456547701202,10.973782527224,-0.01
13.8026200172151,10.8242667734606,-0.01
13.85958526431,10.6747510196973,-0.01
13.9165505114049,10.525235265934,-0.01
13.9735157584997,10.3757195121706,-0.01
14.0304810055946,10.2262037584073,-0.01
14.0874462526895,10.0766880046439,-0.01
14.1444114997843,9.92717225088058,-0.01
14.2013767468792,9.77765649711724,-0.01
14.2583419939741,9.6281407433539,-0.01
14.3153072410689,9.47862498959056,-0.01
14.3722724881638,9.32910923582721,-0.01
14.4292377352587,9.17959348206387,-0.01
14.4862029823535,9.03007772830053,-0.01
14.5431682294484,8.88056197453718,-0.01
14.6001334765433,8.73104622077384,-0.01
14.6570987236381,8.5815304670105,-0.01
14.714063970733,8.43201471324715,-0.01
13.446102763434,12.7430672966408,-0.01
15.0376050573201,8.56587721634169,-0.01
13.5030680105289,12.5935515428774,-0.01
13.5600332576237,12.4440357891141,-0.01
13.6169985047186,12.2945200353508,-0.01
13.6739637518135,12.1450042815874,-0.01
13.7309289989083,11.9954885278241,-0.01
13.7878942460032,11.8459727740607,-0.01
13.8448594930981,11.6964570202974,-0.01
13.901824740193,11.546941266534,-0.01
13.9587899872878,11.3974255127707,-0.01
14.0157552343827,11.2479097590074,-0.01
14.0727204814776,11.098394005244,-0.01
14.1296857285724,10.9488782514807,-0.01
14.1866509756673,10.7993624977173,-0.01
14.2436162227622,10.649846743954,-0.01
14.300581469857,10.5003309901906,-0.01
14.3575467169519,10.3508152364273,-0.01
14.4145119640468,10.201299482664,-0.01
14.4714772111416,10.0517837289006,-0.01
14.5284424582365,9.90226797513727,-0.01
14.5854077053314,9.75275222137392,-0.01
14.6423729524262,9.60323646761058,-0.01
14.6993381995211,9.45372071384724,-0.01
14.756303446616,9.30420496008389,-0.01
14.8132686937108,9.15468920632055,-0.01
14.8702339408057,9.00517345255721,-0.01
14.9271991879006,8.85565769879387,-0.01
14.9841644349955,8.70614194503052,-0.01
13.7731684747913,12.8676787746608,-0.01
15.3447100932135,8.74287915327853,-0.01
13.8301337218862,12.7181630208975,-0.01
13.8870989689811,12.5686472671341,-0.01
13.9440642160759,12.4191315133708,-0.01
14.0010294631708,12.2696157596074,-0.01
14.0579947102657,12.1201000058441,-0.01
14.1149599573605,11.9705842520807,-0.01
14.1719252044554,11.8210684983174,-0.01
14.2288904515503,11.6715527445541,-0.01
14.2858556986451,11.5220369907907,-0.01
14.34282094574,11.3725212370274,-0.01
14.3997861928349,11.223005483264,-0.01
14.4567514399297,11.0734897295007,-0.01
14.5137166870246,10.9239739757373,-0.01
14.5706819341195,10.774458221974,-0.01
14.6276471812143,10.6249424682107,-0.01
14.6846124283092,10.4754267144473,-0.01
14.7415776754041,10.325910960684,-0.01
14.7985429224989,10.1763952069206,-0.01
14.8555081695938,10.0268794531573,-0.01
14.9124734166887,9.87736369939395,-0.01
14.9694386637836,9.7278479456306,-0.01
15.0264039108784,9.57833219186726,-0.01
15.0833691579733,9.42881643810392,-0.01
15.1403344050682,9.27930068434057,-0.01
15.197299652163,9.12978493057723,-0.01
15.2542648992579,8.98026917681389,-0.01
15.3112301463528,8.83075342305055,-0.01
14.1002341861486,12.9922902526808,-0.01
15.651815129107,8.91988109021537,-0.01
14.1571994332435,12.8427744989175,-0.01
14.2141646803384,12.6932587451541,-0.01
14.2711299274332,12.5437429913908,-0.01
14.3280951745281,12.3942272376275,-0.01
14.385060421623,12.2447114838641,-0.01
14.4420256687178,12.0951957301008,-0.01
14.4989909158127,11.9456799763374,-0.01
14.5559561629076,11.7961642225741,-0.01
14.6129214100024,11.6466484688107,-0.01
14.6698866570973,11.4971327150474,-0.01
14.7268519041922,11.3476169612841,-0.01
14.7838171512871,11.1981012075207,-0.01
14.8407823983819,11.0485854537574,-0.01
14.8977476454768,10.899069699994,-0.01
14.9547128925717,10.7495539462307,-0.01
15.0116781396665,10.6000381924673,-0.01
15.0686433867614,10.450522438704,-0.01
15.1256086338563,10.3010066849407,-0.01
15.1825738809511,10.1514909311773,-0.01
15.239539128046,10.001975177414,-0.01
15.2965043751409,9.85245942365063,-0.01
15.3534696222357,9.70294366988729,-0.01
15.4104348693306,9.55342791612394,-0.01
15.4674001164255,9.4039121623606,-0.01
15.5243653635203,9.25439640859726,-0.01
15.5813306106152,9.10488065483391,-0.01
15.6382958577101,8.95536490107057,-0.01
14.4272998975059,13.1169017307009,-0.01
15.9589201650004,9.09688302715221,-0.01
14.4842651446008,12.9673859769375,-0.01
14.5412303916957,12.8178702231742,-0.01
14.5981956387906,12.6683544694108,-0.01
14.6551608858854,12.5188387156475,-0.01
14.7121261329803,12.3693229618841,-0.01
14.7690913800752,12.2198072081208,-0.01
14.82605662717,12.0702914543575,-0.01
14.8830218742649,11.9207757005941,-0.01
14.9399871213598,11.7712599468308,-0.01
14.9969523684546,11.6217441930674,-0.01
15.0539176155495,11.4722284393041,-0.01
15.1108828626444,11.3227126855407,-0.01
15.1678481097392,11.1731969317774,-0.01
15.2248133568341,11.0236811780141,-0.01
15.281778603929,10.8741654242507,-0.01
15.3387438510238,10.7246496704874,-0.01
15.3957090981187,10.575133916724,-0.01
15.4526743452136,10.4256181629607,-0.01
15.5096395923084,10.2761024091973,-0.01
15.5666048394033,10.126586655434,-0.01
15.6235700864982,9.97707090167065,-0.01
15.6805353335931,9.82755514790731,-0.01
15.7375005806879,9.67803939414397,-0.01
15.7944658277828,9.52852364038063,-0.01
15.8514310748777,9.37900788661728,-0.01
15.9083963219725,9.22949213285394,-0.01
14.7543656088633,13.2415132087209,-0.01
16.2660252008938,9.27388496408905,-0.01
14.8113308559581,13.0919974549575,-0.01
14.868296103053,12.9424817011942,-0.01
14.9252613501479,12.7929659474309,-0.01
14.9822265972427,12.6434501936675,-0.01
15.0391918443376,12.4939344399042,-0.01
15.0961570914325,12.3444186861408,-0.01
15.1531223385273,12.1949029323775,-0.01
15.2100875856222,12.0453871786141,-0.01
15.2670528327171,11.8958714248508,-0.01
15.3240180798119,11.7463556710874,-0.01
15.3809833269068,11.5968399173241,-0.01
15.4379485740017,11.4473241635608,-0.01
15.4949138210965,11.2978084097974,-0.01
15.5518790681914,11.1482926560341,-0.01
15.6088443152863,10.9987769022707,-0.01
15.6658095623812,10.8492611485074,-0.01
15.722774809476,10.699745394744,-0.01
15.7797400565709,10.5502296409807,-0.01
15.8367053036658,10.4007138872174,-0.01
15.8936705507606,10.251198133454,-0.01
15.9506357978555,10.1016823796907,-0.01
16.0076010449504,9.95216662592733,-0.01
16.0645662920452,9.80265087216399,-0.01
16.1215315391401,9.65313511840065,-0.01
16.178496786235,9.50361936463731,-0.01
16.2354620333298,9.35410361087396,-0.01
15.0814313202206,13.3661246867409,-0.01
16.5731302367872,9.45088690102589,-0.01
15.1383965673154,13.2166089329776,-0.01
15.1953618144103,13.0670931792142,-0.01
15.2523270615052,12.9175774254509,-0.01
15.3092923086,12.7680616716875,-0.01
15.3662575556949,12.6185459179242,-0.01
15.4232228027898,12.4690301641608,-0.01
15.4801880498846,12.3195144103975,-0.01
15.5371532969795,12.1699986566342,-0.01
15.5941185440744,12.0204829028708,-0.01
15.6510837911693,11.8709671491075,-0.01
15.7080490382641,11.7214513953441,-0.01
15.765014285359,11.5719356415808,-0.01
15.8219795324539,11.4224198878174,-0.01
15.8789447795487,11.2729041340541,-0.01
15.9359100266436,11.1233883802908,-0.01
15.9928752737385,10.9738726265274,-0.01
16.0498405208333,10.8243568727641,-0.01
16.1068057679282,10.6748411190007,-0.01
16.1637710150231,10.5253253652374,-0.01
16.2207362621179,10.375809611474,-0.01
16.2777015092128,10.2262938577107,-0.01
16.3346667563077,10.0767781039474,-0.01
16.3916320034025,9.92726235018402,-0.01
16.4485972504974,9.77774659642067,-0.01
16.5055624975923,9.62823084265733,-0.01
16.5625277446871,9.47871508889399,-0.01
15.4084970315779,13.4907361647609,-0.01
16.8802352726806,9.62788883796272,-0.01
15.4654622786727,13.3412204109976,-0.01
15.5224275257676,13.1917046572342,-0.01
15.5793927728625,13.0421889034709,-0.01
15.6363580199574,12.8926731497076,-0.01
15.6933232670522,12.7431573959442,-0.01
15.7502885141471,12.5936416421809,-0.01
15.807253761242,12.4441258884175,-0.01
15.8642190083368,12.2946101346542,-0.01
15.9211842554317,12.1450943808908,-0.01
15.9781495025266,11.9955786271275,-0.01
16.0351147496214,11.8460628733642,-0.01
16.0920799967163,11.6965471196008,-0.01
16.1490452438112,11.5470313658375,-0.01
16.206010490906,11.3975156120741,-0.01
16.2629757380009,11.2479998583108,-0.01
16.3199409850958,11.0984841045474,-0.01
16.3769062321906,10.9489683507841,-0.01
16.4338714792855,10.7994525970208,-0.01
16.4908367263804,10.6499368432574,-0.01
16.5478019734752,10.5004210894941,-0.01
16.6047672205701,10.3509053357307,-0.01
16.661732467665,10.2013895819674,-0.01
16.7186977147599,10.051873828204,-0.01
16.7756629618547,9.9023580744407,-0.01
16.8326282089496,9.75284232067735,-0.01
15.7355627429352,13.615347642781,-0.01
17.187340308574,9.80489077489956,-0.01
15.7925279900301,13.4658318890176,-0.01
15.8494932371249,13.3163161352543,-0.01
15.9064584842198,13.1668003814909,-0.01
15.9634237313147,13.0172846277276,-0.01
16.0203889784095,12.8677688739642,-0.01
16.0773542255044,12.7182531202009,-0.01
16.1343194725993,12.5687373664376,-0.01
16.1912847196941,12.4192216126742,-0.01
16.248249966789,12.2697058589109,-0.01
16.3052152138839,12.1201901051475,-0.01
16.3621804609787,11.9706743513842,-0.01
16.4191457080736,11.8211585976208,-0.01
16.4761109551685,11.6716428438575,-0.01
16.5330762022634,11.5221270900942,-0.01
16.5900414493582,11.3726113363308,-0.01
16.6470066964531,11.2230955825675,-0.01
16.703971943548,11.0735798288041,-0.01
16.7609371906428,10.9240640750408,-0.01
16.8179024377377,10.7745483212774,-0.01
16.8748676848326,10.6250325675141,-0.01
16.9318329319274,10.4755168137507,-0.01
16.9887981790223,10.3260010599874,-0.01
17.0457634261172,10.1764853062241,-0.01
17.102728673212,10.0269695524607,-0.01
17.1596939203069,9.87745379869738,-0.01
16.0626284542925,13.739959120801,-0.01
17.4944453444674,9.9818927118364,-0.01
16.1195937013874,13.5904433670376,-0.01
16.1765589484822,13.4409276132743,-0.01
16.2335241955771,13.2914118595109,-0.01
16.290489442672,13.1418961057476,-0.01
16.3474546897668,12.9923803519843,-0.01
16.4044199368617,12.8428645982209,-0.01
16.4613851839566,12.6933488444576,-0.01
16.5183504310515,12.5438330906942,-0.01
16.5753156781463,12.3943173369309,-0.01
16.6322809252412,12.2448015831675,-0.01
16.6892461723361,12.0952858294042,-0.01
16.7462114194309,11.9457700756409,-0.01
16.8031766665258,11.7962543218775,-0.01
16.8601419136207,11.6467385681142,-0.01
16.9171071607155,11.4972228143508,-0.01
16.9740724078104,11.3477070605875,-0.01
17.0310376549053,11.1981913068241,-0.01
17.0880029020001,11.0486755530608,-0.01
17.144968149095,10.8991597992975,-0.01
17.2019333961899,10.7496440455341,-0.01
17.2588986432847,10.6001282917708,-0.01
17.3158638903796,10.4506125380074,-0.01
17.3728291374745,10.3010967842441,-0.01
17.4297943845693,10.1515810304807,-0.01
17.4867596316642,10.0020652767174,-0.01
16.3896941656498,13.864570598821,-0.01
17.8015503803609,10.1588946487732,-0.01
16.4466594127447,13.7150548450577,-0.01
16.5036246598396,13.5655390912943,-0.01
16.5605899069344,13.416023337531,-0.01
16.6175551540293,13.2665075837676,-0.01
16.6745204011242,13.1169918300043,-0.01
16.731485648219,12.9674760762409,-0.01
16.7884508953139,12.8179603224776,-0.01
16.8454161424088,12.6684445687143,-0.01
16.9023813895036,12.5189288149509,-0.01
16.9593466365985,12.3694130611876,-0.01
17.0163118836934,12.2198973074242,-0.01
17.0732771307882,12.0703815536609,-0.01
17.1302423778831,11.9208657998975,-0.01
17.187207624978,11.7713500461342,-0.01
17.2441728720728,11.6218342923709,-0.01
17.3011381191677,11.4723185386075,-0.01
17.3581033662626,11.3228027848442,-0.01
17.4150686133574,11.1732870310808,-0.01
17.4720338604523,11.0237712773175,-0.01
17.5289991075472,10.8742555235541,-0.01
17.5859643546421,10.7247397697908,-0.01
17.6429296017369,10.5752240160275,-0.01
17.6998948488318,10.4257082622641,-0.01
17.7568600959267,10.2761925085008,-0.01
16.7167598770071,13.989182076841,-0.01
18.1086554162543,10.3358965857101,-0.01
16.773725124102,13.8396663230777,-0.01
16.8306903711969,13.6901505693143,-0.01
16.8876556182917,13.540634815551,-0.01
16.9446208653866,13.3911190617877,-0.01
17.0015861124815,13.2416033080243,-0.01
17.0585513595763,13.092087554261,-0.01
17.1155166066712,12.9425718004976,-0.01
17.1724818537661,12.7930560467343,-0.01
17.2294471008609,12.6435402929709,-0.01
17.2864123479558,12.4940245392076,-0.01
17.3433775950507,12.3445087854443,-0.01
17.4003428421456,12.1949930316809,-0.01
17.4573080892404,12.0454772779176,-0.01
17.5142733363353,11.8959615241542,-0.01
17.5712385834302,11.7464457703909,-0.01
17.628203830525,11.5969300166275,-0.01
17.6851690776199,11.4474142628642,-0.01
17.7421343247148,11.2978985091009,-0.01
17.7990995718096,11.1483827553375,-0.01
17.8560648189045,10.9988670015742,-0.01
17.9130300659994,10.8493512478108,-0.01
17.9699953130942,10.6998354940475,-0.01
18.0269605601891,10.5503197402841,-0.01
18.083925807284,10.4008039865208,-0.01
17.0438255883644,14.113793554861,-0.01
18.4157604521477,10.5128985226469,-0.01
17.1007908354593,13.9642778010977,-0.01
17.1577560825542,13.8147620473344,-0.01
17.214721329649,13.665246293571,-0.01
17.2716865767439,13.5157305398077,-0.01
17.3286518238388,13.3662147860443,-0.01
17.3856170709337,13.216699032281,-0.01
17.4425823180285,13.0671832785176,-0.01
17.4995475651234,12.9176675247543,-0.01
17.5565128122183,12.768151770991,-0.01
17.6134780593131,12.6186360172276,-0.01
17.670443306408,12.4691202634643,-0.01
17.7274085535029,12.3196045097009,-0.01
17.7843738005977,12.1700887559376,-0.01
17.8413390476926,12.0205730021742,-0.01
17.8983042947875,11.8710572484109,-0.01
17.9552695418823,11.7215414946476,-0.01
18.0122347889772,11.5720257408842,-0.01
18.0692000360721,11.4225099871209,-0.01
18.1261652831669,11.2729942333575,-0.01
18.1831305302618,11.1234784795942,-0.01
18.2400957773567,10.9739627258308,-0.01
18.2970610244515,10.8244469720675,-0.01
18.3540262715464,10.6749312183042,-0.01
18.4109915186413,10.5254154645408,-0.01
17.3708912997218,14.2384050328811,-0.01
18.7228654880411,10.6899004595838,-0.01
17.4278565468166,14.0888892791177,-0.01
17.4848217939115,13.9393735253544,-0.01
17.5417870410064,13.789857771591,-0.01
17.5987522881012,13.6403420178277,-0.01
17.6557175351961,13.4908262640644,-0.01
17.712682782291,13.341310510301,-0.01
17.7696480293858,13.1917947565377,-0.01
17.8266132764807,13.0422790027743,-0.01
17.8835785235756,12.892763249011,-0.01
17.9405437706704,12.7432474952476,-0.01
17.9975090177653,12.5937317414843,-0.01
18.0544742648602,12.444215987721,-0.01
18.111439511955,12.2947002339576,-0.01
18.1684047590499,12.1451844801943,-0.01
18.2253700061448,11.9956687264309,-0.01
18.2823352532397,11.8461529726676,-0.01
18.3393005003345,11.6966372189042,-0.01
18.3962657474294,11.5471214651409,-0.01
18.4532309945243,11.3976057113776,-0.01
18.5101962416191,11.2480899576142,-0.01
18.567161488714,11.0985742038509,-0.01
18.6241267358089,10.9490584500875,-0.01
18.6810919829037,10.7995426963242,-0.01
17.6979570110791,14.3630165109011,-0.01
19.0299705239345,10.8669023965206,-0.01
17.7549222581739,14.2135007571378,-0.01
17.8118875052688,14.0639850033744,-0.01
17.8688527523637,13.9144692496111,-0.01
17.9258179994585,13.7649534958477,-0.01
17.9827832465534,13.6154377420844,-0.01
18.0397484936483,13.465921988321,-0.01
18.0967137407431,13.3164062345577,-0.01
18.153678987838,13.1668904807944,-0.01
18.2106442349329,13.017374727031,-0.01
18.2676094820278,12.8678589732677,-0.01
18.3245747291226,12.7183432195043,-0.01
18.3815399762175,12.568827465741,-0.01
18.4385052233124,12.4193117119776,-0.01
18.4954704704072,12.2697959582143,-0.01
18.5524357175021,12.120280204451,-0.01
18.609400964597,11.9707644506876,-0.01
18.6663662116918,11.8212486969243,-0.01
18.7233314587867,11.6717329431609,-0.01
18.7802967058816,11.5222171893976,-0.01
18.8372619529764,11.3727014356342,-0.01
18.8942272000713,11.2231856818709,-0.01
18.9511924471662,11.0736699281076,-0.01
19.008157694261,10.9241541743442,-0.01
18.0250227224364,14.4876279889211,-0.01
19.3370755598279,11.0439043334574,-0.01
18.0819879695313,14.3381122351578,-0.01
18.1389532166261,14.1885964813944,-0.01
18.195918463721,14.0390807276311,-0.01
18.2528837108159,13.8895649738677,-0.01
18.3098489579107,13.7400492201044,-0.01
18.3668142050056,13.5905334663411,-0.01
18.4237794521005,13.4410177125777,-0.01
18.4807446991953,13.2915019588144,-0.01
18.5377099462902,13.141986205051,-0.01
18.5946751933851,12.9924704512877,-0.01
18.6516404404799,12.8429546975243,-0.01
18.7086056875748,12.693438943761,-0.01
18.7655709346697,12.5439231899977,-0.01
18.8225361817645,12.3944074362343,-0.01
18.8795014288594,12.244891682471,-0.01
18.9364666759543,12.0953759287076,-0.01
18.9934319230491,11.9458601749443,-0.01
19.050397170144,11.7963444211809,-0.01
19.1073624172389,11.6468286674176,-0.01
19.1643276643337,11.4973129136543,-0.01
19.2212929114286,11.3477971598909,-0.01
19.2782581585235,11.1982814061276,-0.01
19.3352234056184,11.0487656523642,-0.01
18.3520884337937,14.6122394669411,-0.01
19.6441805957214,11.2209062703943,-0.01
18.4090536808886,14.4627237131778,-0.01
18.4660189279834,14.3132079594145,-0.01
18.5229841750783,14.1636922056511,-0.01
18.5799494221732,14.0141764518878,-0.01
18.636914669268,13.8646606981244,-0.01
18.6938799163629,13.7151449443611,-0.01
18.7508451634578,13.5656291905977,-0.01
18.8078104105526,13.4161134368344,-0.01
18.8647756576475,13.2665976830711,-0.01
18.9217409047424,13.1170819293077,-0.01
18.9787061518372,12.9675661755444,-0.01
19.0356713989321,12.818050421781,-0.01
19.092636646027,12.6685346680177,-0.01
19.1496018931219,12.5190189142543,-0.01
19.2065671402167,12.369503160491,-0.01
19.2635323873116,12.2199874067277,-0.01
19.3204976344065,12.0704716529643,-0.01
19.3774628815013,11.920955899201,-0.01
19.4344281285962,11.7714401454376,-0.01
19.4913933756911,11.6219243916743,-0.01
19.5483586227859,11.4724086379109,-0.01
19.6053238698808,11.3228928841476,-0.01
18.679154145151,14.7368509449612,-0.01
19.9512856316148,11.3979082073311,-0.01
18.7361193922459,14.5873351911978,-0.01
18.7930846393407,14.4378194374345,-0.01
18.8500498864356,14.2883036836711,-0.01
18.9070151335305,14.1387879299078,-0.01
18.9639803806253,13.9892721761445,-0.01
19.0209456277202,13.8397564223811,-0.01
19.0779108748151,13.6902406686178,-0.01
19.13487612191,13.5407249148544,-0.01
19.1918413690048,13.3912091610911,-0.01
19.2488066160997,13.2416934073277,-0.01
19.3057718631946,13.0921776535644,-0.01
19.3627371102894,12.9426618998011,-0.01
19.4197023573843,12.7931461460377,-0.01
19.4766676044792,12.6436303922744,-0.01
19.533632851574,12.494114638511,-0.01
19.5905980986689,12.3445988847477,-0.01
19.6475633457638,12.1950831309843,-0.01
19.7045285928586,12.045567377221,-0.01
19.7614938399535,11.8960516234577,-0.01
19.8184590870484,11.7465358696943,-0.01
19.8754243341432,11.597020115931,-0.01
19.9323895812381,11.4475043621676,-0.01
19.0062198565083,14.8614624229812,-0.01
20.2583906675082,11.574910144268,-0.01
19.0631851036032,14.7119466692179,-0.01
19.1201503506981,14.5624309154545,-0.01
19.1771155977929,14.4129151616912,-0.01
19.2340808448878,14.2633994079278,-0.01
19.2910460919827,14.1138836541645,-0.01
19.3480113390775,13.9643679004011,-0.01
19.4049765861724,13.8148521466378,-0.01
19.4619418332673,13.6653363928744,-0.01
19.5189070803621,13.5158206391111,-0.01
19.575872327457,13.3663048853478,-0.01
19.6328375745519,13.2167891315844,-0.01
19.6898028216467,13.0672733778211,-0.01
19.7467680687416,12.9177576240577,-0.01
19.8037333158365,12.7682418702944,-0.01
19.8606985629313,12.6187261165311,-0.01
19.9176638100262,12.4692103627677,-0.01
19.9746290571211,12.3196946090044,-0.01
20.0315943042159,12.170178855241,-0.01
20.0885595513108,12.0206631014777,-0.01
20.1455247984057,11.8711473477143,-0.01
20.2024900455006,11.721631593951,-0.01
19.3332855678656,14.9860739010012,-0.01
20.5654957034016,11.7519120812048,-0.01
19.3902508149605,14.8365581472379,-0.01
19.4472160620554,14.6870423934745,-0.01
19.5041813091502,14.5375266397112,-0.01
19.5611465562451,14.3880108859478,-0.01
19.61811180334,14.2384951321845,-0.01
19.6750770504348,14.0889793784212,-0.01
19.7320422975297,13.9394636246578,-0.01
19.7890075446246,13.7899478708945,-0.01
19.8459727917194,13.6404321171311,-0.01
19.9029380388143,13.4909163633678,-0.01
19.9599032859092,13.3414006096044,-0.01
20.016868533004,13.1918848558411,-0.01
20.0738337800989,13.0423691020778,-0.01
20.1307990271938,12.8928533483144,-0.01
20.1877642742887,12.7433375945511,-0.01
20.2447295213835,12.5938218407877,-0.01
20.3016947684784,12.4443060870244,-0.01
20.3586600155733,12.294790333261,-0.01
20.4156252626681,12.1452745794977,-0.01
20.472590509763,11.9957588257344,-0.01
20.5295557568579,11.846243071971,-0.01
19.6603512792229,15.1106853790212,-0.01
20.872600739295,11.9289140181416,-0.01
19.7173165263178,14.9611696252579,-0.01
19.7742817734127,14.8116538714946,-0.01
19.8312470205075,14.6621381177312,-0.01
19.8882122676024,14.5126223639679,-0.01
19.9451775146973,14.3631066102045,-0.01
20.0021427617922,14.2135908564412,-0.01
20.059108008887,14.0640751026778,-0.01
20.1160732559819,13.9145593489145,-0.01
20.1730385030768,13.7650435951512,-0.01
20.2300037501716,13.6155278413878,-0.01
20.2869689972665,13.4660120876245,-0.01
20.3439342443614,13.3164963338611,-0.01
20.4008994914562,13.1669805800978,-0.01
20.4578647385511,13.0174648263344,-0.01
20.514829985646,12.8679490725711,-0.01
20.5717952327408,12.7184333188078,-0.01
20.6287604798357,12.5689175650444,-0.01
20.6857257269306,12.4194018112811,-0.01
20.7426909740254,12.2698860575177,-0.01
20.7996562211203,12.1203703037544,-0.01
20.8566214682152,11.970854549991,-0.01
19.9874169905803,15.2352968570413,-0.01
21.1797057751884,12.1059159550785,-0.01
20.0443822376751,15.0857811032779,-0.01
20.10134748477,14.9362653495146,-0.01
20.1583127318649,14.7867495957512,-0.01
20.2152779789597,14.6372338419879,-0.01
20.2722432260546,14.4877180882246,-0.01
20.3292084731495,14.3382023344612,-0.01
20.3861737202443,14.1886865806979,-0.01
20.4431389673392,14.0391708269345,-0.01
20.5001042144341,13.8896550731712,-0.01
20.5570694615289,13.7401393194078,-0.01
20.6140347086238,13.5906235656445,-0.01
20.6709999557187,13.4411078118812,-0.01
20.7279652028135,13.2915920581178,-0.01
20.7849304499084,13.1420763043545,-0.01
20.8418956970033,12.9925605505911,-0.01
20.8988609440982,12.8430447968278,-0.01
20.955826191193,12.6935290430644,-0.01
21.0127914382879,12.5440132893011,-0.01
21.0697566853828,12.3944975355378,-0.01
21.1267219324776,12.2449817817744,-0.01
20.3144827019376,15.3599083350613,-0.01
21.4868108110819,12.2829178920153,-0.01
20.3714479490324,15.2103925812979,-0.01
20.4284131961273,15.0608768275346,-0.01
20.4853784432222,14.9113610737713,-0.01
20.542343690317,14.7618453200079,-0.01
20.5993089374119,14.6123295662446,-0.01
20.6562741845068,14.4628138124812,-0.01
20.7132394316016,14.3132980587179,-0.01
20.7702046786965,14.1637823049545,-0.01
20.8271699257914,14.0142665511912,-0.01
20.8841351728863,13.8647507974279,-0.01
20.9411004199811,13.7152350436645,-0.01
20.998065667076,13.5657192899012,-0.01
21.0550309141709,13.4162035361378,-0.01
21.1119961612657,13.2666877823745,-0.01
21.1689614083606,13.1171720286111,-0.01
21.2259266554555,12.9676562748478,-0.01
21.2828919025503,12.8181405210845,-0.01
21.3398571496452,12.6686247673211,-0.01
21.3968223967401,12.5191090135578,-0.01
21.4537876438349,12.3695932597944,-0.01
20.6415484132949,15.4845198130813,-0.01
21.7939158469753,12.4599198289522,-0.01
20.6985136603898,15.335004059318,-0.01
20.7554789074846,15.1854883055546,-0.01
20.8124441545795,15.0359725517913,-0.01
20.8694094016744,14.8864567980279,-0.01
20.9263746487692,14.7369410442646,-0.01
20.9833398958641,14.5874252905013,-0.01
21.040305142959,14.4379095367379,-0.01
21.0972703900538,14.2883937829746,-0.01
21.1542356371487,14.1388780292112,-0.01
21.2112008842436,13.9893622754479,-0.01
21.2681661313384,13.8398465216845,-0.01
21.3251313784333,13.6903307679212,-0.01
21.3820966255282,13.5408150141579,-0.01
21.439061872623,13.3912992603945,-0.01
21.4960271197179,13.2417835066312,-0.01
21.5529923668128,13.0922677528678,-0.01
21.6099576139076,12.9427519991045,-0.01
21.6669228610025,12.7932362453411,-0.01
21.7238881080974,12.6437204915778,-0.01
21.7808533551923,12.4942047378145,-0.01
20.9686141246522,15.6091312911013,-0.01
22.1010208828687,12.636921765889,-0.01
21.0255793717471,15.459615537338,-0.01
21.0825446188419,15.3100997835747,-0.01
21.1395098659368,15.1605840298113,-0.01
21.1964751130317,15.011068276048,-0.01
21.2534403601265,14.8615525222846,-0.01
21.3104056072214,14.7120367685213,-0.01
21.3673708543163,14.5625210147579,-0.01
21.4243361014111,14.4130052609946,-0.01
21.481301348506,14.2634895072313,-0.01
21.5382665956009,14.1139737534679,-0.01
21.5952318426958,13.9644579997046,-0.01
21.6521970897906,13.8149422459412,-0.01
21.7091623368855,13.6654264921779,-0.01
21.7661275839804,13.5159107384145,-0.01
21.8230928310752,13.3663949846512,-0.01
21.8800580781701,13.2168792308879,-0.01
21.937023325265,13.0673634771245,-0.01
21.9939885723598,12.9178477233612,-0.01
22.0509538194547,12.7683319695978,-0.01
21.2956798360095,15.7337427691214,-0.01
22.4081259187621,12.8139237028258,-0.01
21.3526450831044,15.584227015358,-0.01
21.4096103301992,15.4347112615947,-0.01
21.4665755772941,15.2851955078313,-0.01
21.523540824389,15.135679754068,-0.01
21.5805060714838,14.9861640003046,-0.01
21.6374713185787,14.8366482465413,-0.01
21.6944365656736,14.687132492778,-0.01
21.7514018127685,14.5376167390146,-0.01
21.8083670598633,14.3881009852513,-0.01
21.8653323069582,14.2385852314879,-0.01
21.9222975540531,14.0890694777246,-0.01
21.9792628011479,13.9395537239612,-0.01
22.0362280482428,13.7900379701979,-0.01
22.0931932953377,13.6405222164346,-0.01
22.1501585424325,13.4910064626712,-0.01
22.2071237895274,13.3414907089079,-0.01
22.2640890366223,13.1919749551445,-0.01
22.3210542837171,13.0424592013812,-0.01
22.378019530812,12.8929434476179,-0.01
21.6227455473668,15.8583542471414,-0.01
22.7152309546555,12.9909256397627,-0.01
21.6797107944617,15.708838493378,-0.01
21.7366760415566,15.5593227396147,-0.01
21.7936412886514,15.4098069858514,-0.01
21.8506065357463,15.260291232088,-0.01
21.9075717828412,15.1107754783247,-0.01
21.964537029936,14.9612597245613,-0.01
22.0215022770309,14.811743970798,-0.01
22.0784675241258,14.6622282170346,-0.01
22.1354327712206,14.5127124632713,-0.01
22.1923980183155,14.363196709508,-0.01
22.2493632654104,14.2136809557446,-0.01
22.3063285125052,14.0641652019813,-0.01
22.3632937596001,13.9146494482179,-0.01
22.420259006695,13.7651336944546,-0.01
22.4772242537898,13.6156179406912,-0.01
22.5341895008847,13.4661021869279,-0.01
22.5911547479796,13.3165864331646,-0.01
22.6481199950744,13.1670706794012,-0.01
22.7050852421693,13.0175549256379,-0.01
21.9498112587241,15.9829657251614,-0.01
23.0223359905489,13.1679275766995,-0.01
22.006776505819,15.8334499713981,-0.01
22.0637417529139,15.6839342176347,-0.01
22.1207070000087,15.5344184638714,-0.01
22.1776722471036,15.384902710108,-0.01
22.2346374941985,15.2353869563447,-0.01
22.2916027412933,15.0858712025814,-0.01
22.3485679883882,14.936355448818,-0.01
22.4055332354831,14.7868396950547,-0.01
22.4624984825779,14.6373239412913,-0.01
22.5194637296728,14.487808187528,-0.01
22.5764289767677,14.3382924337646,-0.01
22.6333942238625,14.1887766800013,-0.01
22.6903594709574,14.039260926238,-0.01
22.7473247180523,13.8897451724746,-0.01
22.8042899651472,13.7402294187113,-0.01
22.861255212242,13.5907136649479,-0.01
22.9182204593369,13.4411979111846,-0.01
22.9751857064318,13.2916821574212,-0.01
22.2768769700814,16.1075772031814,-0.01
23.3294410264424,13.3449295136364,-0.01
22.3338422171763,15.9580614494181,-0.01
22.3908074642712,15.8085456956548,-0.01
22.447772711366,15.6590299418914,-0.01
22.5047379584609,15.5095141881281,-0.01
22.5617032055558,15.3599984343647,-0.01
22.6186684526507,15.2104826806014,-0.01
22.6756336997455,15.060966926838,-0.01
22.7325989468404,14.9114511730747,-0.01
22.7895641939353,14.7619354193114,-0.01
22.8465294410301,14.612419665548,-0.01
22.903494688125,14.4629039117847,-0.01
22.9604599352199,14.3133881580213,-0.01
23.0174251823147,14.163872404258,-0.01
23.0743904294096,14.0143566504946,-0.01
23.1313556765045,13.8648408967313,-0.01
23.1883209235993,13.715325142968,-0.01
23.2452861706942,13.5658093892046,-0.01
23.3022514177891,13.4162936354413,-0.01
22.6039426814388,16.2321886812015,-0.01
23.6365460623358,13.5219314505732,-0.01
22.6609079285336,16.0826729274381,-0.01
22.7178731756285,15.9331571736748,-0.01
22.7748384227234,15.7836414199114,-0.01
22.8318036698182,15.6341256661481,-0.01
22.8887689169131,15.4846099123847,-0.01
22.945734164008,15.3350941586214,-0.01
23.0026994111028,15.1855784048581,-0.01
23.0596646581977,15.0360626510947,-0.01
23.1166299052926,14.8865468973314,-0.01
23.1735951523874,14.737031143568,-0.01
23.2305603994823,14.5875153898047,-0.01
23.2875256465772,14.4379996360413,-0.01
23.344490893672,14.288483882278,-0.01
23.4014561407669,14.1389681285147,-0.01
23.4584213878618,13.9894523747513,-0.01
23.5153866349567,13.839936620988,-0.01
23.5723518820515,13.6904208672246,-0.01
23.6293171291464,13.5409051134613,-0.01
22.9310083927961,16.3568001592215,-0.01
23.9436510982292,13.69893338751,-0.01
22.9879736398909,16.2072844054581,-0.01
23.0449388869858,16.0577686516948,-0.01
23.1019041340807,15.9082528979315,-0.01
23.1588693811755,15.7587371441681,-0.01
23.2158346282704,15.6092213904048,-0.01
23.2727998753653,15.4597056366414,-0.01
23.3297651224601,15.3101898828781,-0.01
23.386730369555,15.1606741291147,-0.01
23.4436956166499,15.0111583753514,-0.01
23.5006608637448,14.8616426215881,-0.01
23.5576261108396,14.7121268678247,-0.01
23.6145913579345,14.5626111140614,-0.01
23.6715566050294,14.413095360298,-0.01
23.7285218521242,14.2635796065347,-0.01
23.7854870992191,14.1140638527713,-0.01
23.842452346314,13.964548099008,-0.01
23.8994175934088,13.8150323452447,-0.01
23.2580741041534,16.4814116372415,-0.01
24.2507561341226,13.8759353244469,-0.01
23.3150393512483,16.3318958834782,-0.01
23.3720045983431,16.1823801297148,-0.01
23.428969845438,16.0328643759515,-0.01
23.4859350925329,15.8833486221881,-0.01
23.5429003396277,15.7338328684248,-0.01
23.5998655867226,15.5843171146615,-0.01
23.6568308338175,15.4348013608981,-0.01
23.7137960809123,15.2852856071348,-0.01
23.7707613280072,15.1357698533714,-0.01
23.8277265751021,14.9862540996081,-0.01
23.8846918221969,14.8367383458447,-0.01
23.9416570692918,14.6872225920814,-0.01
23.9986223163867,14.5377068383181,-0.01
24.0555875634815,14.3881910845547,-0.01
24.1125528105764,14.2386753307914,-0.01
24.1695180576713,14.089159577028,-0.01
24.2264833047661,13.9396438232647,-0.01
23.5851398155107,16.6060231152615,-0.01
24.557861170016,14.0529372613837,-0.01
23.6421050626056,16.4565073614982,-0.01
23.6990703097004,16.3069916077349,-0.01
23.7560355567953,16.1574758539715,-0.01
23.8130008038902,16.0079601002082,-0.01
23.869966050985,15.8584443464448,-0.01
23.9269312980799,15.7089285926815,-0.01
23.9838965451748,15.5594128389181,-0.01
24.0408617922696,15.4098970851548,-0.01
24.0978270393645,15.2603813313915,-0.01
24.1547922864594,15.1108655776281,-0.01
24.2117575335542,14.9613498238648,-0.01
24.2687227806491,14.8118340701014,-0.01
24.325688027744,14.6623183163381,-0.01
24.3826532748389,14.5128025625747,-0.01
24.4396185219337,14.3632868088114,-0.01
24.4965837690286,14.2137710550481,-0.01
24.5535490161235,14.0642553012847,-0.01
23.912205526868,16.7306345932816,-0.01
24.8649662059094,14.2299391983206,-0.01
23.9691707739629,16.5811188395182,-0.01
24.0261360210577,16.4316030857549,-0.01
24.0831012681526,16.2820873319915,-0.01
24.1400665152475,16.1325715782282,-0.01
24.1970317623423,15.9830558244648,-0.01
24.2539970094372,15.8335400707015,-0.01
24.3109622565321,15.6840243169382,-0.01
24.367927503627,15.5345085631748,-0.01
24.4248927507218,15.3849928094115,-0.01
24.4818579978167,15.2354770556481,-0.01
24.5388232449116,15.0859613018848,-0.01
24.5957884920064,14.9364455481214,-0.01
24.6527537391013,14.7869297943581,-0.01
24.7097189861962,14.6374140405948,-0.01
24.766684233291,14.4878982868314,-0.01
24.8236494803859,14.3383825330681,-0.01
24.2392712382253,16.8552460713016,-0.01
25.1720712418029,14.4069411352574,-0.01
24.2962364853202,16.7057303175382,-0.01
24.3532017324151,16.5562145637749,-0.01
24.4101669795099,16.4066988100116,-0.01
24.4671322266048,16.2571830562482,-0.01
24.5240974736997,16.1076673024849,-0.01
24.5810627207945,15.9581515487215,-0.01
24.6380279678894,15.8086357949582,-0.01
24.6949932149843,15.6591200411948,-0.01
24.7519584620791,15.5096042874315,-0.01
24.808923709174,15.3600885336682,-0.01
24.8658889562689,15.2105727799048,-0.01
24.9228542033637,15.0610570261415,-0.01
24.9798194504586,14.9115412723781,-0.01
25.0367846975535,14.7620255186148,-0.01
25.0937499446483,14.6125097648514,-0.01
25.1507151917432,14.4629940110881,-0.01
24.5663369495826,16.9798575493216,-0.01
25.4791762776963,14.5839430721942,-0.01
24.6233021966775,16.8303417955583,-0.01
24.6802674437724,16.6808260417949,-0.01
24.7372326908672,16.5313102880316,-0.01
24.7941979379621,16.3817945342682,-0.01
24.851163185057,16.2322787805049,-0.01
24.9081284321518,16.0827630267416,-0.01
24.9650936792467,15.9332472729782,-0.01
25.0220589263416,15.7837315192149,-0.01
25.0790241734365,15.6342157654515,-0.01
25.1359894205313,15.4847000116882,-0.01
25.1929546676262,15.3351842579248,-0.01
25.2499199147211,15.1856685041615,-0.01
25.3068851618159,15.0361527503982,-0.01
25.3638504089108,14.8866369966348,-0.01
25.4208156560057,14.7371212428715,-0.01
25.4777809031005,14.5876054891081,-0.01
24.8934026609399,17.1044690273416,-0.01
25.7862813135897,14.7609450091311,-0.01
24.9503679080348,16.9549532735783,-0.01
25.0073331551297,16.8054375198149,-0.01
25.0642984022246,16.6559217660516,-0.01
25.1212636493194,16.5064060122883,-0.01
25.1782288964143,16.3568902585249,-0.01
25.2351941435092,16.2073745047616,-0.01
25.292159390604,16.0578587509982,-0.01
25.3491246376989,15.9083429972349,-0.01
25.4060898847938,15.7588272434715,-0.01
25.4630551318886,15.6093114897082,-0.01
25.5200203789835,15.4597957359449,-0.01
25.5769856260784,15.3102799821815,-0.01
25.6339508731732,15.1607642284182,-0.01
25.6909161202681,15.0112484746548,-0.01
25.747881367363,14.8617327208915,-0.01
25.2204683722973,17.2290805053617,-0.01
26.0933863494831,14.9379469460679,-0.01
25.2774336193921,17.0795647515983,-0.01
25.334398866487,16.930048997835,-0.01
25.3913641135819,16.7805332440716,-0.01
25.4483293606767,16.6310174903083,-0.01
25.5052946077716,16.4815017365449,-0.01
25.5622598548665,16.3319859827816,-0.01
25.6192251019613,16.1824702290183,-0.01
25.6761903490562,16.0329544752549,-0.01
25.7331555961511,15.8834387214916,-0.01
25.7901208432459,15.7339229677282,-0.01
25.8470860903408,15.5844072139649,-0.01
25.9040513374357,15.4348914602015,-0.01
25.9610165845305,15.2853757064382,-0.01
26.0179818316254,15.1358599526749,-0.01
26.0749470787203,14.9863441989115,-0.01
25.5475340836546,17.3536919833817,-0.01
26.4004913853765,15.1149488830047,-0.01
25.6044993307494,17.2041762296183,-0.01
25.6614645778443,17.054660475855,-0.01
25.7184298249392,16.9051447220917,-0.01
25.775395072034,16.7556289683283,-0.01
25.8323603191289,16.606113214565,-0.01
25.8893255662238,16.4565974608016,-0.01
25.9462908133187,16.3070817070383,-0.01
26.0032560604135,16.1575659532749,-0.01
26.0602213075084,16.0080501995116,-0.01
26.1171865546033,15.8585344457483,-0.01
26.1741518016981,15.7090186919849,-0.01
26.231117048793,15.5595029382216,-0.01
26.2880822958879,15.4099871844582,-0.01
26.3450475429827,15.2604714306949,-0.01
25.8745997950119,17.4783034614017,-0.01
26.7075964212699,15.2919508199416,-0.01
25.9315650421068,17.3287877076384,-0.01
25.9885302892016,17.179271953875,-0.01
26.0454955362965,17.0297562001117,-0.01
26.1024607833914,16.8802404463483,-0.01
26.1594260304862,16.730724692585,-0.01
26.2163912775811,16.5812089388216,-0.01
26.273356524676,16.4316931850583,-0.01
26.3303217717708,16.282177431295,-0.01
26.3872870188657,16.1326616775316,-0.01
26.4442522659606,15.9831459237683,-0.01
26.5012175130554,15.8336301700049,-0.01
26.5581827601503,15.6841144162416,-0.01
26.6151480072452,15.5345986624782,-0.01
26.67211325434,15.3850829087149,-0.01
26.2016655063692,17.6029149394217,-0.01
27.0147014571633,15.4689527568784,-0.01
26.2586307534641,17.4533991856584,-0.01
26.3155960005589,17.303883431895,-0.01
26.3725612476538,17.1543676781317,-0.01
26.4295264947487,17.0048519243684,-0.01
26.4864917418435,16.855336170605,-0.01
26.5434569889384,16.7058204168417,-0.01
26.6004222360333,16.5563046630783,-0.01
26.6573874831281,16.406788909315,-0.01
26.714352730223,16.2572731555516,-0.01
26.7713179773179,16.1077574017883,-0.01
26.8282832244127,15.958241648025,-0.01
26.8852484715076,15.8087258942616,-0.01
26.9422137186025,15.6592101404983,-0.01
26.9991789656974,15.5096943867349,-0.01
26.5287312177265,17.7275264174418,-0.01
27.3218064930568,15.6459546938153,-0.01
26.5856964648214,17.5780106636784,-0.01
26.6426617119162,17.4284949099151,-0.01
26.6996269590111,17.2789791561517,-0.01
26.756592206106,17.1294634023884,-0.01
26.8135574532009,16.979947648625,-0.01
26.8705227002957,16.8304318948617,-0.01
26.9274879473906,16.6809161410984,-0.01
26.9844531944855,16.531400387335,-0.01
27.0414184415803,16.3818846335717,-0.01
27.0983836886752,16.2323688798083,-0.01
27.1553489357701,16.082853126045,-0.01
27.2123141828649,15.9333373722816,-0.01
27.2692794299598,15.7838216185183,-0.01
26.8557969290838,17.8521378954618,-0.01
27.6289115289502,15.8229566307521,-0.01
26.9127621761787,17.7026221416984,-0.01
26.9697274232736,17.5531063879351,-0.01
27.0266926703684,17.4035906341717,-0.01
27.0836579174633,17.2540748804084,-0.01
27.1406231645582,17.1045591266451,-0.01
27.197588411653,16.9550433728817,-0.01
27.2545536587479,16.8055276191184,-0.01
27.3115189058428,16.656011865355,-0.01
27.3684841529376,16.5064961115917,-0.01
27.4254494000325,16.3569803578283,-0.01
27.4824146471274,16.207464604065,-0.01
27.5393798942222,16.0579488503017,-0.01
27.5963451413171,15.9084330965383,-0.01
27.1828626404411,17.9767493734818,-0.01
27.9360165648436,15.9999585676889,-0.01
27.239827887536,17.8272336197185,-0.01
27.2967931346309,17.6777178659551,-0.01
27.3537583817257,17.5282021121918,-0.01
27.4107236288206,17.3786863584284,-0.01
27.4676888759155,17.2291706046651,-0.01
27.5246541230103,17.0796548509017,-0.01
27.5816193701052,16.9301390971384,-0.01
27.6385846172001,16.7806233433751,-0.01
27.6955498642949,16.6311075896117,-0.01
27.7525151113898,16.4815918358484,-0.01
27.8094803584847,16.332076082085,-0.01
27.8664456055796,16.1825603283217,-0.01
27.9234108526744,16.0330445745583,-0.01
27.5099283517985,18.1013608515018,-0.01
28.243121600737,16.1769605046258,-0.01
27.5668935988933,17.9518450977385,-0.01
27.6238588459882,17.8023293439751,-0.01
27.6808240930831,17.6528135902118,-0.01
27.7377893401779,17.5032978364485,-0.01
27.7947545872728,17.3537820826851,-0.01
27.8517198343677,17.2042663289218,-0.01
27.9086850814625,17.0547505751584,-0.01
27.9656503285574,16.9052348213951,-0.01
28.0226155756523,16.7557190676317,-0.01
28.0795808227471,16.6062033138684,-0.01
28.136546069842,16.4566875601051,-0.01
28.1935113169369,16.3071718063417,-0.01
27.8369940631558,18.2259723295219,-0.01
28.5502266366304,16.3539624415626,-0.01
27.8939593102506,18.0764565757585,-0.01
27.9509245573455,17.9269408219952,-0.01
28.0078898044404,17.7774250682318,-0.01
28.0648550515352,17.6279093144685,-0.01
28.1218202986301,17.4783935607051,-0.01
28.178785545725,17.3288778069418,-0.01
28.2357507928198,17.1793620531785,-0.01
28.2927160399147,17.0298462994151,-0.01
28.3496812870096,16.8803305456518,-0.01
28.4066465341044,16.7308147918884,-0.01
28.4636117811993,16.5812990381251,-0.01
28.5205770282942,16.4317832843617,-0.01
28.1640597745131,18.3505838075419,-0.01
28.8573316725238,16.5309643784995,-0.01
28.221025021608,18.2010680537785,-0.01
28.2779902687028,18.0515523000152,-0.01
28.3349555157977,17.9020365462518,-0.01
28.3919207628925,17.7525207924885,-0.01
28.4488860099874,17.6030050387252,-0.01
28.5058512570823,17.4534892849618,-0.01
28.5628165041772,17.3039735311985,-0.01
28.619781751272,17.1544577774351,-0.01
28.6767469983669,17.0049420236718,-0.01
28.7337122454618,16.8554262699084,-0.01
28.7906774925566,16.7059105161451,-0.01
28.8476427396515,16.5563947623818,-0.01
28.4911254858704,18.4751952855619,-0.01
29.1644367084173,16.7079663154363,-0.01
28.5480907329653,18.3256795317986,-0.01
28.6050559800601,18.1761637780352,-0.01
28.662021227155,18.0266480242719,-0.01
28.7189864742499,17.8771322705085,-0.01
28.7759517213447,17.7276165167452,-0.01
28.8329169684396,17.5781007629818,-0.01
28.8898822155345,17.4285850092185,-0.01
28.9468474626293,17.2790692554552,-0.01
29.0038127097242,17.1295535016918,-0.01
29.0607779568191,16.9800377479285,-0.01
29.1177432039139,16.8305219941651,-0.01
28.8181911972277,18.5998067635819,-0.01
29.4715417443107,16.8849682523731,-0.01
28.8751564443226,18.4502910098186,-0.01
28.9321216914174,18.3007752560552,-0.01
28.9890869385123,18.1512595022919,-0.01
29.0460521856072,18.0017437485286,-0.01
29.103017432702,17.8522279947652,-0.01
29.1599826797969,17.7027122410019,-0.01
29.2169479268918,17.5531964872385,-0.01
29.2739131739866,17.4036807334752,-0.01
29.3308784210815,17.2541649797118,-0.01
29.3878436681764,17.1046492259485,-0.01
29.4448089152713,16.9551334721852,-0.01
29.145256908585,18.724418241602,-0.01
29.7786467802041,17.06197018931,-0.01
29.2022221556799,18.5749024878386,-0.01
29.2591874027747,18.4253867340753,-0.01
29.3161526498696,18.2758709803119,-0.01
29.3731178969645,18.1263552265486,-0.01
29.4300831440594,17.9768394727852,-0.01
29.4870483911542,17.8273237190219,-0.01
29.5440136382491,17.6778079652585,-0.01
29.600978885344,17.5282922114952,-0.01
29.6579441324388,17.3787764577319,-0.01
29.7149093795337,17.2292607039685,-0.01
29.7718746266286,17.0797449502052,-0.01
29.4723226199423,18.849029719622,-0.01
30.0857518160975,17.2389721262468,-0.01
29.5292878670372,18.6995139658586,-0.01
29.5862531141321,18.5499982120953,-0.01
29.6432183612269,18.4004824583319,-0.01
29.7001836083218,18.2509667045686,-0.01
29.7571488554167,18.1014509508053,-0.01
29.8141141025115,17.9519351970419,-0.01
29.8710793496064,17.8024194432786,-0.01
29.9280445967013,17.6529036895152,-0.01
29.9850098437961,17.5033879357519,-0.01
30.041975090891,17.3538721819885,-0.01
29.7993883312996,18.973641197642,-0.01
30.3928568519909,17.4159740631837,-0.01
29.8563535783945,18.8241254438787,-0.01
29.9133188254894,18.6746096901153,-0.01
29.9702840725842,18.525093936352,-0.01
30.0272493196791,18.3755781825886,-0.01
30.084214566774,18.2260624288253,-0.01
30.1411798138688,18.0765466750619,-0.01
30.1981450609637,17.9270309212986,-0.01
30.2551103080586,17.7775151675353,-0.01
30.3120755551535,17.6279994137719,-0.01
30.3690408022483,17.4784836600086,-0.01
30.126454042657,19.098252675662,-0.01
30.6999618878843,17.5929760001205,-0.01
30.1834192897518,18.9487369218987,-0.01
30.2403845368467,18.7992211681353,-0.01
30.2973497839416,18.649705414372,-0.01
30.3543150310364,18.5001896606086,-0.01
30.4112802781313,18.3506739068453,-0.01
30.4682455252262,18.201158153082,-0.01
30.525210772321,18.0516423993186,-0.01
30.5821760194159,17.9021266455553,-0.01
30.6391412665108,17.7526108917919,-0.01
30.6961065136056,17.6030951380286,-0.01
30.4535197540143,19.222864153682,-0.01
31.0070669237778,17.7699779370573,-0.01
30.5104850011091,19.0733483999187,-0.01
30.567450248204,18.9238326461554,-0.01
30.6244154952989,18.774316892392,-0.01
30.6813807423937,18.6248011386287,-0.01
30.7383459894886,18.4752853848653,-0.01
30.7953112365835,18.325769631102,-0.01
30.8522764836783,18.1762538773386,-0.01
30.9092417307732,18.0267381235753,-0.01
30.9662069778681,17.877222369812,-0.01
30.7805854653716,19.3474756317021,-0.01
31.3141719596712,17.9469798739942,-0.01
30.8375507124664,19.1979598779387,-0.01
30.8945159595613,19.0484441241754,-0.01
30.9514812066562,18.898928370412,-0.01
31.008446453751,18.7494126166487,-0.01
31.0654117008459,18.5998968628854,-0.01
31.1223769479408,18.450381109122,-0.01
31.1793421950357,18.3008653553587,-0.01
31.2363074421305,18.1513496015953,-0.01
31.2932726892254,18.001833847832,-0.01
31.1076511767289,19.4720871097221,-0.01
31.6212769955646,18.123981810931,-0.01
31.1646164238238,19.3225713559588,-0.01
31.2215816709186,19.1730556021954,-0.01
31.2785469180135,19.0235398484321,-0.01
31.3355121651084,18.8740240946687,-0.01
31.3924774122032,18.7245083409054,-0.01
31.4494426592981,18.574992587142,-0.01
31.506407906393,18.4254768333787,-0.01
31.5633731534878,18.2759610796154,-0.01
31.6203384005827,18.126445325852,-0.01
2.98,3.84022245308274,-0.01
3.67471872926371,2.01680554967862,-0.01
2.99666361,3.79648575,-0.01
3.05362886,3.64697,-0.01
3.1105941,3.49745424,-0.01
3.16755935,3.34793849,-0.01
3.2245246,3.19842274,-0.01
3.28148984,3.04890698,-0.01
3.33845509,2.89939123,-0.01
3.39542034,2.74987547,-0.01
3.45238559,2.60035972,-0.01
3.50935083,2.45084397,-0.01
3.56631608,2.30132821,-0.01
3.62328133,2.15181246,-0.01
2.98,1.6164,-0.01
0,8.7555,-0.01
0,1.6164,-0.01
0,8.58428058428197,-0.01
0,8.41306116856395,-0.01
0,8.24184175284592,-0.01
0,8.07062233712789,-0.01
0,7.89940292140987,-0.01
0,7.72818350569184,-0.01
0,7.55696408997381,-0.01
0,7.38574467425578,-0.01
0,7.21452525853776,-0.01
0,7.04330584281973,-0.01
0,6.8720864271017,-0.01
0,6.70086701138368,-0.01
0,6.52964759566565,-0.01
0,6.35842817994762,-0.01
0,6.18720876422959,-0.01
0,6.01598934851157,-0.01
0,5.84476993279354,-0.01
0,5.67355051707551,-0.01
0,5.50233110135749,-0.01
0,5.33111168563946,-0.01
0,5.15989226992143,-0.01
0,4.9886728542034,-0.01
0,4.81745343848538,-0.01
0,4.64623402276735,-0.01
0,4.47501460704932,-0.01
0,4.30379519133129,-0.01
0,4.13257577561327,-0.01
0,3.96135635989524,-0.01
0,3.79013694417721,-0.01
0,3.61891752845919,-0.01
0,3.44769811274116,-0.01
0,3.27647869702313,-0.01
0,3.1052592813051,-0.01
0,2.93403986558708,-0.01
0,2.76282044986905,-0.01
0,2.59160103415102,-0.01
0,2.420381618433,-0.01
0,2.24916220271497,-0.01
0,2.07794278699694,-0.01
0,1.90672337127891,-0.01
0.44,8.7555,-0.01
0.44,1.6164,-0.01
0.44,8.58428058428197,-0.01
0.44,8.41306116856395,-0.01
0.44,8.24184175284592,-0.01
0.44,8.07062233712789,-0.01
0.44,7.89940292140987,-0.01
0.44,7.72818350569184,-0.01
0.44,7.55696408997381,-0.01
0.44,7.38574467425578,-0.01
0.44,7.21452525853776,-0.01
0.44,7.04330584281973,-0.01
0.44,6.8720864271017,-0.01
0.44,6.70086701138368,-0.01
0.44,6.52964759566565,-0.01
0.44,6.35842817994762,-0.01
0.44,6.18720876422959,-0.01
0.44,6.01598934851157,-0.01
0.44,5.84476993279354,-0.01
0.44,5.67355051707551,-0.01
0.44,5.50233110135749,-0.01
0.44,5.33111168563946,-0.01
0.44,5.15989226992143,-0.01
0.44,4.9886728542034,-0.01
0.44,4.81745343848538,-0.01
0.44,4.64623402276735,-0.01
0.44,4.47501460704932,-0.01
0.44,4.30379519133129,-0.01
0.44,4.13257577561327,-0.01
0.44,3.96135635989524,-0.01
0.44,3.79013694417721,-0.01
0.44,3.61891752845919,-0.01
0.44,3.44769811274116,-0.01
0.44,3.27647869702313,-0.01
0.44,3.1052592813051,-0.01
0.44,2.93403986558708,-0.01
0.44,2.76282044986905,-0.01
0.44,2.59160103415102,-0.01
0.44,2.420381618433,-0.01
0.44,2.24916220271497,-0.01
0.44,2.07794278699694,-0.01
0.44,1.90672337127891,-0.01
0.88,8.7555,-0.01
0.88,1.6164,-0.01
0.88,8.58428058428197,-0.01
0.88,8.41306116856395,-0.01
0.88,8.24184175284592,-0.01
0.88,8.07062233712789,-0.01
0.88,7.89940292140987,-0.01
0.88,7.72818350569184,-0.01
0.88,7.55696408997381,-0.01
0.88,7.38574467425578,-0.01
0.88,7.21452525853776,-0.01
0.88,7.04330584281973,-0.01
0.88,6.8720864271017,-0.01
0.88,6.70086701138368,-0.01
0.88,6.52964759566565,-0.01
0.88,6.35842817994762,-0.01
0.88,6.18720876422959,-0.01
0.88,6.01598934851157,-0.01
0.88,5.84476993279354,-0.01
0.88,5.67355051707551,-0.01
0.88,5.50233110135749,-0.01
0.88,5.33111168563946,-0.01
0.88,5.15989226992143,-0.01
0.88,4.9886728542034,-0.01
0.88,4.81745343848538,-0.01
0.88,4.64623402276735,-0.01
0.88,4.47501460704932,-0.01
0.88,4.30379519133129,-0.01
0.88,4.13257577561327,-0.01
0.88,3.96135635989524,-0.01
0.88,3.79013694417721,-0.01
0.88,3.61891752845919,-0.01
0.88,3.44769811274116,-0.01
0.88,3.27647869702313,-0.01
0.88,3.1052592813051,-0.01
0.88,2.93403986558708,-0.01
0.88,2.76282044986905,-0.01
0.88,2.59160103415102,-0.01
0.88,2.420381618433,-0.01
0.88,2.24916220271497,-0.01
0.88,2.07794278699694,-0.01
0.88,1.90672337127891,-0.01
1.23,8.7555,-0.01
1.23,1.6164,-0.01
1.23,8.58428058428197,-0.01
1.23,8.41306116856395,-0.01
1.23,8.24184175284592,-0.01
1.23,8.07062233712789,-0.01
1.23,7.89940292140987,-0.01
1.23,7.72818350569184,-0.01
1.23,7.55696408997381,-0.01
1.23,7.38574467425578,-0.01
1.23,7.21452525853776,-0.01
1.23,7.04330584281973,-0.01
1.23,6.8720864271017,-0.01
1.23,6.70086701138368,-0.01
1.23,6.52964759566565,-0.01
1.23,6.35842817994762,-0.01
1.23,6.18720876422959,-0.01
1.23,6.01598934851157,-0.01
1.23,5.84476993279354,-0.01
1.23,5.67355051707551,-0.01
1.23,5.50233110135749,-0.01
1.23,5.33111168563946,-0.01
1.23,5.15989226992143,-0.01
1.23,4.9886728542034,-0.01
1.23,4.81745343848538,-0.01
1.23,4.64623402276735,-0.01
1.23,4.47501460704932,-0.01
1.23,4.30379519133129,-0.01
1.23,4.13257577561327,-0.01
1.23,3.96135635989524,-0.01
1.23,3.79013694417721,-0.01
1.23,3.61891752845919,-0.01
1.23,3.44769811274116,-0.01
1.23,3.27647869702313,-0.01
1.23,3.1052592813051,-0.01
1.23,2.93403986558708,-0.01
1.23,2.76282044986905,-0.01
1.23,2.59160103415102,-0.01
1.23,2.420381618433,-0.01
1.23,2.24916220271497,-0.01
1.23,2.07794278699694,-0.01
1.23,1.90672337127891,-0.01
1.58,8.7555,-0.01
1.58,1.6164,-0.01
1.58,8.58428058428197,-0.01
1.58,8.41306116856395,-0.01
1.58,8.24184175284592,-0.01
1.58,8.07062233712789,-0.01
1.58,7.89940292140987,-0.01
1.58,7.72818350569184,-0.01
1.58,7.55696408997381,-0.01
1.58,7.38574467425578,-0.01
1.58,7.21452525853776,-0.01
1.58,7.04330584281973,-0.01
1.58,6.8720864271017,-0.01
1.58,6.70086701138368,-0.01
1.58,6.52964759566565,-0.01
1.58,6.35842817994762,-0.01
1.58,6.18720876422959,-0.01
1.58,6.01598934851157,-0.01
1.58,5.84476993279354,-0.01
1.58,5.67355051707551,-0.01
1.58,5.50233110135749,-0.01
1.58,5.33111168563946,-0.01
1.58,5.15989226992143,-0.01
1.58,4.9886728542034,-0.01
1.58,4.81745343848538,-0.01
1.58,4.64623402276735,-0.01
1.58,4.47501460704932,-0.01
1.58,4.30379519133129,-0.01
1.58,4.13257577561327,-0.01
1.58,3.96135635989524,-0.01
1.58,3.79013694417721,-0.01
1.58,3.61891752845919,-0.01
1.58,3.44769811274116,-0.01
1.58,3.27647869702313,-0.01
1.58,3.1052592813051,-0.01
1.58,2.93403986558708,-0.01
1.58,2.76282044986905,-0.01
1.58,2.59160103415102,-0.01
1.58,2.420381618433,-0.01
1.58,2.24916220271497,-0.01
1.58,2.07794278699694,-0.01
1.58,1.90672337127891,-0.01
1.93,8.7555,-0.01
1.93,1.6164,-0.01
1.93,8.58428058428197,-0.01
1.93,8.41306116856395,-0.01
1.93,8.24184175284592,-0.01
1.93,8.07062233712789,-0.01
1.93,7.89940292140987,-0.01
1.93,7.72818350569184,-0.01
1.93,7.55696408997381,-0.01
1.93,7.38574467425578,-0.01
1.93,7.21452525853776,-0.01
1.93,7.04330584281973,-0.01
1.93,6.8720864271017,-0.01
1.93,6.70086701138368,-0.01
1.93,6.52964759566565,-0.01
1.93,6.35842817994762,-0.01
1.93,6.18720876422959,-0.01
1.93,6.01598934851157,-0.01
1.93,5.84476993279354,-0.01
1.93,5.67355051707551,-0.01
1.93,5.50233110135749,-0.01
1.93,5.33111168563946,-0.01
1.93,5.15989226992143,-0.01
1.93,4.9886728542034,-0.01
1.93,4.81745343848538,-0.01
1.93,4.64623402276735,-0.01
1.93,4.47501460704932,-0.01
1.93,4.30379519133129,-0.01
1.93,4.13257577561327,-0.01
1.93,3.96135635989524,-0.01
1.93,3.79013694417721,-0.01
1.93,3.61891752845919,-0.01
1.93,3.44769811274116,-0.01
1.93,3.27647869702313,-0.01
1.93,3.1052592813051,-0.01
1.93,2.93403986558708,-0.01
1.93,2.76282044986905,-0.01
1.93,2.59160103415102,-0.01
1.93,2.420381618433,-0.01
1.93,2.24916220271497,-0.01
1.93,2.07794278699694,-0.01
1.93,1.90672337127891,-0.01
2.28,8.7555,-0.01
2.28,1.6164,-0.01
2.28,8.58428058428197,-0.01
2.28,8.41306116856395,-0.01
2.28,8.24184175284592,-0.01
2.28,8.07062233712789,-0.01
2.28,7.89940292140987,-0.01
2.28,7.72818350569184,-0.01
2.28,7.55696408997381,-0.01
2.28,7.38574467425578,-0.01
2.28,7.21452525853776,-0.01
2.28,7.04330584281973,-0.01
2.28,6.8720864271017,-0.01
2.28,6.70086701138368,-0.01
2.28,6.52964759566565,-0.01
2.28,6.35842817994762,-0.01
2.28,6.18720876422959,-0.01
2.28,6.01598934851157,-0.01
2.28,5.84476993279354,-0.01
2.28,5.67355051707551,-0.01
2.28,5.50233110135749,-0.01
2.28,5.33111168563946,-0.01
2.28,5.15989226992143,-0.01
2.28,4.9886728542034,-0.01
2.28,4.81745343848538,-0.01
2.28,4.64623402276735,-0.01
2.28,4.47501460704932,-0.01
2.28,4.30379519133129,-0.01
2.28,4.13257577561327,-0.01
2.28,3.96135635989524,-0.01
2.28,3.79013694417721,-0.01
2.28,3.61891752845919,-0.01
2.28,3.44769811274116,-0.01
2.28,3.27647869702313,-0.01
2.28,3.1052592813051,-0.01
2.28,2.93403986558708,-0.01
2.28,2.76282044986905,-0.01
2.28,2.59160103415102,-0.01
2.28,2.420381618433,-0.01
2.28,2.24916220271497,-0.01
2.28,2.07794278699694,-0.01
2.28,1.90672337127891,-0.01
2.63,8.7555,-0.01
2.63,1.6164,-0.01
2.63,8.58428058428197,-0.01
2.63,8.41306116856395,-0.01
2.63,8.24184175284592,-0.01
2.63,8.07062233712789,-0.01
2.63,7.89940292140987,-0.01
2.63,7.72818350569184,-0.01
2.63,7.55696408997381,-0.01
2.63,7.38574467425578,-0.01
2.63,7.21452525853776,-0.01
2.63,7.04330584281973,-0.01
2.63,6.8720864271017,-0.01
2.63,6.70086701138368,-0.01
2.63,6.52964759566565,-0.01
2.63,6.35842817994762,-0.01
2.63,6.18720876422959,-0.01
2.63,6.01598934851157,-0.01
2.63,5.84476993279354,-0.01
2.63,5.67355051707551,-0.01
2.63,5.50233110135749,-0.01
2.63,5.33111168563946,-0.01
2.63,5.15989226992143,-0.01
2.63,4.9886728542034,-0.01
2.63,4.81745343848538,-0.01
2.63,4.64623402276735,-0.01
2.63,4.47501460704932,-0.01
2.63,4.30379519133129,-0.01
2.63,4.13257577561327,-0.01
2.63,3.96135635989524,-0.01
2.63,3.79013694417721,-0.01
2.63,3.61891752845919,-0.01
2.63,3.44769811274116,-0.01
2.63,3.27647869702313,-0.01
2.63,3.1052592813051,-0.01
2.63,2.93403986558708,-0.01
2.63,2.76282044986905,-0.01
2.63,2.59160103415102,-0.01
2.63,2.420381618433,-0.01
2.63,2.24916220271497,-0.01
2.63,2.07794278699694,-0.01
2.63,1.90672337127891,-0.01
2.98,8.7555,-0.01
2.98,1.6164,-0.01
2.98,8.58428058428197,-0.01
2.98,8.41306116856395,-0.01
2.98,8.24184175284592,-0.01
2.98,8.07062233712789,-0.01
2.98,7.89940292140987,-0.01
2.98,7.72818350569184,-0.01
2.98,7.55696408997381,-0.01
2.98,7.38574467425578,-0.01
2.98,7.21452525853776,-0.01
2.98,7.04330584281973,-0.01
2.98,6.8720864271017,-0.01
2.98,6.70086701138368,-0.01
2.98,6.52964759566565,-0.01
2.98,6.35842817994762,-0.01
2.98,6.18720876422959,-0.01
2.98,6.01598934851157,-0.01
2.98,5.84476993279354,-0.01
2.98,5.67355051707551,-0.01
2.98,5.50233110135749,-0.01
2.98,5.33111168563946,-0.01
2.98,5.15989226992143,-0.01
2.98,4.9886728542034,-0.01
2.98,4.81745343848538,-0.01
2.98,4.64623402276735,-0.01
2.98,4.47501460704932,-0.01
2.98,4.30379519133129,-0.01
2.98,4.13257577561327,-0.01
2.98,3.96135635989524,-0.01
2.98,3.79013694417721,-0.01
2.98,3.61891752845919,-0.01
2.98,3.44769811274116,-0.01
2.98,3.27647869702313,-0.01
2.98,3.1052592813051,-0.01
2.98,2.93403986558708,-0.01
2.98,2.76282044986905,-0.01
2.98,2.59160103415102,-0.01
2.98,2.420381618433,-0.01
2.98,2.24916220271497,-0.01
2.98,2.07794278699694,-0.01
2.98,1.90672337127891,-0.01
