CEND
BEGIN BULK
GRID,1,0,31.391867,17.961939,0.500000,0
GRID,2,0,30.494143,17.445472,0.500000,0
GRID,3,0,29.596419,16.929006,0.500000,0
GRID,4,0,28.698695,16.412539,0.500000,0
GRID,5,0,27.800971,15.896072,0.500000,0
GRID,6,0,26.903247,15.379606,0.500000,0
GRID,7,0,26.005523,14.863139,0.500000,0
GRID,8,0,25.107798,14.346672,0.500000,0
GRID,9,0,24.210074,13.830205,0.500000,0
GRID,10,0,23.312350,13.313739,0.500000,0
GRID,11,0,22.414626,12.797272,0.500000,0
GRID,12,0,21.516902,12.280805,0.500000,0
GRID,13,0,20.619178,11.764338,0.500000,0
GRID,14,0,19.721454,11.247872,0.500000,0
GRID,15,0,18.823730,10.731405,0.500000,0
GRID,16,0,17.926006,10.214938,0.500000,0
GRID,17,0,17.028282,9.698472,0.500000,0
GRID,18,0,16.130558,9.182005,0.500000,0
GRID,19,0,15.232834,8.665538,0.500000,0
GRID,20,0,14.335110,8.149071,0.500000,0
GRID,21,0,13.437386,7.632605,0.500000,0
GRID,22,0,12.539662,7.116138,0.500000,0
GRID,23,0,11.641937,6.599671,0.500000,0
GRID,24,0,10.744213,6.083204,0.500000,0
GRID,25,0,9.846489,5.566738,0.500000,0
GRID,26,0,8.948765,5.050271,0.500000,0
GRID,27,0,8.051041,4.533804,0.500000,0
GRID,28,0,7.153317,4.017338,0.500000,0
GRID,29,0,6.255593,3.500871,0.500000,0
GRID,30,0,5.357869,2.984404,0.500000,0
GRID,31,0,4.460145,2.467937,0.500000,0
GRID,32,0,2.980000,8.584088,0.500000,0
GRID,33,0,2.980000,8.412676,0.500000,0
GRID,34,0,2.980000,8.241264,0.500000,0
GRID,35,0,2.980000,8.069852,0.500000,0
GRID,36,0,2.980000,7.898440,0.500000,0
GRID,37,0,2.980000,7.727028,0.500000,0
GRID,38,0,2.980000,7.555616,0.500000,0
GRID,39,0,2.980000,7.384204,0.500000,0
GRID,40,0,2.980000,7.212792,0.500000,0
GRID,41,0,2.980000,7.041380,0.500000,0
GRID,42,0,2.980000,6.869968,0.500000,0
GRID,43,0,2.980000,6.698556,0.500000,0
GRID,44,0,2.980000,6.527144,0.500000,0
GRID,45,0,2.980000,6.355732,0.500000,0
GRID,46,0,2.980000,6.184320,0.500000,0
GRID,47,0,2.980000,6.012908,0.500000,0
GRID,48,0,2.980000,5.841496,0.500000,0
GRID,49,0,2.980000,5.670084,0.500000,0
GRID,50,0,2.980000,5.498672,0.500000,0
GRID,51,0,2.980000,5.327260,0.500000,0
GRID,52,0,2.980000,5.155848,0.500000,0
GRID,53,0,2.980000,4.984436,0.500000,0
GRID,54,0,2.980000,4.813024,0.500000,0
GRID,55,0,2.980000,4.641612,0.500000,0
GRID,56,0,2.980000,4.470200,0.500000,0
GRID,57,0,2.980000,4.298788,0.500000,0
GRID,58,0,2.980000,4.127376,0.500000,0
GRID,59,0,2.980000,3.955964,0.500000,0
GRID,60,0,2.980000,3.784552,0.500000,0
GRID,61,0,2.980000,3.613140,0.500000,0
GRID,62,0,2.980000,3.441728,0.500000,0
GRID,63,0,2.980000,3.270316,0.500000,0
GRID,64,0,2.980000,3.098904,0.500000,0
GRID,65,0,2.980000,2.927492,0.500000,0
GRID,66,0,2.980000,2.756080,0.500000,0
GRID,67,0,2.980000,2.584668,0.500000,0
GRID,68,0,2.980000,2.413256,0.500000,0
GRID,69,0,2.980000,2.241844,0.500000,0
GRID,70,0,2.980000,2.070432,0.500000,0
GRID,71,0,2.980000,1.899020,0.500000,0
GRID,72,0,2.980000,4.853348,0.500000,0
GRID,73,0,3.998872,2.202564,0.500000,0
GRID,74,0,2.993504,4.818214,0.500000,0
GRID,75,0,3.050908,4.668867,0.500000,0
GRID,76,0,3.108313,4.519519,0.500000,0
GRID,77,0,3.165717,4.370171,0.500000,0
GRID,78,0,3.223121,4.220823,0.500000,0
GRID,79,0,3.280525,4.071476,0.500000,0
GRID,80,0,3.337929,3.922128,0.500000,0
GRID,81,0,3.395334,3.772780,0.500000,0
GRID,82,0,3.452738,3.623432,0.500000,0
GRID,83,0,3.510142,3.474085,0.500000,0
GRID,84,0,3.567546,3.324737,0.500000,0
GRID,85,0,3.624951,3.175389,0.500000,0
GRID,86,0,3.682355,3.026041,0.500000,0
GRID,87,0,3.739759,2.876693,0.500000,0
GRID,88,0,3.797163,2.727346,0.500000,0
GRID,89,0,3.854567,2.577998,0.500000,0
GRID,90,0,3.911972,2.428650,0.500000,0
GRID,91,0,3.969376,2.279302,0.500000,0
GRID,92,0,2.980000,5.828886,0.500000,0
GRID,93,0,4.305935,2.379219,0.500000,0
GRID,94,0,3.033181,5.690525,0.500000,0
GRID,95,0,3.090586,5.541177,0.500000,0
GRID,96,0,3.147990,5.391829,0.500000,0
GRID,97,0,3.205394,5.242482,0.500000,0
GRID,98,0,3.262798,5.093134,0.500000,0
GRID,99,0,3.320202,4.943786,0.500000,0
GRID,100,0,3.377607,4.794438,0.500000,0
GRID,101,0,3.435011,4.645091,0.500000,0
GRID,102,0,3.492415,4.495743,0.500000,0
GRID,103,0,3.549819,4.346395,0.500000,0
GRID,104,0,3.607224,4.197047,0.500000,0
GRID,105,0,3.664628,4.047700,0.500000,0
GRID,106,0,3.722032,3.898352,0.500000,0
GRID,107,0,3.779436,3.749004,0.500000,0
GRID,108,0,3.836840,3.599656,0.500000,0
GRID,109,0,3.894245,3.450309,0.500000,0
GRID,110,0,3.951649,3.300961,0.500000,0
GRID,111,0,4.009053,3.151613,0.500000,0
GRID,112,0,4.066457,3.002265,0.500000,0
GRID,113,0,4.123862,2.852917,0.500000,0
GRID,114,0,4.181266,2.703570,0.500000,0
GRID,115,0,4.238670,2.554222,0.500000,0
GRID,116,0,4.296074,2.404874,0.500000,0
GRID,117,0,2.980000,6.804424,0.500000,0
GRID,118,0,4.612998,2.555875,0.500000,0
GRID,119,0,3.015454,6.712183,0.500000,0
GRID,120,0,3.072858,6.562836,0.500000,0
GRID,121,0,3.130263,6.413488,0.500000,0
GRID,122,0,3.187667,6.264140,0.500000,0
GRID,123,0,3.245071,6.114792,0.500000,0
GRID,124,0,3.302475,5.965445,0.500000,0
GRID,125,0,3.359880,5.816097,0.500000,0
GRID,126,0,3.417284,5.666749,0.500000,0
GRID,127,0,3.474688,5.517401,0.500000,0
GRID,128,0,3.532092,5.368053,0.500000,0
GRID,129,0,3.589496,5.218706,0.500000,0
GRID,130,0,3.646901,5.069358,0.500000,0
GRID,131,0,3.704305,4.920010,0.500000,0
GRID,132,0,3.761709,4.770662,0.500000,0
GRID,133,0,3.819113,4.621315,0.500000,0
GRID,134,0,3.876518,4.471967,0.500000,0
GRID,135,0,3.933922,4.322619,0.500000,0
GRID,136,0,3.991326,4.173271,0.500000,0
GRID,137,0,4.048730,4.023924,0.500000,0
GRID,138,0,4.106134,3.874576,0.500000,0
GRID,139,0,4.163539,3.725228,0.500000,0
GRID,140,0,4.220943,3.575880,0.500000,0
GRID,141,0,4.278347,3.426532,0.500000,0
GRID,142,0,4.335751,3.277185,0.500000,0
GRID,143,0,4.393156,3.127837,0.500000,0
GRID,144,0,4.450560,2.978489,0.500000,0
GRID,145,0,4.507964,2.829141,0.500000,0
GRID,146,0,4.565368,2.679794,0.500000,0
GRID,147,0,2.980000,7.779962,0.500000,0
GRID,148,0,4.920062,2.732531,0.500000,0
GRID,149,0,2.997727,7.733842,0.500000,0
GRID,150,0,3.055131,7.584494,0.500000,0
GRID,151,0,3.112536,7.435146,0.500000,0
GRID,152,0,3.169940,7.285798,0.500000,0
GRID,153,0,3.227344,7.136451,0.500000,0
GRID,154,0,3.284748,6.987103,0.500000,0
GRID,155,0,3.342152,6.837755,0.500000,0
GRID,156,0,3.399557,6.688407,0.500000,0
GRID,157,0,3.456961,6.539060,0.500000,0
GRID,158,0,3.514365,6.389712,0.500000,0
GRID,159,0,3.571769,6.240364,0.500000,0
GRID,160,0,3.629174,6.091016,0.500000,0
GRID,161,0,3.686578,5.941668,0.500000,0
GRID,162,0,3.743982,5.792321,0.500000,0
GRID,163,0,3.801386,5.642973,0.500000,0
GRID,164,0,3.858790,5.493625,0.500000,0
GRID,165,0,3.916195,5.344277,0.500000,0
GRID,166,0,3.973599,5.194930,0.500000,0
GRID,167,0,4.031003,5.045582,0.500000,0
GRID,168,0,4.088407,4.896234,0.500000,0
GRID,169,0,4.145812,4.746886,0.500000,0
GRID,170,0,4.203216,4.597539,0.500000,0
GRID,171,0,4.260620,4.448191,0.500000,0
GRID,172,0,4.318024,4.298843,0.500000,0
GRID,173,0,4.375428,4.149495,0.500000,0
GRID,174,0,4.432833,4.000148,0.500000,0
GRID,175,0,4.490237,3.850800,0.500000,0
GRID,176,0,4.547641,3.701452,0.500000,0
GRID,177,0,4.605045,3.552104,0.500000,0
GRID,178,0,4.662450,3.402756,0.500000,0
GRID,179,0,4.719854,3.253409,0.500000,0
GRID,180,0,4.777258,3.104061,0.500000,0
GRID,181,0,4.834662,2.954713,0.500000,0
GRID,182,0,4.892066,2.805365,0.500000,0
GRID,183,0,2.980000,8.755500,0.500000,0
GRID,184,0,5.227125,2.909186,0.500000,0
GRID,185,0,3.037404,8.606152,0.500000,0
GRID,186,0,3.094808,8.456804,0.500000,0
GRID,187,0,3.152213,8.307457,0.500000,0
GRID,188,0,3.209617,8.158109,0.500000,0
GRID,189,0,3.267021,8.008761,0.500000,0
GRID,190,0,3.324425,7.859413,0.500000,0
GRID,191,0,3.381830,7.710066,0.500000,0
GRID,192,0,3.439234,7.560718,0.500000,0
GRID,193,0,3.496638,7.411370,0.500000,0
GRID,194,0,3.554042,7.262022,0.500000,0
GRID,195,0,3.611446,7.112675,0.500000,0
GRID,196,0,3.668851,6.963327,0.500000,0
GRID,197,0,3.726255,6.813979,0.500000,0
GRID,198,0,3.783659,6.664631,0.500000,0
GRID,199,0,3.841063,6.515284,0.500000,0
GRID,200,0,3.898468,6.365936,0.500000,0
GRID,201,0,3.955872,6.216588,0.500000,0
GRID,202,0,4.013276,6.067240,0.500000,0
GRID,203,0,4.070680,5.917892,0.500000,0
GRID,204,0,4.128084,5.768545,0.500000,0
GRID,205,0,4.185489,5.619197,0.500000,0
GRID,206,0,4.242893,5.469849,0.500000,0
GRID,207,0,4.300297,5.320501,0.500000,0
GRID,208,0,4.357701,5.171154,0.500000,0
GRID,209,0,4.415106,5.021806,0.500000,0
GRID,210,0,4.472510,4.872458,0.500000,0
GRID,211,0,4.529914,4.723110,0.500000,0
GRID,212,0,4.587318,4.573763,0.500000,0
GRID,213,0,4.644722,4.424415,0.500000,0
GRID,214,0,4.702127,4.275067,0.500000,0
GRID,215,0,4.759531,4.125719,0.500000,0
GRID,216,0,4.816935,3.976371,0.500000,0
GRID,217,0,4.874339,3.827024,0.500000,0
GRID,218,0,4.931744,3.677676,0.500000,0
GRID,219,0,4.989148,3.528328,0.500000,0
GRID,220,0,5.046552,3.378980,0.500000,0
GRID,221,0,5.103956,3.229633,0.500000,0
GRID,222,0,5.161360,3.080285,0.500000,0
GRID,223,0,5.218765,2.930937,0.500000,0
GRID,224,0,3.306698,8.881072,0.500000,0
GRID,225,0,5.534188,3.085842,0.500000,0
GRID,226,0,3.364102,8.731724,0.500000,0
GRID,227,0,3.421507,8.582376,0.500000,0
GRID,228,0,3.478911,8.433028,0.500000,0
GRID,229,0,3.536315,8.283681,0.500000,0
GRID,230,0,3.593719,8.134333,0.500000,0
GRID,231,0,3.651124,7.984985,0.500000,0
GRID,232,0,3.708528,7.835637,0.500000,0
GRID,233,0,3.765932,7.686290,0.500000,0
GRID,234,0,3.823336,7.536942,0.500000,0
GRID,235,0,3.880740,7.387594,0.500000,0
GRID,236,0,3.938145,7.238246,0.500000,0
GRID,237,0,3.995549,7.088899,0.500000,0
GRID,238,0,4.052953,6.939551,0.500000,0
GRID,239,0,4.110357,6.790203,0.500000,0
GRID,240,0,4.167762,6.640855,0.500000,0
GRID,241,0,4.225166,6.491507,0.500000,0
GRID,242,0,4.282570,6.342160,0.500000,0
GRID,243,0,4.339974,6.192812,0.500000,0
GRID,244,0,4.397378,6.043464,0.500000,0
GRID,245,0,4.454783,5.894116,0.500000,0
GRID,246,0,4.512187,5.744769,0.500000,0
GRID,247,0,4.569591,5.595421,0.500000,0
GRID,248,0,4.626995,5.446073,0.500000,0
GRID,249,0,4.684400,5.296725,0.500000,0
GRID,250,0,4.741804,5.147378,0.500000,0
GRID,251,0,4.799208,4.998030,0.500000,0
GRID,252,0,4.856612,4.848682,0.500000,0
GRID,253,0,4.914016,4.699334,0.500000,0
GRID,254,0,4.971421,4.549987,0.500000,0
GRID,255,0,5.028825,4.400639,0.500000,0
GRID,256,0,5.086229,4.251291,0.500000,0
GRID,257,0,5.143633,4.101943,0.500000,0
GRID,258,0,5.201038,3.952595,0.500000,0
GRID,259,0,5.258442,3.803248,0.500000,0
GRID,260,0,5.315846,3.653900,0.500000,0
GRID,261,0,5.373250,3.504552,0.500000,0
GRID,262,0,5.430654,3.355204,0.500000,0
GRID,263,0,5.488059,3.205857,0.500000,0
GRID,264,0,3.633396,9.006643,0.500000,0
GRID,265,0,5.841252,3.262497,0.500000,0
GRID,266,0,3.690801,8.857296,0.500000,0
GRID,267,0,3.748205,8.707948,0.500000,0
GRID,268,0,3.805609,8.558600,0.500000,0
GRID,269,0,3.863013,8.409252,0.500000,0
GRID,270,0,3.920418,8.259905,0.500000,0
GRID,271,0,3.977822,8.110557,0.500000,0
GRID,272,0,4.035226,7.961209,0.500000,0
GRID,273,0,4.092630,7.811861,0.500000,0
GRID,274,0,4.150034,7.662514,0.500000,0
GRID,275,0,4.207439,7.513166,0.500000,0
GRID,276,0,4.264843,7.363818,0.500000,0
GRID,277,0,4.322247,7.214470,0.500000,0
GRID,278,0,4.379651,7.065123,0.500000,0
GRID,279,0,4.437056,6.915775,0.500000,0
GRID,280,0,4.494460,6.766427,0.500000,0
GRID,281,0,4.551864,6.617079,0.500000,0
GRID,282,0,4.609268,6.467731,0.500000,0
GRID,283,0,4.666672,6.318384,0.500000,0
GRID,284,0,4.724077,6.169036,0.500000,0
GRID,285,0,4.781481,6.019688,0.500000,0
GRID,286,0,4.838885,5.870340,0.500000,0
GRID,287,0,4.896289,5.720993,0.500000,0
GRID,288,0,4.953694,5.571645,0.500000,0
GRID,289,0,5.011098,5.422297,0.500000,0
GRID,290,0,5.068502,5.272949,0.500000,0
GRID,291,0,5.125906,5.123602,0.500000,0
GRID,292,0,5.183310,4.974254,0.500000,0
GRID,293,0,5.240715,4.824906,0.500000,0
GRID,294,0,5.298119,4.675558,0.500000,0
GRID,295,0,5.355523,4.526210,0.500000,0
GRID,296,0,5.412927,4.376863,0.500000,0
GRID,297,0,5.470332,4.227515,0.500000,0
GRID,298,0,5.527736,4.078167,0.500000,0
GRID,299,0,5.585140,3.928819,0.500000,0
GRID,300,0,5.642544,3.779472,0.500000,0
GRID,301,0,5.699948,3.630124,0.500000,0
GRID,302,0,5.757353,3.480776,0.500000,0
GRID,303,0,5.814757,3.331428,0.500000,0
GRID,304,0,3.960095,9.132215,0.500000,0
GRID,305,0,6.148315,3.439153,0.500000,0
GRID,306,0,4.017499,8.982867,0.500000,0
GRID,307,0,4.074903,8.833520,0.500000,0
GRID,308,0,4.132307,8.684172,0.500000,0
GRID,309,0,4.189712,8.534824,0.500000,0
GRID,310,0,4.247116,8.385476,0.500000,0
GRID,311,0,4.304520,8.236129,0.500000,0
GRID,312,0,4.361924,8.086781,0.500000,0
GRID,313,0,4.419328,7.937433,0.500000,0
GRID,314,0,4.476733,7.788085,0.500000,0
GRID,315,0,4.534137,7.638738,0.500000,0
GRID,316,0,4.591541,7.489390,0.500000,0
GRID,317,0,4.648945,7.340042,0.500000,0
GRID,318,0,4.706350,7.190694,0.500000,0
GRID,319,0,4.763754,7.041346,0.500000,0
GRID,320,0,4.821158,6.891999,0.500000,0
GRID,321,0,4.878562,6.742651,0.500000,0
GRID,322,0,4.935966,6.593303,0.500000,0
GRID,323,0,4.993371,6.443955,0.500000,0
GRID,324,0,5.050775,6.294608,0.500000,0
GRID,325,0,5.108179,6.145260,0.500000,0
GRID,326,0,5.165583,5.995912,0.500000,0
GRID,327,0,5.222988,5.846564,0.500000,0
GRID,328,0,5.280392,5.697217,0.500000,0
GRID,329,0,5.337796,5.547869,0.500000,0
GRID,330,0,5.395200,5.398521,0.500000,0
GRID,331,0,5.452604,5.249173,0.500000,0
GRID,332,0,5.510009,5.099826,0.500000,0
GRID,333,0,5.567413,4.950478,0.500000,0
GRID,334,0,5.624817,4.801130,0.500000,0
GRID,335,0,5.682221,4.651782,0.500000,0
GRID,336,0,5.739626,4.502434,0.500000,0
GRID,337,0,5.797030,4.353087,0.500000,0
GRID,338,0,5.854434,4.203739,0.500000,0
GRID,339,0,5.911838,4.054391,0.500000,0
GRID,340,0,5.969242,3.905043,0.500000,0
GRID,341,0,6.026647,3.755696,0.500000,0
GRID,342,0,6.084051,3.606348,0.500000,0
GRID,343,0,6.141455,3.457000,0.500000,0
GRID,344,0,4.286793,9.257787,0.500000,0
GRID,345,0,6.455378,3.615809,0.500000,0
GRID,346,0,4.344197,9.108439,0.500000,0
GRID,347,0,4.401601,8.959091,0.500000,0
GRID,348,0,4.459006,8.809744,0.500000,0
GRID,349,0,4.516410,8.660396,0.500000,0
GRID,350,0,4.573814,8.511048,0.500000,0
GRID,351,0,4.631218,8.361700,0.500000,0
GRID,352,0,4.688623,8.212353,0.500000,0
GRID,353,0,4.746027,8.063005,0.500000,0
GRID,354,0,4.803431,7.913657,0.500000,0
GRID,355,0,4.860835,7.764309,0.500000,0
GRID,356,0,4.918239,7.614962,0.500000,0
GRID,357,0,4.975644,7.465614,0.500000,0
GRID,358,0,5.033048,7.316266,0.500000,0
GRID,359,0,5.090452,7.166918,0.500000,0
GRID,360,0,5.147856,7.017570,0.500000,0
GRID,361,0,5.205261,6.868223,0.500000,0
GRID,362,0,5.262665,6.718875,0.500000,0
GRID,363,0,5.320069,6.569527,0.500000,0
GRID,364,0,5.377473,6.420179,0.500000,0
GRID,365,0,5.434877,6.270832,0.500000,0
GRID,366,0,5.492282,6.121484,0.500000,0
GRID,367,0,5.549686,5.972136,0.500000,0
GRID,368,0,5.607090,5.822788,0.500000,0
GRID,369,0,5.664494,5.673441,0.500000,0
GRID,370,0,5.721899,5.524093,0.500000,0
GRID,371,0,5.779303,5.374745,0.500000,0
GRID,372,0,5.836707,5.225397,0.500000,0
GRID,373,0,5.894111,5.076049,0.500000,0
GRID,374,0,5.951515,4.926702,0.500000,0
GRID,375,0,6.008920,4.777354,0.500000,0
GRID,376,0,6.066324,4.628006,0.500000,0
GRID,377,0,6.123728,4.478658,0.500000,0
GRID,378,0,6.181132,4.329311,0.500000,0
GRID,379,0,6.238537,4.179963,0.500000,0
GRID,380,0,6.295941,4.030615,0.500000,0
GRID,381,0,6.353345,3.881267,0.500000,0
GRID,382,0,6.410749,3.731920,0.500000,0
GRID,383,0,4.613491,9.383359,0.500000,0
GRID,384,0,6.762442,3.792464,0.500000,0
GRID,385,0,4.670895,9.234011,0.500000,0
GRID,386,0,4.728300,9.084663,0.500000,0
GRID,387,0,4.785704,8.935315,0.500000,0
GRID,388,0,4.843108,8.785968,0.500000,0
GRID,389,0,4.900512,8.636620,0.500000,0
GRID,390,0,4.957917,8.487272,0.500000,0
GRID,391,0,5.015321,8.337924,0.500000,0
GRID,392,0,5.072725,8.188577,0.500000,0
GRID,393,0,5.130129,8.039229,0.500000,0
GRID,394,0,5.187533,7.889881,0.500000,0
GRID,395,0,5.244938,7.740533,0.500000,0
GRID,396,0,5.302342,7.591185,0.500000,0
GRID,397,0,5.359746,7.441838,0.500000,0
GRID,398,0,5.417150,7.292490,0.500000,0
GRID,399,0,5.474555,7.143142,0.500000,0
GRID,400,0,5.531959,6.993794,0.500000,0
GRID,401,0,5.589363,6.844447,0.500000,0
GRID,402,0,5.646767,6.695099,0.500000,0
GRID,403,0,5.704171,6.545751,0.500000,0
GRID,404,0,5.761576,6.396403,0.500000,0
GRID,405,0,5.818980,6.247056,0.500000,0
GRID,406,0,5.876384,6.097708,0.500000,0
GRID,407,0,5.933788,5.948360,0.500000,0
GRID,408,0,5.991193,5.799012,0.500000,0
GRID,409,0,6.048597,5.649665,0.500000,0
GRID,410,0,6.106001,5.500317,0.500000,0
GRID,411,0,6.163405,5.350969,0.500000,0
GRID,412,0,6.220809,5.201621,0.500000,0
GRID,413,0,6.278214,5.052273,0.500000,0
GRID,414,0,6.335618,4.902926,0.500000,0
GRID,415,0,6.393022,4.753578,0.500000,0
GRID,416,0,6.450426,4.604230,0.500000,0
GRID,417,0,6.507831,4.454882,0.500000,0
GRID,418,0,6.565235,4.305535,0.500000,0
GRID,419,0,6.622639,4.156187,0.500000,0
GRID,420,0,6.680043,4.006839,0.500000,0
GRID,421,0,6.737447,3.857491,0.500000,0
GRID,422,0,4.940189,9.508930,0.500000,0
GRID,423,0,7.069505,3.969120,0.500000,0
GRID,424,0,4.997594,9.359583,0.500000,0
GRID,425,0,5.054998,9.210235,0.500000,0
GRID,426,0,5.112402,9.060887,0.500000,0
GRID,427,0,5.169806,8.911539,0.500000,0
GRID,428,0,5.227211,8.762192,0.500000,0
GRID,429,0,5.284615,8.612844,0.500000,0
GRID,430,0,5.342019,8.463496,0.500000,0
GRID,431,0,5.399423,8.314148,0.500000,0
GRID,432,0,5.456827,8.164801,0.500000,0
GRID,433,0,5.514232,8.015453,0.500000,0
GRID,434,0,5.571636,7.866105,0.500000,0
GRID,435,0,5.629040,7.716757,0.500000,0
GRID,436,0,5.686444,7.567409,0.500000,0
GRID,437,0,5.743849,7.418062,0.500000,0
GRID,438,0,5.801253,7.268714,0.500000,0
GRID,439,0,5.858657,7.119366,0.500000,0
GRID,440,0,5.916061,6.970018,0.500000,0
GRID,441,0,5.973465,6.820671,0.500000,0
GRID,442,0,6.030870,6.671323,0.500000,0
GRID,443,0,6.088274,6.521975,0.500000,0
GRID,444,0,6.145678,6.372627,0.500000,0
GRID,445,0,6.203082,6.223280,0.500000,0
GRID,446,0,6.260487,6.073932,0.500000,0
GRID,447,0,6.317891,5.924584,0.500000,0
GRID,448,0,6.375295,5.775236,0.500000,0
GRID,449,0,6.432699,5.625888,0.500000,0
GRID,450,0,6.490103,5.476541,0.500000,0
GRID,451,0,6.547508,5.327193,0.500000,0
GRID,452,0,6.604912,5.177845,0.500000,0
GRID,453,0,6.662316,5.028497,0.500000,0
GRID,454,0,6.719720,4.879150,0.500000,0
GRID,455,0,6.777125,4.729802,0.500000,0
GRID,456,0,6.834529,4.580454,0.500000,0
GRID,457,0,6.891933,4.431106,0.500000,0
GRID,458,0,6.949337,4.281759,0.500000,0
GRID,459,0,7.006741,4.132411,0.500000,0
GRID,460,0,7.064146,3.983063,0.500000,0
GRID,461,0,5.266888,9.634502,0.500000,0
GRID,462,0,7.376568,4.145775,0.500000,0
GRID,463,0,5.324292,9.485154,0.500000,0
GRID,464,0,5.381696,9.335807,0.500000,0
GRID,465,0,5.439100,9.186459,0.500000,0
GRID,466,0,5.496505,9.037111,0.500000,0
GRID,467,0,5.553909,8.887763,0.500000,0
GRID,468,0,5.611313,8.738416,0.500000,0
GRID,469,0,5.668717,8.589068,0.500000,0
GRID,470,0,5.726121,8.439720,0.500000,0
GRID,471,0,5.783526,8.290372,0.500000,0
GRID,472,0,5.840930,8.141024,0.500000,0
GRID,473,0,5.898334,7.991677,0.500000,0
GRID,474,0,5.955738,7.842329,0.500000,0
GRID,475,0,6.013143,7.692981,0.500000,0
GRID,476,0,6.070547,7.543633,0.500000,0
GRID,477,0,6.127951,7.394286,0.500000,0
GRID,478,0,6.185355,7.244938,0.500000,0
GRID,479,0,6.242759,7.095590,0.500000,0
GRID,480,0,6.300164,6.946242,0.500000,0
GRID,481,0,6.357568,6.796895,0.500000,0
GRID,482,0,6.414972,6.647547,0.500000,0
GRID,483,0,6.472376,6.498199,0.500000,0
GRID,484,0,6.529781,6.348851,0.500000,0
GRID,485,0,6.587185,6.199504,0.500000,0
GRID,486,0,6.644589,6.050156,0.500000,0
GRID,487,0,6.701993,5.900808,0.500000,0
GRID,488,0,6.759397,5.751460,0.500000,0
GRID,489,0,6.816802,5.602112,0.500000,0
GRID,490,0,6.874206,5.452765,0.500000,0
GRID,491,0,6.931610,5.303417,0.500000,0
GRID,492,0,6.989014,5.154069,0.500000,0
GRID,493,0,7.046419,5.004721,0.500000,0
GRID,494,0,7.103823,4.855374,0.500000,0
GRID,495,0,7.161227,4.706026,0.500000,0
GRID,496,0,7.218631,4.556678,0.500000,0
GRID,497,0,7.276035,4.407330,0.500000,0
GRID,498,0,7.333440,4.257983,0.500000,0
GRID,499,0,5.593586,9.760074,0.500000,0
GRID,500,0,7.683632,4.322431,0.500000,0
GRID,501,0,5.650990,9.610726,0.500000,0
GRID,502,0,5.708394,9.461378,0.500000,0
GRID,503,0,5.765799,9.312031,0.500000,0
GRID,504,0,5.823203,9.162683,0.500000,0
GRID,505,0,5.880607,9.013335,0.500000,0
GRID,506,0,5.938011,8.863987,0.500000,0
GRID,507,0,5.995415,8.714640,0.500000,0
GRID,508,0,6.052820,8.565292,0.500000,0
GRID,509,0,6.110224,8.415944,0.500000,0
GRID,510,0,6.167628,8.266596,0.500000,0
GRID,511,0,6.225032,8.117248,0.500000,0
GRID,512,0,6.282437,7.967901,0.500000,0
GRID,513,0,6.339841,7.818553,0.500000,0
GRID,514,0,6.397245,7.669205,0.500000,0
GRID,515,0,6.454649,7.519857,0.500000,0
GRID,516,0,6.512053,7.370510,0.500000,0
GRID,517,0,6.569458,7.221162,0.500000,0
GRID,518,0,6.626862,7.071814,0.500000,0
GRID,519,0,6.684266,6.922466,0.500000,0
GRID,520,0,6.741670,6.773119,0.500000,0
GRID,521,0,6.799075,6.623771,0.500000,0
GRID,522,0,6.856479,6.474423,0.500000,0
GRID,523,0,6.913883,6.325075,0.500000,0
GRID,524,0,6.971287,6.175728,0.500000,0
GRID,525,0,7.028691,6.026380,0.500000,0
GRID,526,0,7.086096,5.877032,0.500000,0
GRID,527,0,7.143500,5.727684,0.500000,0
GRID,528,0,7.200904,5.578336,0.500000,0
GRID,529,0,7.258308,5.428989,0.500000,0
GRID,530,0,7.315713,5.279641,0.500000,0
GRID,531,0,7.373117,5.130293,0.500000,0
GRID,532,0,7.430521,4.980945,0.500000,0
GRID,533,0,7.487925,4.831598,0.500000,0
GRID,534,0,7.545329,4.682250,0.500000,0
GRID,535,0,7.602734,4.532902,0.500000,0
GRID,536,0,7.660138,4.383554,0.500000,0
GRID,537,0,5.920284,9.885646,0.500000,0
GRID,538,0,7.990695,4.499087,0.500000,0
GRID,539,0,5.977688,9.736298,0.500000,0
GRID,540,0,6.035093,9.586950,0.500000,0
GRID,541,0,6.092497,9.437602,0.500000,0
GRID,542,0,6.149901,9.288255,0.500000,0
GRID,543,0,6.207305,9.138907,0.500000,0
GRID,544,0,6.264709,8.989559,0.500000,0
GRID,545,0,6.322114,8.840211,0.500000,0
GRID,546,0,6.379518,8.690863,0.500000,0
GRID,547,0,6.436922,8.541516,0.500000,0
GRID,548,0,6.494326,8.392168,0.500000,0
GRID,549,0,6.551731,8.242820,0.500000,0
GRID,550,0,6.609135,8.093472,0.500000,0
GRID,551,0,6.666539,7.944125,0.500000,0
GRID,552,0,6.723943,7.794777,0.500000,0
GRID,553,0,6.781347,7.645429,0.500000,0
GRID,554,0,6.838752,7.496081,0.500000,0
GRID,555,0,6.896156,7.346734,0.500000,0
GRID,556,0,6.953560,7.197386,0.500000,0
GRID,557,0,7.010964,7.048038,0.500000,0
GRID,558,0,7.068369,6.898690,0.500000,0
GRID,559,0,7.125773,6.749343,0.500000,0
GRID,560,0,7.183177,6.599995,0.500000,0
GRID,561,0,7.240581,6.450647,0.500000,0
GRID,562,0,7.297985,6.301299,0.500000,0
GRID,563,0,7.355390,6.151951,0.500000,0
GRID,564,0,7.412794,6.002604,0.500000,0
GRID,565,0,7.470198,5.853256,0.500000,0
GRID,566,0,7.527602,5.703908,0.500000,0
GRID,567,0,7.585007,5.554560,0.500000,0
GRID,568,0,7.642411,5.405213,0.500000,0
GRID,569,0,7.699815,5.255865,0.500000,0
GRID,570,0,7.757219,5.106517,0.500000,0
GRID,571,0,7.814623,4.957169,0.500000,0
GRID,572,0,7.872028,4.807822,0.500000,0
GRID,573,0,7.929432,4.658474,0.500000,0
GRID,574,0,7.986836,4.509126,0.500000,0
GRID,575,0,6.246982,10.011217,0.500000,0
GRID,576,0,8.297758,4.675742,0.500000,0
GRID,577,0,6.304387,9.861870,0.500000,0
GRID,578,0,6.361791,9.712522,0.500000,0
GRID,579,0,6.419195,9.563174,0.500000,0
GRID,580,0,6.476599,9.413826,0.500000,0
GRID,581,0,6.534003,9.264479,0.500000,0
GRID,582,0,6.591408,9.115131,0.500000,0
GRID,583,0,6.648812,8.965783,0.500000,0
GRID,584,0,6.706216,8.816435,0.500000,0
GRID,585,0,6.763620,8.667087,0.500000,0
GRID,586,0,6.821025,8.517740,0.500000,0
GRID,587,0,6.878429,8.368392,0.500000,0
GRID,588,0,6.935833,8.219044,0.500000,0
GRID,589,0,6.993237,8.069696,0.500000,0
GRID,590,0,7.050641,7.920349,0.500000,0
GRID,591,0,7.108046,7.771001,0.500000,0
GRID,592,0,7.165450,7.621653,0.500000,0
GRID,593,0,7.222854,7.472305,0.500000,0
GRID,594,0,7.280258,7.322958,0.500000,0
GRID,595,0,7.337663,7.173610,0.500000,0
GRID,596,0,7.395067,7.024262,0.500000,0
GRID,597,0,7.452471,6.874914,0.500000,0
GRID,598,0,7.509875,6.725567,0.500000,0
GRID,599,0,7.567279,6.576219,0.500000,0
GRID,600,0,7.624684,6.426871,0.500000,0
GRID,601,0,7.682088,6.277523,0.500000,0
GRID,602,0,7.739492,6.128175,0.500000,0
GRID,603,0,7.796896,5.978828,0.500000,0
GRID,604,0,7.854301,5.829480,0.500000,0
GRID,605,0,7.911705,5.680132,0.500000,0
GRID,606,0,7.969109,5.530784,0.500000,0
GRID,607,0,8.026513,5.381437,0.500000,0
GRID,608,0,8.083917,5.232089,0.500000,0
GRID,609,0,8.141322,5.082741,0.500000,0
GRID,610,0,8.198726,4.933393,0.500000,0
GRID,611,0,8.256130,4.784046,0.500000,0
GRID,612,0,6.573681,10.136789,0.500000,0
GRID,613,0,8.604822,4.852398,0.500000,0
GRID,614,0,6.631085,9.987441,0.500000,0
GRID,615,0,6.688489,9.838094,0.500000,0
GRID,616,0,6.745893,9.688746,0.500000,0
GRID,617,0,6.803298,9.539398,0.500000,0
GRID,618,0,6.860702,9.390050,0.500000,0
GRID,619,0,6.918106,9.240703,0.500000,0
GRID,620,0,6.975510,9.091355,0.500000,0
GRID,621,0,7.032914,8.942007,0.500000,0
GRID,622,0,7.090319,8.792659,0.500000,0
GRID,623,0,7.147723,8.643311,0.500000,0
GRID,624,0,7.205127,8.493964,0.500000,0
GRID,625,0,7.262531,8.344616,0.500000,0
GRID,626,0,7.319936,8.195268,0.500000,0
GRID,627,0,7.377340,8.045920,0.500000,0
GRID,628,0,7.434744,7.896573,0.500000,0
GRID,629,0,7.492148,7.747225,0.500000,0
GRID,630,0,7.549552,7.597877,0.500000,0
GRID,631,0,7.606957,7.448529,0.500000,0
GRID,632,0,7.664361,7.299182,0.500000,0
GRID,633,0,7.721765,7.149834,0.500000,0
GRID,634,0,7.779169,7.000486,0.500000,0
GRID,635,0,7.836574,6.851138,0.500000,0
GRID,636,0,7.893978,6.701790,0.500000,0
GRID,637,0,7.951382,6.552443,0.500000,0
GRID,638,0,8.008786,6.403095,0.500000,0
GRID,639,0,8.066190,6.253747,0.500000,0
GRID,640,0,8.123595,6.104399,0.500000,0
GRID,641,0,8.180999,5.955052,0.500000,0
GRID,642,0,8.238403,5.805704,0.500000,0
GRID,643,0,8.295807,5.656356,0.500000,0
GRID,644,0,8.353212,5.507008,0.500000,0
GRID,645,0,8.410616,5.357661,0.500000,0
GRID,646,0,8.468020,5.208313,0.500000,0
GRID,647,0,8.525424,5.058965,0.500000,0
GRID,648,0,8.582828,4.909617,0.500000,0
GRID,649,0,6.900379,10.262361,0.500000,0
GRID,650,0,8.911885,5.029054,0.500000,0
GRID,651,0,6.957783,10.113013,0.500000,0
GRID,652,0,7.015187,9.963665,0.500000,0
GRID,653,0,7.072592,9.814318,0.500000,0
GRID,654,0,7.129996,9.664970,0.500000,0
GRID,655,0,7.187400,9.515622,0.500000,0
GRID,656,0,7.244804,9.366274,0.500000,0
GRID,657,0,7.302208,9.216926,0.500000,0
GRID,658,0,7.359613,9.067579,0.500000,0
GRID,659,0,7.417017,8.918231,0.500000,0
GRID,660,0,7.474421,8.768883,0.500000,0
GRID,661,0,7.531825,8.619535,0.500000,0
GRID,662,0,7.589230,8.470188,0.500000,0
GRID,663,0,7.646634,8.320840,0.500000,0
GRID,664,0,7.704038,8.171492,0.500000,0
GRID,665,0,7.761442,8.022144,0.500000,0
GRID,666,0,7.818846,7.872797,0.500000,0
GRID,667,0,7.876251,7.723449,0.500000,0
GRID,668,0,7.933655,7.574101,0.500000,0
GRID,669,0,7.991059,7.424753,0.500000,0
GRID,670,0,8.048463,7.275406,0.500000,0
GRID,671,0,8.105868,7.126058,0.500000,0
GRID,672,0,8.163272,6.976710,0.500000,0
GRID,673,0,8.220676,6.827362,0.500000,0
GRID,674,0,8.278080,6.678014,0.500000,0
GRID,675,0,8.335484,6.528667,0.500000,0
GRID,676,0,8.392889,6.379319,0.500000,0
GRID,677,0,8.450293,6.229971,0.500000,0
GRID,678,0,8.507697,6.080623,0.500000,0
GRID,679,0,8.565101,5.931276,0.500000,0
GRID,680,0,8.622506,5.781928,0.500000,0
GRID,681,0,8.679910,5.632580,0.500000,0
GRID,682,0,8.737314,5.483232,0.500000,0
GRID,683,0,8.794718,5.333885,0.500000,0
GRID,684,0,8.852122,5.184537,0.500000,0
GRID,685,0,8.909527,5.035189,0.500000,0
GRID,686,0,7.227077,10.387933,0.500000,0
GRID,687,0,9.218948,5.205709,0.500000,0
GRID,688,0,7.284481,10.238585,0.500000,0
GRID,689,0,7.341886,10.089237,0.500000,0
GRID,690,0,7.399290,9.939889,0.500000,0
GRID,691,0,7.456694,9.790542,0.500000,0
GRID,692,0,7.514098,9.641194,0.500000,0
GRID,693,0,7.571502,9.491846,0.500000,0
GRID,694,0,7.628907,9.342498,0.500000,0
GRID,695,0,7.686311,9.193150,0.500000,0
GRID,696,0,7.743715,9.043803,0.500000,0
GRID,697,0,7.801119,8.894455,0.500000,0
GRID,698,0,7.858524,8.745107,0.500000,0
GRID,699,0,7.915928,8.595759,0.500000,0
GRID,700,0,7.973332,8.446412,0.500000,0
GRID,701,0,8.030736,8.297064,0.500000,0
GRID,702,0,8.088140,8.147716,0.500000,0
GRID,703,0,8.145545,7.998368,0.500000,0
GRID,704,0,8.202949,7.849021,0.500000,0
GRID,705,0,8.260353,7.699673,0.500000,0
GRID,706,0,8.317757,7.550325,0.500000,0
GRID,707,0,8.375162,7.400977,0.500000,0
GRID,708,0,8.432566,7.251629,0.500000,0
GRID,709,0,8.489970,7.102282,0.500000,0
GRID,710,0,8.547374,6.952934,0.500000,0
GRID,711,0,8.604778,6.803586,0.500000,0
GRID,712,0,8.662183,6.654238,0.500000,0
GRID,713,0,8.719587,6.504891,0.500000,0
GRID,714,0,8.776991,6.355543,0.500000,0
GRID,715,0,8.834395,6.206195,0.500000,0
GRID,716,0,8.891800,6.056847,0.500000,0
GRID,717,0,8.949204,5.907500,0.500000,0
GRID,718,0,9.006608,5.758152,0.500000,0
GRID,719,0,9.064012,5.608804,0.500000,0
GRID,720,0,9.121416,5.459456,0.500000,0
GRID,721,0,9.178821,5.310109,0.500000,0
GRID,722,0,7.553775,10.513504,0.500000,0
GRID,723,0,9.526012,5.382365,0.500000,0
GRID,724,0,7.611180,10.364157,0.500000,0
GRID,725,0,7.668584,10.214809,0.500000,0
GRID,726,0,7.725988,10.065461,0.500000,0
GRID,727,0,7.783392,9.916113,0.500000,0
GRID,728,0,7.840796,9.766765,0.500000,0
GRID,729,0,7.898201,9.617418,0.500000,0
GRID,730,0,7.955605,9.468070,0.500000,0
GRID,731,0,8.013009,9.318722,0.500000,0
GRID,732,0,8.070413,9.169374,0.500000,0
GRID,733,0,8.127818,9.020027,0.500000,0
GRID,734,0,8.185222,8.870679,0.500000,0
GRID,735,0,8.242626,8.721331,0.500000,0
GRID,736,0,8.300030,8.571983,0.500000,0
GRID,737,0,8.357434,8.422636,0.500000,0
GRID,738,0,8.414839,8.273288,0.500000,0
GRID,739,0,8.472243,8.123940,0.500000,0
GRID,740,0,8.529647,7.974592,0.500000,0
GRID,741,0,8.587051,7.825245,0.500000,0
GRID,742,0,8.644456,7.675897,0.500000,0
GRID,743,0,8.701860,7.526549,0.500000,0
GRID,744,0,8.759264,7.377201,0.500000,0
GRID,745,0,8.816668,7.227853,0.500000,0
GRID,746,0,8.874072,7.078506,0.500000,0
GRID,747,0,8.931477,6.929158,0.500000,0
GRID,748,0,8.988881,6.779810,0.500000,0
GRID,749,0,9.046285,6.630462,0.500000,0
GRID,750,0,9.103689,6.481115,0.500000,0
GRID,751,0,9.161094,6.331767,0.500000,0
GRID,752,0,9.218498,6.182419,0.500000,0
GRID,753,0,9.275902,6.033071,0.500000,0
GRID,754,0,9.333306,5.883724,0.500000,0
GRID,755,0,9.390710,5.734376,0.500000,0
GRID,756,0,9.448115,5.585028,0.500000,0
GRID,757,0,9.505519,5.435680,0.500000,0
GRID,758,0,7.880474,10.639076,0.500000,0
GRID,759,0,9.833075,5.559020,0.500000,0
GRID,760,0,7.937878,10.489728,0.500000,0
GRID,761,0,7.995282,10.340381,0.500000,0
GRID,762,0,8.052686,10.191033,0.500000,0
GRID,763,0,8.110090,10.041685,0.500000,0
GRID,764,0,8.167495,9.892337,0.500000,0
GRID,765,0,8.224899,9.742989,0.500000,0
GRID,766,0,8.282303,9.593642,0.500000,0
GRID,767,0,8.339707,9.444294,0.500000,0
GRID,768,0,8.397112,9.294946,0.500000,0
GRID,769,0,8.454516,9.145598,0.500000,0
GRID,770,0,8.511920,8.996251,0.500000,0
GRID,771,0,8.569324,8.846903,0.500000,0
GRID,772,0,8.626728,8.697555,0.500000,0
GRID,773,0,8.684133,8.548207,0.500000,0
GRID,774,0,8.741537,8.398860,0.500000,0
GRID,775,0,8.798941,8.249512,0.500000,0
GRID,776,0,8.856345,8.100164,0.500000,0
GRID,777,0,8.913750,7.950816,0.500000,0
GRID,778,0,8.971154,7.801468,0.500000,0
GRID,779,0,9.028558,7.652121,0.500000,0
GRID,780,0,9.085962,7.502773,0.500000,0
GRID,781,0,9.143366,7.353425,0.500000,0
GRID,782,0,9.200771,7.204077,0.500000,0
GRID,783,0,9.258175,7.054730,0.500000,0
GRID,784,0,9.315579,6.905382,0.500000,0
GRID,785,0,9.372983,6.756034,0.500000,0
GRID,786,0,9.430388,6.606686,0.500000,0
GRID,787,0,9.487792,6.457339,0.500000,0
GRID,788,0,9.545196,6.307991,0.500000,0
GRID,789,0,9.602600,6.158643,0.500000,0
GRID,790,0,9.660004,6.009295,0.500000,0
GRID,791,0,9.717409,5.859948,0.500000,0
GRID,792,0,9.774813,5.710600,0.500000,0
GRID,793,0,9.832217,5.561252,0.500000,0
GRID,794,0,8.207172,10.764648,0.500000,0
GRID,795,0,10.140138,5.735676,0.500000,0
GRID,796,0,8.264576,10.615300,0.500000,0
GRID,797,0,8.321980,10.465952,0.500000,0
GRID,798,0,8.379384,10.316604,0.500000,0
GRID,799,0,8.436789,10.167257,0.500000,0
GRID,800,0,8.494193,10.017909,0.500000,0
GRID,801,0,8.551597,9.868561,0.500000,0
GRID,802,0,8.609001,9.719213,0.500000,0
GRID,803,0,8.666406,9.569866,0.500000,0
GRID,804,0,8.723810,9.420518,0.500000,0
GRID,805,0,8.781214,9.271170,0.500000,0
GRID,806,0,8.838618,9.121822,0.500000,0
GRID,807,0,8.896022,8.972475,0.500000,0
GRID,808,0,8.953427,8.823127,0.500000,0
GRID,809,0,9.010831,8.673779,0.500000,0
GRID,810,0,9.068235,8.524431,0.500000,0
GRID,811,0,9.125639,8.375084,0.500000,0
GRID,812,0,9.183044,8.225736,0.500000,0
GRID,813,0,9.240448,8.076388,0.500000,0
GRID,814,0,9.297852,7.927040,0.500000,0
GRID,815,0,9.355256,7.777692,0.500000,0
GRID,816,0,9.412660,7.628345,0.500000,0
GRID,817,0,9.470065,7.478997,0.500000,0
GRID,818,0,9.527469,7.329649,0.500000,0
GRID,819,0,9.584873,7.180301,0.500000,0
GRID,820,0,9.642277,7.030954,0.500000,0
GRID,821,0,9.699682,6.881606,0.500000,0
GRID,822,0,9.757086,6.732258,0.500000,0
GRID,823,0,9.814490,6.582910,0.500000,0
GRID,824,0,9.871894,6.433563,0.500000,0
GRID,825,0,9.929298,6.284215,0.500000,0
GRID,826,0,9.986703,6.134867,0.500000,0
GRID,827,0,10.044107,5.985519,0.500000,0
GRID,828,0,10.101511,5.836171,0.500000,0
GRID,829,0,8.533870,10.890220,0.500000,0
GRID,830,0,10.447202,5.912332,0.500000,0
GRID,831,0,8.591274,10.740872,0.500000,0
GRID,832,0,8.648678,10.591524,0.500000,0
GRID,833,0,8.706083,10.442176,0.500000,0
GRID,834,0,8.763487,10.292828,0.500000,0
GRID,835,0,8.820891,10.143481,0.500000,0
GRID,836,0,8.878295,9.994133,0.500000,0
GRID,837,0,8.935700,9.844785,0.500000,0
GRID,838,0,8.993104,9.695437,0.500000,0
GRID,839,0,9.050508,9.546090,0.500000,0
GRID,840,0,9.107912,9.396742,0.500000,0
GRID,841,0,9.165316,9.247394,0.500000,0
GRID,842,0,9.222721,9.098046,0.500000,0
GRID,843,0,9.280125,8.948699,0.500000,0
GRID,844,0,9.337529,8.799351,0.500000,0
GRID,845,0,9.394933,8.650003,0.500000,0
GRID,846,0,9.452338,8.500655,0.500000,0
GRID,847,0,9.509742,8.351307,0.500000,0
GRID,848,0,9.567146,8.201960,0.500000,0
GRID,849,0,9.624550,8.052612,0.500000,0
GRID,850,0,9.681955,7.903264,0.500000,0
GRID,851,0,9.739359,7.753916,0.500000,0
GRID,852,0,9.796763,7.604569,0.500000,0
GRID,853,0,9.854167,7.455221,0.500000,0
GRID,854,0,9.911571,7.305873,0.500000,0
GRID,855,0,9.968976,7.156525,0.500000,0
GRID,856,0,10.026380,7.007178,0.500000,0
GRID,857,0,10.083784,6.857830,0.500000,0
GRID,858,0,10.141188,6.708482,0.500000,0
GRID,859,0,10.198593,6.559134,0.500000,0
GRID,860,0,10.255997,6.409787,0.500000,0
GRID,861,0,10.313401,6.260439,0.500000,0
GRID,862,0,10.370805,6.111091,0.500000,0
GRID,863,0,10.428209,5.961743,0.500000,0
GRID,864,0,8.860568,11.015791,0.500000,0
GRID,865,0,10.754265,6.088987,0.500000,0
GRID,866,0,8.917973,10.866443,0.500000,0
GRID,867,0,8.975377,10.717096,0.500000,0
GRID,868,0,9.032781,10.567748,0.500000,0
GRID,869,0,9.090185,10.418400,0.500000,0
GRID,870,0,9.147589,10.269052,0.500000,0
GRID,871,0,9.204994,10.119705,0.500000,0
GRID,872,0,9.262398,9.970357,0.500000,0
GRID,873,0,9.319802,9.821009,0.500000,0
GRID,874,0,9.377206,9.671661,0.500000,0
GRID,875,0,9.434611,9.522314,0.500000,0
GRID,876,0,9.492015,9.372966,0.500000,0
GRID,877,0,9.549419,9.223618,0.500000,0
GRID,878,0,9.606823,9.074270,0.500000,0
GRID,879,0,9.664227,8.924923,0.500000,0
GRID,880,0,9.721632,8.775575,0.500000,0
GRID,881,0,9.779036,8.626227,0.500000,0
GRID,882,0,9.836440,8.476879,0.500000,0
GRID,883,0,9.893844,8.327531,0.500000,0
GRID,884,0,9.951249,8.178184,0.500000,0
GRID,885,0,10.008653,8.028836,0.500000,0
GRID,886,0,10.066057,7.879488,0.500000,0
GRID,887,0,10.123461,7.730140,0.500000,0
GRID,888,0,10.180865,7.580793,0.500000,0
GRID,889,0,10.238270,7.431445,0.500000,0
GRID,890,0,10.295674,7.282097,0.500000,0
GRID,891,0,10.353078,7.132749,0.500000,0
GRID,892,0,10.410482,6.983402,0.500000,0
GRID,893,0,10.467887,6.834054,0.500000,0
GRID,894,0,10.525291,6.684706,0.500000,0
GRID,895,0,10.582695,6.535358,0.500000,0
GRID,896,0,10.640099,6.386011,0.500000,0
GRID,897,0,10.697503,6.236663,0.500000,0
GRID,898,0,9.187267,11.141363,0.500000,0
GRID,899,0,11.061328,6.265643,0.500000,0
GRID,900,0,9.244671,10.992015,0.500000,0
GRID,901,0,9.302075,10.842667,0.500000,0
GRID,902,0,9.359479,10.693320,0.500000,0
GRID,903,0,9.416883,10.543972,0.500000,0
GRID,904,0,9.474288,10.394624,0.500000,0
GRID,905,0,9.531692,10.245276,0.500000,0
GRID,906,0,9.589096,10.095929,0.500000,0
GRID,907,0,9.646500,9.946581,0.500000,0
GRID,908,0,9.703905,9.797233,0.500000,0
GRID,909,0,9.761309,9.647885,0.500000,0
GRID,910,0,9.818713,9.498538,0.500000,0
GRID,911,0,9.876117,9.349190,0.500000,0
GRID,912,0,9.933521,9.199842,0.500000,0
GRID,913,0,9.990926,9.050494,0.500000,0
GRID,914,0,10.048330,8.901146,0.500000,0
GRID,915,0,10.105734,8.751799,0.500000,0
GRID,916,0,10.163138,8.602451,0.500000,0
GRID,917,0,10.220543,8.453103,0.500000,0
GRID,918,0,10.277947,8.303755,0.500000,0
GRID,919,0,10.335351,8.154408,0.500000,0
GRID,920,0,10.392755,8.005060,0.500000,0
GRID,921,0,10.450159,7.855712,0.500000,0
GRID,922,0,10.507564,7.706364,0.500000,0
GRID,923,0,10.564968,7.557017,0.500000,0
GRID,924,0,10.622372,7.407669,0.500000,0
GRID,925,0,10.679776,7.258321,0.500000,0
GRID,926,0,10.737181,7.108973,0.500000,0
GRID,927,0,10.794585,6.959626,0.500000,0
GRID,928,0,10.851989,6.810278,0.500000,0
GRID,929,0,10.909393,6.660930,0.500000,0
GRID,930,0,10.966797,6.511582,0.500000,0
GRID,931,0,11.024202,6.362234,0.500000,0
GRID,932,0,9.513965,11.266935,0.500000,0
GRID,933,0,11.368392,6.442298,0.500000,0
GRID,934,0,9.571369,11.117587,0.500000,0
GRID,935,0,9.628773,10.968239,0.500000,0
GRID,936,0,9.686177,10.818891,0.500000,0
GRID,937,0,9.743582,10.669544,0.500000,0
GRID,938,0,9.800986,10.520196,0.500000,0
GRID,939,0,9.858390,10.370848,0.500000,0
GRID,940,0,9.915794,10.221500,0.500000,0
GRID,941,0,9.973199,10.072153,0.500000,0
GRID,942,0,10.030603,9.922805,0.500000,0
GRID,943,0,10.088007,9.773457,0.500000,0
GRID,944,0,10.145411,9.624109,0.500000,0
GRID,945,0,10.202815,9.474762,0.500000,0
GRID,946,0,10.260220,9.325414,0.500000,0
GRID,947,0,10.317624,9.176066,0.500000,0
GRID,948,0,10.375028,9.026718,0.500000,0
GRID,949,0,10.432432,8.877370,0.500000,0
GRID,950,0,10.489837,8.728023,0.500000,0
GRID,951,0,10.547241,8.578675,0.500000,0
GRID,952,0,10.604645,8.429327,0.500000,0
GRID,953,0,10.662049,8.279979,0.500000,0
GRID,954,0,10.719453,8.130632,0.500000,0
GRID,955,0,10.776858,7.981284,0.500000,0
GRID,956,0,10.834262,7.831936,0.500000,0
GRID,957,0,10.891666,7.682588,0.500000,0
GRID,958,0,10.949070,7.533241,0.500000,0
GRID,959,0,11.006475,7.383893,0.500000,0
GRID,960,0,11.063879,7.234545,0.500000,0
GRID,961,0,11.121283,7.085197,0.500000,0
GRID,962,0,11.178687,6.935850,0.500000,0
GRID,963,0,11.236091,6.786502,0.500000,0
GRID,964,0,11.293496,6.637154,0.500000,0
GRID,965,0,11.350900,6.487806,0.500000,0
GRID,966,0,9.840663,11.392506,0.500000,0
GRID,967,0,11.675455,6.618954,0.500000,0
GRID,968,0,9.898067,11.243159,0.500000,0
GRID,969,0,9.955471,11.093811,0.500000,0
GRID,970,0,10.012876,10.944463,0.500000,0
GRID,971,0,10.070280,10.795115,0.500000,0
GRID,972,0,10.127684,10.645768,0.500000,0
GRID,973,0,10.185088,10.496420,0.500000,0
GRID,974,0,10.242493,10.347072,0.500000,0
GRID,975,0,10.299897,10.197724,0.500000,0
GRID,976,0,10.357301,10.048377,0.500000,0
GRID,977,0,10.414705,9.899029,0.500000,0
GRID,978,0,10.472109,9.749681,0.500000,0
GRID,979,0,10.529514,9.600333,0.500000,0
GRID,980,0,10.586918,9.450986,0.500000,0
GRID,981,0,10.644322,9.301638,0.500000,0
GRID,982,0,10.701726,9.152290,0.500000,0
GRID,983,0,10.759131,9.002942,0.500000,0
GRID,984,0,10.816535,8.853594,0.500000,0
GRID,985,0,10.873939,8.704247,0.500000,0
GRID,986,0,10.931343,8.554899,0.500000,0
GRID,987,0,10.988747,8.405551,0.500000,0
GRID,988,0,11.046152,8.256203,0.500000,0
GRID,989,0,11.103556,8.106856,0.500000,0
GRID,990,0,11.160960,7.957508,0.500000,0
GRID,991,0,11.218364,7.808160,0.500000,0
GRID,992,0,11.275769,7.658812,0.500000,0
GRID,993,0,11.333173,7.509465,0.500000,0
GRID,994,0,11.390577,7.360117,0.500000,0
GRID,995,0,11.447981,7.210769,0.500000,0
GRID,996,0,11.505385,7.061421,0.500000,0
GRID,997,0,11.562790,6.912073,0.500000,0
GRID,998,0,11.620194,6.762726,0.500000,0
GRID,999,0,10.167361,11.518078,0.500000,0
GRID,1000,0,11.982518,6.795610,0.500000,0
GRID,1001,0,10.224765,11.368730,0.500000,0
GRID,1002,0,10.282170,11.219383,0.500000,0
GRID,1003,0,10.339574,11.070035,0.500000,0
GRID,1004,0,10.396978,10.920687,0.500000,0
GRID,1005,0,10.454382,10.771339,0.500000,0
GRID,1006,0,10.511787,10.621992,0.500000,0
GRID,1007,0,10.569191,10.472644,0.500000,0
GRID,1008,0,10.626595,10.323296,0.500000,0
GRID,1009,0,10.683999,10.173948,0.500000,0
GRID,1010,0,10.741403,10.024601,0.500000,0
GRID,1011,0,10.798808,9.875253,0.500000,0
GRID,1012,0,10.856212,9.725905,0.500000,0
GRID,1013,0,10.913616,9.576557,0.500000,0
GRID,1014,0,10.971020,9.427209,0.500000,0
GRID,1015,0,11.028425,9.277862,0.500000,0
GRID,1016,0,11.085829,9.128514,0.500000,0
GRID,1017,0,11.143233,8.979166,0.500000,0
GRID,1018,0,11.200637,8.829818,0.500000,0
GRID,1019,0,11.258041,8.680471,0.500000,0
GRID,1020,0,11.315446,8.531123,0.500000,0
GRID,1021,0,11.372850,8.381775,0.500000,0
GRID,1022,0,11.430254,8.232427,0.500000,0
GRID,1023,0,11.487658,8.083080,0.500000,0
GRID,1024,0,11.545063,7.933732,0.500000,0
GRID,1025,0,11.602467,7.784384,0.500000,0
GRID,1026,0,11.659871,7.635036,0.500000,0
GRID,1027,0,11.717275,7.485689,0.500000,0
GRID,1028,0,11.774679,7.336341,0.500000,0
GRID,1029,0,11.832084,7.186993,0.500000,0
GRID,1030,0,11.889488,7.037645,0.500000,0
GRID,1031,0,11.946892,6.888297,0.500000,0
GRID,1032,0,10.494059,11.643650,0.500000,0
GRID,1033,0,12.289582,6.972265,0.500000,0
GRID,1034,0,10.551464,11.494302,0.500000,0
GRID,1035,0,10.608868,11.344954,0.500000,0
GRID,1036,0,10.666272,11.195607,0.500000,0
GRID,1037,0,10.723676,11.046259,0.500000,0
GRID,1038,0,10.781081,10.896911,0.500000,0
GRID,1039,0,10.838485,10.747563,0.500000,0
GRID,1040,0,10.895889,10.598216,0.500000,0
GRID,1041,0,10.953293,10.448868,0.500000,0
GRID,1042,0,11.010697,10.299520,0.500000,0
GRID,1043,0,11.068102,10.150172,0.500000,0
GRID,1044,0,11.125506,10.000825,0.500000,0
GRID,1045,0,11.182910,9.851477,0.500000,0
GRID,1046,0,11.240314,9.702129,0.500000,0
GRID,1047,0,11.297719,9.552781,0.500000,0
GRID,1048,0,11.355123,9.403433,0.500000,0
GRID,1049,0,11.412527,9.254086,0.500000,0
GRID,1050,0,11.469931,9.104738,0.500000,0
GRID,1051,0,11.527335,8.955390,0.500000,0
GRID,1052,0,11.584740,8.806042,0.500000,0
GRID,1053,0,11.642144,8.656695,0.500000,0
GRID,1054,0,11.699548,8.507347,0.500000,0
GRID,1055,0,11.756952,8.357999,0.500000,0
GRID,1056,0,11.814357,8.208651,0.500000,0
GRID,1057,0,11.871761,8.059304,0.500000,0
GRID,1058,0,11.929165,7.909956,0.500000,0
GRID,1059,0,11.986569,7.760608,0.500000,0
GRID,1060,0,12.043973,7.611260,0.500000,0
GRID,1061,0,12.101378,7.461912,0.500000,0
GRID,1062,0,12.158782,7.312565,0.500000,0
GRID,1063,0,12.216186,7.163217,0.500000,0
GRID,1064,0,12.273590,7.013869,0.500000,0
GRID,1065,0,10.820758,11.769222,0.500000,0
GRID,1066,0,12.596645,7.148921,0.500000,0
GRID,1067,0,10.878162,11.619874,0.500000,0
GRID,1068,0,10.935566,11.470526,0.500000,0
GRID,1069,0,10.992970,11.321178,0.500000,0
GRID,1070,0,11.050375,11.171831,0.500000,0
GRID,1071,0,11.107779,11.022483,0.500000,0
GRID,1072,0,11.165183,10.873135,0.500000,0
GRID,1073,0,11.222587,10.723787,0.500000,0
GRID,1074,0,11.279992,10.574440,0.500000,0
GRID,1075,0,11.337396,10.425092,0.500000,0
GRID,1076,0,11.394800,10.275744,0.500000,0
GRID,1077,0,11.452204,10.126396,0.500000,0
GRID,1078,0,11.509608,9.977048,0.500000,0
GRID,1079,0,11.567013,9.827701,0.500000,0
GRID,1080,0,11.624417,9.678353,0.500000,0
GRID,1081,0,11.681821,9.529005,0.500000,0
GRID,1082,0,11.739225,9.379657,0.500000,0
GRID,1083,0,11.796630,9.230310,0.500000,0
GRID,1084,0,11.854034,9.080962,0.500000,0
GRID,1085,0,11.911438,8.931614,0.500000,0
GRID,1086,0,11.968842,8.782266,0.500000,0
GRID,1087,0,12.026246,8.632919,0.500000,0
GRID,1088,0,12.083651,8.483571,0.500000,0
GRID,1089,0,12.141055,8.334223,0.500000,0
GRID,1090,0,12.198459,8.184875,0.500000,0
GRID,1091,0,12.255863,8.035528,0.500000,0
GRID,1092,0,12.313268,7.886180,0.500000,0
GRID,1093,0,12.370672,7.736832,0.500000,0
GRID,1094,0,12.428076,7.587484,0.500000,0
GRID,1095,0,12.485480,7.438136,0.500000,0
GRID,1096,0,12.542884,7.288789,0.500000,0
GRID,1097,0,11.147456,11.894793,0.500000,0
GRID,1098,0,12.903708,7.325576,0.500000,0
GRID,1099,0,11.204860,11.745446,0.500000,0
GRID,1100,0,11.262264,11.596098,0.500000,0
GRID,1101,0,11.319669,11.446750,0.500000,0
GRID,1102,0,11.377073,11.297402,0.500000,0
GRID,1103,0,11.434477,11.148055,0.500000,0
GRID,1104,0,11.491881,10.998707,0.500000,0
GRID,1105,0,11.549286,10.849359,0.500000,0
GRID,1106,0,11.606690,10.700011,0.500000,0
GRID,1107,0,11.664094,10.550664,0.500000,0
GRID,1108,0,11.721498,10.401316,0.500000,0
GRID,1109,0,11.778902,10.251968,0.500000,0
GRID,1110,0,11.836307,10.102620,0.500000,0
GRID,1111,0,11.893711,9.953272,0.500000,0
GRID,1112,0,11.951115,9.803925,0.500000,0
GRID,1113,0,12.008519,9.654577,0.500000,0
GRID,1114,0,12.065924,9.505229,0.500000,0
GRID,1115,0,12.123328,9.355881,0.500000,0
GRID,1116,0,12.180732,9.206534,0.500000,0
GRID,1117,0,12.238136,9.057186,0.500000,0
GRID,1118,0,12.295540,8.907838,0.500000,0
GRID,1119,0,12.352945,8.758490,0.500000,0
GRID,1120,0,12.410349,8.609143,0.500000,0
GRID,1121,0,12.467753,8.459795,0.500000,0
GRID,1122,0,12.525157,8.310447,0.500000,0
GRID,1123,0,12.582562,8.161099,0.500000,0
GRID,1124,0,12.639966,8.011751,0.500000,0
GRID,1125,0,12.697370,7.862404,0.500000,0
GRID,1126,0,12.754774,7.713056,0.500000,0
GRID,1127,0,12.812178,7.563708,0.500000,0
GRID,1128,0,12.869583,7.414360,0.500000,0
GRID,1129,0,11.474154,12.020365,0.500000,0
GRID,1130,0,13.210772,7.502232,0.500000,0
GRID,1131,0,11.531558,11.871017,0.500000,0
GRID,1132,0,11.588963,11.721670,0.500000,0
GRID,1133,0,11.646367,11.572322,0.500000,0
GRID,1134,0,11.703771,11.422974,0.500000,0
GRID,1135,0,11.761175,11.273626,0.500000,0
GRID,1136,0,11.818580,11.124279,0.500000,0
GRID,1137,0,11.875984,10.974931,0.500000,0
GRID,1138,0,11.933388,10.825583,0.500000,0
GRID,1139,0,11.990792,10.676235,0.500000,0
GRID,1140,0,12.048196,10.526887,0.500000,0
GRID,1141,0,12.105601,10.377540,0.500000,0
GRID,1142,0,12.163005,10.228192,0.500000,0
GRID,1143,0,12.220409,10.078844,0.500000,0
GRID,1144,0,12.277813,9.929496,0.500000,0
GRID,1145,0,12.335218,9.780149,0.500000,0
GRID,1146,0,12.392622,9.630801,0.500000,0
GRID,1147,0,12.450026,9.481453,0.500000,0
GRID,1148,0,12.507430,9.332105,0.500000,0
GRID,1149,0,12.564834,9.182758,0.500000,0
GRID,1150,0,12.622239,9.033410,0.500000,0
GRID,1151,0,12.679643,8.884062,0.500000,0
GRID,1152,0,12.737047,8.734714,0.500000,0
GRID,1153,0,12.794451,8.585367,0.500000,0
GRID,1154,0,12.851856,8.436019,0.500000,0
GRID,1155,0,12.909260,8.286671,0.500000,0
GRID,1156,0,12.966664,8.137323,0.500000,0
GRID,1157,0,13.024068,7.987975,0.500000,0
GRID,1158,0,13.081472,7.838628,0.500000,0
GRID,1159,0,13.138877,7.689280,0.500000,0
GRID,1160,0,13.196281,7.539932,0.500000,0
GRID,1161,0,11.800852,12.145937,0.500000,0
GRID,1162,0,13.517835,7.678888,0.500000,0
GRID,1163,0,11.858257,11.996589,0.500000,0
GRID,1164,0,11.915661,11.847241,0.500000,0
GRID,1165,0,11.973065,11.697894,0.500000,0
GRID,1166,0,12.030469,11.548546,0.500000,0
GRID,1167,0,12.087874,11.399198,0.500000,0
GRID,1168,0,12.145278,11.249850,0.500000,0
GRID,1169,0,12.202682,11.100503,0.500000,0
GRID,1170,0,12.260086,10.951155,0.500000,0
GRID,1171,0,12.317490,10.801807,0.500000,0
GRID,1172,0,12.374895,10.652459,0.500000,0
GRID,1173,0,12.432299,10.503111,0.500000,0
GRID,1174,0,12.489703,10.353764,0.500000,0
GRID,1175,0,12.547107,10.204416,0.500000,0
GRID,1176,0,12.604512,10.055068,0.500000,0
GRID,1177,0,12.661916,9.905720,0.500000,0
GRID,1178,0,12.719320,9.756373,0.500000,0
GRID,1179,0,12.776724,9.607025,0.500000,0
GRID,1180,0,12.834128,9.457677,0.500000,0
GRID,1181,0,12.891533,9.308329,0.500000,0
GRID,1182,0,12.948937,9.158982,0.500000,0
GRID,1183,0,13.006341,9.009634,0.500000,0
GRID,1184,0,13.063745,8.860286,0.500000,0
GRID,1185,0,13.121150,8.710938,0.500000,0
GRID,1186,0,13.178554,8.561590,0.500000,0
GRID,1187,0,13.235958,8.412243,0.500000,0
GRID,1188,0,13.293362,8.262895,0.500000,0
GRID,1189,0,13.350766,8.113547,0.500000,0
GRID,1190,0,13.408171,7.964199,0.500000,0
GRID,1191,0,13.465575,7.814852,0.500000,0
GRID,1192,0,12.127551,12.271509,0.500000,0
GRID,1193,0,13.824898,7.855543,0.500000,0
GRID,1194,0,12.184955,12.122161,0.500000,0
GRID,1195,0,12.242359,11.972813,0.500000,0
GRID,1196,0,12.299763,11.823465,0.500000,0
GRID,1197,0,12.357168,11.674118,0.500000,0
GRID,1198,0,12.414572,11.524770,0.500000,0
GRID,1199,0,12.471976,11.375422,0.500000,0
GRID,1200,0,12.529380,11.226074,0.500000,0
GRID,1201,0,12.586784,11.076726,0.500000,0
GRID,1202,0,12.644189,10.927379,0.500000,0
GRID,1203,0,12.701593,10.778031,0.500000,0
GRID,1204,0,12.758997,10.628683,0.500000,0
GRID,1205,0,12.816401,10.479335,0.500000,0
GRID,1206,0,12.873806,10.329988,0.500000,0
GRID,1207,0,12.931210,10.180640,0.500000,0
GRID,1208,0,12.988614,10.031292,0.500000,0
GRID,1209,0,13.046018,9.881944,0.500000,0
GRID,1210,0,13.103422,9.732597,0.500000,0
GRID,1211,0,13.160827,9.583249,0.500000,0
GRID,1212,0,13.218231,9.433901,0.500000,0
GRID,1213,0,13.275635,9.284553,0.500000,0
GRID,1214,0,13.333039,9.135206,0.500000,0
GRID,1215,0,13.390444,8.985858,0.500000,0
GRID,1216,0,13.447848,8.836510,0.500000,0
GRID,1217,0,13.505252,8.687162,0.500000,0
GRID,1218,0,13.562656,8.537814,0.500000,0
GRID,1219,0,13.620060,8.388467,0.500000,0
GRID,1220,0,13.677465,8.239119,0.500000,0
GRID,1221,0,13.734869,8.089771,0.500000,0
GRID,1222,0,13.792273,7.940423,0.500000,0
GRID,1223,0,12.454249,12.397080,0.500000,0
GRID,1224,0,14.131962,8.032199,0.500000,0
GRID,1225,0,12.511653,12.247733,0.500000,0
GRID,1226,0,12.569057,12.098385,0.500000,0
GRID,1227,0,12.626462,11.949037,0.500000,0
GRID,1228,0,12.683866,11.799689,0.500000,0
GRID,1229,0,12.741270,11.650342,0.500000,0
GRID,1230,0,12.798674,11.500994,0.500000,0
GRID,1231,0,12.856078,11.351646,0.500000,0
GRID,1232,0,12.913483,11.202298,0.500000,0
GRID,1233,0,12.970887,11.052950,0.500000,0
GRID,1234,0,13.028291,10.903603,0.500000,0
GRID,1235,0,13.085695,10.754255,0.500000,0
GRID,1236,0,13.143100,10.604907,0.500000,0
GRID,1237,0,13.200504,10.455559,0.500000,0
GRID,1238,0,13.257908,10.306212,0.500000,0
GRID,1239,0,13.315312,10.156864,0.500000,0
GRID,1240,0,13.372716,10.007516,0.500000,0
GRID,1241,0,13.430121,9.858168,0.500000,0
GRID,1242,0,13.487525,9.708821,0.500000,0
GRID,1243,0,13.544929,9.559473,0.500000,0
GRID,1244,0,13.602333,9.410125,0.500000,0
GRID,1245,0,13.659738,9.260777,0.500000,0
GRID,1246,0,13.717142,9.111429,0.500000,0
GRID,1247,0,13.774546,8.962082,0.500000,0
GRID,1248,0,13.831950,8.812734,0.500000,0
GRID,1249,0,13.889354,8.663386,0.500000,0
GRID,1250,0,13.946759,8.514038,0.500000,0
GRID,1251,0,14.004163,8.364691,0.500000,0
GRID,1252,0,14.061567,8.215343,0.500000,0
GRID,1253,0,14.118971,8.065995,0.500000,0
GRID,1254,0,12.780947,12.522652,0.500000,0
GRID,1255,0,14.439025,8.208854,0.500000,0
GRID,1256,0,12.838351,12.373304,0.500000,0
GRID,1257,0,12.895756,12.223957,0.500000,0
GRID,1258,0,12.953160,12.074609,0.500000,0
GRID,1259,0,13.010564,11.925261,0.500000,0
GRID,1260,0,13.067968,11.775913,0.500000,0
GRID,1261,0,13.125372,11.626565,0.500000,0
GRID,1262,0,13.182777,11.477218,0.500000,0
GRID,1263,0,13.240181,11.327870,0.500000,0
GRID,1264,0,13.297585,11.178522,0.500000,0
GRID,1265,0,13.354989,11.029174,0.500000,0
GRID,1266,0,13.412394,10.879827,0.500000,0
GRID,1267,0,13.469798,10.730479,0.500000,0
GRID,1268,0,13.527202,10.581131,0.500000,0
GRID,1269,0,13.584606,10.431783,0.500000,0
GRID,1270,0,13.642010,10.282436,0.500000,0
GRID,1271,0,13.699415,10.133088,0.500000,0
GRID,1272,0,13.756819,9.983740,0.500000,0
GRID,1273,0,13.814223,9.834392,0.500000,0
GRID,1274,0,13.871627,9.685045,0.500000,0
GRID,1275,0,13.929032,9.535697,0.500000,0
GRID,1276,0,13.986436,9.386349,0.500000,0
GRID,1277,0,14.043840,9.237001,0.500000,0
GRID,1278,0,14.101244,9.087653,0.500000,0
GRID,1279,0,14.158648,8.938306,0.500000,0
GRID,1280,0,14.216053,8.788958,0.500000,0
GRID,1281,0,14.273457,8.639610,0.500000,0
GRID,1282,0,14.330861,8.490262,0.500000,0
GRID,1283,0,14.388265,8.340915,0.500000,0
GRID,1284,0,13.107645,12.648224,0.500000,0
GRID,1285,0,14.746088,8.385510,0.500000,0
GRID,1286,0,13.165050,12.498876,0.500000,0
GRID,1287,0,13.222454,12.349528,0.500000,0
GRID,1288,0,13.279858,12.200181,0.500000,0
GRID,1289,0,13.337262,12.050833,0.500000,0
GRID,1290,0,13.394667,11.901485,0.500000,0
GRID,1291,0,13.452071,11.752137,0.500000,0
GRID,1292,0,13.509475,11.602789,0.500000,0
GRID,1293,0,13.566879,11.453442,0.500000,0
GRID,1294,0,13.624283,11.304094,0.500000,0
GRID,1295,0,13.681688,11.154746,0.500000,0
GRID,1296,0,13.739092,11.005398,0.500000,0
GRID,1297,0,13.796496,10.856051,0.500000,0
GRID,1298,0,13.853900,10.706703,0.500000,0
GRID,1299,0,13.911305,10.557355,0.500000,0
GRID,1300,0,13.968709,10.408007,0.500000,0
GRID,1301,0,14.026113,10.258660,0.500000,0
GRID,1302,0,14.083517,10.109312,0.500000,0
GRID,1303,0,14.140921,9.959964,0.500000,0
GRID,1304,0,14.198326,9.810616,0.500000,0
GRID,1305,0,14.255730,9.661269,0.500000,0
GRID,1306,0,14.313134,9.511921,0.500000,0
GRID,1307,0,14.370538,9.362573,0.500000,0
GRID,1308,0,14.427943,9.213225,0.500000,0
GRID,1309,0,14.485347,9.063877,0.500000,0
GRID,1310,0,14.542751,8.914530,0.500000,0
GRID,1311,0,14.600155,8.765182,0.500000,0
GRID,1312,0,14.657559,8.615834,0.500000,0
GRID,1313,0,14.714964,8.466486,0.500000,0
GRID,1314,0,13.434344,12.773796,0.500000,0
GRID,1315,0,15.053151,8.562166,0.500000,0
GRID,1316,0,13.491748,12.624448,0.500000,0
GRID,1317,0,13.549152,12.475100,0.500000,0
GRID,1318,0,13.606556,12.325752,0.500000,0
GRID,1319,0,13.663961,12.176404,0.500000,0
GRID,1320,0,13.721365,12.027057,0.500000,0
GRID,1321,0,13.778769,11.877709,0.500000,0
GRID,1322,0,13.836173,11.728361,0.500000,0
GRID,1323,0,13.893577,11.579013,0.500000,0
GRID,1324,0,13.950982,11.429666,0.500000,0
GRID,1325,0,14.008386,11.280318,0.500000,0
GRID,1326,0,14.065790,11.130970,0.500000,0
GRID,1327,0,14.123194,10.981622,0.500000,0
GRID,1328,0,14.180599,10.832275,0.500000,0
GRID,1329,0,14.238003,10.682927,0.500000,0
GRID,1330,0,14.295407,10.533579,0.500000,0
GRID,1331,0,14.352811,10.384231,0.500000,0
GRID,1332,0,14.410215,10.234884,0.500000,0
GRID,1333,0,14.467620,10.085536,0.500000,0
GRID,1334,0,14.525024,9.936188,0.500000,0
GRID,1335,0,14.582428,9.786840,0.500000,0
GRID,1336,0,14.639832,9.637492,0.500000,0
GRID,1337,0,14.697237,9.488145,0.500000,0
GRID,1338,0,14.754641,9.338797,0.500000,0
GRID,1339,0,14.812045,9.189449,0.500000,0
GRID,1340,0,14.869449,9.040101,0.500000,0
GRID,1341,0,14.926853,8.890754,0.500000,0
GRID,1342,0,14.984258,8.741406,0.500000,0
GRID,1343,0,15.041662,8.592058,0.500000,0
GRID,1344,0,13.761042,12.899367,0.500000,0
GRID,1345,0,15.360215,8.738821,0.500000,0
GRID,1346,0,13.818446,12.750020,0.500000,0
GRID,1347,0,13.875850,12.600672,0.500000,0
GRID,1348,0,13.933255,12.451324,0.500000,0
GRID,1349,0,13.990659,12.301976,0.500000,0
GRID,1350,0,14.048063,12.152628,0.500000,0
GRID,1351,0,14.105467,12.003281,0.500000,0
GRID,1352,0,14.162871,11.853933,0.500000,0
GRID,1353,0,14.220276,11.704585,0.500000,0
GRID,1354,0,14.277680,11.555237,0.500000,0
GRID,1355,0,14.335084,11.405890,0.500000,0
GRID,1356,0,14.392488,11.256542,0.500000,0
GRID,1357,0,14.449893,11.107194,0.500000,0
GRID,1358,0,14.507297,10.957846,0.500000,0
GRID,1359,0,14.564701,10.808499,0.500000,0
GRID,1360,0,14.622105,10.659151,0.500000,0
GRID,1361,0,14.679509,10.509803,0.500000,0
GRID,1362,0,14.736914,10.360455,0.500000,0
GRID,1363,0,14.794318,10.211108,0.500000,0
GRID,1364,0,14.851722,10.061760,0.500000,0
GRID,1365,0,14.909126,9.912412,0.500000,0
GRID,1366,0,14.966531,9.763064,0.500000,0
GRID,1367,0,15.023935,9.613716,0.500000,0
GRID,1368,0,15.081339,9.464369,0.500000,0
GRID,1369,0,15.138743,9.315021,0.500000,0
GRID,1370,0,15.196147,9.165673,0.500000,0
GRID,1371,0,15.253552,9.016325,0.500000,0
GRID,1372,0,15.310956,8.866978,0.500000,0
GRID,1373,0,14.087740,13.024939,0.500000,0
GRID,1374,0,15.667278,8.915477,0.500000,0
GRID,1375,0,14.145144,12.875591,0.500000,0
GRID,1376,0,14.202549,12.726244,0.500000,0
GRID,1377,0,14.259953,12.576896,0.500000,0
GRID,1378,0,14.317357,12.427548,0.500000,0
GRID,1379,0,14.374761,12.278200,0.500000,0
GRID,1380,0,14.432165,12.128852,0.500000,0
GRID,1381,0,14.489570,11.979505,0.500000,0
GRID,1382,0,14.546974,11.830157,0.500000,0
GRID,1383,0,14.604378,11.680809,0.500000,0
GRID,1384,0,14.661782,11.531461,0.500000,0
GRID,1385,0,14.719187,11.382114,0.500000,0
GRID,1386,0,14.776591,11.232766,0.500000,0
GRID,1387,0,14.833995,11.083418,0.500000,0
GRID,1388,0,14.891399,10.934070,0.500000,0
GRID,1389,0,14.948803,10.784723,0.500000,0
GRID,1390,0,15.006208,10.635375,0.500000,0
GRID,1391,0,15.063612,10.486027,0.500000,0
GRID,1392,0,15.121016,10.336679,0.500000,0
GRID,1393,0,15.178420,10.187331,0.500000,0
GRID,1394,0,15.235825,10.037984,0.500000,0
GRID,1395,0,15.293229,9.888636,0.500000,0
GRID,1396,0,15.350633,9.739288,0.500000,0
GRID,1397,0,15.408037,9.589940,0.500000,0
GRID,1398,0,15.465441,9.440593,0.500000,0
GRID,1399,0,15.522846,9.291245,0.500000,0
GRID,1400,0,15.580250,9.141897,0.500000,0
GRID,1401,0,15.637654,8.992549,0.500000,0
GRID,1402,0,14.414438,13.150511,0.500000,0
GRID,1403,0,15.974341,9.092133,0.500000,0
GRID,1404,0,14.471843,13.001163,0.500000,0
GRID,1405,0,14.529247,12.851815,0.500000,0
GRID,1406,0,14.586651,12.702467,0.500000,0
GRID,1407,0,14.644055,12.553120,0.500000,0
GRID,1408,0,14.701459,12.403772,0.500000,0
GRID,1409,0,14.758864,12.254424,0.500000,0
GRID,1410,0,14.816268,12.105076,0.500000,0
GRID,1411,0,14.873672,11.955729,0.500000,0
GRID,1412,0,14.931076,11.806381,0.500000,0
GRID,1413,0,14.988481,11.657033,0.500000,0
GRID,1414,0,15.045885,11.507685,0.500000,0
GRID,1415,0,15.103289,11.358338,0.500000,0
GRID,1416,0,15.160693,11.208990,0.500000,0
GRID,1417,0,15.218097,11.059642,0.500000,0
GRID,1418,0,15.275502,10.910294,0.500000,0
GRID,1419,0,15.332906,10.760947,0.500000,0
GRID,1420,0,15.390310,10.611599,0.500000,0
GRID,1421,0,15.447714,10.462251,0.500000,0
GRID,1422,0,15.505119,10.312903,0.500000,0
GRID,1423,0,15.562523,10.163555,0.500000,0
GRID,1424,0,15.619927,10.014208,0.500000,0
GRID,1425,0,15.677331,9.864860,0.500000,0
GRID,1426,0,15.734735,9.715512,0.500000,0
GRID,1427,0,15.792140,9.566164,0.500000,0
GRID,1428,0,15.849544,9.416817,0.500000,0
GRID,1429,0,15.906948,9.267469,0.500000,0
GRID,1430,0,15.964352,9.118121,0.500000,0
GRID,1431,0,14.741137,13.276083,0.500000,0
GRID,1432,0,16.281405,9.268788,0.500000,0
GRID,1433,0,14.798541,13.126735,0.500000,0
GRID,1434,0,14.855945,12.977387,0.500000,0
GRID,1435,0,14.913349,12.828039,0.500000,0
GRID,1436,0,14.970753,12.678691,0.500000,0
GRID,1437,0,15.028158,12.529344,0.500000,0
GRID,1438,0,15.085562,12.379996,0.500000,0
GRID,1439,0,15.142966,12.230648,0.500000,0
GRID,1440,0,15.200370,12.081300,0.500000,0
GRID,1441,0,15.257775,11.931953,0.500000,0
GRID,1442,0,15.315179,11.782605,0.500000,0
GRID,1443,0,15.372583,11.633257,0.500000,0
GRID,1444,0,15.429987,11.483909,0.500000,0
GRID,1445,0,15.487391,11.334562,0.500000,0
GRID,1446,0,15.544796,11.185214,0.500000,0
GRID,1447,0,15.602200,11.035866,0.500000,0
GRID,1448,0,15.659604,10.886518,0.500000,0
GRID,1449,0,15.717008,10.737170,0.500000,0
GRID,1450,0,15.774413,10.587823,0.500000,0
GRID,1451,0,15.831817,10.438475,0.500000,0
GRID,1452,0,15.889221,10.289127,0.500000,0
GRID,1453,0,15.946625,10.139779,0.500000,0
GRID,1454,0,16.004029,9.990432,0.500000,0
GRID,1455,0,16.061434,9.841084,0.500000,0
GRID,1456,0,16.118838,9.691736,0.500000,0
GRID,1457,0,16.176242,9.542388,0.500000,0
GRID,1458,0,16.233646,9.393041,0.500000,0
GRID,1459,0,15.067835,13.401654,0.500000,0
GRID,1460,0,16.588468,9.445444,0.500000,0
GRID,1461,0,15.125239,13.252306,0.500000,0
GRID,1462,0,15.182643,13.102959,0.500000,0
GRID,1463,0,15.240047,12.953611,0.500000,0
GRID,1464,0,15.297452,12.804263,0.500000,0
GRID,1465,0,15.354856,12.654915,0.500000,0
GRID,1466,0,15.412260,12.505568,0.500000,0
GRID,1467,0,15.469664,12.356220,0.500000,0
GRID,1468,0,15.527069,12.206872,0.500000,0
GRID,1469,0,15.584473,12.057524,0.500000,0
GRID,1470,0,15.641877,11.908177,0.500000,0
GRID,1471,0,15.699281,11.758829,0.500000,0
GRID,1472,0,15.756685,11.609481,0.500000,0
GRID,1473,0,15.814090,11.460133,0.500000,0
GRID,1474,0,15.871494,11.310786,0.500000,0
GRID,1475,0,15.928898,11.161438,0.500000,0
GRID,1476,0,15.986302,11.012090,0.500000,0
GRID,1477,0,16.043707,10.862742,0.500000,0
GRID,1478,0,16.101111,10.713394,0.500000,0
GRID,1479,0,16.158515,10.564047,0.500000,0
GRID,1480,0,16.215919,10.414699,0.500000,0
GRID,1481,0,16.273323,10.265351,0.500000,0
GRID,1482,0,16.330728,10.116003,0.500000,0
GRID,1483,0,16.388132,9.966656,0.500000,0
GRID,1484,0,16.445536,9.817308,0.500000,0
GRID,1485,0,16.502940,9.667960,0.500000,0
GRID,1486,0,16.560345,9.518612,0.500000,0
GRID,1487,0,15.394533,13.527226,0.500000,0
GRID,1488,0,16.895531,9.622099,0.500000,0
GRID,1489,0,15.451937,13.377878,0.500000,0
GRID,1490,0,15.509342,13.228530,0.500000,0
GRID,1491,0,15.566746,13.079183,0.500000,0
GRID,1492,0,15.624150,12.929835,0.500000,0
GRID,1493,0,15.681554,12.780487,0.500000,0
GRID,1494,0,15.738958,12.631139,0.500000,0
GRID,1495,0,15.796363,12.481792,0.500000,0
GRID,1496,0,15.853767,12.332444,0.500000,0
GRID,1497,0,15.911171,12.183096,0.500000,0
GRID,1498,0,15.968575,12.033748,0.500000,0
GRID,1499,0,16.025980,11.884401,0.500000,0
GRID,1500,0,16.083384,11.735053,0.500000,0
GRID,1501,0,16.140788,11.585705,0.500000,0
GRID,1502,0,16.198192,11.436357,0.500000,0
GRID,1503,0,16.255596,11.287009,0.500000,0
GRID,1504,0,16.313001,11.137662,0.500000,0
GRID,1505,0,16.370405,10.988314,0.500000,0
GRID,1506,0,16.427809,10.838966,0.500000,0
GRID,1507,0,16.485213,10.689618,0.500000,0
GRID,1508,0,16.542618,10.540271,0.500000,0
GRID,1509,0,16.600022,10.390923,0.500000,0
GRID,1510,0,16.657426,10.241575,0.500000,0
GRID,1511,0,16.714830,10.092227,0.500000,0
GRID,1512,0,16.772234,9.942880,0.500000,0
GRID,1513,0,16.829639,9.793532,0.500000,0
GRID,1514,0,16.887043,9.644184,0.500000,0
GRID,1515,0,15.721231,13.652798,0.500000,0
GRID,1516,0,17.202595,9.798755,0.500000,0
GRID,1517,0,15.778636,13.503450,0.500000,0
GRID,1518,0,15.836040,13.354102,0.500000,0
GRID,1519,0,15.893444,13.204754,0.500000,0
GRID,1520,0,15.950848,13.055407,0.500000,0
GRID,1521,0,16.008252,12.906059,0.500000,0
GRID,1522,0,16.065657,12.756711,0.500000,0
GRID,1523,0,16.123061,12.607363,0.500000,0
GRID,1524,0,16.180465,12.458016,0.500000,0
GRID,1525,0,16.237869,12.308668,0.500000,0
GRID,1526,0,16.295274,12.159320,0.500000,0
GRID,1527,0,16.352678,12.009972,0.500000,0
GRID,1528,0,16.410082,11.860625,0.500000,0
GRID,1529,0,16.467486,11.711277,0.500000,0
GRID,1530,0,16.524890,11.561929,0.500000,0
GRID,1531,0,16.582295,11.412581,0.500000,0
GRID,1532,0,16.639699,11.263233,0.500000,0
GRID,1533,0,16.697103,11.113886,0.500000,0
GRID,1534,0,16.754507,10.964538,0.500000,0
GRID,1535,0,16.811912,10.815190,0.500000,0
GRID,1536,0,16.869316,10.665842,0.500000,0
GRID,1537,0,16.926720,10.516495,0.500000,0
GRID,1538,0,16.984124,10.367147,0.500000,0
GRID,1539,0,17.041528,10.217799,0.500000,0
GRID,1540,0,17.098933,10.068451,0.500000,0
GRID,1541,0,17.156337,9.919104,0.500000,0
GRID,1542,0,16.047930,13.778369,0.500000,0
GRID,1543,0,17.509658,9.975411,0.500000,0
GRID,1544,0,16.105334,13.629022,0.500000,0
GRID,1545,0,16.162738,13.479674,0.500000,0
GRID,1546,0,16.220142,13.330326,0.500000,0
GRID,1547,0,16.277546,13.180978,0.500000,0
GRID,1548,0,16.334951,13.031631,0.500000,0
GRID,1549,0,16.392355,12.882283,0.500000,0
GRID,1550,0,16.449759,12.732935,0.500000,0
GRID,1551,0,16.507163,12.583587,0.500000,0
GRID,1552,0,16.564568,12.434240,0.500000,0
GRID,1553,0,16.621972,12.284892,0.500000,0
GRID,1554,0,16.679376,12.135544,0.500000,0
GRID,1555,0,16.736780,11.986196,0.500000,0
GRID,1556,0,16.794184,11.836848,0.500000,0
GRID,1557,0,16.851589,11.687501,0.500000,0
GRID,1558,0,16.908993,11.538153,0.500000,0
GRID,1559,0,16.966397,11.388805,0.500000,0
GRID,1560,0,17.023801,11.239457,0.500000,0
GRID,1561,0,17.081206,11.090110,0.500000,0
GRID,1562,0,17.138610,10.940762,0.500000,0
GRID,1563,0,17.196014,10.791414,0.500000,0
GRID,1564,0,17.253418,10.642066,0.500000,0
GRID,1565,0,17.310822,10.492719,0.500000,0
GRID,1566,0,17.368227,10.343371,0.500000,0
GRID,1567,0,17.425631,10.194023,0.500000,0
GRID,1568,0,17.483035,10.044675,0.500000,0
GRID,1569,0,16.374628,13.903941,0.500000,0
GRID,1570,0,17.816721,10.152066,0.500000,0
GRID,1571,0,16.432032,13.754593,0.500000,0
GRID,1572,0,16.489436,13.605246,0.500000,0
GRID,1573,0,16.546840,13.455898,0.500000,0
GRID,1574,0,16.604245,13.306550,0.500000,0
GRID,1575,0,16.661649,13.157202,0.500000,0
GRID,1576,0,16.719053,13.007855,0.500000,0
GRID,1577,0,16.776457,12.858507,0.500000,0
GRID,1578,0,16.833862,12.709159,0.500000,0
GRID,1579,0,16.891266,12.559811,0.500000,0
GRID,1580,0,16.948670,12.410464,0.500000,0
GRID,1581,0,17.006074,12.261116,0.500000,0
GRID,1582,0,17.063478,12.111768,0.500000,0
GRID,1583,0,17.120883,11.962420,0.500000,0
GRID,1584,0,17.178287,11.813072,0.500000,0
GRID,1585,0,17.235691,11.663725,0.500000,0
GRID,1586,0,17.293095,11.514377,0.500000,0
GRID,1587,0,17.350500,11.365029,0.500000,0
GRID,1588,0,17.407904,11.215681,0.500000,0
GRID,1589,0,17.465308,11.066334,0.500000,0
GRID,1590,0,17.522712,10.916986,0.500000,0
GRID,1591,0,17.580116,10.767638,0.500000,0
GRID,1592,0,17.637521,10.618290,0.500000,0
GRID,1593,0,17.694925,10.468943,0.500000,0
GRID,1594,0,17.752329,10.319595,0.500000,0
GRID,1595,0,17.809733,10.170247,0.500000,0
GRID,1596,0,16.701326,14.029513,0.500000,0
GRID,1597,0,18.123785,10.328722,0.500000,0
GRID,1598,0,16.758730,13.880165,0.500000,0
GRID,1599,0,16.816134,13.730817,0.500000,0
GRID,1600,0,16.873539,13.581470,0.500000,0
GRID,1601,0,16.930943,13.432122,0.500000,0
GRID,1602,0,16.988347,13.282774,0.500000,0
GRID,1603,0,17.045751,13.133426,0.500000,0
GRID,1604,0,17.103156,12.984079,0.500000,0
GRID,1605,0,17.160560,12.834731,0.500000,0
GRID,1606,0,17.217964,12.685383,0.500000,0
GRID,1607,0,17.275368,12.536035,0.500000,0
GRID,1608,0,17.332772,12.386687,0.500000,0
GRID,1609,0,17.390177,12.237340,0.500000,0
GRID,1610,0,17.447581,12.087992,0.500000,0
GRID,1611,0,17.504985,11.938644,0.500000,0
GRID,1612,0,17.562389,11.789296,0.500000,0
GRID,1613,0,17.619794,11.639949,0.500000,0
GRID,1614,0,17.677198,11.490601,0.500000,0
GRID,1615,0,17.734602,11.341253,0.500000,0
GRID,1616,0,17.792006,11.191905,0.500000,0
GRID,1617,0,17.849410,11.042558,0.500000,0
GRID,1618,0,17.906815,10.893210,0.500000,0
GRID,1619,0,17.964219,10.743862,0.500000,0
GRID,1620,0,18.021623,10.594514,0.500000,0
GRID,1621,0,18.079027,10.445167,0.500000,0
GRID,1622,0,17.028024,14.155085,0.500000,0
GRID,1623,0,18.430848,10.505377,0.500000,0
GRID,1624,0,17.085428,14.005737,0.500000,0
GRID,1625,0,17.142833,13.856389,0.500000,0
GRID,1626,0,17.200237,13.707041,0.500000,0
GRID,1627,0,17.257641,13.557694,0.500000,0
GRID,1628,0,17.315045,13.408346,0.500000,0
GRID,1629,0,17.372450,13.258998,0.500000,0
GRID,1630,0,17.429854,13.109650,0.500000,0
GRID,1631,0,17.487258,12.960303,0.500000,0
GRID,1632,0,17.544662,12.810955,0.500000,0
GRID,1633,0,17.602066,12.661607,0.500000,0
GRID,1634,0,17.659471,12.512259,0.500000,0
GRID,1635,0,17.716875,12.362911,0.500000,0
GRID,1636,0,17.774279,12.213564,0.500000,0
GRID,1637,0,17.831683,12.064216,0.500000,0
GRID,1638,0,17.889088,11.914868,0.500000,0
GRID,1639,0,17.946492,11.765520,0.500000,0
GRID,1640,0,18.003896,11.616173,0.500000,0
GRID,1641,0,18.061300,11.466825,0.500000,0
GRID,1642,0,18.118704,11.317477,0.500000,0
GRID,1643,0,18.176109,11.168129,0.500000,0
GRID,1644,0,18.233513,11.018782,0.500000,0
GRID,1645,0,18.290917,10.869434,0.500000,0
GRID,1646,0,18.348321,10.720086,0.500000,0
GRID,1647,0,18.405726,10.570738,0.500000,0
GRID,1648,0,17.354722,14.280656,0.500000,0
GRID,1649,0,18.737911,10.682033,0.500000,0
GRID,1650,0,17.412127,14.131309,0.500000,0
GRID,1651,0,17.469531,13.981961,0.500000,0
GRID,1652,0,17.526935,13.832613,0.500000,0
GRID,1653,0,17.584339,13.683265,0.500000,0
GRID,1654,0,17.641744,13.533918,0.500000,0
GRID,1655,0,17.699148,13.384570,0.500000,0
GRID,1656,0,17.756552,13.235222,0.500000,0
GRID,1657,0,17.813956,13.085874,0.500000,0
GRID,1658,0,17.871360,12.936527,0.500000,0
GRID,1659,0,17.928765,12.787179,0.500000,0
GRID,1660,0,17.986169,12.637831,0.500000,0
GRID,1661,0,18.043573,12.488483,0.500000,0
GRID,1662,0,18.100977,12.339135,0.500000,0
GRID,1663,0,18.158382,12.189788,0.500000,0
GRID,1664,0,18.215786,12.040440,0.500000,0
GRID,1665,0,18.273190,11.891092,0.500000,0
GRID,1666,0,18.330594,11.741744,0.500000,0
GRID,1667,0,18.387998,11.592397,0.500000,0
GRID,1668,0,18.445403,11.443049,0.500000,0
GRID,1669,0,18.502807,11.293701,0.500000,0
GRID,1670,0,18.560211,11.144353,0.500000,0
GRID,1671,0,18.617615,10.995006,0.500000,0
GRID,1672,0,18.675020,10.845658,0.500000,0
GRID,1673,0,18.732424,10.696310,0.500000,0
GRID,1674,0,17.681421,14.406228,0.500000,0
GRID,1675,0,19.044975,10.858689,0.500000,0
GRID,1676,0,17.738825,14.256880,0.500000,0
GRID,1677,0,17.796229,14.107533,0.500000,0
GRID,1678,0,17.853633,13.958185,0.500000,0
GRID,1679,0,17.911038,13.808837,0.500000,0
GRID,1680,0,17.968442,13.659489,0.500000,0
GRID,1681,0,18.025846,13.510142,0.500000,0
GRID,1682,0,18.083250,13.360794,0.500000,0
GRID,1683,0,18.140655,13.211446,0.500000,0
GRID,1684,0,18.198059,13.062098,0.500000,0
GRID,1685,0,18.255463,12.912750,0.500000,0
GRID,1686,0,18.312867,12.763403,0.500000,0
GRID,1687,0,18.370271,12.614055,0.500000,0
GRID,1688,0,18.427676,12.464707,0.500000,0
GRID,1689,0,18.485080,12.315359,0.500000,0
GRID,1690,0,18.542484,12.166012,0.500000,0
GRID,1691,0,18.599888,12.016664,0.500000,0
GRID,1692,0,18.657293,11.867316,0.500000,0
GRID,1693,0,18.714697,11.717968,0.500000,0
GRID,1694,0,18.772101,11.568621,0.500000,0
GRID,1695,0,18.829505,11.419273,0.500000,0
GRID,1696,0,18.886909,11.269925,0.500000,0
GRID,1697,0,18.944314,11.120577,0.500000,0
GRID,1698,0,19.001718,10.971230,0.500000,0
GRID,1699,0,18.008119,14.531800,0.500000,0
GRID,1700,0,19.352038,11.035344,0.500000,0
GRID,1701,0,18.065523,14.382452,0.500000,0
GRID,1702,0,18.122927,14.233104,0.500000,0
GRID,1703,0,18.180332,14.083757,0.500000,0
GRID,1704,0,18.237736,13.934409,0.500000,0
GRID,1705,0,18.295140,13.785061,0.500000,0
GRID,1706,0,18.352544,13.635713,0.500000,0
GRID,1707,0,18.409949,13.486366,0.500000,0
GRID,1708,0,18.467353,13.337018,0.500000,0
GRID,1709,0,18.524757,13.187670,0.500000,0
GRID,1710,0,18.582161,13.038322,0.500000,0
GRID,1711,0,18.639565,12.888974,0.500000,0
GRID,1712,0,18.696970,12.739627,0.500000,0
GRID,1713,0,18.754374,12.590279,0.500000,0
GRID,1714,0,18.811778,12.440931,0.500000,0
GRID,1715,0,18.869182,12.291583,0.500000,0
GRID,1716,0,18.926587,12.142236,0.500000,0
GRID,1717,0,18.983991,11.992888,0.500000,0
GRID,1718,0,19.041395,11.843540,0.500000,0
GRID,1719,0,19.098799,11.694192,0.500000,0
GRID,1720,0,19.156203,11.544845,0.500000,0
GRID,1721,0,19.213608,11.395497,0.500000,0
GRID,1722,0,19.271012,11.246149,0.500000,0
GRID,1723,0,19.328416,11.096801,0.500000,0
GRID,1724,0,18.334817,14.657372,0.500000,0
GRID,1725,0,19.659101,11.212000,0.500000,0
GRID,1726,0,18.392221,14.508024,0.500000,0
GRID,1727,0,18.449626,14.358676,0.500000,0
GRID,1728,0,18.507030,14.209328,0.500000,0
GRID,1729,0,18.564434,14.059981,0.500000,0
GRID,1730,0,18.621838,13.910633,0.500000,0
GRID,1731,0,18.679243,13.761285,0.500000,0
GRID,1732,0,18.736647,13.611937,0.500000,0
GRID,1733,0,18.794051,13.462589,0.500000,0
GRID,1734,0,18.851455,13.313242,0.500000,0
GRID,1735,0,18.908859,13.163894,0.500000,0
GRID,1736,0,18.966264,13.014546,0.500000,0
GRID,1737,0,19.023668,12.865198,0.500000,0
GRID,1738,0,19.081072,12.715851,0.500000,0
GRID,1739,0,19.138476,12.566503,0.500000,0
GRID,1740,0,19.195881,12.417155,0.500000,0
GRID,1741,0,19.253285,12.267807,0.500000,0
GRID,1742,0,19.310689,12.118460,0.500000,0
GRID,1743,0,19.368093,11.969112,0.500000,0
GRID,1744,0,19.425497,11.819764,0.500000,0
GRID,1745,0,19.482902,11.670416,0.500000,0
GRID,1746,0,19.540306,11.521069,0.500000,0
GRID,1747,0,19.597710,11.371721,0.500000,0
GRID,1748,0,19.655114,11.222373,0.500000,0
GRID,1749,0,18.661515,14.782943,0.500000,0
GRID,1750,0,19.966165,11.388655,0.500000,0
GRID,1751,0,18.718920,14.633596,0.500000,0
GRID,1752,0,18.776324,14.484248,0.500000,0
GRID,1753,0,18.833728,14.334900,0.500000,0
GRID,1754,0,18.891132,14.185552,0.500000,0
GRID,1755,0,18.948537,14.036205,0.500000,0
GRID,1756,0,19.005941,13.886857,0.500000,0
GRID,1757,0,19.063345,13.737509,0.500000,0
GRID,1758,0,19.120749,13.588161,0.500000,0
GRID,1759,0,19.178153,13.438813,0.500000,0
GRID,1760,0,19.235558,13.289466,0.500000,0
GRID,1761,0,19.292962,13.140118,0.500000,0
GRID,1762,0,19.350366,12.990770,0.500000,0
GRID,1763,0,19.407770,12.841422,0.500000,0
GRID,1764,0,19.465175,12.692075,0.500000,0
GRID,1765,0,19.522579,12.542727,0.500000,0
GRID,1766,0,19.579983,12.393379,0.500000,0
GRID,1767,0,19.637387,12.244031,0.500000,0
GRID,1768,0,19.694791,12.094684,0.500000,0
GRID,1769,0,19.752196,11.945336,0.500000,0
GRID,1770,0,19.809600,11.795988,0.500000,0
GRID,1771,0,19.867004,11.646640,0.500000,0
GRID,1772,0,19.924408,11.497292,0.500000,0
GRID,1773,0,18.988214,14.908515,0.500000,0
GRID,1774,0,20.273228,11.565311,0.500000,0
GRID,1775,0,19.045618,14.759167,0.500000,0
GRID,1776,0,19.103022,14.609820,0.500000,0
GRID,1777,0,19.160426,14.460472,0.500000,0
GRID,1778,0,19.217831,14.311124,0.500000,0
GRID,1779,0,19.275235,14.161776,0.500000,0
GRID,1780,0,19.332639,14.012428,0.500000,0
GRID,1781,0,19.390043,13.863081,0.500000,0
GRID,1782,0,19.447447,13.713733,0.500000,0
GRID,1783,0,19.504852,13.564385,0.500000,0
GRID,1784,0,19.562256,13.415037,0.500000,0
GRID,1785,0,19.619660,13.265690,0.500000,0
GRID,1786,0,19.677064,13.116342,0.500000,0
GRID,1787,0,19.734469,12.966994,0.500000,0
GRID,1788,0,19.791873,12.817646,0.500000,0
GRID,1789,0,19.849277,12.668299,0.500000,0
GRID,1790,0,19.906681,12.518951,0.500000,0
GRID,1791,0,19.964085,12.369603,0.500000,0
GRID,1792,0,20.021490,12.220255,0.500000,0
GRID,1793,0,20.078894,12.070908,0.500000,0
GRID,1794,0,20.136298,11.921560,0.500000,0
GRID,1795,0,20.193702,11.772212,0.500000,0
GRID,1796,0,20.251107,11.622864,0.500000,0
GRID,1797,0,19.314912,15.034087,0.500000,0
GRID,1798,0,20.580291,11.741967,0.500000,0
GRID,1799,0,19.372316,14.884739,0.500000,0
GRID,1800,0,19.429720,14.735391,0.500000,0
GRID,1801,0,19.487125,14.586044,0.500000,0
GRID,1802,0,19.544529,14.436696,0.500000,0
GRID,1803,0,19.601933,14.287348,0.500000,0
GRID,1804,0,19.659337,14.138000,0.500000,0
GRID,1805,0,19.716741,13.988652,0.500000,0
GRID,1806,0,19.774146,13.839305,0.500000,0
GRID,1807,0,19.831550,13.689957,0.500000,0
GRID,1808,0,19.888954,13.540609,0.500000,0
GRID,1809,0,19.946358,13.391261,0.500000,0
GRID,1810,0,20.003763,13.241914,0.500000,0
GRID,1811,0,20.061167,13.092566,0.500000,0
GRID,1812,0,20.118571,12.943218,0.500000,0
GRID,1813,0,20.175975,12.793870,0.500000,0
GRID,1814,0,20.233379,12.644523,0.500000,0
GRID,1815,0,20.290784,12.495175,0.500000,0
GRID,1816,0,20.348188,12.345827,0.500000,0
GRID,1817,0,20.405592,12.196479,0.500000,0
GRID,1818,0,20.462996,12.047131,0.500000,0
GRID,1819,0,20.520401,11.897784,0.500000,0
GRID,1820,0,20.577805,11.748436,0.500000,0
GRID,1821,0,19.641610,15.159659,0.500000,0
GRID,1822,0,20.887355,11.918622,0.500000,0
GRID,1823,0,19.699014,15.010311,0.500000,0
GRID,1824,0,19.756419,14.860963,0.500000,0
GRID,1825,0,19.813823,14.711615,0.500000,0
GRID,1826,0,19.871227,14.562267,0.500000,0
GRID,1827,0,19.928631,14.412920,0.500000,0
GRID,1828,0,19.986035,14.263572,0.500000,0
GRID,1829,0,20.043440,14.114224,0.500000,0
GRID,1830,0,20.100844,13.964876,0.500000,0
GRID,1831,0,20.158248,13.815529,0.500000,0
GRID,1832,0,20.215652,13.666181,0.500000,0
GRID,1833,0,20.273057,13.516833,0.500000,0
GRID,1834,0,20.330461,13.367485,0.500000,0
GRID,1835,0,20.387865,13.218138,0.500000,0
GRID,1836,0,20.445269,13.068790,0.500000,0
GRID,1837,0,20.502673,12.919442,0.500000,0
GRID,1838,0,20.560078,12.770094,0.500000,0
GRID,1839,0,20.617482,12.620747,0.500000,0
GRID,1840,0,20.674886,12.471399,0.500000,0
GRID,1841,0,20.732290,12.322051,0.500000,0
GRID,1842,0,20.789695,12.172703,0.500000,0
GRID,1843,0,20.847099,12.023355,0.500000,0
GRID,1844,0,19.968308,15.285230,0.500000,0
GRID,1845,0,21.194418,12.095278,0.500000,0
GRID,1846,0,20.025713,15.135883,0.500000,0
GRID,1847,0,20.083117,14.986535,0.500000,0
GRID,1848,0,20.140521,14.837187,0.500000,0
GRID,1849,0,20.197925,14.687839,0.500000,0
GRID,1850,0,20.255330,14.538491,0.500000,0
GRID,1851,0,20.312734,14.389144,0.500000,0
GRID,1852,0,20.370138,14.239796,0.500000,0
GRID,1853,0,20.427542,14.090448,0.500000,0
GRID,1854,0,20.484946,13.941100,0.500000,0
GRID,1855,0,20.542351,13.791753,0.500000,0
GRID,1856,0,20.599755,13.642405,0.500000,0
GRID,1857,0,20.657159,13.493057,0.500000,0
GRID,1858,0,20.714563,13.343709,0.500000,0
GRID,1859,0,20.771968,13.194362,0.500000,0
GRID,1860,0,20.829372,13.045014,0.500000,0
GRID,1861,0,20.886776,12.895666,0.500000,0
GRID,1862,0,20.944180,12.746318,0.500000,0
GRID,1863,0,21.001584,12.596970,0.500000,0
GRID,1864,0,21.058989,12.447623,0.500000,0
GRID,1865,0,21.116393,12.298275,0.500000,0
GRID,1866,0,21.173797,12.148927,0.500000,0
GRID,1867,0,20.295007,15.410802,0.500000,0
GRID,1868,0,21.501481,12.271933,0.500000,0
GRID,1869,0,20.352411,15.261454,0.500000,0
GRID,1870,0,20.409815,15.112106,0.500000,0
GRID,1871,0,20.467219,14.962759,0.500000,0
GRID,1872,0,20.524624,14.813411,0.500000,0
GRID,1873,0,20.582028,14.664063,0.500000,0
GRID,1874,0,20.639432,14.514715,0.500000,0
GRID,1875,0,20.696836,14.365368,0.500000,0
GRID,1876,0,20.754240,14.216020,0.500000,0
GRID,1877,0,20.811645,14.066672,0.500000,0
GRID,1878,0,20.869049,13.917324,0.500000,0
GRID,1879,0,20.926453,13.767977,0.500000,0
GRID,1880,0,20.983857,13.618629,0.500000,0
GRID,1881,0,21.041262,13.469281,0.500000,0
GRID,1882,0,21.098666,13.319933,0.500000,0
GRID,1883,0,21.156070,13.170586,0.500000,0
GRID,1884,0,21.213474,13.021238,0.500000,0
GRID,1885,0,21.270878,12.871890,0.500000,0
GRID,1886,0,21.328283,12.722542,0.500000,0
GRID,1887,0,21.385687,12.573194,0.500000,0
GRID,1888,0,21.443091,12.423847,0.500000,0
GRID,1889,0,21.500495,12.274499,0.500000,0
GRID,1890,0,20.621705,15.536374,0.500000,0
GRID,1891,0,21.808545,12.448589,0.500000,0
GRID,1892,0,20.679109,15.387026,0.500000,0
GRID,1893,0,20.736513,15.237678,0.500000,0
GRID,1894,0,20.793918,15.088330,0.500000,0
GRID,1895,0,20.851322,14.938983,0.500000,0
GRID,1896,0,20.908726,14.789635,0.500000,0
GRID,1897,0,20.966130,14.640287,0.500000,0
GRID,1898,0,21.023534,14.490939,0.500000,0
GRID,1899,0,21.080939,14.341592,0.500000,0
GRID,1900,0,21.138343,14.192244,0.500000,0
GRID,1901,0,21.195747,14.042896,0.500000,0
GRID,1902,0,21.253151,13.893548,0.500000,0
GRID,1903,0,21.310556,13.744201,0.500000,0
GRID,1904,0,21.367960,13.594853,0.500000,0
GRID,1905,0,21.425364,13.445505,0.500000,0
GRID,1906,0,21.482768,13.296157,0.500000,0
GRID,1907,0,21.540172,13.146810,0.500000,0
GRID,1908,0,21.597577,12.997462,0.500000,0
GRID,1909,0,21.654981,12.848114,0.500000,0
GRID,1910,0,21.712385,12.698766,0.500000,0
GRID,1911,0,21.769789,12.549418,0.500000,0
GRID,1912,0,20.948403,15.661945,0.500000,0
GRID,1913,0,22.115608,12.625245,0.500000,0
GRID,1914,0,21.005807,15.512598,0.500000,0
GRID,1915,0,21.063212,15.363250,0.500000,0
GRID,1916,0,21.120616,15.213902,0.500000,0
GRID,1917,0,21.178020,15.064554,0.500000,0
GRID,1918,0,21.235424,14.915207,0.500000,0
GRID,1919,0,21.292828,14.765859,0.500000,0
GRID,1920,0,21.350233,14.616511,0.500000,0
GRID,1921,0,21.407637,14.467163,0.500000,0
GRID,1922,0,21.465041,14.317816,0.500000,0
GRID,1923,0,21.522445,14.168468,0.500000,0
GRID,1924,0,21.579850,14.019120,0.500000,0
GRID,1925,0,21.637254,13.869772,0.500000,0
GRID,1926,0,21.694658,13.720425,0.500000,0
GRID,1927,0,21.752062,13.571077,0.500000,0
GRID,1928,0,21.809466,13.421729,0.500000,0
GRID,1929,0,21.866871,13.272381,0.500000,0
GRID,1930,0,21.924275,13.123033,0.500000,0
GRID,1931,0,21.981679,12.973686,0.500000,0
GRID,1932,0,22.039083,12.824338,0.500000,0
GRID,1933,0,22.096488,12.674990,0.500000,0
GRID,1934,0,21.275101,15.787517,0.500000,0
GRID,1935,0,22.422671,12.801900,0.500000,0
GRID,1936,0,21.332506,15.638169,0.500000,0
GRID,1937,0,21.389910,15.488822,0.500000,0
GRID,1938,0,21.447314,15.339474,0.500000,0
GRID,1939,0,21.504718,15.190126,0.500000,0
GRID,1940,0,21.562122,15.040778,0.500000,0
GRID,1941,0,21.619527,14.891431,0.500000,0
GRID,1942,0,21.676931,14.742083,0.500000,0
GRID,1943,0,21.734335,14.592735,0.500000,0
GRID,1944,0,21.791739,14.443387,0.500000,0
GRID,1945,0,21.849144,14.294040,0.500000,0
GRID,1946,0,21.906548,14.144692,0.500000,0
GRID,1947,0,21.963952,13.995344,0.500000,0
GRID,1948,0,22.021356,13.845996,0.500000,0
GRID,1949,0,22.078760,13.696649,0.500000,0
GRID,1950,0,22.136165,13.547301,0.500000,0
GRID,1951,0,22.193569,13.397953,0.500000,0
GRID,1952,0,22.250973,13.248605,0.500000,0
GRID,1953,0,22.308377,13.099257,0.500000,0
GRID,1954,0,22.365782,12.949910,0.500000,0
GRID,1955,0,21.601800,15.913089,0.500000,0
GRID,1956,0,22.729735,12.978556,0.500000,0
GRID,1957,0,21.659204,15.763741,0.500000,0
GRID,1958,0,21.716608,15.614393,0.500000,0
GRID,1959,0,21.774012,15.465046,0.500000,0
GRID,1960,0,21.831416,15.315698,0.500000,0
GRID,1961,0,21.888821,15.166350,0.500000,0
GRID,1962,0,21.946225,15.017002,0.500000,0
GRID,1963,0,22.003629,14.867655,0.500000,0
GRID,1964,0,22.061033,14.718307,0.500000,0
GRID,1965,0,22.118438,14.568959,0.500000,0
GRID,1966,0,22.175842,14.419611,0.500000,0
GRID,1967,0,22.233246,14.270264,0.500000,0
GRID,1968,0,22.290650,14.120916,0.500000,0
GRID,1969,0,22.348054,13.971568,0.500000,0
GRID,1970,0,22.405459,13.822220,0.500000,0
GRID,1971,0,22.462863,13.672872,0.500000,0
GRID,1972,0,22.520267,13.523525,0.500000,0
GRID,1973,0,22.577671,13.374177,0.500000,0
GRID,1974,0,22.635076,13.224829,0.500000,0
GRID,1975,0,22.692480,13.075481,0.500000,0
GRID,1976,0,21.928498,16.038661,0.500000,0
GRID,1977,0,23.036798,13.155212,0.500000,0
GRID,1978,0,21.985902,15.889313,0.500000,0
GRID,1979,0,22.043306,15.739965,0.500000,0
GRID,1980,0,22.100711,15.590617,0.500000,0
GRID,1981,0,22.158115,15.441270,0.500000,0
GRID,1982,0,22.215519,15.291922,0.500000,0
GRID,1983,0,22.272923,15.142574,0.500000,0
GRID,1984,0,22.330327,14.993226,0.500000,0
GRID,1985,0,22.387732,14.843879,0.500000,0
GRID,1986,0,22.445136,14.694531,0.500000,0
GRID,1987,0,22.502540,14.545183,0.500000,0
GRID,1988,0,22.559944,14.395835,0.500000,0
GRID,1989,0,22.617349,14.246488,0.500000,0
GRID,1990,0,22.674753,14.097140,0.500000,0
GRID,1991,0,22.732157,13.947792,0.500000,0
GRID,1992,0,22.789561,13.798444,0.500000,0
GRID,1993,0,22.846965,13.649096,0.500000,0
GRID,1994,0,22.904370,13.499749,0.500000,0
GRID,1995,0,22.961774,13.350401,0.500000,0
GRID,1996,0,23.019178,13.201053,0.500000,0
GRID,1997,0,22.255196,16.164232,0.500000,0
GRID,1998,0,23.343861,13.331867,0.500000,0
GRID,1999,0,22.312600,16.014885,0.500000,0
GRID,2000,0,22.370005,15.865537,0.500000,0
GRID,2001,0,22.427409,15.716189,0.500000,0
GRID,2002,0,22.484813,15.566841,0.500000,0
GRID,2003,0,22.542217,15.417494,0.500000,0
GRID,2004,0,22.599621,15.268146,0.500000,0
GRID,2005,0,22.657026,15.118798,0.500000,0
GRID,2006,0,22.714430,14.969450,0.500000,0
GRID,2007,0,22.771834,14.820103,0.500000,0
GRID,2008,0,22.829238,14.670755,0.500000,0
GRID,2009,0,22.886643,14.521407,0.500000,0
GRID,2010,0,22.944047,14.372059,0.500000,0
GRID,2011,0,23.001451,14.222711,0.500000,0
GRID,2012,0,23.058855,14.073364,0.500000,0
GRID,2013,0,23.116259,13.924016,0.500000,0
GRID,2014,0,23.173664,13.774668,0.500000,0
GRID,2015,0,23.231068,13.625320,0.500000,0
GRID,2016,0,23.288472,13.475973,0.500000,0
GRID,2017,0,22.581894,16.289804,0.500000,0
GRID,2018,0,23.650925,13.508523,0.500000,0
GRID,2019,0,22.639299,16.140456,0.500000,0
GRID,2020,0,22.696703,15.991109,0.500000,0
GRID,2021,0,22.754107,15.841761,0.500000,0
GRID,2022,0,22.811511,15.692413,0.500000,0
GRID,2023,0,22.868915,15.543065,0.500000,0
GRID,2024,0,22.926320,15.393718,0.500000,0
GRID,2025,0,22.983724,15.244370,0.500000,0
GRID,2026,0,23.041128,15.095022,0.500000,0
GRID,2027,0,23.098532,14.945674,0.500000,0
GRID,2028,0,23.155937,14.796327,0.500000,0
GRID,2029,0,23.213341,14.646979,0.500000,0
GRID,2030,0,23.270745,14.497631,0.500000,0
GRID,2031,0,23.328149,14.348283,0.500000,0
GRID,2032,0,23.385553,14.198935,0.500000,0
GRID,2033,0,23.442958,14.049588,0.500000,0
GRID,2034,0,23.500362,13.900240,0.500000,0
GRID,2035,0,23.557766,13.750892,0.500000,0
GRID,2036,0,23.615170,13.601544,0.500000,0
GRID,2037,0,22.908593,16.415376,0.500000,0
GRID,2038,0,23.957988,13.685178,0.500000,0
GRID,2039,0,22.965997,16.266028,0.500000,0
GRID,2040,0,23.023401,16.116680,0.500000,0
GRID,2041,0,23.080805,15.967333,0.500000,0
GRID,2042,0,23.138209,15.817985,0.500000,0
GRID,2043,0,23.195614,15.668637,0.500000,0
GRID,2044,0,23.253018,15.519289,0.500000,0
GRID,2045,0,23.310422,15.369942,0.500000,0
GRID,2046,0,23.367826,15.220594,0.500000,0
GRID,2047,0,23.425231,15.071246,0.500000,0
GRID,2048,0,23.482635,14.921898,0.500000,0
GRID,2049,0,23.540039,14.772550,0.500000,0
GRID,2050,0,23.597443,14.623203,0.500000,0
GRID,2051,0,23.654847,14.473855,0.500000,0
GRID,2052,0,23.712252,14.324507,0.500000,0
GRID,2053,0,23.769656,14.175159,0.500000,0
GRID,2054,0,23.827060,14.025812,0.500000,0
GRID,2055,0,23.884464,13.876464,0.500000,0
GRID,2056,0,23.941869,13.727116,0.500000,0
GRID,2057,0,23.235291,16.540948,0.500000,0
GRID,2058,0,24.265051,13.861834,0.500000,0
GRID,2059,0,23.292695,16.391600,0.500000,0
GRID,2060,0,23.350099,16.242252,0.500000,0
GRID,2061,0,23.407503,16.092904,0.500000,0
GRID,2062,0,23.464908,15.943557,0.500000,0
GRID,2063,0,23.522312,15.794209,0.500000,0
GRID,2064,0,23.579716,15.644861,0.500000,0
GRID,2065,0,23.637120,15.495513,0.500000,0
GRID,2066,0,23.694525,15.346166,0.500000,0
GRID,2067,0,23.751929,15.196818,0.500000,0
GRID,2068,0,23.809333,15.047470,0.500000,0
GRID,2069,0,23.866737,14.898122,0.500000,0
GRID,2070,0,23.924141,14.748774,0.500000,0
GRID,2071,0,23.981546,14.599427,0.500000,0
GRID,2072,0,24.038950,14.450079,0.500000,0
GRID,2073,0,24.096354,14.300731,0.500000,0
GRID,2074,0,24.153758,14.151383,0.500000,0
GRID,2075,0,24.211163,14.002036,0.500000,0
GRID,2076,0,23.561989,16.666519,0.500000,0
GRID,2077,0,24.572115,14.038490,0.500000,0
GRID,2078,0,23.619393,16.517172,0.500000,0
GRID,2079,0,23.676797,16.367824,0.500000,0
GRID,2080,0,23.734202,16.218476,0.500000,0
GRID,2081,0,23.791606,16.069128,0.500000,0
GRID,2082,0,23.849010,15.919781,0.500000,0
GRID,2083,0,23.906414,15.770433,0.500000,0
GRID,2084,0,23.963819,15.621085,0.500000,0
GRID,2085,0,24.021223,15.471737,0.500000,0
GRID,2086,0,24.078627,15.322389,0.500000,0
GRID,2087,0,24.136031,15.173042,0.500000,0
GRID,2088,0,24.193435,15.023694,0.500000,0
GRID,2089,0,24.250840,14.874346,0.500000,0
GRID,2090,0,24.308244,14.724998,0.500000,0
GRID,2091,0,24.365648,14.575651,0.500000,0
GRID,2092,0,24.423052,14.426303,0.500000,0
GRID,2093,0,24.480457,14.276955,0.500000,0
GRID,2094,0,24.537861,14.127607,0.500000,0
GRID,2095,0,23.888687,16.792091,0.500000,0
GRID,2096,0,24.879178,14.215145,0.500000,0
GRID,2097,0,23.946091,16.642743,0.500000,0
GRID,2098,0,24.003496,16.493396,0.500000,0
GRID,2099,0,24.060900,16.344048,0.500000,0
GRID,2100,0,24.118304,16.194700,0.500000,0
GRID,2101,0,24.175708,16.045352,0.500000,0
GRID,2102,0,24.233113,15.896005,0.500000,0
GRID,2103,0,24.290517,15.746657,0.500000,0
GRID,2104,0,24.347921,15.597309,0.500000,0
GRID,2105,0,24.405325,15.447961,0.500000,0
GRID,2106,0,24.462729,15.298613,0.500000,0
GRID,2107,0,24.520134,15.149266,0.500000,0
GRID,2108,0,24.577538,14.999918,0.500000,0
GRID,2109,0,24.634942,14.850570,0.500000,0
GRID,2110,0,24.692346,14.701222,0.500000,0
GRID,2111,0,24.749751,14.551875,0.500000,0
GRID,2112,0,24.807155,14.402527,0.500000,0
GRID,2113,0,24.864559,14.253179,0.500000,0
GRID,2114,0,24.215386,16.917663,0.500000,0
GRID,2115,0,25.186241,14.391801,0.500000,0
GRID,2116,0,24.272790,16.768315,0.500000,0
GRID,2117,0,24.330194,16.618967,0.500000,0
GRID,2118,0,24.387598,16.469620,0.500000,0
GRID,2119,0,24.445002,16.320272,0.500000,0
GRID,2120,0,24.502407,16.170924,0.500000,0
GRID,2121,0,24.559811,16.021576,0.500000,0
GRID,2122,0,24.617215,15.872228,0.500000,0
GRID,2123,0,24.674619,15.722881,0.500000,0
GRID,2124,0,24.732024,15.573533,0.500000,0
GRID,2125,0,24.789428,15.424185,0.500000,0
GRID,2126,0,24.846832,15.274837,0.500000,0
GRID,2127,0,24.904236,15.125490,0.500000,0
GRID,2128,0,24.961640,14.976142,0.500000,0
GRID,2129,0,25.019045,14.826794,0.500000,0
GRID,2130,0,25.076449,14.677446,0.500000,0
GRID,2131,0,25.133853,14.528099,0.500000,0
GRID,2132,0,24.542084,17.043235,0.500000,0
GRID,2133,0,25.493305,14.568456,0.500000,0
GRID,2134,0,24.599488,16.893887,0.500000,0
GRID,2135,0,24.656892,16.744539,0.500000,0
GRID,2136,0,24.714296,16.595191,0.500000,0
GRID,2137,0,24.771701,16.445844,0.500000,0
GRID,2138,0,24.829105,16.296496,0.500000,0
GRID,2139,0,24.886509,16.147148,0.500000,0
GRID,2140,0,24.943913,15.997800,0.500000,0
GRID,2141,0,25.001318,15.848452,0.500000,0
GRID,2142,0,25.058722,15.699105,0.500000,0
GRID,2143,0,25.116126,15.549757,0.500000,0
GRID,2144,0,25.173530,15.400409,0.500000,0
GRID,2145,0,25.230934,15.251061,0.500000,0
GRID,2146,0,25.288339,15.101714,0.500000,0
GRID,2147,0,25.345743,14.952366,0.500000,0
GRID,2148,0,25.403147,14.803018,0.500000,0
GRID,2149,0,25.460551,14.653670,0.500000,0
GRID,2150,0,24.868782,17.168806,0.500000,0
GRID,2151,0,25.800368,14.745112,0.500000,0
GRID,2152,0,24.926186,17.019459,0.500000,0
GRID,2153,0,24.983590,16.870111,0.500000,0
GRID,2154,0,25.040995,16.720763,0.500000,0
GRID,2155,0,25.098399,16.571415,0.500000,0
GRID,2156,0,25.155803,16.422068,0.500000,0
GRID,2157,0,25.213207,16.272720,0.500000,0
GRID,2158,0,25.270612,16.123372,0.500000,0
GRID,2159,0,25.328016,15.974024,0.500000,0
GRID,2160,0,25.385420,15.824676,0.500000,0
GRID,2161,0,25.442824,15.675329,0.500000,0
GRID,2162,0,25.500228,15.525981,0.500000,0
GRID,2163,0,25.557633,15.376633,0.500000,0
GRID,2164,0,25.615037,15.227285,0.500000,0
GRID,2165,0,25.672441,15.077938,0.500000,0
GRID,2166,0,25.729845,14.928590,0.500000,0
GRID,2167,0,25.787250,14.779242,0.500000,0
GRID,2168,0,25.195480,17.294378,0.500000,0
GRID,2169,0,26.107431,14.921768,0.500000,0
GRID,2170,0,25.252884,17.145030,0.500000,0
GRID,2171,0,25.310289,16.995683,0.500000,0
GRID,2172,0,25.367693,16.846335,0.500000,0
GRID,2173,0,25.425097,16.696987,0.500000,0
GRID,2174,0,25.482501,16.547639,0.500000,0
GRID,2175,0,25.539906,16.398291,0.500000,0
GRID,2176,0,25.597310,16.248944,0.500000,0
GRID,2177,0,25.654714,16.099596,0.500000,0
GRID,2178,0,25.712118,15.950248,0.500000,0
GRID,2179,0,25.769522,15.800900,0.500000,0
GRID,2180,0,25.826927,15.651553,0.500000,0
GRID,2181,0,25.884331,15.502205,0.500000,0
GRID,2182,0,25.941735,15.352857,0.500000,0
GRID,2183,0,25.999139,15.203509,0.500000,0
GRID,2184,0,26.056544,15.054162,0.500000,0
GRID,2185,0,25.522178,17.419950,0.500000,0
GRID,2186,0,26.414495,15.098423,0.500000,0
GRID,2187,0,25.579583,17.270602,0.500000,0
GRID,2188,0,25.636987,17.121254,0.500000,0
GRID,2189,0,25.694391,16.971907,0.500000,0
GRID,2190,0,25.751795,16.822559,0.500000,0
GRID,2191,0,25.809200,16.673211,0.500000,0
GRID,2192,0,25.866604,16.523863,0.500000,0
GRID,2193,0,25.924008,16.374515,0.500000,0
GRID,2194,0,25.981412,16.225168,0.500000,0
GRID,2195,0,26.038816,16.075820,0.500000,0
GRID,2196,0,26.096221,15.926472,0.500000,0
GRID,2197,0,26.153625,15.777124,0.500000,0
GRID,2198,0,26.211029,15.627777,0.500000,0
GRID,2199,0,26.268433,15.478429,0.500000,0
GRID,2200,0,26.325838,15.329081,0.500000,0
GRID,2201,0,26.383242,15.179733,0.500000,0
GRID,2202,0,25.848877,17.545522,0.500000,0
GRID,2203,0,26.721558,15.275079,0.500000,0
GRID,2204,0,25.906281,17.396174,0.500000,0
GRID,2205,0,25.963685,17.246826,0.500000,0
GRID,2206,0,26.021089,17.097478,0.500000,0
GRID,2207,0,26.078494,16.948130,0.500000,0
GRID,2208,0,26.135898,16.798783,0.500000,0
GRID,2209,0,26.193302,16.649435,0.500000,0
GRID,2210,0,26.250706,16.500087,0.500000,0
GRID,2211,0,26.308110,16.350739,0.500000,0
GRID,2212,0,26.365515,16.201392,0.500000,0
GRID,2213,0,26.422919,16.052044,0.500000,0
GRID,2214,0,26.480323,15.902696,0.500000,0
GRID,2215,0,26.537727,15.753348,0.500000,0
GRID,2216,0,26.595132,15.604001,0.500000,0
GRID,2217,0,26.652536,15.454653,0.500000,0
GRID,2218,0,26.709940,15.305305,0.500000,0
GRID,2219,0,26.175575,17.671093,0.500000,0
GRID,2220,0,27.028621,15.451734,0.500000,0
GRID,2221,0,26.232979,17.521746,0.500000,0
GRID,2222,0,26.290383,17.372398,0.500000,0
GRID,2223,0,26.347788,17.223050,0.500000,0
GRID,2224,0,26.405192,17.073702,0.500000,0
GRID,2225,0,26.462596,16.924354,0.500000,0
GRID,2226,0,26.520000,16.775007,0.500000,0
GRID,2227,0,26.577404,16.625659,0.500000,0
GRID,2228,0,26.634809,16.476311,0.500000,0
GRID,2229,0,26.692213,16.326963,0.500000,0
GRID,2230,0,26.749617,16.177616,0.500000,0
GRID,2231,0,26.807021,16.028268,0.500000,0
GRID,2232,0,26.864426,15.878920,0.500000,0
GRID,2233,0,26.921830,15.729572,0.500000,0
GRID,2234,0,26.979234,15.580225,0.500000,0
GRID,2235,0,26.502273,17.796665,0.500000,0
GRID,2236,0,27.335685,15.628390,0.500000,0
GRID,2237,0,26.559677,17.647317,0.500000,0
GRID,2238,0,26.617082,17.497969,0.500000,0
GRID,2239,0,26.674486,17.348622,0.500000,0
GRID,2240,0,26.731890,17.199274,0.500000,0
GRID,2241,0,26.789294,17.049926,0.500000,0
GRID,2242,0,26.846699,16.900578,0.500000,0
GRID,2243,0,26.904103,16.751231,0.500000,0
GRID,2244,0,26.961507,16.601883,0.500000,0
GRID,2245,0,27.018911,16.452535,0.500000,0
GRID,2246,0,27.076315,16.303187,0.500000,0
GRID,2247,0,27.133720,16.153840,0.500000,0
GRID,2248,0,27.191124,16.004492,0.500000,0
GRID,2249,0,27.248528,15.855144,0.500000,0
GRID,2250,0,27.305932,15.705796,0.500000,0
GRID,2251,0,26.828971,17.922237,0.500000,0
GRID,2252,0,27.642748,15.805046,0.500000,0
GRID,2253,0,26.886376,17.772889,0.500000,0
GRID,2254,0,26.943780,17.623541,0.500000,0
GRID,2255,0,27.001184,17.474193,0.500000,0
GRID,2256,0,27.058588,17.324846,0.500000,0
GRID,2257,0,27.115993,17.175498,0.500000,0
GRID,2258,0,27.173397,17.026150,0.500000,0
GRID,2259,0,27.230801,16.876802,0.500000,0
GRID,2260,0,27.288205,16.727455,0.500000,0
GRID,2261,0,27.345609,16.578107,0.500000,0
GRID,2262,0,27.403014,16.428759,0.500000,0
GRID,2263,0,27.460418,16.279411,0.500000,0
GRID,2264,0,27.517822,16.130064,0.500000,0
GRID,2265,0,27.575226,15.980716,0.500000,0
GRID,2266,0,27.632631,15.831368,0.500000,0
GRID,2267,0,27.155670,18.047808,0.500000,0
GRID,2268,0,27.949811,15.981701,0.500000,0
GRID,2269,0,27.213074,17.898461,0.500000,0
GRID,2270,0,27.270478,17.749113,0.500000,0
GRID,2271,0,27.327882,17.599765,0.500000,0
GRID,2272,0,27.385287,17.450417,0.500000,0
GRID,2273,0,27.442691,17.301070,0.500000,0
GRID,2274,0,27.500095,17.151722,0.500000,0
GRID,2275,0,27.557499,17.002374,0.500000,0
GRID,2276,0,27.614903,16.853026,0.500000,0
GRID,2277,0,27.672308,16.703679,0.500000,0
GRID,2278,0,27.729712,16.554331,0.500000,0
GRID,2279,0,27.787116,16.404983,0.500000,0
GRID,2280,0,27.844520,16.255635,0.500000,0
GRID,2281,0,27.901925,16.106288,0.500000,0
GRID,2282,0,27.482368,18.173380,0.500000,0
GRID,2283,0,28.256875,16.158357,0.500000,0
GRID,2284,0,27.539772,18.024032,0.500000,0
GRID,2285,0,27.597176,17.874685,0.500000,0
GRID,2286,0,27.654581,17.725337,0.500000,0
GRID,2287,0,27.711985,17.575989,0.500000,0
GRID,2288,0,27.769389,17.426641,0.500000,0
GRID,2289,0,27.826793,17.277294,0.500000,0
GRID,2290,0,27.884197,17.127946,0.500000,0
GRID,2291,0,27.941602,16.978598,0.500000,0
GRID,2292,0,27.999006,16.829250,0.500000,0
GRID,2293,0,28.056410,16.679903,0.500000,0
GRID,2294,0,28.113814,16.530555,0.500000,0
GRID,2295,0,28.171219,16.381207,0.500000,0
GRID,2296,0,28.228623,16.231859,0.500000,0
GRID,2297,0,27.809066,18.298952,0.500000,0
GRID,2298,0,28.563938,16.335012,0.500000,0
GRID,2299,0,27.866470,18.149604,0.500000,0
GRID,2300,0,27.923875,18.000256,0.500000,0
GRID,2301,0,27.981279,17.850909,0.500000,0
GRID,2302,0,28.038683,17.701561,0.500000,0
GRID,2303,0,28.096087,17.552213,0.500000,0
GRID,2304,0,28.153491,17.402865,0.500000,0
GRID,2305,0,28.210896,17.253518,0.500000,0
GRID,2306,0,28.268300,17.104170,0.500000,0
GRID,2307,0,28.325704,16.954822,0.500000,0
GRID,2308,0,28.383108,16.805474,0.500000,0
GRID,2309,0,28.440513,16.656127,0.500000,0
GRID,2310,0,28.497917,16.506779,0.500000,0
GRID,2311,0,28.555321,16.357431,0.500000,0
GRID,2312,0,28.135764,18.424524,0.500000,0
GRID,2313,0,28.871001,16.511668,0.500000,0
GRID,2314,0,28.193169,18.275176,0.500000,0
GRID,2315,0,28.250573,18.125828,0.500000,0
GRID,2316,0,28.307977,17.976480,0.500000,0
GRID,2317,0,28.365381,17.827133,0.500000,0
GRID,2318,0,28.422785,17.677785,0.500000,0
GRID,2319,0,28.480190,17.528437,0.500000,0
GRID,2320,0,28.537594,17.379089,0.500000,0
GRID,2321,0,28.594998,17.229742,0.500000,0
GRID,2322,0,28.652402,17.080394,0.500000,0
GRID,2323,0,28.709807,16.931046,0.500000,0
GRID,2324,0,28.767211,16.781698,0.500000,0
GRID,2325,0,28.824615,16.632351,0.500000,0
GRID,2326,0,28.462463,18.550095,0.500000,0
GRID,2327,0,29.178065,16.688324,0.500000,0
GRID,2328,0,28.519867,18.400748,0.500000,0
GRID,2329,0,28.577271,18.251400,0.500000,0
GRID,2330,0,28.634675,18.102052,0.500000,0
GRID,2331,0,28.692079,17.952704,0.500000,0
GRID,2332,0,28.749484,17.803357,0.500000,0
GRID,2333,0,28.806888,17.654009,0.500000,0
GRID,2334,0,28.864292,17.504661,0.500000,0
GRID,2335,0,28.921696,17.355313,0.500000,0
GRID,2336,0,28.979101,17.205966,0.500000,0
GRID,2337,0,29.036505,17.056618,0.500000,0
GRID,2338,0,29.093909,16.907270,0.500000,0
GRID,2339,0,29.151313,16.757922,0.500000,0
GRID,2340,0,28.789161,18.675667,0.500000,0
GRID,2341,0,29.485128,16.864979,0.500000,0
GRID,2342,0,28.846565,18.526319,0.500000,0
GRID,2343,0,28.903969,18.376972,0.500000,0
GRID,2344,0,28.961374,18.227624,0.500000,0
GRID,2345,0,29.018778,18.078276,0.500000,0
GRID,2346,0,29.076182,17.928928,0.500000,0
GRID,2347,0,29.133586,17.779581,0.500000,0
GRID,2348,0,29.190990,17.630233,0.500000,0
GRID,2349,0,29.248395,17.480885,0.500000,0
GRID,2350,0,29.305799,17.331537,0.500000,0
GRID,2351,0,29.363203,17.182190,0.500000,0
GRID,2352,0,29.420607,17.032842,0.500000,0
GRID,2353,0,29.478012,16.883494,0.500000,0
GRID,2354,0,29.115859,18.801239,0.500000,0
GRID,2355,0,29.792191,17.041635,0.500000,0
GRID,2356,0,29.173263,18.651891,0.500000,0
GRID,2357,0,29.230668,18.502543,0.500000,0
GRID,2358,0,29.288072,18.353196,0.500000,0
GRID,2359,0,29.345476,18.203848,0.500000,0
GRID,2360,0,29.402880,18.054500,0.500000,0
GRID,2361,0,29.460284,17.905152,0.500000,0
GRID,2362,0,29.517689,17.755805,0.500000,0
GRID,2363,0,29.575093,17.606457,0.500000,0
GRID,2364,0,29.632497,17.457109,0.500000,0
GRID,2365,0,29.689901,17.307761,0.500000,0
GRID,2366,0,29.747306,17.158413,0.500000,0
GRID,2367,0,29.442557,18.926811,0.500000,0
GRID,2368,0,30.099255,17.218291,0.500000,0
GRID,2369,0,29.499962,18.777463,0.500000,0
GRID,2370,0,29.557366,18.628115,0.500000,0
GRID,2371,0,29.614770,18.478767,0.500000,0
GRID,2372,0,29.672174,18.329420,0.500000,0
GRID,2373,0,29.729578,18.180072,0.500000,0
GRID,2374,0,29.786983,18.030724,0.500000,0
GRID,2375,0,29.844387,17.881376,0.500000,0
GRID,2376,0,29.901791,17.732029,0.500000,0
GRID,2377,0,29.959195,17.582681,0.500000,0
GRID,2378,0,30.016600,17.433333,0.500000,0
GRID,2379,0,30.074004,17.283985,0.500000,0
GRID,2380,0,29.769256,19.052382,0.500000,0
GRID,2381,0,30.406318,17.394946,0.500000,0
GRID,2382,0,29.826660,18.903035,0.500000,0
GRID,2383,0,29.884064,18.753687,0.500000,0
GRID,2384,0,29.941468,18.604339,0.500000,0
GRID,2385,0,29.998872,18.454991,0.500000,0
GRID,2386,0,30.056277,18.305644,0.500000,0
GRID,2387,0,30.113681,18.156296,0.500000,0
GRID,2388,0,30.171085,18.006948,0.500000,0
GRID,2389,0,30.228489,17.857600,0.500000,0
GRID,2390,0,30.285894,17.708252,0.500000,0
GRID,2391,0,30.343298,17.558905,0.500000,0
GRID,2392,0,30.400702,17.409557,0.500000,0
GRID,2393,0,30.095954,19.177954,0.500000,0
GRID,2394,0,30.713381,17.571602,0.500000,0
GRID,2395,0,30.153358,19.028606,0.500000,0
GRID,2396,0,30.210762,18.879259,0.500000,0
GRID,2397,0,30.268166,18.729911,0.500000,0
GRID,2398,0,30.325571,18.580563,0.500000,0
GRID,2399,0,30.382975,18.431215,0.500000,0
GRID,2400,0,30.440379,18.281868,0.500000,0
GRID,2401,0,30.497783,18.132520,0.500000,0
GRID,2402,0,30.555188,17.983172,0.500000,0
GRID,2403,0,30.612592,17.833824,0.500000,0
GRID,2404,0,30.669996,17.684476,0.500000,0
GRID,2405,0,30.422652,19.303526,0.500000,0
GRID,2406,0,31.020445,17.748257,0.500000,0
GRID,2407,0,30.480056,19.154178,0.500000,0
GRID,2408,0,30.537460,19.004830,0.500000,0
GRID,2409,0,30.594865,18.855483,0.500000,0
GRID,2410,0,30.652269,18.706135,0.500000,0
GRID,2411,0,30.709673,18.556787,0.500000,0
GRID,2412,0,30.767077,18.407439,0.500000,0
GRID,2413,0,30.824482,18.258091,0.500000,0
GRID,2414,0,30.881886,18.108744,0.500000,0
GRID,2415,0,30.939290,17.959396,0.500000,0
GRID,2416,0,30.996694,17.810048,0.500000,0
GRID,2417,0,30.749350,19.429098,0.500000,0
GRID,2418,0,31.327508,17.924913,0.500000,0
GRID,2419,0,30.806754,19.279750,0.500000,0
GRID,2420,0,30.864159,19.130402,0.500000,0
GRID,2421,0,30.921563,18.981054,0.500000,0
GRID,2422,0,30.978967,18.831707,0.500000,0
GRID,2423,0,31.036371,18.682359,0.500000,0
GRID,2424,0,31.093776,18.533011,0.500000,0
GRID,2425,0,31.151180,18.383663,0.500000,0
GRID,2426,0,31.208584,18.234315,0.500000,0
GRID,2427,0,31.265988,18.084968,0.500000,0
GRID,2428,0,31.323392,17.935620,0.500000,0
GRID,2429,0,31.076049,19.554669,0.500000,0
GRID,2430,0,31.634571,18.101569,0.500000,0
GRID,2431,0,31.133453,19.405322,0.500000,0
GRID,2432,0,31.190857,19.255974,0.500000,0
GRID,2433,0,31.248261,19.106626,0.500000,0
GRID,2434,0,31.305665,18.957278,0.500000,0
GRID,2435,0,31.363070,18.807930,0.500000,0
GRID,2436,0,31.420474,18.658583,0.500000,0
GRID,2437,0,31.477878,18.509235,0.500000,0
GRID,2438,0,31.535282,18.359887,0.500000,0
GRID,2439,0,31.592687,18.210539,0.500000,0
GRID,2440,0,31.334463,18.111287,0.500000,0
GRID,2441,0,30.436739,17.594820,0.500000,0
GRID,2442,0,29.539015,17.078354,0.500000,0
GRID,2443,0,28.641291,16.561887,0.500000,0
GRID,2444,0,27.743566,16.045420,0.500000,0
GRID,2445,0,26.845842,15.528953,0.500000,0
GRID,2446,0,25.948118,15.012487,0.500000,0
GRID,2447,0,25.050394,14.496020,0.500000,0
GRID,2448,0,24.152670,13.979553,0.500000,0
GRID,2449,0,23.254946,13.463086,0.500000,0
GRID,2450,0,22.357222,12.946620,0.500000,0
GRID,2451,0,21.459498,12.430153,0.500000,0
GRID,2452,0,20.561774,11.913686,0.500000,0
GRID,2453,0,19.664050,11.397220,0.500000,0
GRID,2454,0,18.766326,10.880753,0.500000,0
GRID,2455,0,17.868602,10.364286,0.500000,0
GRID,2456,0,16.970878,9.847819,0.500000,0
GRID,2457,0,16.073154,9.331353,0.500000,0
GRID,2458,0,15.175430,8.814886,0.500000,0
GRID,2459,0,14.277705,8.298419,0.500000,0
GRID,2460,0,13.379981,7.781952,0.500000,0
GRID,2461,0,12.482257,7.265486,0.500000,0
GRID,2462,0,11.584533,6.749019,0.500000,0
GRID,2463,0,10.686809,6.232552,0.500000,0
GRID,2464,0,9.789085,5.716086,0.500000,0
GRID,2465,0,8.891361,5.199619,0.500000,0
GRID,2466,0,7.993637,4.683152,0.500000,0
GRID,2467,0,7.095913,4.166685,0.500000,0
GRID,2468,0,6.198189,3.650219,0.500000,0
GRID,2469,0,5.300465,3.133752,0.500000,0
GRID,2470,0,4.402741,2.617285,0.500000,0
GRID,2471,0,2.980000,3.877810,0.500000,0
GRID,2472,0,3.691808,2.025908,0.500000,0
GRID,2473,0,3.011231,3.796556,0.500000,0
GRID,2474,0,3.068635,3.647208,0.500000,0
GRID,2475,0,3.126040,3.497861,0.500000,0
GRID,2476,0,3.183444,3.348513,0.500000,0
GRID,2477,0,3.240848,3.199165,0.500000,0
GRID,2478,0,3.298252,3.049817,0.500000,0
GRID,2479,0,3.355657,2.900469,0.500000,0
GRID,2480,0,3.413061,2.751122,0.500000,0
GRID,2481,0,3.470465,2.601774,0.500000,0
GRID,2482,0,3.527869,2.452426,0.500000,0
GRID,2483,0,3.585273,2.303078,0.500000,0
GRID,2484,0,3.642678,2.153731,0.500000,0
GRID,2485,0,3.037404,7.749092,0.500000,0
GRID,2486,0,3.037404,6.720620,0.500000,0
GRID,2487,0,3.037404,5.692148,0.500000,0
GRID,2488,0,3.037404,4.835088,0.500000,0
GRID,2489,0,3.037404,3.806616,0.500000,0
GRID,2490,0,2.980000,1.616400,0.500000,0
GRID,2491,0,0.000000,8.755500,0.500000,0
GRID,2492,0,0.000000,1.616400,0.500000,0
GRID,2493,0,0.000000,8.584088,0.500000,0
GRID,2494,0,0.000000,8.412676,0.500000,0
GRID,2495,0,0.000000,8.241264,0.500000,0
GRID,2496,0,0.000000,8.069852,0.500000,0
GRID,2497,0,0.000000,7.898440,0.500000,0
GRID,2498,0,0.000000,7.727028,0.500000,0
GRID,2499,0,0.000000,7.555616,0.500000,0
GRID,2500,0,0.000000,7.384204,0.500000,0
GRID,2501,0,0.000000,7.212792,0.500000,0
GRID,2502,0,0.000000,7.041380,0.500000,0
GRID,2503,0,0.000000,6.869968,0.500000,0
GRID,2504,0,0.000000,6.698556,0.500000,0
GRID,2505,0,0.000000,6.527144,0.500000,0
GRID,2506,0,0.000000,6.355732,0.500000,0
GRID,2507,0,0.000000,6.184320,0.500000,0
GRID,2508,0,0.000000,6.012908,0.500000,0
GRID,2509,0,0.000000,5.841496,0.500000,0
GRID,2510,0,0.000000,5.670084,0.500000,0
GRID,2511,0,0.000000,5.498672,0.500000,0
GRID,2512,0,0.000000,5.327260,0.500000,0
GRID,2513,0,0.000000,5.155848,0.500000,0
GRID,2514,0,0.000000,4.984436,0.500000,0
GRID,2515,0,0.000000,4.813024,0.500000,0
GRID,2516,0,0.000000,4.641612,0.500000,0
GRID,2517,0,0.000000,4.470200,0.500000,0
GRID,2518,0,0.000000,4.298788,0.500000,0
GRID,2519,0,0.000000,4.127376,0.500000,0
GRID,2520,0,0.000000,3.955964,0.500000,0
GRID,2521,0,0.000000,3.784552,0.500000,0
GRID,2522,0,0.000000,3.613140,0.500000,0
GRID,2523,0,0.000000,3.441728,0.500000,0
GRID,2524,0,0.000000,3.270316,0.500000,0
GRID,2525,0,0.000000,3.098904,0.500000,0
GRID,2526,0,0.000000,2.927492,0.500000,0
GRID,2527,0,0.000000,2.756080,0.500000,0
GRID,2528,0,0.000000,2.584668,0.500000,0
GRID,2529,0,0.000000,2.413256,0.500000,0
GRID,2530,0,0.000000,2.241844,0.500000,0
GRID,2531,0,0.000000,2.070432,0.500000,0
GRID,2532,0,0.000000,1.899020,0.500000,0
GRID,2533,0,0.000000,1.727608,0.500000,0
GRID,2534,0,0.440000,8.755500,0.500000,0
GRID,2535,0,0.440000,1.616400,0.500000,0
GRID,2536,0,0.440000,8.584088,0.500000,0
GRID,2537,0,0.440000,8.412676,0.500000,0
GRID,2538,0,0.440000,8.241264,0.500000,0
GRID,2539,0,0.440000,8.069852,0.500000,0
GRID,2540,0,0.440000,7.898440,0.500000,0
GRID,2541,0,0.440000,7.727028,0.500000,0
GRID,2542,0,0.440000,7.555616,0.500000,0
GRID,2543,0,0.440000,7.384204,0.500000,0
GRID,2544,0,0.440000,7.212792,0.500000,0
GRID,2545,0,0.440000,7.041380,0.500000,0
GRID,2546,0,0.440000,6.869968,0.500000,0
GRID,2547,0,0.440000,6.698556,0.500000,0
GRID,2548,0,0.440000,6.527144,0.500000,0
GRID,2549,0,0.440000,6.355732,0.500000,0
GRID,2550,0,0.440000,6.184320,0.500000,0
GRID,2551,0,0.440000,6.012908,0.500000,0
GRID,2552,0,0.440000,5.841496,0.500000,0
GRID,2553,0,0.440000,5.670084,0.500000,0
GRID,2554,0,0.440000,5.498672,0.500000,0
GRID,2555,0,0.440000,5.327260,0.500000,0
GRID,2556,0,0.440000,5.155848,0.500000,0
GRID,2557,0,0.440000,4.984436,0.500000,0
GRID,2558,0,0.440000,4.813024,0.500000,0
GRID,2559,0,0.440000,4.641612,0.500000,0
GRID,2560,0,0.440000,4.470200,0.500000,0
GRID,2561,0,0.440000,4.298788,0.500000,0
GRID,2562,0,0.440000,4.127376,0.500000,0
GRID,2563,0,0.440000,3.955964,0.500000,0
GRID,2564,0,0.440000,3.784552,0.500000,0
GRID,2565,0,0.440000,3.613140,0.500000,0
GRID,2566,0,0.440000,3.441728,0.500000,0
GRID,2567,0,0.440000,3.270316,0.500000,0
GRID,2568,0,0.440000,3.098904,0.500000,0
GRID,2569,0,0.440000,2.927492,0.500000,0
GRID,2570,0,0.440000,2.756080,0.500000,0
GRID,2571,0,0.440000,2.584668,0.500000,0
GRID,2572,0,0.440000,2.413256,0.500000,0
GRID,2573,0,0.440000,2.241844,0.500000,0
GRID,2574,0,0.440000,2.070432,0.500000,0
GRID,2575,0,0.440000,1.899020,0.500000,0
GRID,2576,0,0.440000,1.727608,0.500000,0
GRID,2577,0,0.880000,8.755500,0.500000,0
GRID,2578,0,0.880000,1.616400,0.500000,0
GRID,2579,0,0.880000,8.584088,0.500000,0
GRID,2580,0,0.880000,8.412676,0.500000,0
GRID,2581,0,0.880000,8.241264,0.500000,0
GRID,2582,0,0.880000,8.069852,0.500000,0
GRID,2583,0,0.880000,7.898440,0.500000,0
GRID,2584,0,0.880000,7.727028,0.500000,0
GRID,2585,0,0.880000,7.555616,0.500000,0
GRID,2586,0,0.880000,7.384204,0.500000,0
GRID,2587,0,0.880000,7.212792,0.500000,0
GRID,2588,0,0.880000,7.041380,0.500000,0
GRID,2589,0,0.880000,6.869968,0.500000,0
GRID,2590,0,0.880000,6.698556,0.500000,0
GRID,2591,0,0.880000,6.527144,0.500000,0
GRID,2592,0,0.880000,6.355732,0.500000,0
GRID,2593,0,0.880000,6.184320,0.500000,0
GRID,2594,0,0.880000,6.012908,0.500000,0
GRID,2595,0,0.880000,5.841496,0.500000,0
GRID,2596,0,0.880000,5.670084,0.500000,0
GRID,2597,0,0.880000,5.498672,0.500000,0
GRID,2598,0,0.880000,5.327260,0.500000,0
GRID,2599,0,0.880000,5.155848,0.500000,0
GRID,2600,0,0.880000,4.984436,0.500000,0
GRID,2601,0,0.880000,4.813024,0.500000,0
GRID,2602,0,0.880000,4.641612,0.500000,0
GRID,2603,0,0.880000,4.470200,0.500000,0
GRID,2604,0,0.880000,4.298788,0.500000,0
GRID,2605,0,0.880000,4.127376,0.500000,0
GRID,2606,0,0.880000,3.955964,0.500000,0
GRID,2607,0,0.880000,3.784552,0.500000,0
GRID,2608,0,0.880000,3.613140,0.500000,0
GRID,2609,0,0.880000,3.441728,0.500000,0
GRID,2610,0,0.880000,3.270316,0.500000,0
GRID,2611,0,0.880000,3.098904,0.500000,0
GRID,2612,0,0.880000,2.927492,0.500000,0
GRID,2613,0,0.880000,2.756080,0.500000,0
GRID,2614,0,0.880000,2.584668,0.500000,0
GRID,2615,0,0.880000,2.413256,0.500000,0
GRID,2616,0,0.880000,2.241844,0.500000,0
GRID,2617,0,0.880000,2.070432,0.500000,0
GRID,2618,0,0.880000,1.899020,0.500000,0
GRID,2619,0,0.880000,1.727608,0.500000,0
GRID,2620,0,1.230000,8.755500,0.500000,0
GRID,2621,0,1.230000,1.616400,0.500000,0
GRID,2622,0,1.230000,8.584088,0.500000,0
GRID,2623,0,1.230000,8.412676,0.500000,0
GRID,2624,0,1.230000,8.241264,0.500000,0
GRID,2625,0,1.230000,8.069852,0.500000,0
GRID,2626,0,1.230000,7.898440,0.500000,0
GRID,2627,0,1.230000,7.727028,0.500000,0
GRID,2628,0,1.230000,7.555616,0.500000,0
GRID,2629,0,1.230000,7.384204,0.500000,0
GRID,2630,0,1.230000,7.212792,0.500000,0
GRID,2631,0,1.230000,7.041380,0.500000,0
GRID,2632,0,1.230000,6.869968,0.500000,0
GRID,2633,0,1.230000,6.698556,0.500000,0
GRID,2634,0,1.230000,6.527144,0.500000,0
GRID,2635,0,1.230000,6.355732,0.500000,0
GRID,2636,0,1.230000,6.184320,0.500000,0
GRID,2637,0,1.230000,6.012908,0.500000,0
GRID,2638,0,1.230000,5.841496,0.500000,0
GRID,2639,0,1.230000,5.670084,0.500000,0
GRID,2640,0,1.230000,5.498672,0.500000,0
GRID,2641,0,1.230000,5.327260,0.500000,0
GRID,2642,0,1.230000,5.155848,0.500000,0
GRID,2643,0,1.230000,4.984436,0.500000,0
GRID,2644,0,1.230000,4.813024,0.500000,0
GRID,2645,0,1.230000,4.641612,0.500000,0
GRID,2646,0,1.230000,4.470200,0.500000,0
GRID,2647,0,1.230000,4.298788,0.500000,0
GRID,2648,0,1.230000,4.127376,0.500000,0
GRID,2649,0,1.230000,3.955964,0.500000,0
GRID,2650,0,1.230000,3.784552,0.500000,0
GRID,2651,0,1.230000,3.613140,0.500000,0
GRID,2652,0,1.230000,3.441728,0.500000,0
GRID,2653,0,1.230000,3.270316,0.500000,0
GRID,2654,0,1.230000,3.098904,0.500000,0
GRID,2655,0,1.230000,2.927492,0.500000,0
GRID,2656,0,1.230000,2.756080,0.500000,0
GRID,2657,0,1.230000,2.584668,0.500000,0
GRID,2658,0,1.230000,2.413256,0.500000,0
GRID,2659,0,1.230000,2.241844,0.500000,0
GRID,2660,0,1.230000,2.070432,0.500000,0
GRID,2661,0,1.230000,1.899020,0.500000,0
GRID,2662,0,1.230000,1.727608,0.500000,0
GRID,2663,0,1.580000,8.755500,0.500000,0
GRID,2664,0,1.580000,1.616400,0.500000,0
GRID,2665,0,1.580000,8.584088,0.500000,0
GRID,2666,0,1.580000,8.412676,0.500000,0
GRID,2667,0,1.580000,8.241264,0.500000,0
GRID,2668,0,1.580000,8.069852,0.500000,0
GRID,2669,0,1.580000,7.898440,0.500000,0
GRID,2670,0,1.580000,7.727028,0.500000,0
GRID,2671,0,1.580000,7.555616,0.500000,0
GRID,2672,0,1.580000,7.384204,0.500000,0
GRID,2673,0,1.580000,7.212792,0.500000,0
GRID,2674,0,1.580000,7.041380,0.500000,0
GRID,2675,0,1.580000,6.869968,0.500000,0
GRID,2676,0,1.580000,6.698556,0.500000,0
GRID,2677,0,1.580000,6.527144,0.500000,0
GRID,2678,0,1.580000,6.355732,0.500000,0
GRID,2679,0,1.580000,6.184320,0.500000,0
GRID,2680,0,1.580000,6.012908,0.500000,0
GRID,2681,0,1.580000,5.841496,0.500000,0
GRID,2682,0,1.580000,5.670084,0.500000,0
GRID,2683,0,1.580000,5.498672,0.500000,0
GRID,2684,0,1.580000,5.327260,0.500000,0
GRID,2685,0,1.580000,5.155848,0.500000,0
GRID,2686,0,1.580000,4.984436,0.500000,0
GRID,2687,0,1.580000,4.813024,0.500000,0
GRID,2688,0,1.580000,4.641612,0.500000,0
GRID,2689,0,1.580000,4.470200,0.500000,0
GRID,2690,0,1.580000,4.298788,0.500000,0
GRID,2691,0,1.580000,4.127376,0.500000,0
GRID,2692,0,1.580000,3.955964,0.500000,0
GRID,2693,0,1.580000,3.784552,0.500000,0
GRID,2694,0,1.580000,3.613140,0.500000,0
GRID,2695,0,1.580000,3.441728,0.500000,0
GRID,2696,0,1.580000,3.270316,0.500000,0
GRID,2697,0,1.580000,3.098904,0.500000,0
GRID,2698,0,1.580000,2.927492,0.500000,0
GRID,2699,0,1.580000,2.756080,0.500000,0
GRID,2700,0,1.580000,2.584668,0.500000,0
GRID,2701,0,1.580000,2.413256,0.500000,0
GRID,2702,0,1.580000,2.241844,0.500000,0
GRID,2703,0,1.580000,2.070432,0.500000,0
GRID,2704,0,1.580000,1.899020,0.500000,0
GRID,2705,0,1.580000,1.727608,0.500000,0
GRID,2706,0,1.930000,8.755500,0.500000,0
GRID,2707,0,1.930000,1.616400,0.500000,0
GRID,2708,0,1.930000,8.584088,0.500000,0
GRID,2709,0,1.930000,8.412676,0.500000,0
GRID,2710,0,1.930000,8.241264,0.500000,0
GRID,2711,0,1.930000,8.069852,0.500000,0
GRID,2712,0,1.930000,7.898440,0.500000,0
GRID,2713,0,1.930000,7.727028,0.500000,0
GRID,2714,0,1.930000,7.555616,0.500000,0
GRID,2715,0,1.930000,7.384204,0.500000,0
GRID,2716,0,1.930000,7.212792,0.500000,0
GRID,2717,0,1.930000,7.041380,0.500000,0
GRID,2718,0,1.930000,6.869968,0.500000,0
GRID,2719,0,1.930000,6.698556,0.500000,0
GRID,2720,0,1.930000,6.527144,0.500000,0
GRID,2721,0,1.930000,6.355732,0.500000,0
GRID,2722,0,1.930000,6.184320,0.500000,0
GRID,2723,0,1.930000,6.012908,0.500000,0
GRID,2724,0,1.930000,5.841496,0.500000,0
GRID,2725,0,1.930000,5.670084,0.500000,0
GRID,2726,0,1.930000,5.498672,0.500000,0
GRID,2727,0,1.930000,5.327260,0.500000,0
GRID,2728,0,1.930000,5.155848,0.500000,0
GRID,2729,0,1.930000,4.984436,0.500000,0
GRID,2730,0,1.930000,4.813024,0.500000,0
GRID,2731,0,1.930000,4.641612,0.500000,0
GRID,2732,0,1.930000,4.470200,0.500000,0
GRID,2733,0,1.930000,4.298788,0.500000,0
GRID,2734,0,1.930000,4.127376,0.500000,0
GRID,2735,0,1.930000,3.955964,0.500000,0
GRID,2736,0,1.930000,3.784552,0.500000,0
GRID,2737,0,1.930000,3.613140,0.500000,0
GRID,2738,0,1.930000,3.441728,0.500000,0
GRID,2739,0,1.930000,3.270316,0.500000,0
GRID,2740,0,1.930000,3.098904,0.500000,0
GRID,2741,0,1.930000,2.927492,0.500000,0
GRID,2742,0,1.930000,2.756080,0.500000,0
GRID,2743,0,1.930000,2.584668,0.500000,0
GRID,2744,0,1.930000,2.413256,0.500000,0
GRID,2745,0,1.930000,2.241844,0.500000,0
GRID,2746,0,1.930000,2.070432,0.500000,0
GRID,2747,0,1.930000,1.899020,0.500000,0
GRID,2748,0,1.930000,1.727608,0.500000,0
GRID,2749,0,2.280000,8.755500,0.500000,0
GRID,2750,0,2.280000,1.616400,0.500000,0
GRID,2751,0,2.280000,8.584088,0.500000,0
GRID,2752,0,2.280000,8.412676,0.500000,0
GRID,2753,0,2.280000,8.241264,0.500000,0
GRID,2754,0,2.280000,8.069852,0.500000,0
GRID,2755,0,2.280000,7.898440,0.500000,0
GRID,2756,0,2.280000,7.727028,0.500000,0
GRID,2757,0,2.280000,7.555616,0.500000,0
GRID,2758,0,2.280000,7.384204,0.500000,0
GRID,2759,0,2.280000,7.212792,0.500000,0
GRID,2760,0,2.280000,7.041380,0.500000,0
GRID,2761,0,2.280000,6.869968,0.500000,0
GRID,2762,0,2.280000,6.698556,0.500000,0
GRID,2763,0,2.280000,6.527144,0.500000,0
GRID,2764,0,2.280000,6.355732,0.500000,0
GRID,2765,0,2.280000,6.184320,0.500000,0
GRID,2766,0,2.280000,6.012908,0.500000,0
GRID,2767,0,2.280000,5.841496,0.500000,0
GRID,2768,0,2.280000,5.670084,0.500000,0
GRID,2769,0,2.280000,5.498672,0.500000,0
GRID,2770,0,2.280000,5.327260,0.500000,0
GRID,2771,0,2.280000,5.155848,0.500000,0
GRID,2772,0,2.280000,4.984436,0.500000,0
GRID,2773,0,2.280000,4.813024,0.500000,0
GRID,2774,0,2.280000,4.641612,0.500000,0
GRID,2775,0,2.280000,4.470200,0.500000,0
GRID,2776,0,2.280000,4.298788,0.500000,0
GRID,2777,0,2.280000,4.127376,0.500000,0
GRID,2778,0,2.280000,3.955964,0.500000,0
GRID,2779,0,2.280000,3.784552,0.500000,0
GRID,2780,0,2.280000,3.613140,0.500000,0
GRID,2781,0,2.280000,3.441728,0.500000,0
GRID,2782,0,2.280000,3.270316,0.500000,0
GRID,2783,0,2.280000,3.098904,0.500000,0
GRID,2784,0,2.280000,2.927492,0.500000,0
GRID,2785,0,2.280000,2.756080,0.500000,0
GRID,2786,0,2.280000,2.584668,0.500000,0
GRID,2787,0,2.280000,2.413256,0.500000,0
GRID,2788,0,2.280000,2.241844,0.500000,0
GRID,2789,0,2.280000,2.070432,0.500000,0
GRID,2790,0,2.280000,1.899020,0.500000,0
GRID,2791,0,2.280000,1.727608,0.500000,0
GRID,2792,0,2.630000,8.755500,0.500000,0
GRID,2793,0,2.630000,1.616400,0.500000,0
GRID,2794,0,2.630000,8.584088,0.500000,0
GRID,2795,0,2.630000,8.412676,0.500000,0
GRID,2796,0,2.630000,8.241264,0.500000,0
GRID,2797,0,2.630000,8.069852,0.500000,0
GRID,2798,0,2.630000,7.898440,0.500000,0
GRID,2799,0,2.630000,7.727028,0.500000,0
GRID,2800,0,2.630000,7.555616,0.500000,0
GRID,2801,0,2.630000,7.384204,0.500000,0
GRID,2802,0,2.630000,7.212792,0.500000,0
GRID,2803,0,2.630000,7.041380,0.500000,0
GRID,2804,0,2.630000,6.869968,0.500000,0
GRID,2805,0,2.630000,6.698556,0.500000,0
GRID,2806,0,2.630000,6.527144,0.500000,0
GRID,2807,0,2.630000,6.355732,0.500000,0
GRID,2808,0,2.630000,6.184320,0.500000,0
GRID,2809,0,2.630000,6.012908,0.500000,0
GRID,2810,0,2.630000,5.841496,0.500000,0
GRID,2811,0,2.630000,5.670084,0.500000,0
GRID,2812,0,2.630000,5.498672,0.500000,0
GRID,2813,0,2.630000,5.327260,0.500000,0
GRID,2814,0,2.630000,5.155848,0.500000,0
GRID,2815,0,2.630000,4.984436,0.500000,0
GRID,2816,0,2.630000,4.813024,0.500000,0
GRID,2817,0,2.630000,4.641612,0.500000,0
GRID,2818,0,2.630000,4.470200,0.500000,0
GRID,2819,0,2.630000,4.298788,0.500000,0
GRID,2820,0,2.630000,4.127376,0.500000,0
GRID,2821,0,2.630000,3.955964,0.500000,0
GRID,2822,0,2.630000,3.784552,0.500000,0
GRID,2823,0,2.630000,3.613140,0.500000,0
GRID,2824,0,2.630000,3.441728,0.500000,0
GRID,2825,0,2.630000,3.270316,0.500000,0
GRID,2826,0,2.630000,3.098904,0.500000,0
GRID,2827,0,2.630000,2.927492,0.500000,0
GRID,2828,0,2.630000,2.756080,0.500000,0
GRID,2829,0,2.630000,2.584668,0.500000,0
GRID,2830,0,2.630000,2.413256,0.500000,0
GRID,2831,0,2.630000,2.241844,0.500000,0
GRID,2832,0,2.630000,2.070432,0.500000,0
GRID,2833,0,2.630000,1.899020,0.500000,0
GRID,2834,0,2.630000,1.727608,0.500000,0
GRID,2835,0,2.980000,8.755500,0.500000,0
GRID,2836,0,2.980000,1.616400,0.500000,0
GRID,2837,0,2.980000,8.584088,0.500000,0
GRID,2838,0,2.980000,8.412676,0.500000,0
GRID,2839,0,2.980000,8.241264,0.500000,0
GRID,2840,0,2.980000,8.069852,0.500000,0
GRID,2841,0,2.980000,7.898440,0.500000,0
GRID,2842,0,2.980000,7.727028,0.500000,0
GRID,2843,0,2.980000,7.555616,0.500000,0
GRID,2844,0,2.980000,7.384204,0.500000,0
GRID,2845,0,2.980000,7.212792,0.500000,0
GRID,2846,0,2.980000,7.041380,0.500000,0
GRID,2847,0,2.980000,6.869968,0.500000,0
GRID,2848,0,2.980000,6.698556,0.500000,0
GRID,2849,0,2.980000,6.527144,0.500000,0
GRID,2850,0,2.980000,6.355732,0.500000,0
GRID,2851,0,2.980000,6.184320,0.500000,0
GRID,2852,0,2.980000,6.012908,0.500000,0
GRID,2853,0,2.980000,5.841496,0.500000,0
GRID,2854,0,2.980000,5.670084,0.500000,0
GRID,2855,0,2.980000,5.498672,0.500000,0
GRID,2856,0,2.980000,5.327260,0.500000,0
GRID,2857,0,2.980000,5.155848,0.500000,0
GRID,2858,0,2.980000,4.984436,0.500000,0
GRID,2859,0,2.980000,4.813024,0.500000,0
GRID,2860,0,2.980000,4.641612,0.500000,0
GRID,2861,0,2.980000,4.470200,0.500000,0
GRID,2862,0,2.980000,4.298788,0.500000,0
GRID,2863,0,2.980000,4.127376,0.500000,0
GRID,2864,0,2.980000,3.955964,0.500000,0
GRID,2865,0,2.980000,3.784552,0.500000,0
GRID,2866,0,2.980000,3.613140,0.500000,0
GRID,2867,0,2.980000,3.441728,0.500000,0
GRID,2868,0,2.980000,3.270316,0.500000,0
GRID,2869,0,2.980000,3.098904,0.500000,0
GRID,2870,0,2.980000,2.927492,0.500000,0
GRID,2871,0,2.980000,2.756080,0.500000,0
GRID,2872,0,2.980000,2.584668,0.500000,0
GRID,2873,0,2.980000,2.413256,0.500000,0
GRID,2874,0,2.980000,2.241844,0.500000,0
GRID,2875,0,2.980000,2.070432,0.500000,0
GRID,2876,0,2.980000,1.899020,0.500000,0
GRID,2877,0,2.980000,1.727608,0.500000,0
GRID,2878,0,31.391867,17.961939,-0.500000,0
GRID,2879,0,30.494143,17.445472,-0.500000,0
GRID,2880,0,29.596419,16.929006,-0.500000,0
GRID,2881,0,28.698695,16.412539,-0.500000,0
GRID,2882,0,27.800971,15.896072,-0.500000,0
GRID,2883,0,26.903247,15.379606,-0.500000,0
GRID,2884,0,26.005523,14.863139,-0.500000,0
GRID,2885,0,25.107798,14.346672,-0.500000,0
GRID,2886,0,24.210074,13.830205,-0.500000,0
GRID,2887,0,23.312350,13.313739,-0.500000,0
GRID,2888,0,22.414626,12.797272,-0.500000,0
GRID,2889,0,21.516902,12.280805,-0.500000,0
GRID,2890,0,20.619178,11.764338,-0.500000,0
GRID,2891,0,19.721454,11.247872,-0.500000,0
GRID,2892,0,18.823730,10.731405,-0.500000,0
GRID,2893,0,17.926006,10.214938,-0.500000,0
GRID,2894,0,17.028282,9.698472,-0.500000,0
GRID,2895,0,16.130558,9.182005,-0.500000,0
GRID,2896,0,15.232834,8.665538,-0.500000,0
GRID,2897,0,14.335110,8.149071,-0.500000,0
GRID,2898,0,13.437386,7.632605,-0.500000,0
GRID,2899,0,12.539662,7.116138,-0.500000,0
GRID,2900,0,11.641937,6.599671,-0.500000,0
GRID,2901,0,10.744213,6.083204,-0.500000,0
GRID,2902,0,9.846489,5.566738,-0.500000,0
GRID,2903,0,8.948765,5.050271,-0.500000,0
GRID,2904,0,8.051041,4.533804,-0.500000,0
GRID,2905,0,7.153317,4.017338,-0.500000,0
GRID,2906,0,6.255593,3.500871,-0.500000,0
GRID,2907,0,5.357869,2.984404,-0.500000,0
GRID,2908,0,4.460145,2.467937,-0.500000,0
GRID,2909,0,2.980000,8.584088,-0.500000,0
GRID,2910,0,2.980000,8.412676,-0.500000,0
GRID,2911,0,2.980000,8.241264,-0.500000,0
GRID,2912,0,2.980000,8.069852,-0.500000,0
GRID,2913,0,2.980000,7.898440,-0.500000,0
GRID,2914,0,2.980000,7.727028,-0.500000,0
GRID,2915,0,2.980000,7.555616,-0.500000,0
GRID,2916,0,2.980000,7.384204,-0.500000,0
GRID,2917,0,2.980000,7.212792,-0.500000,0
GRID,2918,0,2.980000,7.041380,-0.500000,0
GRID,2919,0,2.980000,6.869968,-0.500000,0
GRID,2920,0,2.980000,6.698556,-0.500000,0
GRID,2921,0,2.980000,6.527144,-0.500000,0
GRID,2922,0,2.980000,6.355732,-0.500000,0
GRID,2923,0,2.980000,6.184320,-0.500000,0
GRID,2924,0,2.980000,6.012908,-0.500000,0
GRID,2925,0,2.980000,5.841496,-0.500000,0
GRID,2926,0,2.980000,5.670084,-0.500000,0
GRID,2927,0,2.980000,5.498672,-0.500000,0
GRID,2928,0,2.980000,5.327260,-0.500000,0
GRID,2929,0,2.980000,5.155848,-0.500000,0
GRID,2930,0,2.980000,4.984436,-0.500000,0
GRID,2931,0,2.980000,4.813024,-0.500000,0
GRID,2932,0,2.980000,4.641612,-0.500000,0
GRID,2933,0,2.980000,4.470200,-0.500000,0
GRID,2934,0,2.980000,4.298788,-0.500000,0
GRID,2935,0,2.980000,4.127376,-0.500000,0
GRID,2936,0,2.980000,3.955964,-0.500000,0
GRID,2937,0,2.980000,3.784552,-0.500000,0
GRID,2938,0,2.980000,3.613140,-0.500000,0
GRID,2939,0,2.980000,3.441728,-0.500000,0
GRID,2940,0,2.980000,3.270316,-0.500000,0
GRID,2941,0,2.980000,3.098904,-0.500000,0
GRID,2942,0,2.980000,2.927492,-0.500000,0
GRID,2943,0,2.980000,2.756080,-0.500000,0
GRID,2944,0,2.980000,2.584668,-0.500000,0
GRID,2945,0,2.980000,2.413256,-0.500000,0
GRID,2946,0,2.980000,2.241844,-0.500000,0
GRID,2947,0,2.980000,2.070432,-0.500000,0
GRID,2948,0,2.980000,1.899020,-0.500000,0
GRID,2949,0,2.980000,4.853348,-0.500000,0
GRID,2950,0,3.998872,2.202564,-0.500000,0
GRID,2951,0,2.993504,4.818214,-0.500000,0
GRID,2952,0,3.050908,4.668867,-0.500000,0
GRID,2953,0,3.108313,4.519519,-0.500000,0
GRID,2954,0,3.165717,4.370171,-0.500000,0
GRID,2955,0,3.223121,4.220823,-0.500000,0
GRID,2956,0,3.280525,4.071476,-0.500000,0
GRID,2957,0,3.337929,3.922128,-0.500000,0
GRID,2958,0,3.395334,3.772780,-0.500000,0
GRID,2959,0,3.452738,3.623432,-0.500000,0
GRID,2960,0,3.510142,3.474085,-0.500000,0
GRID,2961,0,3.567546,3.324737,-0.500000,0
GRID,2962,0,3.624951,3.175389,-0.500000,0
GRID,2963,0,3.682355,3.026041,-0.500000,0
GRID,2964,0,3.739759,2.876693,-0.500000,0
GRID,2965,0,3.797163,2.727346,-0.500000,0
GRID,2966,0,3.854567,2.577998,-0.500000,0
GRID,2967,0,3.911972,2.428650,-0.500000,0
GRID,2968,0,3.969376,2.279302,-0.500000,0
GRID,2969,0,2.980000,5.828886,-0.500000,0
GRID,2970,0,4.305935,2.379219,-0.500000,0
GRID,2971,0,3.033181,5.690525,-0.500000,0
GRID,2972,0,3.090586,5.541177,-0.500000,0
GRID,2973,0,3.147990,5.391829,-0.500000,0
GRID,2974,0,3.205394,5.242482,-0.500000,0
GRID,2975,0,3.262798,5.093134,-0.500000,0
GRID,2976,0,3.320202,4.943786,-0.500000,0
GRID,2977,0,3.377607,4.794438,-0.500000,0
GRID,2978,0,3.435011,4.645091,-0.500000,0
GRID,2979,0,3.492415,4.495743,-0.500000,0
GRID,2980,0,3.549819,4.346395,-0.500000,0
GRID,2981,0,3.607224,4.197047,-0.500000,0
GRID,2982,0,3.664628,4.047700,-0.500000,0
GRID,2983,0,3.722032,3.898352,-0.500000,0
GRID,2984,0,3.779436,3.749004,-0.500000,0
GRID,2985,0,3.836840,3.599656,-0.500000,0
GRID,2986,0,3.894245,3.450309,-0.500000,0
GRID,2987,0,3.951649,3.300961,-0.500000,0
GRID,2988,0,4.009053,3.151613,-0.500000,0
GRID,2989,0,4.066457,3.002265,-0.500000,0
GRID,2990,0,4.123862,2.852917,-0.500000,0
GRID,2991,0,4.181266,2.703570,-0.500000,0
GRID,2992,0,4.238670,2.554222,-0.500000,0
GRID,2993,0,4.296074,2.404874,-0.500000,0
GRID,2994,0,2.980000,6.804424,-0.500000,0
GRID,2995,0,4.612998,2.555875,-0.500000,0
GRID,2996,0,3.015454,6.712183,-0.500000,0
GRID,2997,0,3.072858,6.562836,-0.500000,0
GRID,2998,0,3.130263,6.413488,-0.500000,0
GRID,2999,0,3.187667,6.264140,-0.500000,0
GRID,3000,0,3.245071,6.114792,-0.500000,0
GRID,3001,0,3.302475,5.965445,-0.500000,0
GRID,3002,0,3.359880,5.816097,-0.500000,0
GRID,3003,0,3.417284,5.666749,-0.500000,0
GRID,3004,0,3.474688,5.517401,-0.500000,0
GRID,3005,0,3.532092,5.368053,-0.500000,0
GRID,3006,0,3.589496,5.218706,-0.500000,0
GRID,3007,0,3.646901,5.069358,-0.500000,0
GRID,3008,0,3.704305,4.920010,-0.500000,0
GRID,3009,0,3.761709,4.770662,-0.500000,0
GRID,3010,0,3.819113,4.621315,-0.500000,0
GRID,3011,0,3.876518,4.471967,-0.500000,0
GRID,3012,0,3.933922,4.322619,-0.500000,0
GRID,3013,0,3.991326,4.173271,-0.500000,0
GRID,3014,0,4.048730,4.023924,-0.500000,0
GRID,3015,0,4.106134,3.874576,-0.500000,0
GRID,3016,0,4.163539,3.725228,-0.500000,0
GRID,3017,0,4.220943,3.575880,-0.500000,0
GRID,3018,0,4.278347,3.426532,-0.500000,0
GRID,3019,0,4.335751,3.277185,-0.500000,0
GRID,3020,0,4.393156,3.127837,-0.500000,0
GRID,3021,0,4.450560,2.978489,-0.500000,0
GRID,3022,0,4.507964,2.829141,-0.500000,0
GRID,3023,0,4.565368,2.679794,-0.500000,0
GRID,3024,0,2.980000,7.779962,-0.500000,0
GRID,3025,0,4.920062,2.732531,-0.500000,0
GRID,3026,0,2.997727,7.733842,-0.500000,0
GRID,3027,0,3.055131,7.584494,-0.500000,0
GRID,3028,0,3.112536,7.435146,-0.500000,0
GRID,3029,0,3.169940,7.285798,-0.500000,0
GRID,3030,0,3.227344,7.136451,-0.500000,0
GRID,3031,0,3.284748,6.987103,-0.500000,0
GRID,3032,0,3.342152,6.837755,-0.500000,0
GRID,3033,0,3.399557,6.688407,-0.500000,0
GRID,3034,0,3.456961,6.539060,-0.500000,0
GRID,3035,0,3.514365,6.389712,-0.500000,0
GRID,3036,0,3.571769,6.240364,-0.500000,0
GRID,3037,0,3.629174,6.091016,-0.500000,0
GRID,3038,0,3.686578,5.941668,-0.500000,0
GRID,3039,0,3.743982,5.792321,-0.500000,0
GRID,3040,0,3.801386,5.642973,-0.500000,0
GRID,3041,0,3.858790,5.493625,-0.500000,0
GRID,3042,0,3.916195,5.344277,-0.500000,0
GRID,3043,0,3.973599,5.194930,-0.500000,0
GRID,3044,0,4.031003,5.045582,-0.500000,0
GRID,3045,0,4.088407,4.896234,-0.500000,0
GRID,3046,0,4.145812,4.746886,-0.500000,0
GRID,3047,0,4.203216,4.597539,-0.500000,0
GRID,3048,0,4.260620,4.448191,-0.500000,0
GRID,3049,0,4.318024,4.298843,-0.500000,0
GRID,3050,0,4.375428,4.149495,-0.500000,0
GRID,3051,0,4.432833,4.000148,-0.500000,0
GRID,3052,0,4.490237,3.850800,-0.500000,0
GRID,3053,0,4.547641,3.701452,-0.500000,0
GRID,3054,0,4.605045,3.552104,-0.500000,0
GRID,3055,0,4.662450,3.402756,-0.500000,0
GRID,3056,0,4.719854,3.253409,-0.500000,0
GRID,3057,0,4.777258,3.104061,-0.500000,0
GRID,3058,0,4.834662,2.954713,-0.500000,0
GRID,3059,0,4.892066,2.805365,-0.500000,0
GRID,3060,0,2.980000,8.755500,-0.500000,0
GRID,3061,0,5.227125,2.909186,-0.500000,0
GRID,3062,0,3.037404,8.606152,-0.500000,0
GRID,3063,0,3.094808,8.456804,-0.500000,0
GRID,3064,0,3.152213,8.307457,-0.500000,0
GRID,3065,0,3.209617,8.158109,-0.500000,0
GRID,3066,0,3.267021,8.008761,-0.500000,0
GRID,3067,0,3.324425,7.859413,-0.500000,0
GRID,3068,0,3.381830,7.710066,-0.500000,0
GRID,3069,0,3.439234,7.560718,-0.500000,0
GRID,3070,0,3.496638,7.411370,-0.500000,0
GRID,3071,0,3.554042,7.262022,-0.500000,0
GRID,3072,0,3.611446,7.112675,-0.500000,0
GRID,3073,0,3.668851,6.963327,-0.500000,0
GRID,3074,0,3.726255,6.813979,-0.500000,0
GRID,3075,0,3.783659,6.664631,-0.500000,0
GRID,3076,0,3.841063,6.515284,-0.500000,0
GRID,3077,0,3.898468,6.365936,-0.500000,0
GRID,3078,0,3.955872,6.216588,-0.500000,0
GRID,3079,0,4.013276,6.067240,-0.500000,0
GRID,3080,0,4.070680,5.917892,-0.500000,0
GRID,3081,0,4.128084,5.768545,-0.500000,0
GRID,3082,0,4.185489,5.619197,-0.500000,0
GRID,3083,0,4.242893,5.469849,-0.500000,0
GRID,3084,0,4.300297,5.320501,-0.500000,0
GRID,3085,0,4.357701,5.171154,-0.500000,0
GRID,3086,0,4.415106,5.021806,-0.500000,0
GRID,3087,0,4.472510,4.872458,-0.500000,0
GRID,3088,0,4.529914,4.723110,-0.500000,0
GRID,3089,0,4.587318,4.573763,-0.500000,0
GRID,3090,0,4.644722,4.424415,-0.500000,0
GRID,3091,0,4.702127,4.275067,-0.500000,0
GRID,3092,0,4.759531,4.125719,-0.500000,0
GRID,3093,0,4.816935,3.976371,-0.500000,0
GRID,3094,0,4.874339,3.827024,-0.500000,0
GRID,3095,0,4.931744,3.677676,-0.500000,0
GRID,3096,0,4.989148,3.528328,-0.500000,0
GRID,3097,0,5.046552,3.378980,-0.500000,0
GRID,3098,0,5.103956,3.229633,-0.500000,0
GRID,3099,0,5.161360,3.080285,-0.500000,0
GRID,3100,0,5.218765,2.930937,-0.500000,0
GRID,3101,0,3.306698,8.881072,-0.500000,0
GRID,3102,0,5.534188,3.085842,-0.500000,0
GRID,3103,0,3.364102,8.731724,-0.500000,0
GRID,3104,0,3.421507,8.582376,-0.500000,0
GRID,3105,0,3.478911,8.433028,-0.500000,0
GRID,3106,0,3.536315,8.283681,-0.500000,0
GRID,3107,0,3.593719,8.134333,-0.500000,0
GRID,3108,0,3.651124,7.984985,-0.500000,0
GRID,3109,0,3.708528,7.835637,-0.500000,0
GRID,3110,0,3.765932,7.686290,-0.500000,0
GRID,3111,0,3.823336,7.536942,-0.500000,0
GRID,3112,0,3.880740,7.387594,-0.500000,0
GRID,3113,0,3.938145,7.238246,-0.500000,0
GRID,3114,0,3.995549,7.088899,-0.500000,0
GRID,3115,0,4.052953,6.939551,-0.500000,0
GRID,3116,0,4.110357,6.790203,-0.500000,0
GRID,3117,0,4.167762,6.640855,-0.500000,0
GRID,3118,0,4.225166,6.491507,-0.500000,0
GRID,3119,0,4.282570,6.342160,-0.500000,0
GRID,3120,0,4.339974,6.192812,-0.500000,0
GRID,3121,0,4.397378,6.043464,-0.500000,0
GRID,3122,0,4.454783,5.894116,-0.500000,0
GRID,3123,0,4.512187,5.744769,-0.500000,0
GRID,3124,0,4.569591,5.595421,-0.500000,0
GRID,3125,0,4.626995,5.446073,-0.500000,0
GRID,3126,0,4.684400,5.296725,-0.500000,0
GRID,3127,0,4.741804,5.147378,-0.500000,0
GRID,3128,0,4.799208,4.998030,-0.500000,0
GRID,3129,0,4.856612,4.848682,-0.500000,0
GRID,3130,0,4.914016,4.699334,-0.500000,0
GRID,3131,0,4.971421,4.549987,-0.500000,0
GRID,3132,0,5.028825,4.400639,-0.500000,0
GRID,3133,0,5.086229,4.251291,-0.500000,0
GRID,3134,0,5.143633,4.101943,-0.500000,0
GRID,3135,0,5.201038,3.952595,-0.500000,0
GRID,3136,0,5.258442,3.803248,-0.500000,0
GRID,3137,0,5.315846,3.653900,-0.500000,0
GRID,3138,0,5.373250,3.504552,-0.500000,0
GRID,3139,0,5.430654,3.355204,-0.500000,0
GRID,3140,0,5.488059,3.205857,-0.500000,0
GRID,3141,0,3.633396,9.006643,-0.500000,0
GRID,3142,0,5.841252,3.262497,-0.500000,0
GRID,3143,0,3.690801,8.857296,-0.500000,0
GRID,3144,0,3.748205,8.707948,-0.500000,0
GRID,3145,0,3.805609,8.558600,-0.500000,0
GRID,3146,0,3.863013,8.409252,-0.500000,0
GRID,3147,0,3.920418,8.259905,-0.500000,0
GRID,3148,0,3.977822,8.110557,-0.500000,0
GRID,3149,0,4.035226,7.961209,-0.500000,0
GRID,3150,0,4.092630,7.811861,-0.500000,0
GRID,3151,0,4.150034,7.662514,-0.500000,0
GRID,3152,0,4.207439,7.513166,-0.500000,0
GRID,3153,0,4.264843,7.363818,-0.500000,0
GRID,3154,0,4.322247,7.214470,-0.500000,0
GRID,3155,0,4.379651,7.065123,-0.500000,0
GRID,3156,0,4.437056,6.915775,-0.500000,0
GRID,3157,0,4.494460,6.766427,-0.500000,0
GRID,3158,0,4.551864,6.617079,-0.500000,0
GRID,3159,0,4.609268,6.467731,-0.500000,0
GRID,3160,0,4.666672,6.318384,-0.500000,0
GRID,3161,0,4.724077,6.169036,-0.500000,0
GRID,3162,0,4.781481,6.019688,-0.500000,0
GRID,3163,0,4.838885,5.870340,-0.500000,0
GRID,3164,0,4.896289,5.720993,-0.500000,0
GRID,3165,0,4.953694,5.571645,-0.500000,0
GRID,3166,0,5.011098,5.422297,-0.500000,0
GRID,3167,0,5.068502,5.272949,-0.500000,0
GRID,3168,0,5.125906,5.123602,-0.500000,0
GRID,3169,0,5.183310,4.974254,-0.500000,0
GRID,3170,0,5.240715,4.824906,-0.500000,0
GRID,3171,0,5.298119,4.675558,-0.500000,0
GRID,3172,0,5.355523,4.526210,-0.500000,0
GRID,3173,0,5.412927,4.376863,-0.500000,0
GRID,3174,0,5.470332,4.227515,-0.500000,0
GRID,3175,0,5.527736,4.078167,-0.500000,0
GRID,3176,0,5.585140,3.928819,-0.500000,0
GRID,3177,0,5.642544,3.779472,-0.500000,0
GRID,3178,0,5.699948,3.630124,-0.500000,0
GRID,3179,0,5.757353,3.480776,-0.500000,0
GRID,3180,0,5.814757,3.331428,-0.500000,0
GRID,3181,0,3.960095,9.132215,-0.500000,0
GRID,3182,0,6.148315,3.439153,-0.500000,0
GRID,3183,0,4.017499,8.982867,-0.500000,0
GRID,3184,0,4.074903,8.833520,-0.500000,0
GRID,3185,0,4.132307,8.684172,-0.500000,0
GRID,3186,0,4.189712,8.534824,-0.500000,0
GRID,3187,0,4.247116,8.385476,-0.500000,0
GRID,3188,0,4.304520,8.236129,-0.500000,0
GRID,3189,0,4.361924,8.086781,-0.500000,0
GRID,3190,0,4.419328,7.937433,-0.500000,0
GRID,3191,0,4.476733,7.788085,-0.500000,0
GRID,3192,0,4.534137,7.638738,-0.500000,0
GRID,3193,0,4.591541,7.489390,-0.500000,0
GRID,3194,0,4.648945,7.340042,-0.500000,0
GRID,3195,0,4.706350,7.190694,-0.500000,0
GRID,3196,0,4.763754,7.041346,-0.500000,0
GRID,3197,0,4.821158,6.891999,-0.500000,0
GRID,3198,0,4.878562,6.742651,-0.500000,0
GRID,3199,0,4.935966,6.593303,-0.500000,0
GRID,3200,0,4.993371,6.443955,-0.500000,0
GRID,3201,0,5.050775,6.294608,-0.500000,0
GRID,3202,0,5.108179,6.145260,-0.500000,0
GRID,3203,0,5.165583,5.995912,-0.500000,0
GRID,3204,0,5.222988,5.846564,-0.500000,0
GRID,3205,0,5.280392,5.697217,-0.500000,0
GRID,3206,0,5.337796,5.547869,-0.500000,0
GRID,3207,0,5.395200,5.398521,-0.500000,0
GRID,3208,0,5.452604,5.249173,-0.500000,0
GRID,3209,0,5.510009,5.099826,-0.500000,0
GRID,3210,0,5.567413,4.950478,-0.500000,0
GRID,3211,0,5.624817,4.801130,-0.500000,0
GRID,3212,0,5.682221,4.651782,-0.500000,0
GRID,3213,0,5.739626,4.502434,-0.500000,0
GRID,3214,0,5.797030,4.353087,-0.500000,0
GRID,3215,0,5.854434,4.203739,-0.500000,0
GRID,3216,0,5.911838,4.054391,-0.500000,0
GRID,3217,0,5.969242,3.905043,-0.500000,0
GRID,3218,0,6.026647,3.755696,-0.500000,0
GRID,3219,0,6.084051,3.606348,-0.500000,0
GRID,3220,0,6.141455,3.457000,-0.500000,0
GRID,3221,0,4.286793,9.257787,-0.500000,0
GRID,3222,0,6.455378,3.615809,-0.500000,0
GRID,3223,0,4.344197,9.108439,-0.500000,0
GRID,3224,0,4.401601,8.959091,-0.500000,0
GRID,3225,0,4.459006,8.809744,-0.500000,0
GRID,3226,0,4.516410,8.660396,-0.500000,0
GRID,3227,0,4.573814,8.511048,-0.500000,0
GRID,3228,0,4.631218,8.361700,-0.500000,0
GRID,3229,0,4.688623,8.212353,-0.500000,0
GRID,3230,0,4.746027,8.063005,-0.500000,0
GRID,3231,0,4.803431,7.913657,-0.500000,0
GRID,3232,0,4.860835,7.764309,-0.500000,0
GRID,3233,0,4.918239,7.614962,-0.500000,0
GRID,3234,0,4.975644,7.465614,-0.500000,0
GRID,3235,0,5.033048,7.316266,-0.500000,0
GRID,3236,0,5.090452,7.166918,-0.500000,0
GRID,3237,0,5.147856,7.017570,-0.500000,0
GRID,3238,0,5.205261,6.868223,-0.500000,0
GRID,3239,0,5.262665,6.718875,-0.500000,0
GRID,3240,0,5.320069,6.569527,-0.500000,0
GRID,3241,0,5.377473,6.420179,-0.500000,0
GRID,3242,0,5.434877,6.270832,-0.500000,0
GRID,3243,0,5.492282,6.121484,-0.500000,0
GRID,3244,0,5.549686,5.972136,-0.500000,0
GRID,3245,0,5.607090,5.822788,-0.500000,0
GRID,3246,0,5.664494,5.673441,-0.500000,0
GRID,3247,0,5.721899,5.524093,-0.500000,0
GRID,3248,0,5.779303,5.374745,-0.500000,0
GRID,3249,0,5.836707,5.225397,-0.500000,0
GRID,3250,0,5.894111,5.076049,-0.500000,0
GRID,3251,0,5.951515,4.926702,-0.500000,0
GRID,3252,0,6.008920,4.777354,-0.500000,0
GRID,3253,0,6.066324,4.628006,-0.500000,0
GRID,3254,0,6.123728,4.478658,-0.500000,0
GRID,3255,0,6.181132,4.329311,-0.500000,0
GRID,3256,0,6.238537,4.179963,-0.500000,0
GRID,3257,0,6.295941,4.030615,-0.500000,0
GRID,3258,0,6.353345,3.881267,-0.500000,0
GRID,3259,0,6.410749,3.731920,-0.500000,0
GRID,3260,0,4.613491,9.383359,-0.500000,0
GRID,3261,0,6.762442,3.792464,-0.500000,0
GRID,3262,0,4.670895,9.234011,-0.500000,0
GRID,3263,0,4.728300,9.084663,-0.500000,0
GRID,3264,0,4.785704,8.935315,-0.500000,0
GRID,3265,0,4.843108,8.785968,-0.500000,0
GRID,3266,0,4.900512,8.636620,-0.500000,0
GRID,3267,0,4.957917,8.487272,-0.500000,0
GRID,3268,0,5.015321,8.337924,-0.500000,0
GRID,3269,0,5.072725,8.188577,-0.500000,0
GRID,3270,0,5.130129,8.039229,-0.500000,0
GRID,3271,0,5.187533,7.889881,-0.500000,0
GRID,3272,0,5.244938,7.740533,-0.500000,0
GRID,3273,0,5.302342,7.591185,-0.500000,0
GRID,3274,0,5.359746,7.441838,-0.500000,0
GRID,3275,0,5.417150,7.292490,-0.500000,0
GRID,3276,0,5.474555,7.143142,-0.500000,0
GRID,3277,0,5.531959,6.993794,-0.500000,0
GRID,3278,0,5.589363,6.844447,-0.500000,0
GRID,3279,0,5.646767,6.695099,-0.500000,0
GRID,3280,0,5.704171,6.545751,-0.500000,0
GRID,3281,0,5.761576,6.396403,-0.500000,0
GRID,3282,0,5.818980,6.247056,-0.500000,0
GRID,3283,0,5.876384,6.097708,-0.500000,0
GRID,3284,0,5.933788,5.948360,-0.500000,0
GRID,3285,0,5.991193,5.799012,-0.500000,0
GRID,3286,0,6.048597,5.649665,-0.500000,0
GRID,3287,0,6.106001,5.500317,-0.500000,0
GRID,3288,0,6.163405,5.350969,-0.500000,0
GRID,3289,0,6.220809,5.201621,-0.500000,0
GRID,3290,0,6.278214,5.052273,-0.500000,0
GRID,3291,0,6.335618,4.902926,-0.500000,0
GRID,3292,0,6.393022,4.753578,-0.500000,0
GRID,3293,0,6.450426,4.604230,-0.500000,0
GRID,3294,0,6.507831,4.454882,-0.500000,0
GRID,3295,0,6.565235,4.305535,-0.500000,0
GRID,3296,0,6.622639,4.156187,-0.500000,0
GRID,3297,0,6.680043,4.006839,-0.500000,0
GRID,3298,0,6.737447,3.857491,-0.500000,0
GRID,3299,0,4.940189,9.508930,-0.500000,0
GRID,3300,0,7.069505,3.969120,-0.500000,0
GRID,3301,0,4.997594,9.359583,-0.500000,0
GRID,3302,0,5.054998,9.210235,-0.500000,0
GRID,3303,0,5.112402,9.060887,-0.500000,0
GRID,3304,0,5.169806,8.911539,-0.500000,0
GRID,3305,0,5.227211,8.762192,-0.500000,0
GRID,3306,0,5.284615,8.612844,-0.500000,0
GRID,3307,0,5.342019,8.463496,-0.500000,0
GRID,3308,0,5.399423,8.314148,-0.500000,0
GRID,3309,0,5.456827,8.164801,-0.500000,0
GRID,3310,0,5.514232,8.015453,-0.500000,0
GRID,3311,0,5.571636,7.866105,-0.500000,0
GRID,3312,0,5.629040,7.716757,-0.500000,0
GRID,3313,0,5.686444,7.567409,-0.500000,0
GRID,3314,0,5.743849,7.418062,-0.500000,0
GRID,3315,0,5.801253,7.268714,-0.500000,0
GRID,3316,0,5.858657,7.119366,-0.500000,0
GRID,3317,0,5.916061,6.970018,-0.500000,0
GRID,3318,0,5.973465,6.820671,-0.500000,0
GRID,3319,0,6.030870,6.671323,-0.500000,0
GRID,3320,0,6.088274,6.521975,-0.500000,0
GRID,3321,0,6.145678,6.372627,-0.500000,0
GRID,3322,0,6.203082,6.223280,-0.500000,0
GRID,3323,0,6.260487,6.073932,-0.500000,0
GRID,3324,0,6.317891,5.924584,-0.500000,0
GRID,3325,0,6.375295,5.775236,-0.500000,0
GRID,3326,0,6.432699,5.625888,-0.500000,0
GRID,3327,0,6.490103,5.476541,-0.500000,0
GRID,3328,0,6.547508,5.327193,-0.500000,0
GRID,3329,0,6.604912,5.177845,-0.500000,0
GRID,3330,0,6.662316,5.028497,-0.500000,0
GRID,3331,0,6.719720,4.879150,-0.500000,0
GRID,3332,0,6.777125,4.729802,-0.500000,0
GRID,3333,0,6.834529,4.580454,-0.500000,0
GRID,3334,0,6.891933,4.431106,-0.500000,0
GRID,3335,0,6.949337,4.281759,-0.500000,0
GRID,3336,0,7.006741,4.132411,-0.500000,0
GRID,3337,0,7.064146,3.983063,-0.500000,0
GRID,3338,0,5.266888,9.634502,-0.500000,0
GRID,3339,0,7.376568,4.145775,-0.500000,0
GRID,3340,0,5.324292,9.485154,-0.500000,0
GRID,3341,0,5.381696,9.335807,-0.500000,0
GRID,3342,0,5.439100,9.186459,-0.500000,0
GRID,3343,0,5.496505,9.037111,-0.500000,0
GRID,3344,0,5.553909,8.887763,-0.500000,0
GRID,3345,0,5.611313,8.738416,-0.500000,0
GRID,3346,0,5.668717,8.589068,-0.500000,0
GRID,3347,0,5.726121,8.439720,-0.500000,0
GRID,3348,0,5.783526,8.290372,-0.500000,0
GRID,3349,0,5.840930,8.141024,-0.500000,0
GRID,3350,0,5.898334,7.991677,-0.500000,0
GRID,3351,0,5.955738,7.842329,-0.500000,0
GRID,3352,0,6.013143,7.692981,-0.500000,0
GRID,3353,0,6.070547,7.543633,-0.500000,0
GRID,3354,0,6.127951,7.394286,-0.500000,0
GRID,3355,0,6.185355,7.244938,-0.500000,0
GRID,3356,0,6.242759,7.095590,-0.500000,0
GRID,3357,0,6.300164,6.946242,-0.500000,0
GRID,3358,0,6.357568,6.796895,-0.500000,0
GRID,3359,0,6.414972,6.647547,-0.500000,0
GRID,3360,0,6.472376,6.498199,-0.500000,0
GRID,3361,0,6.529781,6.348851,-0.500000,0
GRID,3362,0,6.587185,6.199504,-0.500000,0
GRID,3363,0,6.644589,6.050156,-0.500000,0
GRID,3364,0,6.701993,5.900808,-0.500000,0
GRID,3365,0,6.759397,5.751460,-0.500000,0
GRID,3366,0,6.816802,5.602112,-0.500000,0
GRID,3367,0,6.874206,5.452765,-0.500000,0
GRID,3368,0,6.931610,5.303417,-0.500000,0
GRID,3369,0,6.989014,5.154069,-0.500000,0
GRID,3370,0,7.046419,5.004721,-0.500000,0
GRID,3371,0,7.103823,4.855374,-0.500000,0
GRID,3372,0,7.161227,4.706026,-0.500000,0
GRID,3373,0,7.218631,4.556678,-0.500000,0
GRID,3374,0,7.276035,4.407330,-0.500000,0
GRID,3375,0,7.333440,4.257983,-0.500000,0
GRID,3376,0,5.593586,9.760074,-0.500000,0
GRID,3377,0,7.683632,4.322431,-0.500000,0
GRID,3378,0,5.650990,9.610726,-0.500000,0
GRID,3379,0,5.708394,9.461378,-0.500000,0
GRID,3380,0,5.765799,9.312031,-0.500000,0
GRID,3381,0,5.823203,9.162683,-0.500000,0
GRID,3382,0,5.880607,9.013335,-0.500000,0
GRID,3383,0,5.938011,8.863987,-0.500000,0
GRID,3384,0,5.995415,8.714640,-0.500000,0
GRID,3385,0,6.052820,8.565292,-0.500000,0
GRID,3386,0,6.110224,8.415944,-0.500000,0
GRID,3387,0,6.167628,8.266596,-0.500000,0
GRID,3388,0,6.225032,8.117248,-0.500000,0
GRID,3389,0,6.282437,7.967901,-0.500000,0
GRID,3390,0,6.339841,7.818553,-0.500000,0
GRID,3391,0,6.397245,7.669205,-0.500000,0
GRID,3392,0,6.454649,7.519857,-0.500000,0
GRID,3393,0,6.512053,7.370510,-0.500000,0
GRID,3394,0,6.569458,7.221162,-0.500000,0
GRID,3395,0,6.626862,7.071814,-0.500000,0
GRID,3396,0,6.684266,6.922466,-0.500000,0
GRID,3397,0,6.741670,6.773119,-0.500000,0
GRID,3398,0,6.799075,6.623771,-0.500000,0
GRID,3399,0,6.856479,6.474423,-0.500000,0
GRID,3400,0,6.913883,6.325075,-0.500000,0
GRID,3401,0,6.971287,6.175728,-0.500000,0
GRID,3402,0,7.028691,6.026380,-0.500000,0
GRID,3403,0,7.086096,5.877032,-0.500000,0
GRID,3404,0,7.143500,5.727684,-0.500000,0
GRID,3405,0,7.200904,5.578336,-0.500000,0
GRID,3406,0,7.258308,5.428989,-0.500000,0
GRID,3407,0,7.315713,5.279641,-0.500000,0
GRID,3408,0,7.373117,5.130293,-0.500000,0
GRID,3409,0,7.430521,4.980945,-0.500000,0
GRID,3410,0,7.487925,4.831598,-0.500000,0
GRID,3411,0,7.545329,4.682250,-0.500000,0
GRID,3412,0,7.602734,4.532902,-0.500000,0
GRID,3413,0,7.660138,4.383554,-0.500000,0
GRID,3414,0,5.920284,9.885646,-0.500000,0
GRID,3415,0,7.990695,4.499087,-0.500000,0
GRID,3416,0,5.977688,9.736298,-0.500000,0
GRID,3417,0,6.035093,9.586950,-0.500000,0
GRID,3418,0,6.092497,9.437602,-0.500000,0
GRID,3419,0,6.149901,9.288255,-0.500000,0
GRID,3420,0,6.207305,9.138907,-0.500000,0
GRID,3421,0,6.264709,8.989559,-0.500000,0
GRID,3422,0,6.322114,8.840211,-0.500000,0
GRID,3423,0,6.379518,8.690863,-0.500000,0
GRID,3424,0,6.436922,8.541516,-0.500000,0
GRID,3425,0,6.494326,8.392168,-0.500000,0
GRID,3426,0,6.551731,8.242820,-0.500000,0
GRID,3427,0,6.609135,8.093472,-0.500000,0
GRID,3428,0,6.666539,7.944125,-0.500000,0
GRID,3429,0,6.723943,7.794777,-0.500000,0
GRID,3430,0,6.781347,7.645429,-0.500000,0
GRID,3431,0,6.838752,7.496081,-0.500000,0
GRID,3432,0,6.896156,7.346734,-0.500000,0
GRID,3433,0,6.953560,7.197386,-0.500000,0
GRID,3434,0,7.010964,7.048038,-0.500000,0
GRID,3435,0,7.068369,6.898690,-0.500000,0
GRID,3436,0,7.125773,6.749343,-0.500000,0
GRID,3437,0,7.183177,6.599995,-0.500000,0
GRID,3438,0,7.240581,6.450647,-0.500000,0
GRID,3439,0,7.297985,6.301299,-0.500000,0
GRID,3440,0,7.355390,6.151951,-0.500000,0
GRID,3441,0,7.412794,6.002604,-0.500000,0
GRID,3442,0,7.470198,5.853256,-0.500000,0
GRID,3443,0,7.527602,5.703908,-0.500000,0
GRID,3444,0,7.585007,5.554560,-0.500000,0
GRID,3445,0,7.642411,5.405213,-0.500000,0
GRID,3446,0,7.699815,5.255865,-0.500000,0
GRID,3447,0,7.757219,5.106517,-0.500000,0
GRID,3448,0,7.814623,4.957169,-0.500000,0
GRID,3449,0,7.872028,4.807822,-0.500000,0
GRID,3450,0,7.929432,4.658474,-0.500000,0
GRID,3451,0,7.986836,4.509126,-0.500000,0
GRID,3452,0,6.246982,10.011217,-0.500000,0
GRID,3453,0,8.297758,4.675742,-0.500000,0
GRID,3454,0,6.304387,9.861870,-0.500000,0
GRID,3455,0,6.361791,9.712522,-0.500000,0
GRID,3456,0,6.419195,9.563174,-0.500000,0
GRID,3457,0,6.476599,9.413826,-0.500000,0
GRID,3458,0,6.534003,9.264479,-0.500000,0
GRID,3459,0,6.591408,9.115131,-0.500000,0
GRID,3460,0,6.648812,8.965783,-0.500000,0
GRID,3461,0,6.706216,8.816435,-0.500000,0
GRID,3462,0,6.763620,8.667087,-0.500000,0
GRID,3463,0,6.821025,8.517740,-0.500000,0
GRID,3464,0,6.878429,8.368392,-0.500000,0
GRID,3465,0,6.935833,8.219044,-0.500000,0
GRID,3466,0,6.993237,8.069696,-0.500000,0
GRID,3467,0,7.050641,7.920349,-0.500000,0
GRID,3468,0,7.108046,7.771001,-0.500000,0
GRID,3469,0,7.165450,7.621653,-0.500000,0
GRID,3470,0,7.222854,7.472305,-0.500000,0
GRID,3471,0,7.280258,7.322958,-0.500000,0
GRID,3472,0,7.337663,7.173610,-0.500000,0
GRID,3473,0,7.395067,7.024262,-0.500000,0
GRID,3474,0,7.452471,6.874914,-0.500000,0
GRID,3475,0,7.509875,6.725567,-0.500000,0
GRID,3476,0,7.567279,6.576219,-0.500000,0
GRID,3477,0,7.624684,6.426871,-0.500000,0
GRID,3478,0,7.682088,6.277523,-0.500000,0
GRID,3479,0,7.739492,6.128175,-0.500000,0
GRID,3480,0,7.796896,5.978828,-0.500000,0
GRID,3481,0,7.854301,5.829480,-0.500000,0
GRID,3482,0,7.911705,5.680132,-0.500000,0
GRID,3483,0,7.969109,5.530784,-0.500000,0
GRID,3484,0,8.026513,5.381437,-0.500000,0
GRID,3485,0,8.083917,5.232089,-0.500000,0
GRID,3486,0,8.141322,5.082741,-0.500000,0
GRID,3487,0,8.198726,4.933393,-0.500000,0
GRID,3488,0,8.256130,4.784046,-0.500000,0
GRID,3489,0,6.573681,10.136789,-0.500000,0
GRID,3490,0,8.604822,4.852398,-0.500000,0
GRID,3491,0,6.631085,9.987441,-0.500000,0
GRID,3492,0,6.688489,9.838094,-0.500000,0
GRID,3493,0,6.745893,9.688746,-0.500000,0
GRID,3494,0,6.803298,9.539398,-0.500000,0
GRID,3495,0,6.860702,9.390050,-0.500000,0
GRID,3496,0,6.918106,9.240703,-0.500000,0
GRID,3497,0,6.975510,9.091355,-0.500000,0
GRID,3498,0,7.032914,8.942007,-0.500000,0
GRID,3499,0,7.090319,8.792659,-0.500000,0
GRID,3500,0,7.147723,8.643311,-0.500000,0
GRID,3501,0,7.205127,8.493964,-0.500000,0
GRID,3502,0,7.262531,8.344616,-0.500000,0
GRID,3503,0,7.319936,8.195268,-0.500000,0
GRID,3504,0,7.377340,8.045920,-0.500000,0
GRID,3505,0,7.434744,7.896573,-0.500000,0
GRID,3506,0,7.492148,7.747225,-0.500000,0
GRID,3507,0,7.549552,7.597877,-0.500000,0
GRID,3508,0,7.606957,7.448529,-0.500000,0
GRID,3509,0,7.664361,7.299182,-0.500000,0
GRID,3510,0,7.721765,7.149834,-0.500000,0
GRID,3511,0,7.779169,7.000486,-0.500000,0
GRID,3512,0,7.836574,6.851138,-0.500000,0
GRID,3513,0,7.893978,6.701790,-0.500000,0
GRID,3514,0,7.951382,6.552443,-0.500000,0
GRID,3515,0,8.008786,6.403095,-0.500000,0
GRID,3516,0,8.066190,6.253747,-0.500000,0
GRID,3517,0,8.123595,6.104399,-0.500000,0
GRID,3518,0,8.180999,5.955052,-0.500000,0
GRID,3519,0,8.238403,5.805704,-0.500000,0
GRID,3520,0,8.295807,5.656356,-0.500000,0
GRID,3521,0,8.353212,5.507008,-0.500000,0
GRID,3522,0,8.410616,5.357661,-0.500000,0
GRID,3523,0,8.468020,5.208313,-0.500000,0
GRID,3524,0,8.525424,5.058965,-0.500000,0
GRID,3525,0,8.582828,4.909617,-0.500000,0
GRID,3526,0,6.900379,10.262361,-0.500000,0
GRID,3527,0,8.911885,5.029054,-0.500000,0
GRID,3528,0,6.957783,10.113013,-0.500000,0
GRID,3529,0,7.015187,9.963665,-0.500000,0
GRID,3530,0,7.072592,9.814318,-0.500000,0
GRID,3531,0,7.129996,9.664970,-0.500000,0
GRID,3532,0,7.187400,9.515622,-0.500000,0
GRID,3533,0,7.244804,9.366274,-0.500000,0
GRID,3534,0,7.302208,9.216926,-0.500000,0
GRID,3535,0,7.359613,9.067579,-0.500000,0
GRID,3536,0,7.417017,8.918231,-0.500000,0
GRID,3537,0,7.474421,8.768883,-0.500000,0
GRID,3538,0,7.531825,8.619535,-0.500000,0
GRID,3539,0,7.589230,8.470188,-0.500000,0
GRID,3540,0,7.646634,8.320840,-0.500000,0
GRID,3541,0,7.704038,8.171492,-0.500000,0
GRID,3542,0,7.761442,8.022144,-0.500000,0
GRID,3543,0,7.818846,7.872797,-0.500000,0
GRID,3544,0,7.876251,7.723449,-0.500000,0
GRID,3545,0,7.933655,7.574101,-0.500000,0
GRID,3546,0,7.991059,7.424753,-0.500000,0
GRID,3547,0,8.048463,7.275406,-0.500000,0
GRID,3548,0,8.105868,7.126058,-0.500000,0
GRID,3549,0,8.163272,6.976710,-0.500000,0
GRID,3550,0,8.220676,6.827362,-0.500000,0
GRID,3551,0,8.278080,6.678014,-0.500000,0
GRID,3552,0,8.335484,6.528667,-0.500000,0
GRID,3553,0,8.392889,6.379319,-0.500000,0
GRID,3554,0,8.450293,6.229971,-0.500000,0
GRID,3555,0,8.507697,6.080623,-0.500000,0
GRID,3556,0,8.565101,5.931276,-0.500000,0
GRID,3557,0,8.622506,5.781928,-0.500000,0
GRID,3558,0,8.679910,5.632580,-0.500000,0
GRID,3559,0,8.737314,5.483232,-0.500000,0
GRID,3560,0,8.794718,5.333885,-0.500000,0
GRID,3561,0,8.852122,5.184537,-0.500000,0
GRID,3562,0,8.909527,5.035189,-0.500000,0
GRID,3563,0,7.227077,10.387933,-0.500000,0
GRID,3564,0,9.218948,5.205709,-0.500000,0
GRID,3565,0,7.284481,10.238585,-0.500000,0
GRID,3566,0,7.341886,10.089237,-0.500000,0
GRID,3567,0,7.399290,9.939889,-0.500000,0
GRID,3568,0,7.456694,9.790542,-0.500000,0
GRID,3569,0,7.514098,9.641194,-0.500000,0
GRID,3570,0,7.571502,9.491846,-0.500000,0
GRID,3571,0,7.628907,9.342498,-0.500000,0
GRID,3572,0,7.686311,9.193150,-0.500000,0
GRID,3573,0,7.743715,9.043803,-0.500000,0
GRID,3574,0,7.801119,8.894455,-0.500000,0
GRID,3575,0,7.858524,8.745107,-0.500000,0
GRID,3576,0,7.915928,8.595759,-0.500000,0
GRID,3577,0,7.973332,8.446412,-0.500000,0
GRID,3578,0,8.030736,8.297064,-0.500000,0
GRID,3579,0,8.088140,8.147716,-0.500000,0
GRID,3580,0,8.145545,7.998368,-0.500000,0
GRID,3581,0,8.202949,7.849021,-0.500000,0
GRID,3582,0,8.260353,7.699673,-0.500000,0
GRID,3583,0,8.317757,7.550325,-0.500000,0
GRID,3584,0,8.375162,7.400977,-0.500000,0
GRID,3585,0,8.432566,7.251629,-0.500000,0
GRID,3586,0,8.489970,7.102282,-0.500000,0
GRID,3587,0,8.547374,6.952934,-0.500000,0
GRID,3588,0,8.604778,6.803586,-0.500000,0
GRID,3589,0,8.662183,6.654238,-0.500000,0
GRID,3590,0,8.719587,6.504891,-0.500000,0
GRID,3591,0,8.776991,6.355543,-0.500000,0
GRID,3592,0,8.834395,6.206195,-0.500000,0
GRID,3593,0,8.891800,6.056847,-0.500000,0
GRID,3594,0,8.949204,5.907500,-0.500000,0
GRID,3595,0,9.006608,5.758152,-0.500000,0
GRID,3596,0,9.064012,5.608804,-0.500000,0
GRID,3597,0,9.121416,5.459456,-0.500000,0
GRID,3598,0,9.178821,5.310109,-0.500000,0
GRID,3599,0,7.553775,10.513504,-0.500000,0
GRID,3600,0,9.526012,5.382365,-0.500000,0
GRID,3601,0,7.611180,10.364157,-0.500000,0
GRID,3602,0,7.668584,10.214809,-0.500000,0
GRID,3603,0,7.725988,10.065461,-0.500000,0
GRID,3604,0,7.783392,9.916113,-0.500000,0
GRID,3605,0,7.840796,9.766765,-0.500000,0
GRID,3606,0,7.898201,9.617418,-0.500000,0
GRID,3607,0,7.955605,9.468070,-0.500000,0
GRID,3608,0,8.013009,9.318722,-0.500000,0
GRID,3609,0,8.070413,9.169374,-0.500000,0
GRID,3610,0,8.127818,9.020027,-0.500000,0
GRID,3611,0,8.185222,8.870679,-0.500000,0
GRID,3612,0,8.242626,8.721331,-0.500000,0
GRID,3613,0,8.300030,8.571983,-0.500000,0
GRID,3614,0,8.357434,8.422636,-0.500000,0
GRID,3615,0,8.414839,8.273288,-0.500000,0
GRID,3616,0,8.472243,8.123940,-0.500000,0
GRID,3617,0,8.529647,7.974592,-0.500000,0
GRID,3618,0,8.587051,7.825245,-0.500000,0
GRID,3619,0,8.644456,7.675897,-0.500000,0
GRID,3620,0,8.701860,7.526549,-0.500000,0
GRID,3621,0,8.759264,7.377201,-0.500000,0
GRID,3622,0,8.816668,7.227853,-0.500000,0
GRID,3623,0,8.874072,7.078506,-0.500000,0
GRID,3624,0,8.931477,6.929158,-0.500000,0
GRID,3625,0,8.988881,6.779810,-0.500000,0
GRID,3626,0,9.046285,6.630462,-0.500000,0
GRID,3627,0,9.103689,6.481115,-0.500000,0
GRID,3628,0,9.161094,6.331767,-0.500000,0
GRID,3629,0,9.218498,6.182419,-0.500000,0
GRID,3630,0,9.275902,6.033071,-0.500000,0
GRID,3631,0,9.333306,5.883724,-0.500000,0
GRID,3632,0,9.390710,5.734376,-0.500000,0
GRID,3633,0,9.448115,5.585028,-0.500000,0
GRID,3634,0,9.505519,5.435680,-0.500000,0
GRID,3635,0,7.880474,10.639076,-0.500000,0
GRID,3636,0,9.833075,5.559020,-0.500000,0
GRID,3637,0,7.937878,10.489728,-0.500000,0
GRID,3638,0,7.995282,10.340381,-0.500000,0
GRID,3639,0,8.052686,10.191033,-0.500000,0
GRID,3640,0,8.110090,10.041685,-0.500000,0
GRID,3641,0,8.167495,9.892337,-0.500000,0
GRID,3642,0,8.224899,9.742989,-0.500000,0
GRID,3643,0,8.282303,9.593642,-0.500000,0
GRID,3644,0,8.339707,9.444294,-0.500000,0
GRID,3645,0,8.397112,9.294946,-0.500000,0
GRID,3646,0,8.454516,9.145598,-0.500000,0
GRID,3647,0,8.511920,8.996251,-0.500000,0
GRID,3648,0,8.569324,8.846903,-0.500000,0
GRID,3649,0,8.626728,8.697555,-0.500000,0
GRID,3650,0,8.684133,8.548207,-0.500000,0
GRID,3651,0,8.741537,8.398860,-0.500000,0
GRID,3652,0,8.798941,8.249512,-0.500000,0
GRID,3653,0,8.856345,8.100164,-0.500000,0
GRID,3654,0,8.913750,7.950816,-0.500000,0
GRID,3655,0,8.971154,7.801468,-0.500000,0
GRID,3656,0,9.028558,7.652121,-0.500000,0
GRID,3657,0,9.085962,7.502773,-0.500000,0
GRID,3658,0,9.143366,7.353425,-0.500000,0
GRID,3659,0,9.200771,7.204077,-0.500000,0
GRID,3660,0,9.258175,7.054730,-0.500000,0
GRID,3661,0,9.315579,6.905382,-0.500000,0
GRID,3662,0,9.372983,6.756034,-0.500000,0
GRID,3663,0,9.430388,6.606686,-0.500000,0
GRID,3664,0,9.487792,6.457339,-0.500000,0
GRID,3665,0,9.545196,6.307991,-0.500000,0
GRID,3666,0,9.602600,6.158643,-0.500000,0
GRID,3667,0,9.660004,6.009295,-0.500000,0
GRID,3668,0,9.717409,5.859948,-0.500000,0
GRID,3669,0,9.774813,5.710600,-0.500000,0
GRID,3670,0,9.832217,5.561252,-0.500000,0
GRID,3671,0,8.207172,10.764648,-0.500000,0
GRID,3672,0,10.140138,5.735676,-0.500000,0
GRID,3673,0,8.264576,10.615300,-0.500000,0
GRID,3674,0,8.321980,10.465952,-0.500000,0
GRID,3675,0,8.379384,10.316604,-0.500000,0
GRID,3676,0,8.436789,10.167257,-0.500000,0
GRID,3677,0,8.494193,10.017909,-0.500000,0
GRID,3678,0,8.551597,9.868561,-0.500000,0
GRID,3679,0,8.609001,9.719213,-0.500000,0
GRID,3680,0,8.666406,9.569866,-0.500000,0
GRID,3681,0,8.723810,9.420518,-0.500000,0
GRID,3682,0,8.781214,9.271170,-0.500000,0
GRID,3683,0,8.838618,9.121822,-0.500000,0
GRID,3684,0,8.896022,8.972475,-0.500000,0
GRID,3685,0,8.953427,8.823127,-0.500000,0
GRID,3686,0,9.010831,8.673779,-0.500000,0
GRID,3687,0,9.068235,8.524431,-0.500000,0
GRID,3688,0,9.125639,8.375084,-0.500000,0
GRID,3689,0,9.183044,8.225736,-0.500000,0
GRID,3690,0,9.240448,8.076388,-0.500000,0
GRID,3691,0,9.297852,7.927040,-0.500000,0
GRID,3692,0,9.355256,7.777692,-0.500000,0
GRID,3693,0,9.412660,7.628345,-0.500000,0
GRID,3694,0,9.470065,7.478997,-0.500000,0
GRID,3695,0,9.527469,7.329649,-0.500000,0
GRID,3696,0,9.584873,7.180301,-0.500000,0
GRID,3697,0,9.642277,7.030954,-0.500000,0
GRID,3698,0,9.699682,6.881606,-0.500000,0
GRID,3699,0,9.757086,6.732258,-0.500000,0
GRID,3700,0,9.814490,6.582910,-0.500000,0
GRID,3701,0,9.871894,6.433563,-0.500000,0
GRID,3702,0,9.929298,6.284215,-0.500000,0
GRID,3703,0,9.986703,6.134867,-0.500000,0
GRID,3704,0,10.044107,5.985519,-0.500000,0
GRID,3705,0,10.101511,5.836171,-0.500000,0
GRID,3706,0,8.533870,10.890220,-0.500000,0
GRID,3707,0,10.447202,5.912332,-0.500000,0
GRID,3708,0,8.591274,10.740872,-0.500000,0
GRID,3709,0,8.648678,10.591524,-0.500000,0
GRID,3710,0,8.706083,10.442176,-0.500000,0
GRID,3711,0,8.763487,10.292828,-0.500000,0
GRID,3712,0,8.820891,10.143481,-0.500000,0
GRID,3713,0,8.878295,9.994133,-0.500000,0
GRID,3714,0,8.935700,9.844785,-0.500000,0
GRID,3715,0,8.993104,9.695437,-0.500000,0
GRID,3716,0,9.050508,9.546090,-0.500000,0
GRID,3717,0,9.107912,9.396742,-0.500000,0
GRID,3718,0,9.165316,9.247394,-0.500000,0
GRID,3719,0,9.222721,9.098046,-0.500000,0
GRID,3720,0,9.280125,8.948699,-0.500000,0
GRID,3721,0,9.337529,8.799351,-0.500000,0
GRID,3722,0,9.394933,8.650003,-0.500000,0
GRID,3723,0,9.452338,8.500655,-0.500000,0
GRID,3724,0,9.509742,8.351307,-0.500000,0
GRID,3725,0,9.567146,8.201960,-0.500000,0
GRID,3726,0,9.624550,8.052612,-0.500000,0
GRID,3727,0,9.681955,7.903264,-0.500000,0
GRID,3728,0,9.739359,7.753916,-0.500000,0
GRID,3729,0,9.796763,7.604569,-0.500000,0
GRID,3730,0,9.854167,7.455221,-0.500000,0
GRID,3731,0,9.911571,7.305873,-0.500000,0
GRID,3732,0,9.968976,7.156525,-0.500000,0
GRID,3733,0,10.026380,7.007178,-0.500000,0
GRID,3734,0,10.083784,6.857830,-0.500000,0
GRID,3735,0,10.141188,6.708482,-0.500000,0
GRID,3736,0,10.198593,6.559134,-0.500000,0
GRID,3737,0,10.255997,6.409787,-0.500000,0
GRID,3738,0,10.313401,6.260439,-0.500000,0
GRID,3739,0,10.370805,6.111091,-0.500000,0
GRID,3740,0,10.428209,5.961743,-0.500000,0
GRID,3741,0,8.860568,11.015791,-0.500000,0
GRID,3742,0,10.754265,6.088987,-0.500000,0
GRID,3743,0,8.917973,10.866443,-0.500000,0
GRID,3744,0,8.975377,10.717096,-0.500000,0
GRID,3745,0,9.032781,10.567748,-0.500000,0
GRID,3746,0,9.090185,10.418400,-0.500000,0
GRID,3747,0,9.147589,10.269052,-0.500000,0
GRID,3748,0,9.204994,10.119705,-0.500000,0
GRID,3749,0,9.262398,9.970357,-0.500000,0
GRID,3750,0,9.319802,9.821009,-0.500000,0
GRID,3751,0,9.377206,9.671661,-0.500000,0
GRID,3752,0,9.434611,9.522314,-0.500000,0
GRID,3753,0,9.492015,9.372966,-0.500000,0
GRID,3754,0,9.549419,9.223618,-0.500000,0
GRID,3755,0,9.606823,9.074270,-0.500000,0
GRID,3756,0,9.664227,8.924923,-0.500000,0
GRID,3757,0,9.721632,8.775575,-0.500000,0
GRID,3758,0,9.779036,8.626227,-0.500000,0
GRID,3759,0,9.836440,8.476879,-0.500000,0
GRID,3760,0,9.893844,8.327531,-0.500000,0
GRID,3761,0,9.951249,8.178184,-0.500000,0
GRID,3762,0,10.008653,8.028836,-0.500000,0
GRID,3763,0,10.066057,7.879488,-0.500000,0
GRID,3764,0,10.123461,7.730140,-0.500000,0
GRID,3765,0,10.180865,7.580793,-0.500000,0
GRID,3766,0,10.238270,7.431445,-0.500000,0
GRID,3767,0,10.295674,7.282097,-0.500000,0
GRID,3768,0,10.353078,7.132749,-0.500000,0
GRID,3769,0,10.410482,6.983402,-0.500000,0
GRID,3770,0,10.467887,6.834054,-0.500000,0
GRID,3771,0,10.525291,6.684706,-0.500000,0
GRID,3772,0,10.582695,6.535358,-0.500000,0
GRID,3773,0,10.640099,6.386011,-0.500000,0
GRID,3774,0,10.697503,6.236663,-0.500000,0
GRID,3775,0,9.187267,11.141363,-0.500000,0
GRID,3776,0,11.061328,6.265643,-0.500000,0
GRID,3777,0,9.244671,10.992015,-0.500000,0
GRID,3778,0,9.302075,10.842667,-0.500000,0
GRID,3779,0,9.359479,10.693320,-0.500000,0
GRID,3780,0,9.416883,10.543972,-0.500000,0
GRID,3781,0,9.474288,10.394624,-0.500000,0
GRID,3782,0,9.531692,10.245276,-0.500000,0
GRID,3783,0,9.589096,10.095929,-0.500000,0
GRID,3784,0,9.646500,9.946581,-0.500000,0
GRID,3785,0,9.703905,9.797233,-0.500000,0
GRID,3786,0,9.761309,9.647885,-0.500000,0
GRID,3787,0,9.818713,9.498538,-0.500000,0
GRID,3788,0,9.876117,9.349190,-0.500000,0
GRID,3789,0,9.933521,9.199842,-0.500000,0
GRID,3790,0,9.990926,9.050494,-0.500000,0
GRID,3791,0,10.048330,8.901146,-0.500000,0
GRID,3792,0,10.105734,8.751799,-0.500000,0
GRID,3793,0,10.163138,8.602451,-0.500000,0
GRID,3794,0,10.220543,8.453103,-0.500000,0
GRID,3795,0,10.277947,8.303755,-0.500000,0
GRID,3796,0,10.335351,8.154408,-0.500000,0
GRID,3797,0,10.392755,8.005060,-0.500000,0
GRID,3798,0,10.450159,7.855712,-0.500000,0
GRID,3799,0,10.507564,7.706364,-0.500000,0
GRID,3800,0,10.564968,7.557017,-0.500000,0
GRID,3801,0,10.622372,7.407669,-0.500000,0
GRID,3802,0,10.679776,7.258321,-0.500000,0
GRID,3803,0,10.737181,7.108973,-0.500000,0
GRID,3804,0,10.794585,6.959626,-0.500000,0
GRID,3805,0,10.851989,6.810278,-0.500000,0
GRID,3806,0,10.909393,6.660930,-0.500000,0
GRID,3807,0,10.966797,6.511582,-0.500000,0
GRID,3808,0,11.024202,6.362234,-0.500000,0
GRID,3809,0,9.513965,11.266935,-0.500000,0
GRID,3810,0,11.368392,6.442298,-0.500000,0
GRID,3811,0,9.571369,11.117587,-0.500000,0
GRID,3812,0,9.628773,10.968239,-0.500000,0
GRID,3813,0,9.686177,10.818891,-0.500000,0
GRID,3814,0,9.743582,10.669544,-0.500000,0
GRID,3815,0,9.800986,10.520196,-0.500000,0
GRID,3816,0,9.858390,10.370848,-0.500000,0
GRID,3817,0,9.915794,10.221500,-0.500000,0
GRID,3818,0,9.973199,10.072153,-0.500000,0
GRID,3819,0,10.030603,9.922805,-0.500000,0
GRID,3820,0,10.088007,9.773457,-0.500000,0
GRID,3821,0,10.145411,9.624109,-0.500000,0
GRID,3822,0,10.202815,9.474762,-0.500000,0
GRID,3823,0,10.260220,9.325414,-0.500000,0
GRID,3824,0,10.317624,9.176066,-0.500000,0
GRID,3825,0,10.375028,9.026718,-0.500000,0
GRID,3826,0,10.432432,8.877370,-0.500000,0
GRID,3827,0,10.489837,8.728023,-0.500000,0
GRID,3828,0,10.547241,8.578675,-0.500000,0
GRID,3829,0,10.604645,8.429327,-0.500000,0
GRID,3830,0,10.662049,8.279979,-0.500000,0
GRID,3831,0,10.719453,8.130632,-0.500000,0
GRID,3832,0,10.776858,7.981284,-0.500000,0
GRID,3833,0,10.834262,7.831936,-0.500000,0
GRID,3834,0,10.891666,7.682588,-0.500000,0
GRID,3835,0,10.949070,7.533241,-0.500000,0
GRID,3836,0,11.006475,7.383893,-0.500000,0
GRID,3837,0,11.063879,7.234545,-0.500000,0
GRID,3838,0,11.121283,7.085197,-0.500000,0
GRID,3839,0,11.178687,6.935850,-0.500000,0
GRID,3840,0,11.236091,6.786502,-0.500000,0
GRID,3841,0,11.293496,6.637154,-0.500000,0
GRID,3842,0,11.350900,6.487806,-0.500000,0
GRID,3843,0,9.840663,11.392506,-0.500000,0
GRID,3844,0,11.675455,6.618954,-0.500000,0
GRID,3845,0,9.898067,11.243159,-0.500000,0
GRID,3846,0,9.955471,11.093811,-0.500000,0
GRID,3847,0,10.012876,10.944463,-0.500000,0
GRID,3848,0,10.070280,10.795115,-0.500000,0
GRID,3849,0,10.127684,10.645768,-0.500000,0
GRID,3850,0,10.185088,10.496420,-0.500000,0
GRID,3851,0,10.242493,10.347072,-0.500000,0
GRID,3852,0,10.299897,10.197724,-0.500000,0
GRID,3853,0,10.357301,10.048377,-0.500000,0
GRID,3854,0,10.414705,9.899029,-0.500000,0
GRID,3855,0,10.472109,9.749681,-0.500000,0
GRID,3856,0,10.529514,9.600333,-0.500000,0
GRID,3857,0,10.586918,9.450986,-0.500000,0
GRID,3858,0,10.644322,9.301638,-0.500000,0
GRID,3859,0,10.701726,9.152290,-0.500000,0
GRID,3860,0,10.759131,9.002942,-0.500000,0
GRID,3861,0,10.816535,8.853594,-0.500000,0
GRID,3862,0,10.873939,8.704247,-0.500000,0
GRID,3863,0,10.931343,8.554899,-0.500000,0
GRID,3864,0,10.988747,8.405551,-0.500000,0
GRID,3865,0,11.046152,8.256203,-0.500000,0
GRID,3866,0,11.103556,8.106856,-0.500000,0
GRID,3867,0,11.160960,7.957508,-0.500000,0
GRID,3868,0,11.218364,7.808160,-0.500000,0
GRID,3869,0,11.275769,7.658812,-0.500000,0
GRID,3870,0,11.333173,7.509465,-0.500000,0
GRID,3871,0,11.390577,7.360117,-0.500000,0
GRID,3872,0,11.447981,7.210769,-0.500000,0
GRID,3873,0,11.505385,7.061421,-0.500000,0
GRID,3874,0,11.562790,6.912073,-0.500000,0
GRID,3875,0,11.620194,6.762726,-0.500000,0
GRID,3876,0,10.167361,11.518078,-0.500000,0
GRID,3877,0,11.982518,6.795610,-0.500000,0
GRID,3878,0,10.224765,11.368730,-0.500000,0
GRID,3879,0,10.282170,11.219383,-0.500000,0
GRID,3880,0,10.339574,11.070035,-0.500000,0
GRID,3881,0,10.396978,10.920687,-0.500000,0
GRID,3882,0,10.454382,10.771339,-0.500000,0
GRID,3883,0,10.511787,10.621992,-0.500000,0
GRID,3884,0,10.569191,10.472644,-0.500000,0
GRID,3885,0,10.626595,10.323296,-0.500000,0
GRID,3886,0,10.683999,10.173948,-0.500000,0
GRID,3887,0,10.741403,10.024601,-0.500000,0
GRID,3888,0,10.798808,9.875253,-0.500000,0
GRID,3889,0,10.856212,9.725905,-0.500000,0
GRID,3890,0,10.913616,9.576557,-0.500000,0
GRID,3891,0,10.971020,9.427209,-0.500000,0
GRID,3892,0,11.028425,9.277862,-0.500000,0
GRID,3893,0,11.085829,9.128514,-0.500000,0
GRID,3894,0,11.143233,8.979166,-0.500000,0
GRID,3895,0,11.200637,8.829818,-0.500000,0
GRID,3896,0,11.258041,8.680471,-0.500000,0
GRID,3897,0,11.315446,8.531123,-0.500000,0
GRID,3898,0,11.372850,8.381775,-0.500000,0
GRID,3899,0,11.430254,8.232427,-0.500000,0
GRID,3900,0,11.487658,8.083080,-0.500000,0
GRID,3901,0,11.545063,7.933732,-0.500000,0
GRID,3902,0,11.602467,7.784384,-0.500000,0
GRID,3903,0,11.659871,7.635036,-0.500000,0
GRID,3904,0,11.717275,7.485689,-0.500000,0
GRID,3905,0,11.774679,7.336341,-0.500000,0
GRID,3906,0,11.832084,7.186993,-0.500000,0
GRID,3907,0,11.889488,7.037645,-0.500000,0
GRID,3908,0,11.946892,6.888297,-0.500000,0
GRID,3909,0,10.494059,11.643650,-0.500000,0
GRID,3910,0,12.289582,6.972265,-0.500000,0
GRID,3911,0,10.551464,11.494302,-0.500000,0
GRID,3912,0,10.608868,11.344954,-0.500000,0
GRID,3913,0,10.666272,11.195607,-0.500000,0
GRID,3914,0,10.723676,11.046259,-0.500000,0
GRID,3915,0,10.781081,10.896911,-0.500000,0
GRID,3916,0,10.838485,10.747563,-0.500000,0
GRID,3917,0,10.895889,10.598216,-0.500000,0
GRID,3918,0,10.953293,10.448868,-0.500000,0
GRID,3919,0,11.010697,10.299520,-0.500000,0
GRID,3920,0,11.068102,10.150172,-0.500000,0
GRID,3921,0,11.125506,10.000825,-0.500000,0
GRID,3922,0,11.182910,9.851477,-0.500000,0
GRID,3923,0,11.240314,9.702129,-0.500000,0
GRID,3924,0,11.297719,9.552781,-0.500000,0
GRID,3925,0,11.355123,9.403433,-0.500000,0
GRID,3926,0,11.412527,9.254086,-0.500000,0
GRID,3927,0,11.469931,9.104738,-0.500000,0
GRID,3928,0,11.527335,8.955390,-0.500000,0
GRID,3929,0,11.584740,8.806042,-0.500000,0
GRID,3930,0,11.642144,8.656695,-0.500000,0
GRID,3931,0,11.699548,8.507347,-0.500000,0
GRID,3932,0,11.756952,8.357999,-0.500000,0
GRID,3933,0,11.814357,8.208651,-0.500000,0
GRID,3934,0,11.871761,8.059304,-0.500000,0
GRID,3935,0,11.929165,7.909956,-0.500000,0
GRID,3936,0,11.986569,7.760608,-0.500000,0
GRID,3937,0,12.043973,7.611260,-0.500000,0
GRID,3938,0,12.101378,7.461912,-0.500000,0
GRID,3939,0,12.158782,7.312565,-0.500000,0
GRID,3940,0,12.216186,7.163217,-0.500000,0
GRID,3941,0,12.273590,7.013869,-0.500000,0
GRID,3942,0,10.820758,11.769222,-0.500000,0
GRID,3943,0,12.596645,7.148921,-0.500000,0
GRID,3944,0,10.878162,11.619874,-0.500000,0
GRID,3945,0,10.935566,11.470526,-0.500000,0
GRID,3946,0,10.992970,11.321178,-0.500000,0
GRID,3947,0,11.050375,11.171831,-0.500000,0
GRID,3948,0,11.107779,11.022483,-0.500000,0
GRID,3949,0,11.165183,10.873135,-0.500000,0
GRID,3950,0,11.222587,10.723787,-0.500000,0
GRID,3951,0,11.279992,10.574440,-0.500000,0
GRID,3952,0,11.337396,10.425092,-0.500000,0
GRID,3953,0,11.394800,10.275744,-0.500000,0
GRID,3954,0,11.452204,10.126396,-0.500000,0
GRID,3955,0,11.509608,9.977048,-0.500000,0
GRID,3956,0,11.567013,9.827701,-0.500000,0
GRID,3957,0,11.624417,9.678353,-0.500000,0
GRID,3958,0,11.681821,9.529005,-0.500000,0
GRID,3959,0,11.739225,9.379657,-0.500000,0
GRID,3960,0,11.796630,9.230310,-0.500000,0
GRID,3961,0,11.854034,9.080962,-0.500000,0
GRID,3962,0,11.911438,8.931614,-0.500000,0
GRID,3963,0,11.968842,8.782266,-0.500000,0
GRID,3964,0,12.026246,8.632919,-0.500000,0
GRID,3965,0,12.083651,8.483571,-0.500000,0
GRID,3966,0,12.141055,8.334223,-0.500000,0
GRID,3967,0,12.198459,8.184875,-0.500000,0
GRID,3968,0,12.255863,8.035528,-0.500000,0
GRID,3969,0,12.313268,7.886180,-0.500000,0
GRID,3970,0,12.370672,7.736832,-0.500000,0
GRID,3971,0,12.428076,7.587484,-0.500000,0
GRID,3972,0,12.485480,7.438136,-0.500000,0
GRID,3973,0,12.542884,7.288789,-0.500000,0
GRID,3974,0,11.147456,11.894793,-0.500000,0
GRID,3975,0,12.903708,7.325576,-0.500000,0
GRID,3976,0,11.204860,11.745446,-0.500000,0
GRID,3977,0,11.262264,11.596098,-0.500000,0
GRID,3978,0,11.319669,11.446750,-0.500000,0
GRID,3979,0,11.377073,11.297402,-0.500000,0
GRID,3980,0,11.434477,11.148055,-0.500000,0
GRID,3981,0,11.491881,10.998707,-0.500000,0
GRID,3982,0,11.549286,10.849359,-0.500000,0
GRID,3983,0,11.606690,10.700011,-0.500000,0
GRID,3984,0,11.664094,10.550664,-0.500000,0
GRID,3985,0,11.721498,10.401316,-0.500000,0
GRID,3986,0,11.778902,10.251968,-0.500000,0
GRID,3987,0,11.836307,10.102620,-0.500000,0
GRID,3988,0,11.893711,9.953272,-0.500000,0
GRID,3989,0,11.951115,9.803925,-0.500000,0
GRID,3990,0,12.008519,9.654577,-0.500000,0
GRID,3991,0,12.065924,9.505229,-0.500000,0
GRID,3992,0,12.123328,9.355881,-0.500000,0
GRID,3993,0,12.180732,9.206534,-0.500000,0
GRID,3994,0,12.238136,9.057186,-0.500000,0
GRID,3995,0,12.295540,8.907838,-0.500000,0
GRID,3996,0,12.352945,8.758490,-0.500000,0
GRID,3997,0,12.410349,8.609143,-0.500000,0
GRID,3998,0,12.467753,8.459795,-0.500000,0
GRID,3999,0,12.525157,8.310447,-0.500000,0
GRID,4000,0,12.582562,8.161099,-0.500000,0
GRID,4001,0,12.639966,8.011751,-0.500000,0
GRID,4002,0,12.697370,7.862404,-0.500000,0
GRID,4003,0,12.754774,7.713056,-0.500000,0
GRID,4004,0,12.812178,7.563708,-0.500000,0
GRID,4005,0,12.869583,7.414360,-0.500000,0
GRID,4006,0,11.474154,12.020365,-0.500000,0
GRID,4007,0,13.210772,7.502232,-0.500000,0
GRID,4008,0,11.531558,11.871017,-0.500000,0
GRID,4009,0,11.588963,11.721670,-0.500000,0
GRID,4010,0,11.646367,11.572322,-0.500000,0
GRID,4011,0,11.703771,11.422974,-0.500000,0
GRID,4012,0,11.761175,11.273626,-0.500000,0
GRID,4013,0,11.818580,11.124279,-0.500000,0
GRID,4014,0,11.875984,10.974931,-0.500000,0
GRID,4015,0,11.933388,10.825583,-0.500000,0
GRID,4016,0,11.990792,10.676235,-0.500000,0
GRID,4017,0,12.048196,10.526887,-0.500000,0
GRID,4018,0,12.105601,10.377540,-0.500000,0
GRID,4019,0,12.163005,10.228192,-0.500000,0
GRID,4020,0,12.220409,10.078844,-0.500000,0
GRID,4021,0,12.277813,9.929496,-0.500000,0
GRID,4022,0,12.335218,9.780149,-0.500000,0
GRID,4023,0,12.392622,9.630801,-0.500000,0
GRID,4024,0,12.450026,9.481453,-0.500000,0
GRID,4025,0,12.507430,9.332105,-0.500000,0
GRID,4026,0,12.564834,9.182758,-0.500000,0
GRID,4027,0,12.622239,9.033410,-0.500000,0
GRID,4028,0,12.679643,8.884062,-0.500000,0
GRID,4029,0,12.737047,8.734714,-0.500000,0
GRID,4030,0,12.794451,8.585367,-0.500000,0
GRID,4031,0,12.851856,8.436019,-0.500000,0
GRID,4032,0,12.909260,8.286671,-0.500000,0
GRID,4033,0,12.966664,8.137323,-0.500000,0
GRID,4034,0,13.024068,7.987975,-0.500000,0
GRID,4035,0,13.081472,7.838628,-0.500000,0
GRID,4036,0,13.138877,7.689280,-0.500000,0
GRID,4037,0,13.196281,7.539932,-0.500000,0
GRID,4038,0,11.800852,12.145937,-0.500000,0
GRID,4039,0,13.517835,7.678888,-0.500000,0
GRID,4040,0,11.858257,11.996589,-0.500000,0
GRID,4041,0,11.915661,11.847241,-0.500000,0
GRID,4042,0,11.973065,11.697894,-0.500000,0
GRID,4043,0,12.030469,11.548546,-0.500000,0
GRID,4044,0,12.087874,11.399198,-0.500000,0
GRID,4045,0,12.145278,11.249850,-0.500000,0
GRID,4046,0,12.202682,11.100503,-0.500000,0
GRID,4047,0,12.260086,10.951155,-0.500000,0
GRID,4048,0,12.317490,10.801807,-0.500000,0
GRID,4049,0,12.374895,10.652459,-0.500000,0
GRID,4050,0,12.432299,10.503111,-0.500000,0
GRID,4051,0,12.489703,10.353764,-0.500000,0
GRID,4052,0,12.547107,10.204416,-0.500000,0
GRID,4053,0,12.604512,10.055068,-0.500000,0
GRID,4054,0,12.661916,9.905720,-0.500000,0
GRID,4055,0,12.719320,9.756373,-0.500000,0
GRID,4056,0,12.776724,9.607025,-0.500000,0
GRID,4057,0,12.834128,9.457677,-0.500000,0
GRID,4058,0,12.891533,9.308329,-0.500000,0
GRID,4059,0,12.948937,9.158982,-0.500000,0
GRID,4060,0,13.006341,9.009634,-0.500000,0
GRID,4061,0,13.063745,8.860286,-0.500000,0
GRID,4062,0,13.121150,8.710938,-0.500000,0
GRID,4063,0,13.178554,8.561590,-0.500000,0
GRID,4064,0,13.235958,8.412243,-0.500000,0
GRID,4065,0,13.293362,8.262895,-0.500000,0
GRID,4066,0,13.350766,8.113547,-0.500000,0
GRID,4067,0,13.408171,7.964199,-0.500000,0
GRID,4068,0,13.465575,7.814852,-0.500000,0
GRID,4069,0,12.127551,12.271509,-0.500000,0
GRID,4070,0,13.824898,7.855543,-0.500000,0
GRID,4071,0,12.184955,12.122161,-0.500000,0
GRID,4072,0,12.242359,11.972813,-0.500000,0
GRID,4073,0,12.299763,11.823465,-0.500000,0
GRID,4074,0,12.357168,11.674118,-0.500000,0
GRID,4075,0,12.414572,11.524770,-0.500000,0
GRID,4076,0,12.471976,11.375422,-0.500000,0
GRID,4077,0,12.529380,11.226074,-0.500000,0
GRID,4078,0,12.586784,11.076726,-0.500000,0
GRID,4079,0,12.644189,10.927379,-0.500000,0
GRID,4080,0,12.701593,10.778031,-0.500000,0
GRID,4081,0,12.758997,10.628683,-0.500000,0
GRID,4082,0,12.816401,10.479335,-0.500000,0
GRID,4083,0,12.873806,10.329988,-0.500000,0
GRID,4084,0,12.931210,10.180640,-0.500000,0
GRID,4085,0,12.988614,10.031292,-0.500000,0
GRID,4086,0,13.046018,9.881944,-0.500000,0
GRID,4087,0,13.103422,9.732597,-0.500000,0
GRID,4088,0,13.160827,9.583249,-0.500000,0
GRID,4089,0,13.218231,9.433901,-0.500000,0
GRID,4090,0,13.275635,9.284553,-0.500000,0
GRID,4091,0,13.333039,9.135206,-0.500000,0
GRID,4092,0,13.390444,8.985858,-0.500000,0
GRID,4093,0,13.447848,8.836510,-0.500000,0
GRID,4094,0,13.505252,8.687162,-0.500000,0
GRID,4095,0,13.562656,8.537814,-0.500000,0
GRID,4096,0,13.620060,8.388467,-0.500000,0
GRID,4097,0,13.677465,8.239119,-0.500000,0
GRID,4098,0,13.734869,8.089771,-0.500000,0
GRID,4099,0,13.792273,7.940423,-0.500000,0
GRID,4100,0,12.454249,12.397080,-0.500000,0
GRID,4101,0,14.131962,8.032199,-0.500000,0
GRID,4102,0,12.511653,12.247733,-0.500000,0
GRID,4103,0,12.569057,12.098385,-0.500000,0
GRID,4104,0,12.626462,11.949037,-0.500000,0
GRID,4105,0,12.683866,11.799689,-0.500000,0
GRID,4106,0,12.741270,11.650342,-0.500000,0
GRID,4107,0,12.798674,11.500994,-0.500000,0
GRID,4108,0,12.856078,11.351646,-0.500000,0
GRID,4109,0,12.913483,11.202298,-0.500000,0
GRID,4110,0,12.970887,11.052950,-0.500000,0
GRID,4111,0,13.028291,10.903603,-0.500000,0
GRID,4112,0,13.085695,10.754255,-0.500000,0
GRID,4113,0,13.143100,10.604907,-0.500000,0
GRID,4114,0,13.200504,10.455559,-0.500000,0
GRID,4115,0,13.257908,10.306212,-0.500000,0
GRID,4116,0,13.315312,10.156864,-0.500000,0
GRID,4117,0,13.372716,10.007516,-0.500000,0
GRID,4118,0,13.430121,9.858168,-0.500000,0
GRID,4119,0,13.487525,9.708821,-0.500000,0
GRID,4120,0,13.544929,9.559473,-0.500000,0
GRID,4121,0,13.602333,9.410125,-0.500000,0
GRID,4122,0,13.659738,9.260777,-0.500000,0
GRID,4123,0,13.717142,9.111429,-0.500000,0
GRID,4124,0,13.774546,8.962082,-0.500000,0
GRID,4125,0,13.831950,8.812734,-0.500000,0
GRID,4126,0,13.889354,8.663386,-0.500000,0
GRID,4127,0,13.946759,8.514038,-0.500000,0
GRID,4128,0,14.004163,8.364691,-0.500000,0
GRID,4129,0,14.061567,8.215343,-0.500000,0
GRID,4130,0,14.118971,8.065995,-0.500000,0
GRID,4131,0,12.780947,12.522652,-0.500000,0
GRID,4132,0,14.439025,8.208854,-0.500000,0
GRID,4133,0,12.838351,12.373304,-0.500000,0
GRID,4134,0,12.895756,12.223957,-0.500000,0
GRID,4135,0,12.953160,12.074609,-0.500000,0
GRID,4136,0,13.010564,11.925261,-0.500000,0
GRID,4137,0,13.067968,11.775913,-0.500000,0
GRID,4138,0,13.125372,11.626565,-0.500000,0
GRID,4139,0,13.182777,11.477218,-0.500000,0
GRID,4140,0,13.240181,11.327870,-0.500000,0
GRID,4141,0,13.297585,11.178522,-0.500000,0
GRID,4142,0,13.354989,11.029174,-0.500000,0
GRID,4143,0,13.412394,10.879827,-0.500000,0
GRID,4144,0,13.469798,10.730479,-0.500000,0
GRID,4145,0,13.527202,10.581131,-0.500000,0
GRID,4146,0,13.584606,10.431783,-0.500000,0
GRID,4147,0,13.642010,10.282436,-0.500000,0
GRID,4148,0,13.699415,10.133088,-0.500000,0
GRID,4149,0,13.756819,9.983740,-0.500000,0
GRID,4150,0,13.814223,9.834392,-0.500000,0
GRID,4151,0,13.871627,9.685045,-0.500000,0
GRID,4152,0,13.929032,9.535697,-0.500000,0
GRID,4153,0,13.986436,9.386349,-0.500000,0
GRID,4154,0,14.043840,9.237001,-0.500000,0
GRID,4155,0,14.101244,9.087653,-0.500000,0
GRID,4156,0,14.158648,8.938306,-0.500000,0
GRID,4157,0,14.216053,8.788958,-0.500000,0
GRID,4158,0,14.273457,8.639610,-0.500000,0
GRID,4159,0,14.330861,8.490262,-0.500000,0
GRID,4160,0,14.388265,8.340915,-0.500000,0
GRID,4161,0,13.107645,12.648224,-0.500000,0
GRID,4162,0,14.746088,8.385510,-0.500000,0
GRID,4163,0,13.165050,12.498876,-0.500000,0
GRID,4164,0,13.222454,12.349528,-0.500000,0
GRID,4165,0,13.279858,12.200181,-0.500000,0
GRID,4166,0,13.337262,12.050833,-0.500000,0
GRID,4167,0,13.394667,11.901485,-0.500000,0
GRID,4168,0,13.452071,11.752137,-0.500000,0
GRID,4169,0,13.509475,11.602789,-0.500000,0
GRID,4170,0,13.566879,11.453442,-0.500000,0
GRID,4171,0,13.624283,11.304094,-0.500000,0
GRID,4172,0,13.681688,11.154746,-0.500000,0
GRID,4173,0,13.739092,11.005398,-0.500000,0
GRID,4174,0,13.796496,10.856051,-0.500000,0
GRID,4175,0,13.853900,10.706703,-0.500000,0
GRID,4176,0,13.911305,10.557355,-0.500000,0
GRID,4177,0,13.968709,10.408007,-0.500000,0
GRID,4178,0,14.026113,10.258660,-0.500000,0
GRID,4179,0,14.083517,10.109312,-0.500000,0
GRID,4180,0,14.140921,9.959964,-0.500000,0
GRID,4181,0,14.198326,9.810616,-0.500000,0
GRID,4182,0,14.255730,9.661269,-0.500000,0
GRID,4183,0,14.313134,9.511921,-0.500000,0
GRID,4184,0,14.370538,9.362573,-0.500000,0
GRID,4185,0,14.427943,9.213225,-0.500000,0
GRID,4186,0,14.485347,9.063877,-0.500000,0
GRID,4187,0,14.542751,8.914530,-0.500000,0
GRID,4188,0,14.600155,8.765182,-0.500000,0
GRID,4189,0,14.657559,8.615834,-0.500000,0
GRID,4190,0,14.714964,8.466486,-0.500000,0
GRID,4191,0,13.434344,12.773796,-0.500000,0
GRID,4192,0,15.053151,8.562166,-0.500000,0
GRID,4193,0,13.491748,12.624448,-0.500000,0
GRID,4194,0,13.549152,12.475100,-0.500000,0
GRID,4195,0,13.606556,12.325752,-0.500000,0
GRID,4196,0,13.663961,12.176404,-0.500000,0
GRID,4197,0,13.721365,12.027057,-0.500000,0
GRID,4198,0,13.778769,11.877709,-0.500000,0
GRID,4199,0,13.836173,11.728361,-0.500000,0
GRID,4200,0,13.893577,11.579013,-0.500000,0
GRID,4201,0,13.950982,11.429666,-0.500000,0
GRID,4202,0,14.008386,11.280318,-0.500000,0
GRID,4203,0,14.065790,11.130970,-0.500000,0
GRID,4204,0,14.123194,10.981622,-0.500000,0
GRID,4205,0,14.180599,10.832275,-0.500000,0
GRID,4206,0,14.238003,10.682927,-0.500000,0
GRID,4207,0,14.295407,10.533579,-0.500000,0
GRID,4208,0,14.352811,10.384231,-0.500000,0
GRID,4209,0,14.410215,10.234884,-0.500000,0
GRID,4210,0,14.467620,10.085536,-0.500000,0
GRID,4211,0,14.525024,9.936188,-0.500000,0
GRID,4212,0,14.582428,9.786840,-0.500000,0
GRID,4213,0,14.639832,9.637492,-0.500000,0
GRID,4214,0,14.697237,9.488145,-0.500000,0
GRID,4215,0,14.754641,9.338797,-0.500000,0
GRID,4216,0,14.812045,9.189449,-0.500000,0
GRID,4217,0,14.869449,9.040101,-0.500000,0
GRID,4218,0,14.926853,8.890754,-0.500000,0
GRID,4219,0,14.984258,8.741406,-0.500000,0
GRID,4220,0,15.041662,8.592058,-0.500000,0
GRID,4221,0,13.761042,12.899367,-0.500000,0
GRID,4222,0,15.360215,8.738821,-0.500000,0
GRID,4223,0,13.818446,12.750020,-0.500000,0
GRID,4224,0,13.875850,12.600672,-0.500000,0
GRID,4225,0,13.933255,12.451324,-0.500000,0
GRID,4226,0,13.990659,12.301976,-0.500000,0
GRID,4227,0,14.048063,12.152628,-0.500000,0
GRID,4228,0,14.105467,12.003281,-0.500000,0
GRID,4229,0,14.162871,11.853933,-0.500000,0
GRID,4230,0,14.220276,11.704585,-0.500000,0
GRID,4231,0,14.277680,11.555237,-0.500000,0
GRID,4232,0,14.335084,11.405890,-0.500000,0
GRID,4233,0,14.392488,11.256542,-0.500000,0
GRID,4234,0,14.449893,11.107194,-0.500000,0
GRID,4235,0,14.507297,10.957846,-0.500000,0
GRID,4236,0,14.564701,10.808499,-0.500000,0
GRID,4237,0,14.622105,10.659151,-0.500000,0
GRID,4238,0,14.679509,10.509803,-0.500000,0
GRID,4239,0,14.736914,10.360455,-0.500000,0
GRID,4240,0,14.794318,10.211108,-0.500000,0
GRID,4241,0,14.851722,10.061760,-0.500000,0
GRID,4242,0,14.909126,9.912412,-0.500000,0
GRID,4243,0,14.966531,9.763064,-0.500000,0
GRID,4244,0,15.023935,9.613716,-0.500000,0
GRID,4245,0,15.081339,9.464369,-0.500000,0
GRID,4246,0,15.138743,9.315021,-0.500000,0
GRID,4247,0,15.196147,9.165673,-0.500000,0
GRID,4248,0,15.253552,9.016325,-0.500000,0
GRID,4249,0,15.310956,8.866978,-0.500000,0
GRID,4250,0,14.087740,13.024939,-0.500000,0
GRID,4251,0,15.667278,8.915477,-0.500000,0
GRID,4252,0,14.145144,12.875591,-0.500000,0
GRID,4253,0,14.202549,12.726244,-0.500000,0
GRID,4254,0,14.259953,12.576896,-0.500000,0
GRID,4255,0,14.317357,12.427548,-0.500000,0
GRID,4256,0,14.374761,12.278200,-0.500000,0
GRID,4257,0,14.432165,12.128852,-0.500000,0
GRID,4258,0,14.489570,11.979505,-0.500000,0
GRID,4259,0,14.546974,11.830157,-0.500000,0
GRID,4260,0,14.604378,11.680809,-0.500000,0
GRID,4261,0,14.661782,11.531461,-0.500000,0
GRID,4262,0,14.719187,11.382114,-0.500000,0
GRID,4263,0,14.776591,11.232766,-0.500000,0
GRID,4264,0,14.833995,11.083418,-0.500000,0
GRID,4265,0,14.891399,10.934070,-0.500000,0
GRID,4266,0,14.948803,10.784723,-0.500000,0
GRID,4267,0,15.006208,10.635375,-0.500000,0
GRID,4268,0,15.063612,10.486027,-0.500000,0
GRID,4269,0,15.121016,10.336679,-0.500000,0
GRID,4270,0,15.178420,10.187331,-0.500000,0
GRID,4271,0,15.235825,10.037984,-0.500000,0
GRID,4272,0,15.293229,9.888636,-0.500000,0
GRID,4273,0,15.350633,9.739288,-0.500000,0
GRID,4274,0,15.408037,9.589940,-0.500000,0
GRID,4275,0,15.465441,9.440593,-0.500000,0
GRID,4276,0,15.522846,9.291245,-0.500000,0
GRID,4277,0,15.580250,9.141897,-0.500000,0
GRID,4278,0,15.637654,8.992549,-0.500000,0
GRID,4279,0,14.414438,13.150511,-0.500000,0
GRID,4280,0,15.974341,9.092133,-0.500000,0
GRID,4281,0,14.471843,13.001163,-0.500000,0
GRID,4282,0,14.529247,12.851815,-0.500000,0
GRID,4283,0,14.586651,12.702467,-0.500000,0
GRID,4284,0,14.644055,12.553120,-0.500000,0
GRID,4285,0,14.701459,12.403772,-0.500000,0
GRID,4286,0,14.758864,12.254424,-0.500000,0
GRID,4287,0,14.816268,12.105076,-0.500000,0
GRID,4288,0,14.873672,11.955729,-0.500000,0
GRID,4289,0,14.931076,11.806381,-0.500000,0
GRID,4290,0,14.988481,11.657033,-0.500000,0
GRID,4291,0,15.045885,11.507685,-0.500000,0
GRID,4292,0,15.103289,11.358338,-0.500000,0
GRID,4293,0,15.160693,11.208990,-0.500000,0
GRID,4294,0,15.218097,11.059642,-0.500000,0
GRID,4295,0,15.275502,10.910294,-0.500000,0
GRID,4296,0,15.332906,10.760947,-0.500000,0
GRID,4297,0,15.390310,10.611599,-0.500000,0
GRID,4298,0,15.447714,10.462251,-0.500000,0
GRID,4299,0,15.505119,10.312903,-0.500000,0
GRID,4300,0,15.562523,10.163555,-0.500000,0
GRID,4301,0,15.619927,10.014208,-0.500000,0
GRID,4302,0,15.677331,9.864860,-0.500000,0
GRID,4303,0,15.734735,9.715512,-0.500000,0
GRID,4304,0,15.792140,9.566164,-0.500000,0
GRID,4305,0,15.849544,9.416817,-0.500000,0
GRID,4306,0,15.906948,9.267469,-0.500000,0
GRID,4307,0,15.964352,9.118121,-0.500000,0
GRID,4308,0,14.741137,13.276083,-0.500000,0
GRID,4309,0,16.281405,9.268788,-0.500000,0
GRID,4310,0,14.798541,13.126735,-0.500000,0
GRID,4311,0,14.855945,12.977387,-0.500000,0
GRID,4312,0,14.913349,12.828039,-0.500000,0
GRID,4313,0,14.970753,12.678691,-0.500000,0
GRID,4314,0,15.028158,12.529344,-0.500000,0
GRID,4315,0,15.085562,12.379996,-0.500000,0
GRID,4316,0,15.142966,12.230648,-0.500000,0
GRID,4317,0,15.200370,12.081300,-0.500000,0
GRID,4318,0,15.257775,11.931953,-0.500000,0
GRID,4319,0,15.315179,11.782605,-0.500000,0
GRID,4320,0,15.372583,11.633257,-0.500000,0
GRID,4321,0,15.429987,11.483909,-0.500000,0
GRID,4322,0,15.487391,11.334562,-0.500000,0
GRID,4323,0,15.544796,11.185214,-0.500000,0
GRID,4324,0,15.602200,11.035866,-0.500000,0
GRID,4325,0,15.659604,10.886518,-0.500000,0
GRID,4326,0,15.717008,10.737170,-0.500000,0
GRID,4327,0,15.774413,10.587823,-0.500000,0
GRID,4328,0,15.831817,10.438475,-0.500000,0
GRID,4329,0,15.889221,10.289127,-0.500000,0
GRID,4330,0,15.946625,10.139779,-0.500000,0
GRID,4331,0,16.004029,9.990432,-0.500000,0
GRID,4332,0,16.061434,9.841084,-0.500000,0
GRID,4333,0,16.118838,9.691736,-0.500000,0
GRID,4334,0,16.176242,9.542388,-0.500000,0
GRID,4335,0,16.233646,9.393041,-0.500000,0
GRID,4336,0,15.067835,13.401654,-0.500000,0
GRID,4337,0,16.588468,9.445444,-0.500000,0
GRID,4338,0,15.125239,13.252306,-0.500000,0
GRID,4339,0,15.182643,13.102959,-0.500000,0
GRID,4340,0,15.240047,12.953611,-0.500000,0
GRID,4341,0,15.297452,12.804263,-0.500000,0
GRID,4342,0,15.354856,12.654915,-0.500000,0
GRID,4343,0,15.412260,12.505568,-0.500000,0
GRID,4344,0,15.469664,12.356220,-0.500000,0
GRID,4345,0,15.527069,12.206872,-0.500000,0
GRID,4346,0,15.584473,12.057524,-0.500000,0
GRID,4347,0,15.641877,11.908177,-0.500000,0
GRID,4348,0,15.699281,11.758829,-0.500000,0
GRID,4349,0,15.756685,11.609481,-0.500000,0
GRID,4350,0,15.814090,11.460133,-0.500000,0
GRID,4351,0,15.871494,11.310786,-0.500000,0
GRID,4352,0,15.928898,11.161438,-0.500000,0
GRID,4353,0,15.986302,11.012090,-0.500000,0
GRID,4354,0,16.043707,10.862742,-0.500000,0
GRID,4355,0,16.101111,10.713394,-0.500000,0
GRID,4356,0,16.158515,10.564047,-0.500000,0
GRID,4357,0,16.215919,10.414699,-0.500000,0
GRID,4358,0,16.273323,10.265351,-0.500000,0
GRID,4359,0,16.330728,10.116003,-0.500000,0
GRID,4360,0,16.388132,9.966656,-0.500000,0
GRID,4361,0,16.445536,9.817308,-0.500000,0
GRID,4362,0,16.502940,9.667960,-0.500000,0
GRID,4363,0,16.560345,9.518612,-0.500000,0
GRID,4364,0,15.394533,13.527226,-0.500000,0
GRID,4365,0,16.895531,9.622099,-0.500000,0
GRID,4366,0,15.451937,13.377878,-0.500000,0
GRID,4367,0,15.509342,13.228530,-0.500000,0
GRID,4368,0,15.566746,13.079183,-0.500000,0
GRID,4369,0,15.624150,12.929835,-0.500000,0
GRID,4370,0,15.681554,12.780487,-0.500000,0
GRID,4371,0,15.738958,12.631139,-0.500000,0
GRID,4372,0,15.796363,12.481792,-0.500000,0
GRID,4373,0,15.853767,12.332444,-0.500000,0
GRID,4374,0,15.911171,12.183096,-0.500000,0
GRID,4375,0,15.968575,12.033748,-0.500000,0
GRID,4376,0,16.025980,11.884401,-0.500000,0
GRID,4377,0,16.083384,11.735053,-0.500000,0
GRID,4378,0,16.140788,11.585705,-0.500000,0
GRID,4379,0,16.198192,11.436357,-0.500000,0
GRID,4380,0,16.255596,11.287009,-0.500000,0
GRID,4381,0,16.313001,11.137662,-0.500000,0
GRID,4382,0,16.370405,10.988314,-0.500000,0
GRID,4383,0,16.427809,10.838966,-0.500000,0
GRID,4384,0,16.485213,10.689618,-0.500000,0
GRID,4385,0,16.542618,10.540271,-0.500000,0
GRID,4386,0,16.600022,10.390923,-0.500000,0
GRID,4387,0,16.657426,10.241575,-0.500000,0
GRID,4388,0,16.714830,10.092227,-0.500000,0
GRID,4389,0,16.772234,9.942880,-0.500000,0
GRID,4390,0,16.829639,9.793532,-0.500000,0
GRID,4391,0,16.887043,9.644184,-0.500000,0
GRID,4392,0,15.721231,13.652798,-0.500000,0
GRID,4393,0,17.202595,9.798755,-0.500000,0
GRID,4394,0,15.778636,13.503450,-0.500000,0
GRID,4395,0,15.836040,13.354102,-0.500000,0
GRID,4396,0,15.893444,13.204754,-0.500000,0
GRID,4397,0,15.950848,13.055407,-0.500000,0
GRID,4398,0,16.008252,12.906059,-0.500000,0
GRID,4399,0,16.065657,12.756711,-0.500000,0
GRID,4400,0,16.123061,12.607363,-0.500000,0
GRID,4401,0,16.180465,12.458016,-0.500000,0
GRID,4402,0,16.237869,12.308668,-0.500000,0
GRID,4403,0,16.295274,12.159320,-0.500000,0
GRID,4404,0,16.352678,12.009972,-0.500000,0
GRID,4405,0,16.410082,11.860625,-0.500000,0
GRID,4406,0,16.467486,11.711277,-0.500000,0
GRID,4407,0,16.524890,11.561929,-0.500000,0
GRID,4408,0,16.582295,11.412581,-0.500000,0
GRID,4409,0,16.639699,11.263233,-0.500000,0
GRID,4410,0,16.697103,11.113886,-0.500000,0
GRID,4411,0,16.754507,10.964538,-0.500000,0
GRID,4412,0,16.811912,10.815190,-0.500000,0
GRID,4413,0,16.869316,10.665842,-0.500000,0
GRID,4414,0,16.926720,10.516495,-0.500000,0
GRID,4415,0,16.984124,10.367147,-0.500000,0
GRID,4416,0,17.041528,10.217799,-0.500000,0
GRID,4417,0,17.098933,10.068451,-0.500000,0
GRID,4418,0,17.156337,9.919104,-0.500000,0
GRID,4419,0,16.047930,13.778369,-0.500000,0
GRID,4420,0,17.509658,9.975411,-0.500000,0
GRID,4421,0,16.105334,13.629022,-0.500000,0
GRID,4422,0,16.162738,13.479674,-0.500000,0
GRID,4423,0,16.220142,13.330326,-0.500000,0
GRID,4424,0,16.277546,13.180978,-0.500000,0
GRID,4425,0,16.334951,13.031631,-0.500000,0
GRID,4426,0,16.392355,12.882283,-0.500000,0
GRID,4427,0,16.449759,12.732935,-0.500000,0
GRID,4428,0,16.507163,12.583587,-0.500000,0
GRID,4429,0,16.564568,12.434240,-0.500000,0
GRID,4430,0,16.621972,12.284892,-0.500000,0
GRID,4431,0,16.679376,12.135544,-0.500000,0
GRID,4432,0,16.736780,11.986196,-0.500000,0
GRID,4433,0,16.794184,11.836848,-0.500000,0
GRID,4434,0,16.851589,11.687501,-0.500000,0
GRID,4435,0,16.908993,11.538153,-0.500000,0
GRID,4436,0,16.966397,11.388805,-0.500000,0
GRID,4437,0,17.023801,11.239457,-0.500000,0
GRID,4438,0,17.081206,11.090110,-0.500000,0
GRID,4439,0,17.138610,10.940762,-0.500000,0
GRID,4440,0,17.196014,10.791414,-0.500000,0
GRID,4441,0,17.253418,10.642066,-0.500000,0
GRID,4442,0,17.310822,10.492719,-0.500000,0
GRID,4443,0,17.368227,10.343371,-0.500000,0
GRID,4444,0,17.425631,10.194023,-0.500000,0
GRID,4445,0,17.483035,10.044675,-0.500000,0
GRID,4446,0,16.374628,13.903941,-0.500000,0
GRID,4447,0,17.816721,10.152066,-0.500000,0
GRID,4448,0,16.432032,13.754593,-0.500000,0
GRID,4449,0,16.489436,13.605246,-0.500000,0
GRID,4450,0,16.546840,13.455898,-0.500000,0
GRID,4451,0,16.604245,13.306550,-0.500000,0
GRID,4452,0,16.661649,13.157202,-0.500000,0
GRID,4453,0,16.719053,13.007855,-0.500000,0
GRID,4454,0,16.776457,12.858507,-0.500000,0
GRID,4455,0,16.833862,12.709159,-0.500000,0
GRID,4456,0,16.891266,12.559811,-0.500000,0
GRID,4457,0,16.948670,12.410464,-0.500000,0
GRID,4458,0,17.006074,12.261116,-0.500000,0
GRID,4459,0,17.063478,12.111768,-0.500000,0
GRID,4460,0,17.120883,11.962420,-0.500000,0
GRID,4461,0,17.178287,11.813072,-0.500000,0
GRID,4462,0,17.235691,11.663725,-0.500000,0
GRID,4463,0,17.293095,11.514377,-0.500000,0
GRID,4464,0,17.350500,11.365029,-0.500000,0
GRID,4465,0,17.407904,11.215681,-0.500000,0
GRID,4466,0,17.465308,11.066334,-0.500000,0
GRID,4467,0,17.522712,10.916986,-0.500000,0
GRID,4468,0,17.580116,10.767638,-0.500000,0
GRID,4469,0,17.637521,10.618290,-0.500000,0
GRID,4470,0,17.694925,10.468943,-0.500000,0
GRID,4471,0,17.752329,10.319595,-0.500000,0
GRID,4472,0,17.809733,10.170247,-0.500000,0
GRID,4473,0,16.701326,14.029513,-0.500000,0
GRID,4474,0,18.123785,10.328722,-0.500000,0
GRID,4475,0,16.758730,13.880165,-0.500000,0
GRID,4476,0,16.816134,13.730817,-0.500000,0
GRID,4477,0,16.873539,13.581470,-0.500000,0
GRID,4478,0,16.930943,13.432122,-0.500000,0
GRID,4479,0,16.988347,13.282774,-0.500000,0
GRID,4480,0,17.045751,13.133426,-0.500000,0
GRID,4481,0,17.103156,12.984079,-0.500000,0
GRID,4482,0,17.160560,12.834731,-0.500000,0
GRID,4483,0,17.217964,12.685383,-0.500000,0
GRID,4484,0,17.275368,12.536035,-0.500000,0
GRID,4485,0,17.332772,12.386687,-0.500000,0
GRID,4486,0,17.390177,12.237340,-0.500000,0
GRID,4487,0,17.447581,12.087992,-0.500000,0
GRID,4488,0,17.504985,11.938644,-0.500000,0
GRID,4489,0,17.562389,11.789296,-0.500000,0
GRID,4490,0,17.619794,11.639949,-0.500000,0
GRID,4491,0,17.677198,11.490601,-0.500000,0
GRID,4492,0,17.734602,11.341253,-0.500000,0
GRID,4493,0,17.792006,11.191905,-0.500000,0
GRID,4494,0,17.849410,11.042558,-0.500000,0
GRID,4495,0,17.906815,10.893210,-0.500000,0
GRID,4496,0,17.964219,10.743862,-0.500000,0
GRID,4497,0,18.021623,10.594514,-0.500000,0
GRID,4498,0,18.079027,10.445167,-0.500000,0
GRID,4499,0,17.028024,14.155085,-0.500000,0
GRID,4500,0,18.430848,10.505377,-0.500000,0
GRID,4501,0,17.085428,14.005737,-0.500000,0
GRID,4502,0,17.142833,13.856389,-0.500000,0
GRID,4503,0,17.200237,13.707041,-0.500000,0
GRID,4504,0,17.257641,13.557694,-0.500000,0
GRID,4505,0,17.315045,13.408346,-0.500000,0
GRID,4506,0,17.372450,13.258998,-0.500000,0
GRID,4507,0,17.429854,13.109650,-0.500000,0
GRID,4508,0,17.487258,12.960303,-0.500000,0
GRID,4509,0,17.544662,12.810955,-0.500000,0
GRID,4510,0,17.602066,12.661607,-0.500000,0
GRID,4511,0,17.659471,12.512259,-0.500000,0
GRID,4512,0,17.716875,12.362911,-0.500000,0
GRID,4513,0,17.774279,12.213564,-0.500000,0
GRID,4514,0,17.831683,12.064216,-0.500000,0
GRID,4515,0,17.889088,11.914868,-0.500000,0
GRID,4516,0,17.946492,11.765520,-0.500000,0
GRID,4517,0,18.003896,11.616173,-0.500000,0
GRID,4518,0,18.061300,11.466825,-0.500000,0
GRID,4519,0,18.118704,11.317477,-0.500000,0
GRID,4520,0,18.176109,11.168129,-0.500000,0
GRID,4521,0,18.233513,11.018782,-0.500000,0
GRID,4522,0,18.290917,10.869434,-0.500000,0
GRID,4523,0,18.348321,10.720086,-0.500000,0
GRID,4524,0,18.405726,10.570738,-0.500000,0
GRID,4525,0,17.354722,14.280656,-0.500000,0
GRID,4526,0,18.737911,10.682033,-0.500000,0
GRID,4527,0,17.412127,14.131309,-0.500000,0
GRID,4528,0,17.469531,13.981961,-0.500000,0
GRID,4529,0,17.526935,13.832613,-0.500000,0
GRID,4530,0,17.584339,13.683265,-0.500000,0
GRID,4531,0,17.641744,13.533918,-0.500000,0
GRID,4532,0,17.699148,13.384570,-0.500000,0
GRID,4533,0,17.756552,13.235222,-0.500000,0
GRID,4534,0,17.813956,13.085874,-0.500000,0
GRID,4535,0,17.871360,12.936527,-0.500000,0
GRID,4536,0,17.928765,12.787179,-0.500000,0
GRID,4537,0,17.986169,12.637831,-0.500000,0
GRID,4538,0,18.043573,12.488483,-0.500000,0
GRID,4539,0,18.100977,12.339135,-0.500000,0
GRID,4540,0,18.158382,12.189788,-0.500000,0
GRID,4541,0,18.215786,12.040440,-0.500000,0
GRID,4542,0,18.273190,11.891092,-0.500000,0
GRID,4543,0,18.330594,11.741744,-0.500000,0
GRID,4544,0,18.387998,11.592397,-0.500000,0
GRID,4545,0,18.445403,11.443049,-0.500000,0
GRID,4546,0,18.502807,11.293701,-0.500000,0
GRID,4547,0,18.560211,11.144353,-0.500000,0
GRID,4548,0,18.617615,10.995006,-0.500000,0
GRID,4549,0,18.675020,10.845658,-0.500000,0
GRID,4550,0,18.732424,10.696310,-0.500000,0
GRID,4551,0,17.681421,14.406228,-0.500000,0
GRID,4552,0,19.044975,10.858689,-0.500000,0
GRID,4553,0,17.738825,14.256880,-0.500000,0
GRID,4554,0,17.796229,14.107533,-0.500000,0
GRID,4555,0,17.853633,13.958185,-0.500000,0
GRID,4556,0,17.911038,13.808837,-0.500000,0
GRID,4557,0,17.968442,13.659489,-0.500000,0
GRID,4558,0,18.025846,13.510142,-0.500000,0
GRID,4559,0,18.083250,13.360794,-0.500000,0
GRID,4560,0,18.140655,13.211446,-0.500000,0
GRID,4561,0,18.198059,13.062098,-0.500000,0
GRID,4562,0,18.255463,12.912750,-0.500000,0
GRID,4563,0,18.312867,12.763403,-0.500000,0
GRID,4564,0,18.370271,12.614055,-0.500000,0
GRID,4565,0,18.427676,12.464707,-0.500000,0
GRID,4566,0,18.485080,12.315359,-0.500000,0
GRID,4567,0,18.542484,12.166012,-0.500000,0
GRID,4568,0,18.599888,12.016664,-0.500000,0
GRID,4569,0,18.657293,11.867316,-0.500000,0
GRID,4570,0,18.714697,11.717968,-0.500000,0
GRID,4571,0,18.772101,11.568621,-0.500000,0
GRID,4572,0,18.829505,11.419273,-0.500000,0
GRID,4573,0,18.886909,11.269925,-0.500000,0
GRID,4574,0,18.944314,11.120577,-0.500000,0
GRID,4575,0,19.001718,10.971230,-0.500000,0
GRID,4576,0,18.008119,14.531800,-0.500000,0
GRID,4577,0,19.352038,11.035344,-0.500000,0
GRID,4578,0,18.065523,14.382452,-0.500000,0
GRID,4579,0,18.122927,14.233104,-0.500000,0
GRID,4580,0,18.180332,14.083757,-0.500000,0
GRID,4581,0,18.237736,13.934409,-0.500000,0
GRID,4582,0,18.295140,13.785061,-0.500000,0
GRID,4583,0,18.352544,13.635713,-0.500000,0
GRID,4584,0,18.409949,13.486366,-0.500000,0
GRID,4585,0,18.467353,13.337018,-0.500000,0
GRID,4586,0,18.524757,13.187670,-0.500000,0
GRID,4587,0,18.582161,13.038322,-0.500000,0
GRID,4588,0,18.639565,12.888974,-0.500000,0
GRID,4589,0,18.696970,12.739627,-0.500000,0
GRID,4590,0,18.754374,12.590279,-0.500000,0
GRID,4591,0,18.811778,12.440931,-0.500000,0
GRID,4592,0,18.869182,12.291583,-0.500000,0
GRID,4593,0,18.926587,12.142236,-0.500000,0
GRID,4594,0,18.983991,11.992888,-0.500000,0
GRID,4595,0,19.041395,11.843540,-0.500000,0
GRID,4596,0,19.098799,11.694192,-0.500000,0
GRID,4597,0,19.156203,11.544845,-0.500000,0
GRID,4598,0,19.213608,11.395497,-0.500000,0
GRID,4599,0,19.271012,11.246149,-0.500000,0
GRID,4600,0,19.328416,11.096801,-0.500000,0
GRID,4601,0,18.334817,14.657372,-0.500000,0
GRID,4602,0,19.659101,11.212000,-0.500000,0
GRID,4603,0,18.392221,14.508024,-0.500000,0
GRID,4604,0,18.449626,14.358676,-0.500000,0
GRID,4605,0,18.507030,14.209328,-0.500000,0
GRID,4606,0,18.564434,14.059981,-0.500000,0
GRID,4607,0,18.621838,13.910633,-0.500000,0
GRID,4608,0,18.679243,13.761285,-0.500000,0
GRID,4609,0,18.736647,13.611937,-0.500000,0
GRID,4610,0,18.794051,13.462589,-0.500000,0
GRID,4611,0,18.851455,13.313242,-0.500000,0
GRID,4612,0,18.908859,13.163894,-0.500000,0
GRID,4613,0,18.966264,13.014546,-0.500000,0
GRID,4614,0,19.023668,12.865198,-0.500000,0
GRID,4615,0,19.081072,12.715851,-0.500000,0
GRID,4616,0,19.138476,12.566503,-0.500000,0
GRID,4617,0,19.195881,12.417155,-0.500000,0
GRID,4618,0,19.253285,12.267807,-0.500000,0
GRID,4619,0,19.310689,12.118460,-0.500000,0
GRID,4620,0,19.368093,11.969112,-0.500000,0
GRID,4621,0,19.425497,11.819764,-0.500000,0
GRID,4622,0,19.482902,11.670416,-0.500000,0
GRID,4623,0,19.540306,11.521069,-0.500000,0
GRID,4624,0,19.597710,11.371721,-0.500000,0
GRID,4625,0,19.655114,11.222373,-0.500000,0
GRID,4626,0,18.661515,14.782943,-0.500000,0
GRID,4627,0,19.966165,11.388655,-0.500000,0
GRID,4628,0,18.718920,14.633596,-0.500000,0
GRID,4629,0,18.776324,14.484248,-0.500000,0
GRID,4630,0,18.833728,14.334900,-0.500000,0
GRID,4631,0,18.891132,14.185552,-0.500000,0
GRID,4632,0,18.948537,14.036205,-0.500000,0
GRID,4633,0,19.005941,13.886857,-0.500000,0
GRID,4634,0,19.063345,13.737509,-0.500000,0
GRID,4635,0,19.120749,13.588161,-0.500000,0
GRID,4636,0,19.178153,13.438813,-0.500000,0
GRID,4637,0,19.235558,13.289466,-0.500000,0
GRID,4638,0,19.292962,13.140118,-0.500000,0
GRID,4639,0,19.350366,12.990770,-0.500000,0
GRID,4640,0,19.407770,12.841422,-0.500000,0
GRID,4641,0,19.465175,12.692075,-0.500000,0
GRID,4642,0,19.522579,12.542727,-0.500000,0
GRID,4643,0,19.579983,12.393379,-0.500000,0
GRID,4644,0,19.637387,12.244031,-0.500000,0
GRID,4645,0,19.694791,12.094684,-0.500000,0
GRID,4646,0,19.752196,11.945336,-0.500000,0
GRID,4647,0,19.809600,11.795988,-0.500000,0
GRID,4648,0,19.867004,11.646640,-0.500000,0
GRID,4649,0,19.924408,11.497292,-0.500000,0
GRID,4650,0,18.988214,14.908515,-0.500000,0
GRID,4651,0,20.273228,11.565311,-0.500000,0
GRID,4652,0,19.045618,14.759167,-0.500000,0
GRID,4653,0,19.103022,14.609820,-0.500000,0
GRID,4654,0,19.160426,14.460472,-0.500000,0
GRID,4655,0,19.217831,14.311124,-0.500000,0
GRID,4656,0,19.275235,14.161776,-0.500000,0
GRID,4657,0,19.332639,14.012428,-0.500000,0
GRID,4658,0,19.390043,13.863081,-0.500000,0
GRID,4659,0,19.447447,13.713733,-0.500000,0
GRID,4660,0,19.504852,13.564385,-0.500000,0
GRID,4661,0,19.562256,13.415037,-0.500000,0
GRID,4662,0,19.619660,13.265690,-0.500000,0
GRID,4663,0,19.677064,13.116342,-0.500000,0
GRID,4664,0,19.734469,12.966994,-0.500000,0
GRID,4665,0,19.791873,12.817646,-0.500000,0
GRID,4666,0,19.849277,12.668299,-0.500000,0
GRID,4667,0,19.906681,12.518951,-0.500000,0
GRID,4668,0,19.964085,12.369603,-0.500000,0
GRID,4669,0,20.021490,12.220255,-0.500000,0
GRID,4670,0,20.078894,12.070908,-0.500000,0
GRID,4671,0,20.136298,11.921560,-0.500000,0
GRID,4672,0,20.193702,11.772212,-0.500000,0
GRID,4673,0,20.251107,11.622864,-0.500000,0
GRID,4674,0,19.314912,15.034087,-0.500000,0
GRID,4675,0,20.580291,11.741967,-0.500000,0
GRID,4676,0,19.372316,14.884739,-0.500000,0
GRID,4677,0,19.429720,14.735391,-0.500000,0
GRID,4678,0,19.487125,14.586044,-0.500000,0
GRID,4679,0,19.544529,14.436696,-0.500000,0
GRID,4680,0,19.601933,14.287348,-0.500000,0
GRID,4681,0,19.659337,14.138000,-0.500000,0
GRID,4682,0,19.716741,13.988652,-0.500000,0
GRID,4683,0,19.774146,13.839305,-0.500000,0
GRID,4684,0,19.831550,13.689957,-0.500000,0
GRID,4685,0,19.888954,13.540609,-0.500000,0
GRID,4686,0,19.946358,13.391261,-0.500000,0
GRID,4687,0,20.003763,13.241914,-0.500000,0
GRID,4688,0,20.061167,13.092566,-0.500000,0
GRID,4689,0,20.118571,12.943218,-0.500000,0
GRID,4690,0,20.175975,12.793870,-0.500000,0
GRID,4691,0,20.233379,12.644523,-0.500000,0
GRID,4692,0,20.290784,12.495175,-0.500000,0
GRID,4693,0,20.348188,12.345827,-0.500000,0
GRID,4694,0,20.405592,12.196479,-0.500000,0
GRID,4695,0,20.462996,12.047131,-0.500000,0
GRID,4696,0,20.520401,11.897784,-0.500000,0
GRID,4697,0,20.577805,11.748436,-0.500000,0
GRID,4698,0,19.641610,15.159659,-0.500000,0
GRID,4699,0,20.887355,11.918622,-0.500000,0
GRID,4700,0,19.699014,15.010311,-0.500000,0
GRID,4701,0,19.756419,14.860963,-0.500000,0
GRID,4702,0,19.813823,14.711615,-0.500000,0
GRID,4703,0,19.871227,14.562267,-0.500000,0
GRID,4704,0,19.928631,14.412920,-0.500000,0
GRID,4705,0,19.986035,14.263572,-0.500000,0
GRID,4706,0,20.043440,14.114224,-0.500000,0
GRID,4707,0,20.100844,13.964876,-0.500000,0
GRID,4708,0,20.158248,13.815529,-0.500000,0
GRID,4709,0,20.215652,13.666181,-0.500000,0
GRID,4710,0,20.273057,13.516833,-0.500000,0
GRID,4711,0,20.330461,13.367485,-0.500000,0
GRID,4712,0,20.387865,13.218138,-0.500000,0
GRID,4713,0,20.445269,13.068790,-0.500000,0
GRID,4714,0,20.502673,12.919442,-0.500000,0
GRID,4715,0,20.560078,12.770094,-0.500000,0
GRID,4716,0,20.617482,12.620747,-0.500000,0
GRID,4717,0,20.674886,12.471399,-0.500000,0
GRID,4718,0,20.732290,12.322051,-0.500000,0
GRID,4719,0,20.789695,12.172703,-0.500000,0
GRID,4720,0,20.847099,12.023355,-0.500000,0
GRID,4721,0,19.968308,15.285230,-0.500000,0
GRID,4722,0,21.194418,12.095278,-0.500000,0
GRID,4723,0,20.025713,15.135883,-0.500000,0
GRID,4724,0,20.083117,14.986535,-0.500000,0
GRID,4725,0,20.140521,14.837187,-0.500000,0
GRID,4726,0,20.197925,14.687839,-0.500000,0
GRID,4727,0,20.255330,14.538491,-0.500000,0
GRID,4728,0,20.312734,14.389144,-0.500000,0
GRID,4729,0,20.370138,14.239796,-0.500000,0
GRID,4730,0,20.427542,14.090448,-0.500000,0
GRID,4731,0,20.484946,13.941100,-0.500000,0
GRID,4732,0,20.542351,13.791753,-0.500000,0
GRID,4733,0,20.599755,13.642405,-0.500000,0
GRID,4734,0,20.657159,13.493057,-0.500000,0
GRID,4735,0,20.714563,13.343709,-0.500000,0
GRID,4736,0,20.771968,13.194362,-0.500000,0
GRID,4737,0,20.829372,13.045014,-0.500000,0
GRID,4738,0,20.886776,12.895666,-0.500000,0
GRID,4739,0,20.944180,12.746318,-0.500000,0
GRID,4740,0,21.001584,12.596970,-0.500000,0
GRID,4741,0,21.058989,12.447623,-0.500000,0
GRID,4742,0,21.116393,12.298275,-0.500000,0
GRID,4743,0,21.173797,12.148927,-0.500000,0
GRID,4744,0,20.295007,15.410802,-0.500000,0
GRID,4745,0,21.501481,12.271933,-0.500000,0
GRID,4746,0,20.352411,15.261454,-0.500000,0
GRID,4747,0,20.409815,15.112106,-0.500000,0
GRID,4748,0,20.467219,14.962759,-0.500000,0
GRID,4749,0,20.524624,14.813411,-0.500000,0
GRID,4750,0,20.582028,14.664063,-0.500000,0
GRID,4751,0,20.639432,14.514715,-0.500000,0
GRID,4752,0,20.696836,14.365368,-0.500000,0
GRID,4753,0,20.754240,14.216020,-0.500000,0
GRID,4754,0,20.811645,14.066672,-0.500000,0
GRID,4755,0,20.869049,13.917324,-0.500000,0
GRID,4756,0,20.926453,13.767977,-0.500000,0
GRID,4757,0,20.983857,13.618629,-0.500000,0
GRID,4758,0,21.041262,13.469281,-0.500000,0
GRID,4759,0,21.098666,13.319933,-0.500000,0
GRID,4760,0,21.156070,13.170586,-0.500000,0
GRID,4761,0,21.213474,13.021238,-0.500000,0
GRID,4762,0,21.270878,12.871890,-0.500000,0
GRID,4763,0,21.328283,12.722542,-0.500000,0
GRID,4764,0,21.385687,12.573194,-0.500000,0
GRID,4765,0,21.443091,12.423847,-0.500000,0
GRID,4766,0,21.500495,12.274499,-0.500000,0
GRID,4767,0,20.621705,15.536374,-0.500000,0
GRID,4768,0,21.808545,12.448589,-0.500000,0
GRID,4769,0,20.679109,15.387026,-0.500000,0
GRID,4770,0,20.736513,15.237678,-0.500000,0
GRID,4771,0,20.793918,15.088330,-0.500000,0
GRID,4772,0,20.851322,14.938983,-0.500000,0
GRID,4773,0,20.908726,14.789635,-0.500000,0
GRID,4774,0,20.966130,14.640287,-0.500000,0
GRID,4775,0,21.023534,14.490939,-0.500000,0
GRID,4776,0,21.080939,14.341592,-0.500000,0
GRID,4777,0,21.138343,14.192244,-0.500000,0
GRID,4778,0,21.195747,14.042896,-0.500000,0
GRID,4779,0,21.253151,13.893548,-0.500000,0
GRID,4780,0,21.310556,13.744201,-0.500000,0
GRID,4781,0,21.367960,13.594853,-0.500000,0
GRID,4782,0,21.425364,13.445505,-0.500000,0
GRID,4783,0,21.482768,13.296157,-0.500000,0
GRID,4784,0,21.540172,13.146810,-0.500000,0
GRID,4785,0,21.597577,12.997462,-0.500000,0
GRID,4786,0,21.654981,12.848114,-0.500000,0
GRID,4787,0,21.712385,12.698766,-0.500000,0
GRID,4788,0,21.769789,12.549418,-0.500000,0
GRID,4789,0,20.948403,15.661945,-0.500000,0
GRID,4790,0,22.115608,12.625245,-0.500000,0
GRID,4791,0,21.005807,15.512598,-0.500000,0
GRID,4792,0,21.063212,15.363250,-0.500000,0
GRID,4793,0,21.120616,15.213902,-0.500000,0
GRID,4794,0,21.178020,15.064554,-0.500000,0
GRID,4795,0,21.235424,14.915207,-0.500000,0
GRID,4796,0,21.292828,14.765859,-0.500000,0
GRID,4797,0,21.350233,14.616511,-0.500000,0
GRID,4798,0,21.407637,14.467163,-0.500000,0
GRID,4799,0,21.465041,14.317816,-0.500000,0
GRID,4800,0,21.522445,14.168468,-0.500000,0
GRID,4801,0,21.579850,14.019120,-0.500000,0
GRID,4802,0,21.637254,13.869772,-0.500000,0
GRID,4803,0,21.694658,13.720425,-0.500000,0
GRID,4804,0,21.752062,13.571077,-0.500000,0
GRID,4805,0,21.809466,13.421729,-0.500000,0
GRID,4806,0,21.866871,13.272381,-0.500000,0
GRID,4807,0,21.924275,13.123033,-0.500000,0
GRID,4808,0,21.981679,12.973686,-0.500000,0
GRID,4809,0,22.039083,12.824338,-0.500000,0
GRID,4810,0,22.096488,12.674990,-0.500000,0
GRID,4811,0,21.275101,15.787517,-0.500000,0
GRID,4812,0,22.422671,12.801900,-0.500000,0
GRID,4813,0,21.332506,15.638169,-0.500000,0
GRID,4814,0,21.389910,15.488822,-0.500000,0
GRID,4815,0,21.447314,15.339474,-0.500000,0
GRID,4816,0,21.504718,15.190126,-0.500000,0
GRID,4817,0,21.562122,15.040778,-0.500000,0
GRID,4818,0,21.619527,14.891431,-0.500000,0
GRID,4819,0,21.676931,14.742083,-0.500000,0
GRID,4820,0,21.734335,14.592735,-0.500000,0
GRID,4821,0,21.791739,14.443387,-0.500000,0
GRID,4822,0,21.849144,14.294040,-0.500000,0
GRID,4823,0,21.906548,14.144692,-0.500000,0
GRID,4824,0,21.963952,13.995344,-0.500000,0
GRID,4825,0,22.021356,13.845996,-0.500000,0
GRID,4826,0,22.078760,13.696649,-0.500000,0
GRID,4827,0,22.136165,13.547301,-0.500000,0
GRID,4828,0,22.193569,13.397953,-0.500000,0
GRID,4829,0,22.250973,13.248605,-0.500000,0
GRID,4830,0,22.308377,13.099257,-0.500000,0
GRID,4831,0,22.365782,12.949910,-0.500000,0
GRID,4832,0,21.601800,15.913089,-0.500000,0
GRID,4833,0,22.729735,12.978556,-0.500000,0
GRID,4834,0,21.659204,15.763741,-0.500000,0
GRID,4835,0,21.716608,15.614393,-0.500000,0
GRID,4836,0,21.774012,15.465046,-0.500000,0
GRID,4837,0,21.831416,15.315698,-0.500000,0
GRID,4838,0,21.888821,15.166350,-0.500000,0
GRID,4839,0,21.946225,15.017002,-0.500000,0
GRID,4840,0,22.003629,14.867655,-0.500000,0
GRID,4841,0,22.061033,14.718307,-0.500000,0
GRID,4842,0,22.118438,14.568959,-0.500000,0
GRID,4843,0,22.175842,14.419611,-0.500000,0
GRID,4844,0,22.233246,14.270264,-0.500000,0
GRID,4845,0,22.290650,14.120916,-0.500000,0
GRID,4846,0,22.348054,13.971568,-0.500000,0
GRID,4847,0,22.405459,13.822220,-0.500000,0
GRID,4848,0,22.462863,13.672872,-0.500000,0
GRID,4849,0,22.520267,13.523525,-0.500000,0
GRID,4850,0,22.577671,13.374177,-0.500000,0
GRID,4851,0,22.635076,13.224829,-0.500000,0
GRID,4852,0,22.692480,13.075481,-0.500000,0
GRID,4853,0,21.928498,16.038661,-0.500000,0
GRID,4854,0,23.036798,13.155212,-0.500000,0
GRID,4855,0,21.985902,15.889313,-0.500000,0
GRID,4856,0,22.043306,15.739965,-0.500000,0
GRID,4857,0,22.100711,15.590617,-0.500000,0
GRID,4858,0,22.158115,15.441270,-0.500000,0
GRID,4859,0,22.215519,15.291922,-0.500000,0
GRID,4860,0,22.272923,15.142574,-0.500000,0
GRID,4861,0,22.330327,14.993226,-0.500000,0
GRID,4862,0,22.387732,14.843879,-0.500000,0
GRID,4863,0,22.445136,14.694531,-0.500000,0
GRID,4864,0,22.502540,14.545183,-0.500000,0
GRID,4865,0,22.559944,14.395835,-0.500000,0
GRID,4866,0,22.617349,14.246488,-0.500000,0
GRID,4867,0,22.674753,14.097140,-0.500000,0
GRID,4868,0,22.732157,13.947792,-0.500000,0
GRID,4869,0,22.789561,13.798444,-0.500000,0
GRID,4870,0,22.846965,13.649096,-0.500000,0
GRID,4871,0,22.904370,13.499749,-0.500000,0
GRID,4872,0,22.961774,13.350401,-0.500000,0
GRID,4873,0,23.019178,13.201053,-0.500000,0
GRID,4874,0,22.255196,16.164232,-0.500000,0
GRID,4875,0,23.343861,13.331867,-0.500000,0
GRID,4876,0,22.312600,16.014885,-0.500000,0
GRID,4877,0,22.370005,15.865537,-0.500000,0
GRID,4878,0,22.427409,15.716189,-0.500000,0
GRID,4879,0,22.484813,15.566841,-0.500000,0
GRID,4880,0,22.542217,15.417494,-0.500000,0
GRID,4881,0,22.599621,15.268146,-0.500000,0
GRID,4882,0,22.657026,15.118798,-0.500000,0
GRID,4883,0,22.714430,14.969450,-0.500000,0
GRID,4884,0,22.771834,14.820103,-0.500000,0
GRID,4885,0,22.829238,14.670755,-0.500000,0
GRID,4886,0,22.886643,14.521407,-0.500000,0
GRID,4887,0,22.944047,14.372059,-0.500000,0
GRID,4888,0,23.001451,14.222711,-0.500000,0
GRID,4889,0,23.058855,14.073364,-0.500000,0
GRID,4890,0,23.116259,13.924016,-0.500000,0
GRID,4891,0,23.173664,13.774668,-0.500000,0
GRID,4892,0,23.231068,13.625320,-0.500000,0
GRID,4893,0,23.288472,13.475973,-0.500000,0
GRID,4894,0,22.581894,16.289804,-0.500000,0
GRID,4895,0,23.650925,13.508523,-0.500000,0
GRID,4896,0,22.639299,16.140456,-0.500000,0
GRID,4897,0,22.696703,15.991109,-0.500000,0
GRID,4898,0,22.754107,15.841761,-0.500000,0
GRID,4899,0,22.811511,15.692413,-0.500000,0
GRID,4900,0,22.868915,15.543065,-0.500000,0
GRID,4901,0,22.926320,15.393718,-0.500000,0
GRID,4902,0,22.983724,15.244370,-0.500000,0
GRID,4903,0,23.041128,15.095022,-0.500000,0
GRID,4904,0,23.098532,14.945674,-0.500000,0
GRID,4905,0,23.155937,14.796327,-0.500000,0
GRID,4906,0,23.213341,14.646979,-0.500000,0
GRID,4907,0,23.270745,14.497631,-0.500000,0
GRID,4908,0,23.328149,14.348283,-0.500000,0
GRID,4909,0,23.385553,14.198935,-0.500000,0
GRID,4910,0,23.442958,14.049588,-0.500000,0
GRID,4911,0,23.500362,13.900240,-0.500000,0
GRID,4912,0,23.557766,13.750892,-0.500000,0
GRID,4913,0,23.615170,13.601544,-0.500000,0
GRID,4914,0,22.908593,16.415376,-0.500000,0
GRID,4915,0,23.957988,13.685178,-0.500000,0
GRID,4916,0,22.965997,16.266028,-0.500000,0
GRID,4917,0,23.023401,16.116680,-0.500000,0
GRID,4918,0,23.080805,15.967333,-0.500000,0
GRID,4919,0,23.138209,15.817985,-0.500000,0
GRID,4920,0,23.195614,15.668637,-0.500000,0
GRID,4921,0,23.253018,15.519289,-0.500000,0
GRID,4922,0,23.310422,15.369942,-0.500000,0
GRID,4923,0,23.367826,15.220594,-0.500000,0
GRID,4924,0,23.425231,15.071246,-0.500000,0
GRID,4925,0,23.482635,14.921898,-0.500000,0
GRID,4926,0,23.540039,14.772550,-0.500000,0
GRID,4927,0,23.597443,14.623203,-0.500000,0
GRID,4928,0,23.654847,14.473855,-0.500000,0
GRID,4929,0,23.712252,14.324507,-0.500000,0
GRID,4930,0,23.769656,14.175159,-0.500000,0
GRID,4931,0,23.827060,14.025812,-0.500000,0
GRID,4932,0,23.884464,13.876464,-0.500000,0
GRID,4933,0,23.941869,13.727116,-0.500000,0
GRID,4934,0,23.235291,16.540948,-0.500000,0
GRID,4935,0,24.265051,13.861834,-0.500000,0
GRID,4936,0,23.292695,16.391600,-0.500000,0
GRID,4937,0,23.350099,16.242252,-0.500000,0
GRID,4938,0,23.407503,16.092904,-0.500000,0
GRID,4939,0,23.464908,15.943557,-0.500000,0
GRID,4940,0,23.522312,15.794209,-0.500000,0
GRID,4941,0,23.579716,15.644861,-0.500000,0
GRID,4942,0,23.637120,15.495513,-0.500000,0
GRID,4943,0,23.694525,15.346166,-0.500000,0
GRID,4944,0,23.751929,15.196818,-0.500000,0
GRID,4945,0,23.809333,15.047470,-0.500000,0
GRID,4946,0,23.866737,14.898122,-0.500000,0
GRID,4947,0,23.924141,14.748774,-0.500000,0
GRID,4948,0,23.981546,14.599427,-0.500000,0
GRID,4949,0,24.038950,14.450079,-0.500000,0
GRID,4950,0,24.096354,14.300731,-0.500000,0
GRID,4951,0,24.153758,14.151383,-0.500000,0
GRID,4952,0,24.211163,14.002036,-0.500000,0
GRID,4953,0,23.561989,16.666519,-0.500000,0
GRID,4954,0,24.572115,14.038490,-0.500000,0
GRID,4955,0,23.619393,16.517172,-0.500000,0
GRID,4956,0,23.676797,16.367824,-0.500000,0
GRID,4957,0,23.734202,16.218476,-0.500000,0
GRID,4958,0,23.791606,16.069128,-0.500000,0
GRID,4959,0,23.849010,15.919781,-0.500000,0
GRID,4960,0,23.906414,15.770433,-0.500000,0
GRID,4961,0,23.963819,15.621085,-0.500000,0
GRID,4962,0,24.021223,15.471737,-0.500000,0
GRID,4963,0,24.078627,15.322389,-0.500000,0
GRID,4964,0,24.136031,15.173042,-0.500000,0
GRID,4965,0,24.193435,15.023694,-0.500000,0
GRID,4966,0,24.250840,14.874346,-0.500000,0
GRID,4967,0,24.308244,14.724998,-0.500000,0
GRID,4968,0,24.365648,14.575651,-0.500000,0
GRID,4969,0,24.423052,14.426303,-0.500000,0
GRID,4970,0,24.480457,14.276955,-0.500000,0
GRID,4971,0,24.537861,14.127607,-0.500000,0
GRID,4972,0,23.888687,16.792091,-0.500000,0
GRID,4973,0,24.879178,14.215145,-0.500000,0
GRID,4974,0,23.946091,16.642743,-0.500000,0
GRID,4975,0,24.003496,16.493396,-0.500000,0
GRID,4976,0,24.060900,16.344048,-0.500000,0
GRID,4977,0,24.118304,16.194700,-0.500000,0
GRID,4978,0,24.175708,16.045352,-0.500000,0
GRID,4979,0,24.233113,15.896005,-0.500000,0
GRID,4980,0,24.290517,15.746657,-0.500000,0
GRID,4981,0,24.347921,15.597309,-0.500000,0
GRID,4982,0,24.405325,15.447961,-0.500000,0
GRID,4983,0,24.462729,15.298613,-0.500000,0
GRID,4984,0,24.520134,15.149266,-0.500000,0
GRID,4985,0,24.577538,14.999918,-0.500000,0
GRID,4986,0,24.634942,14.850570,-0.500000,0
GRID,4987,0,24.692346,14.701222,-0.500000,0
GRID,4988,0,24.749751,14.551875,-0.500000,0
GRID,4989,0,24.807155,14.402527,-0.500000,0
GRID,4990,0,24.864559,14.253179,-0.500000,0
GRID,4991,0,24.215386,16.917663,-0.500000,0
GRID,4992,0,25.186241,14.391801,-0.500000,0
GRID,4993,0,24.272790,16.768315,-0.500000,0
GRID,4994,0,24.330194,16.618967,-0.500000,0
GRID,4995,0,24.387598,16.469620,-0.500000,0
GRID,4996,0,24.445002,16.320272,-0.500000,0
GRID,4997,0,24.502407,16.170924,-0.500000,0
GRID,4998,0,24.559811,16.021576,-0.500000,0
GRID,4999,0,24.617215,15.872228,-0.500000,0
GRID,5000,0,24.674619,15.722881,-0.500000,0
GRID,5001,0,24.732024,15.573533,-0.500000,0
GRID,5002,0,24.789428,15.424185,-0.500000,0
GRID,5003,0,24.846832,15.274837,-0.500000,0
GRID,5004,0,24.904236,15.125490,-0.500000,0
GRID,5005,0,24.961640,14.976142,-0.500000,0
GRID,5006,0,25.019045,14.826794,-0.500000,0
GRID,5007,0,25.076449,14.677446,-0.500000,0
GRID,5008,0,25.133853,14.528099,-0.500000,0
GRID,5009,0,24.542084,17.043235,-0.500000,0
GRID,5010,0,25.493305,14.568456,-0.500000,0
GRID,5011,0,24.599488,16.893887,-0.500000,0
GRID,5012,0,24.656892,16.744539,-0.500000,0
GRID,5013,0,24.714296,16.595191,-0.500000,0
GRID,5014,0,24.771701,16.445844,-0.500000,0
GRID,5015,0,24.829105,16.296496,-0.500000,0
GRID,5016,0,24.886509,16.147148,-0.500000,0
GRID,5017,0,24.943913,15.997800,-0.500000,0
GRID,5018,0,25.001318,15.848452,-0.500000,0
GRID,5019,0,25.058722,15.699105,-0.500000,0
GRID,5020,0,25.116126,15.549757,-0.500000,0
GRID,5021,0,25.173530,15.400409,-0.500000,0
GRID,5022,0,25.230934,15.251061,-0.500000,0
GRID,5023,0,25.288339,15.101714,-0.500000,0
GRID,5024,0,25.345743,14.952366,-0.500000,0
GRID,5025,0,25.403147,14.803018,-0.500000,0
GRID,5026,0,25.460551,14.653670,-0.500000,0
GRID,5027,0,24.868782,17.168806,-0.500000,0
GRID,5028,0,25.800368,14.745112,-0.500000,0
GRID,5029,0,24.926186,17.019459,-0.500000,0
GRID,5030,0,24.983590,16.870111,-0.500000,0
GRID,5031,0,25.040995,16.720763,-0.500000,0
GRID,5032,0,25.098399,16.571415,-0.500000,0
GRID,5033,0,25.155803,16.422068,-0.500000,0
GRID,5034,0,25.213207,16.272720,-0.500000,0
GRID,5035,0,25.270612,16.123372,-0.500000,0
GRID,5036,0,25.328016,15.974024,-0.500000,0
GRID,5037,0,25.385420,15.824676,-0.500000,0
GRID,5038,0,25.442824,15.675329,-0.500000,0
GRID,5039,0,25.500228,15.525981,-0.500000,0
GRID,5040,0,25.557633,15.376633,-0.500000,0
GRID,5041,0,25.615037,15.227285,-0.500000,0
GRID,5042,0,25.672441,15.077938,-0.500000,0
GRID,5043,0,25.729845,14.928590,-0.500000,0
GRID,5044,0,25.787250,14.779242,-0.500000,0
GRID,5045,0,25.195480,17.294378,-0.500000,0
GRID,5046,0,26.107431,14.921768,-0.500000,0
GRID,5047,0,25.252884,17.145030,-0.500000,0
GRID,5048,0,25.310289,16.995683,-0.500000,0
GRID,5049,0,25.367693,16.846335,-0.500000,0
GRID,5050,0,25.425097,16.696987,-0.500000,0
GRID,5051,0,25.482501,16.547639,-0.500000,0
GRID,5052,0,25.539906,16.398291,-0.500000,0
GRID,5053,0,25.597310,16.248944,-0.500000,0
GRID,5054,0,25.654714,16.099596,-0.500000,0
GRID,5055,0,25.712118,15.950248,-0.500000,0
GRID,5056,0,25.769522,15.800900,-0.500000,0
GRID,5057,0,25.826927,15.651553,-0.500000,0
GRID,5058,0,25.884331,15.502205,-0.500000,0
GRID,5059,0,25.941735,15.352857,-0.500000,0
GRID,5060,0,25.999139,15.203509,-0.500000,0
GRID,5061,0,26.056544,15.054162,-0.500000,0
GRID,5062,0,25.522178,17.419950,-0.500000,0
GRID,5063,0,26.414495,15.098423,-0.500000,0
GRID,5064,0,25.579583,17.270602,-0.500000,0
GRID,5065,0,25.636987,17.121254,-0.500000,0
GRID,5066,0,25.694391,16.971907,-0.500000,0
GRID,5067,0,25.751795,16.822559,-0.500000,0
GRID,5068,0,25.809200,16.673211,-0.500000,0
GRID,5069,0,25.866604,16.523863,-0.500000,0
GRID,5070,0,25.924008,16.374515,-0.500000,0
GRID,5071,0,25.981412,16.225168,-0.500000,0
GRID,5072,0,26.038816,16.075820,-0.500000,0
GRID,5073,0,26.096221,15.926472,-0.500000,0
GRID,5074,0,26.153625,15.777124,-0.500000,0
GRID,5075,0,26.211029,15.627777,-0.500000,0
GRID,5076,0,26.268433,15.478429,-0.500000,0
GRID,5077,0,26.325838,15.329081,-0.500000,0
GRID,5078,0,26.383242,15.179733,-0.500000,0
GRID,5079,0,25.848877,17.545522,-0.500000,0
GRID,5080,0,26.721558,15.275079,-0.500000,0
GRID,5081,0,25.906281,17.396174,-0.500000,0
GRID,5082,0,25.963685,17.246826,-0.500000,0
GRID,5083,0,26.021089,17.097478,-0.500000,0
GRID,5084,0,26.078494,16.948130,-0.500000,0
GRID,5085,0,26.135898,16.798783,-0.500000,0
GRID,5086,0,26.193302,16.649435,-0.500000,0
GRID,5087,0,26.250706,16.500087,-0.500000,0
GRID,5088,0,26.308110,16.350739,-0.500000,0
GRID,5089,0,26.365515,16.201392,-0.500000,0
GRID,5090,0,26.422919,16.052044,-0.500000,0
GRID,5091,0,26.480323,15.902696,-0.500000,0
GRID,5092,0,26.537727,15.753348,-0.500000,0
GRID,5093,0,26.595132,15.604001,-0.500000,0
GRID,5094,0,26.652536,15.454653,-0.500000,0
GRID,5095,0,26.709940,15.305305,-0.500000,0
GRID,5096,0,26.175575,17.671093,-0.500000,0
GRID,5097,0,27.028621,15.451734,-0.500000,0
GRID,5098,0,26.232979,17.521746,-0.500000,0
GRID,5099,0,26.290383,17.372398,-0.500000,0
GRID,5100,0,26.347788,17.223050,-0.500000,0
GRID,5101,0,26.405192,17.073702,-0.500000,0
GRID,5102,0,26.462596,16.924354,-0.500000,0
GRID,5103,0,26.520000,16.775007,-0.500000,0
GRID,5104,0,26.577404,16.625659,-0.500000,0
GRID,5105,0,26.634809,16.476311,-0.500000,0
GRID,5106,0,26.692213,16.326963,-0.500000,0
GRID,5107,0,26.749617,16.177616,-0.500000,0
GRID,5108,0,26.807021,16.028268,-0.500000,0
GRID,5109,0,26.864426,15.878920,-0.500000,0
GRID,5110,0,26.921830,15.729572,-0.500000,0
GRID,5111,0,26.979234,15.580225,-0.500000,0
GRID,5112,0,26.502273,17.796665,-0.500000,0
GRID,5113,0,27.335685,15.628390,-0.500000,0
GRID,5114,0,26.559677,17.647317,-0.500000,0
GRID,5115,0,26.617082,17.497969,-0.500000,0
GRID,5116,0,26.674486,17.348622,-0.500000,0
GRID,5117,0,26.731890,17.199274,-0.500000,0
GRID,5118,0,26.789294,17.049926,-0.500000,0
GRID,5119,0,26.846699,16.900578,-0.500000,0
GRID,5120,0,26.904103,16.751231,-0.500000,0
GRID,5121,0,26.961507,16.601883,-0.500000,0
GRID,5122,0,27.018911,16.452535,-0.500000,0
GRID,5123,0,27.076315,16.303187,-0.500000,0
GRID,5124,0,27.133720,16.153840,-0.500000,0
GRID,5125,0,27.191124,16.004492,-0.500000,0
GRID,5126,0,27.248528,15.855144,-0.500000,0
GRID,5127,0,27.305932,15.705796,-0.500000,0
GRID,5128,0,26.828971,17.922237,-0.500000,0
GRID,5129,0,27.642748,15.805046,-0.500000,0
GRID,5130,0,26.886376,17.772889,-0.500000,0
GRID,5131,0,26.943780,17.623541,-0.500000,0
GRID,5132,0,27.001184,17.474193,-0.500000,0
GRID,5133,0,27.058588,17.324846,-0.500000,0
GRID,5134,0,27.115993,17.175498,-0.500000,0
GRID,5135,0,27.173397,17.026150,-0.500000,0
GRID,5136,0,27.230801,16.876802,-0.500000,0
GRID,5137,0,27.288205,16.727455,-0.500000,0
GRID,5138,0,27.345609,16.578107,-0.500000,0
GRID,5139,0,27.403014,16.428759,-0.500000,0
GRID,5140,0,27.460418,16.279411,-0.500000,0
GRID,5141,0,27.517822,16.130064,-0.500000,0
GRID,5142,0,27.575226,15.980716,-0.500000,0
GRID,5143,0,27.632631,15.831368,-0.500000,0
GRID,5144,0,27.155670,18.047808,-0.500000,0
GRID,5145,0,27.949811,15.981701,-0.500000,0
GRID,5146,0,27.213074,17.898461,-0.500000,0
GRID,5147,0,27.270478,17.749113,-0.500000,0
GRID,5148,0,27.327882,17.599765,-0.500000,0
GRID,5149,0,27.385287,17.450417,-0.500000,0
GRID,5150,0,27.442691,17.301070,-0.500000,0
GRID,5151,0,27.500095,17.151722,-0.500000,0
GRID,5152,0,27.557499,17.002374,-0.500000,0
GRID,5153,0,27.614903,16.853026,-0.500000,0
GRID,5154,0,27.672308,16.703679,-0.500000,0
GRID,5155,0,27.729712,16.554331,-0.500000,0
GRID,5156,0,27.787116,16.404983,-0.500000,0
GRID,5157,0,27.844520,16.255635,-0.500000,0
GRID,5158,0,27.901925,16.106288,-0.500000,0
GRID,5159,0,27.482368,18.173380,-0.500000,0
GRID,5160,0,28.256875,16.158357,-0.500000,0
GRID,5161,0,27.539772,18.024032,-0.500000,0
GRID,5162,0,27.597176,17.874685,-0.500000,0
GRID,5163,0,27.654581,17.725337,-0.500000,0
GRID,5164,0,27.711985,17.575989,-0.500000,0
GRID,5165,0,27.769389,17.426641,-0.500000,0
GRID,5166,0,27.826793,17.277294,-0.500000,0
GRID,5167,0,27.884197,17.127946,-0.500000,0
GRID,5168,0,27.941602,16.978598,-0.500000,0
GRID,5169,0,27.999006,16.829250,-0.500000,0
GRID,5170,0,28.056410,16.679903,-0.500000,0
GRID,5171,0,28.113814,16.530555,-0.500000,0
GRID,5172,0,28.171219,16.381207,-0.500000,0
GRID,5173,0,28.228623,16.231859,-0.500000,0
GRID,5174,0,27.809066,18.298952,-0.500000,0
GRID,5175,0,28.563938,16.335012,-0.500000,0
GRID,5176,0,27.866470,18.149604,-0.500000,0
GRID,5177,0,27.923875,18.000256,-0.500000,0
GRID,5178,0,27.981279,17.850909,-0.500000,0
GRID,5179,0,28.038683,17.701561,-0.500000,0
GRID,5180,0,28.096087,17.552213,-0.500000,0
GRID,5181,0,28.153491,17.402865,-0.500000,0
GRID,5182,0,28.210896,17.253518,-0.500000,0
GRID,5183,0,28.268300,17.104170,-0.500000,0
GRID,5184,0,28.325704,16.954822,-0.500000,0
GRID,5185,0,28.383108,16.805474,-0.500000,0
GRID,5186,0,28.440513,16.656127,-0.500000,0
GRID,5187,0,28.497917,16.506779,-0.500000,0
GRID,5188,0,28.555321,16.357431,-0.500000,0
GRID,5189,0,28.135764,18.424524,-0.500000,0
GRID,5190,0,28.871001,16.511668,-0.500000,0
GRID,5191,0,28.193169,18.275176,-0.500000,0
GRID,5192,0,28.250573,18.125828,-0.500000,0
GRID,5193,0,28.307977,17.976480,-0.500000,0
GRID,5194,0,28.365381,17.827133,-0.500000,0
GRID,5195,0,28.422785,17.677785,-0.500000,0
GRID,5196,0,28.480190,17.528437,-0.500000,0
GRID,5197,0,28.537594,17.379089,-0.500000,0
GRID,5198,0,28.594998,17.229742,-0.500000,0
GRID,5199,0,28.652402,17.080394,-0.500000,0
GRID,5200,0,28.709807,16.931046,-0.500000,0
GRID,5201,0,28.767211,16.781698,-0.500000,0
GRID,5202,0,28.824615,16.632351,-0.500000,0
GRID,5203,0,28.462463,18.550095,-0.500000,0
GRID,5204,0,29.178065,16.688324,-0.500000,0
GRID,5205,0,28.519867,18.400748,-0.500000,0
GRID,5206,0,28.577271,18.251400,-0.500000,0
GRID,5207,0,28.634675,18.102052,-0.500000,0
GRID,5208,0,28.692079,17.952704,-0.500000,0
GRID,5209,0,28.749484,17.803357,-0.500000,0
GRID,5210,0,28.806888,17.654009,-0.500000,0
GRID,5211,0,28.864292,17.504661,-0.500000,0
GRID,5212,0,28.921696,17.355313,-0.500000,0
GRID,5213,0,28.979101,17.205966,-0.500000,0
GRID,5214,0,29.036505,17.056618,-0.500000,0
GRID,5215,0,29.093909,16.907270,-0.500000,0
GRID,5216,0,29.151313,16.757922,-0.500000,0
GRID,5217,0,28.789161,18.675667,-0.500000,0
GRID,5218,0,29.485128,16.864979,-0.500000,0
GRID,5219,0,28.846565,18.526319,-0.500000,0
GRID,5220,0,28.903969,18.376972,-0.500000,0
GRID,5221,0,28.961374,18.227624,-0.500000,0
GRID,5222,0,29.018778,18.078276,-0.500000,0
GRID,5223,0,29.076182,17.928928,-0.500000,0
GRID,5224,0,29.133586,17.779581,-0.500000,0
GRID,5225,0,29.190990,17.630233,-0.500000,0
GRID,5226,0,29.248395,17.480885,-0.500000,0
GRID,5227,0,29.305799,17.331537,-0.500000,0
GRID,5228,0,29.363203,17.182190,-0.500000,0
GRID,5229,0,29.420607,17.032842,-0.500000,0
GRID,5230,0,29.478012,16.883494,-0.500000,0
GRID,5231,0,29.115859,18.801239,-0.500000,0
GRID,5232,0,29.792191,17.041635,-0.500000,0
GRID,5233,0,29.173263,18.651891,-0.500000,0
GRID,5234,0,29.230668,18.502543,-0.500000,0
GRID,5235,0,29.288072,18.353196,-0.500000,0
GRID,5236,0,29.345476,18.203848,-0.500000,0
GRID,5237,0,29.402880,18.054500,-0.500000,0
GRID,5238,0,29.460284,17.905152,-0.500000,0
GRID,5239,0,29.517689,17.755805,-0.500000,0
GRID,5240,0,29.575093,17.606457,-0.500000,0
GRID,5241,0,29.632497,17.457109,-0.500000,0
GRID,5242,0,29.689901,17.307761,-0.500000,0
GRID,5243,0,29.747306,17.158413,-0.500000,0
GRID,5244,0,29.442557,18.926811,-0.500000,0
GRID,5245,0,30.099255,17.218291,-0.500000,0
GRID,5246,0,29.499962,18.777463,-0.500000,0
GRID,5247,0,29.557366,18.628115,-0.500000,0
GRID,5248,0,29.614770,18.478767,-0.500000,0
GRID,5249,0,29.672174,18.329420,-0.500000,0
GRID,5250,0,29.729578,18.180072,-0.500000,0
GRID,5251,0,29.786983,18.030724,-0.500000,0
GRID,5252,0,29.844387,17.881376,-0.500000,0
GRID,5253,0,29.901791,17.732029,-0.500000,0
GRID,5254,0,29.959195,17.582681,-0.500000,0
GRID,5255,0,30.016600,17.433333,-0.500000,0
GRID,5256,0,30.074004,17.283985,-0.500000,0
GRID,5257,0,29.769256,19.052382,-0.500000,0
GRID,5258,0,30.406318,17.394946,-0.500000,0
GRID,5259,0,29.826660,18.903035,-0.500000,0
GRID,5260,0,29.884064,18.753687,-0.500000,0
GRID,5261,0,29.941468,18.604339,-0.500000,0
GRID,5262,0,29.998872,18.454991,-0.500000,0
GRID,5263,0,30.056277,18.305644,-0.500000,0
GRID,5264,0,30.113681,18.156296,-0.500000,0
GRID,5265,0,30.171085,18.006948,-0.500000,0
GRID,5266,0,30.228489,17.857600,-0.500000,0
GRID,5267,0,30.285894,17.708252,-0.500000,0
GRID,5268,0,30.343298,17.558905,-0.500000,0
GRID,5269,0,30.400702,17.409557,-0.500000,0
GRID,5270,0,30.095954,19.177954,-0.500000,0
GRID,5271,0,30.713381,17.571602,-0.500000,0
GRID,5272,0,30.153358,19.028606,-0.500000,0
GRID,5273,0,30.210762,18.879259,-0.500000,0
GRID,5274,0,30.268166,18.729911,-0.500000,0
GRID,5275,0,30.325571,18.580563,-0.500000,0
GRID,5276,0,30.382975,18.431215,-0.500000,0
GRID,5277,0,30.440379,18.281868,-0.500000,0
GRID,5278,0,30.497783,18.132520,-0.500000,0
GRID,5279,0,30.555188,17.983172,-0.500000,0
GRID,5280,0,30.612592,17.833824,-0.500000,0
GRID,5281,0,30.669996,17.684476,-0.500000,0
GRID,5282,0,30.422652,19.303526,-0.500000,0
GRID,5283,0,31.020445,17.748257,-0.500000,0
GRID,5284,0,30.480056,19.154178,-0.500000,0
GRID,5285,0,30.537460,19.004830,-0.500000,0
GRID,5286,0,30.594865,18.855483,-0.500000,0
GRID,5287,0,30.652269,18.706135,-0.500000,0
GRID,5288,0,30.709673,18.556787,-0.500000,0
GRID,5289,0,30.767077,18.407439,-0.500000,0
GRID,5290,0,30.824482,18.258091,-0.500000,0
GRID,5291,0,30.881886,18.108744,-0.500000,0
GRID,5292,0,30.939290,17.959396,-0.500000,0
GRID,5293,0,30.996694,17.810048,-0.500000,0
GRID,5294,0,30.749350,19.429098,-0.500000,0
GRID,5295,0,31.327508,17.924913,-0.500000,0
GRID,5296,0,30.806754,19.279750,-0.500000,0
GRID,5297,0,30.864159,19.130402,-0.500000,0
GRID,5298,0,30.921563,18.981054,-0.500000,0
GRID,5299,0,30.978967,18.831707,-0.500000,0
GRID,5300,0,31.036371,18.682359,-0.500000,0
GRID,5301,0,31.093776,18.533011,-0.500000,0
GRID,5302,0,31.151180,18.383663,-0.500000,0
GRID,5303,0,31.208584,18.234315,-0.500000,0
GRID,5304,0,31.265988,18.084968,-0.500000,0
GRID,5305,0,31.323392,17.935620,-0.500000,0
GRID,5306,0,31.076049,19.554669,-0.500000,0
GRID,5307,0,31.634571,18.101569,-0.500000,0
GRID,5308,0,31.133453,19.405322,-0.500000,0
GRID,5309,0,31.190857,19.255974,-0.500000,0
GRID,5310,0,31.248261,19.106626,-0.500000,0
GRID,5311,0,31.305665,18.957278,-0.500000,0
GRID,5312,0,31.363070,18.807930,-0.500000,0
GRID,5313,0,31.420474,18.658583,-0.500000,0
GRID,5314,0,31.477878,18.509235,-0.500000,0
GRID,5315,0,31.535282,18.359887,-0.500000,0
GRID,5316,0,31.592687,18.210539,-0.500000,0
GRID,5317,0,31.334463,18.111287,-0.500000,0
GRID,5318,0,30.436739,17.594820,-0.500000,0
GRID,5319,0,29.539015,17.078354,-0.500000,0
GRID,5320,0,28.641291,16.561887,-0.500000,0
GRID,5321,0,27.743566,16.045420,-0.500000,0
GRID,5322,0,26.845842,15.528953,-0.500000,0
GRID,5323,0,25.948118,15.012487,-0.500000,0
GRID,5324,0,25.050394,14.496020,-0.500000,0
GRID,5325,0,24.152670,13.979553,-0.500000,0
GRID,5326,0,23.254946,13.463086,-0.500000,0
GRID,5327,0,22.357222,12.946620,-0.500000,0
GRID,5328,0,21.459498,12.430153,-0.500000,0
GRID,5329,0,20.561774,11.913686,-0.500000,0
GRID,5330,0,19.664050,11.397220,-0.500000,0
GRID,5331,0,18.766326,10.880753,-0.500000,0
GRID,5332,0,17.868602,10.364286,-0.500000,0
GRID,5333,0,16.970878,9.847819,-0.500000,0
GRID,5334,0,16.073154,9.331353,-0.500000,0
GRID,5335,0,15.175430,8.814886,-0.500000,0
GRID,5336,0,14.277705,8.298419,-0.500000,0
GRID,5337,0,13.379981,7.781952,-0.500000,0
GRID,5338,0,12.482257,7.265486,-0.500000,0
GRID,5339,0,11.584533,6.749019,-0.500000,0
GRID,5340,0,10.686809,6.232552,-0.500000,0
GRID,5341,0,9.789085,5.716086,-0.500000,0
GRID,5342,0,8.891361,5.199619,-0.500000,0
GRID,5343,0,7.993637,4.683152,-0.500000,0
GRID,5344,0,7.095913,4.166685,-0.500000,0
GRID,5345,0,6.198189,3.650219,-0.500000,0
GRID,5346,0,5.300465,3.133752,-0.500000,0
GRID,5347,0,4.402741,2.617285,-0.500000,0
GRID,5348,0,2.980000,3.877810,-0.500000,0
GRID,5349,0,3.691808,2.025908,-0.500000,0
GRID,5350,0,3.011231,3.796556,-0.500000,0
GRID,5351,0,3.068635,3.647208,-0.500000,0
GRID,5352,0,3.126040,3.497861,-0.500000,0
GRID,5353,0,3.183444,3.348513,-0.500000,0
GRID,5354,0,3.240848,3.199165,-0.500000,0
GRID,5355,0,3.298252,3.049817,-0.500000,0
GRID,5356,0,3.355657,2.900469,-0.500000,0
GRID,5357,0,3.413061,2.751122,-0.500000,0
GRID,5358,0,3.470465,2.601774,-0.500000,0
GRID,5359,0,3.527869,2.452426,-0.500000,0
GRID,5360,0,3.585273,2.303078,-0.500000,0
GRID,5361,0,3.642678,2.153731,-0.500000,0
GRID,5362,0,3.037404,7.749092,-0.500000,0
GRID,5363,0,3.037404,6.720620,-0.500000,0
GRID,5364,0,3.037404,5.692148,-0.500000,0
GRID,5365,0,3.037404,4.835088,-0.500000,0
GRID,5366,0,3.037404,3.806616,-0.500000,0
GRID,5367,0,2.980000,1.616400,-0.500000,0
GRID,5368,0,0.000000,8.755500,-0.500000,0
GRID,5369,0,0.000000,1.616400,-0.500000,0
GRID,5370,0,0.000000,8.584088,-0.500000,0
GRID,5371,0,0.000000,8.412676,-0.500000,0
GRID,5372,0,0.000000,8.241264,-0.500000,0
GRID,5373,0,0.000000,8.069852,-0.500000,0
GRID,5374,0,0.000000,7.898440,-0.500000,0
GRID,5375,0,0.000000,7.727028,-0.500000,0
GRID,5376,0,0.000000,7.555616,-0.500000,0
GRID,5377,0,0.000000,7.384204,-0.500000,0
GRID,5378,0,0.000000,7.212792,-0.500000,0
GRID,5379,0,0.000000,7.041380,-0.500000,0
GRID,5380,0,0.000000,6.869968,-0.500000,0
GRID,5381,0,0.000000,6.698556,-0.500000,0
GRID,5382,0,0.000000,6.527144,-0.500000,0
GRID,5383,0,0.000000,6.355732,-0.500000,0
GRID,5384,0,0.000000,6.184320,-0.500000,0
GRID,5385,0,0.000000,6.012908,-0.500000,0
GRID,5386,0,0.000000,5.841496,-0.500000,0
GRID,5387,0,0.000000,5.670084,-0.500000,0
GRID,5388,0,0.000000,5.498672,-0.500000,0
GRID,5389,0,0.000000,5.327260,-0.500000,0
GRID,5390,0,0.000000,5.155848,-0.500000,0
GRID,5391,0,0.000000,4.984436,-0.500000,0
GRID,5392,0,0.000000,4.813024,-0.500000,0
GRID,5393,0,0.000000,4.641612,-0.500000,0
GRID,5394,0,0.000000,4.470200,-0.500000,0
GRID,5395,0,0.000000,4.298788,-0.500000,0
GRID,5396,0,0.000000,4.127376,-0.500000,0
GRID,5397,0,0.000000,3.955964,-0.500000,0
GRID,5398,0,0.000000,3.784552,-0.500000,0
GRID,5399,0,0.000000,3.613140,-0.500000,0
GRID,5400,0,0.000000,3.441728,-0.500000,0
GRID,5401,0,0.000000,3.270316,-0.500000,0
GRID,5402,0,0.000000,3.098904,-0.500000,0
GRID,5403,0,0.000000,2.927492,-0.500000,0
GRID,5404,0,0.000000,2.756080,-0.500000,0
GRID,5405,0,0.000000,2.584668,-0.500000,0
GRID,5406,0,0.000000,2.413256,-0.500000,0
GRID,5407,0,0.000000,2.241844,-0.500000,0
GRID,5408,0,0.000000,2.070432,-0.500000,0
GRID,5409,0,0.000000,1.899020,-0.500000,0
GRID,5410,0,0.000000,1.727608,-0.500000,0
GRID,5411,0,0.440000,8.755500,-0.500000,0
GRID,5412,0,0.440000,1.616400,-0.500000,0
GRID,5413,0,0.440000,8.584088,-0.500000,0
GRID,5414,0,0.440000,8.412676,-0.500000,0
GRID,5415,0,0.440000,8.241264,-0.500000,0
GRID,5416,0,0.440000,8.069852,-0.500000,0
GRID,5417,0,0.440000,7.898440,-0.500000,0
GRID,5418,0,0.440000,7.727028,-0.500000,0
GRID,5419,0,0.440000,7.555616,-0.500000,0
GRID,5420,0,0.440000,7.384204,-0.500000,0
GRID,5421,0,0.440000,7.212792,-0.500000,0
GRID,5422,0,0.440000,7.041380,-0.500000,0
GRID,5423,0,0.440000,6.869968,-0.500000,0
GRID,5424,0,0.440000,6.698556,-0.500000,0
GRID,5425,0,0.440000,6.527144,-0.500000,0
GRID,5426,0,0.440000,6.355732,-0.500000,0
GRID,5427,0,0.440000,6.184320,-0.500000,0
GRID,5428,0,0.440000,6.012908,-0.500000,0
GRID,5429,0,0.440000,5.841496,-0.500000,0
GRID,5430,0,0.440000,5.670084,-0.500000,0
GRID,5431,0,0.440000,5.498672,-0.500000,0
GRID,5432,0,0.440000,5.327260,-0.500000,0
GRID,5433,0,0.440000,5.155848,-0.500000,0
GRID,5434,0,0.440000,4.984436,-0.500000,0
GRID,5435,0,0.440000,4.813024,-0.500000,0
GRID,5436,0,0.440000,4.641612,-0.500000,0
GRID,5437,0,0.440000,4.470200,-0.500000,0
GRID,5438,0,0.440000,4.298788,-0.500000,0
GRID,5439,0,0.440000,4.127376,-0.500000,0
GRID,5440,0,0.440000,3.955964,-0.500000,0
GRID,5441,0,0.440000,3.784552,-0.500000,0
GRID,5442,0,0.440000,3.613140,-0.500000,0
GRID,5443,0,0.440000,3.441728,-0.500000,0
GRID,5444,0,0.440000,3.270316,-0.500000,0
GRID,5445,0,0.440000,3.098904,-0.500000,0
GRID,5446,0,0.440000,2.927492,-0.500000,0
GRID,5447,0,0.440000,2.756080,-0.500000,0
GRID,5448,0,0.440000,2.584668,-0.500000,0
GRID,5449,0,0.440000,2.413256,-0.500000,0
GRID,5450,0,0.440000,2.241844,-0.500000,0
GRID,5451,0,0.440000,2.070432,-0.500000,0
GRID,5452,0,0.440000,1.899020,-0.500000,0
GRID,5453,0,0.440000,1.727608,-0.500000,0
GRID,5454,0,0.880000,8.755500,-0.500000,0
GRID,5455,0,0.880000,1.616400,-0.500000,0
GRID,5456,0,0.880000,8.584088,-0.500000,0
GRID,5457,0,0.880000,8.412676,-0.500000,0
GRID,5458,0,0.880000,8.241264,-0.500000,0
GRID,5459,0,0.880000,8.069852,-0.500000,0
GRID,5460,0,0.880000,7.898440,-0.500000,0
GRID,5461,0,0.880000,7.727028,-0.500000,0
GRID,5462,0,0.880000,7.555616,-0.500000,0
GRID,5463,0,0.880000,7.384204,-0.500000,0
GRID,5464,0,0.880000,7.212792,-0.500000,0
GRID,5465,0,0.880000,7.041380,-0.500000,0
GRID,5466,0,0.880000,6.869968,-0.500000,0
GRID,5467,0,0.880000,6.698556,-0.500000,0
GRID,5468,0,0.880000,6.527144,-0.500000,0
GRID,5469,0,0.880000,6.355732,-0.500000,0
GRID,5470,0,0.880000,6.184320,-0.500000,0
GRID,5471,0,0.880000,6.012908,-0.500000,0
GRID,5472,0,0.880000,5.841496,-0.500000,0
GRID,5473,0,0.880000,5.670084,-0.500000,0
GRID,5474,0,0.880000,5.498672,-0.500000,0
GRID,5475,0,0.880000,5.327260,-0.500000,0
GRID,5476,0,0.880000,5.155848,-0.500000,0
GRID,5477,0,0.880000,4.984436,-0.500000,0
GRID,5478,0,0.880000,4.813024,-0.500000,0
GRID,5479,0,0.880000,4.641612,-0.500000,0
GRID,5480,0,0.880000,4.470200,-0.500000,0
GRID,5481,0,0.880000,4.298788,-0.500000,0
GRID,5482,0,0.880000,4.127376,-0.500000,0
GRID,5483,0,0.880000,3.955964,-0.500000,0
GRID,5484,0,0.880000,3.784552,-0.500000,0
GRID,5485,0,0.880000,3.613140,-0.500000,0
GRID,5486,0,0.880000,3.441728,-0.500000,0
GRID,5487,0,0.880000,3.270316,-0.500000,0
GRID,5488,0,0.880000,3.098904,-0.500000,0
GRID,5489,0,0.880000,2.927492,-0.500000,0
GRID,5490,0,0.880000,2.756080,-0.500000,0
GRID,5491,0,0.880000,2.584668,-0.500000,0
GRID,5492,0,0.880000,2.413256,-0.500000,0
GRID,5493,0,0.880000,2.241844,-0.500000,0
GRID,5494,0,0.880000,2.070432,-0.500000,0
GRID,5495,0,0.880000,1.899020,-0.500000,0
GRID,5496,0,0.880000,1.727608,-0.500000,0
GRID,5497,0,1.230000,8.755500,-0.500000,0
GRID,5498,0,1.230000,1.616400,-0.500000,0
GRID,5499,0,1.230000,8.584088,-0.500000,0
GRID,5500,0,1.230000,8.412676,-0.500000,0
GRID,5501,0,1.230000,8.241264,-0.500000,0
GRID,5502,0,1.230000,8.069852,-0.500000,0
GRID,5503,0,1.230000,7.898440,-0.500000,0
GRID,5504,0,1.230000,7.727028,-0.500000,0
GRID,5505,0,1.230000,7.555616,-0.500000,0
GRID,5506,0,1.230000,7.384204,-0.500000,0
GRID,5507,0,1.230000,7.212792,-0.500000,0
GRID,5508,0,1.230000,7.041380,-0.500000,0
GRID,5509,0,1.230000,6.869968,-0.500000,0
GRID,5510,0,1.230000,6.698556,-0.500000,0
GRID,5511,0,1.230000,6.527144,-0.500000,0
GRID,5512,0,1.230000,6.355732,-0.500000,0
GRID,5513,0,1.230000,6.184320,-0.500000,0
GRID,5514,0,1.230000,6.012908,-0.500000,0
GRID,5515,0,1.230000,5.841496,-0.500000,0
GRID,5516,0,1.230000,5.670084,-0.500000,0
GRID,5517,0,1.230000,5.498672,-0.500000,0
GRID,5518,0,1.230000,5.327260,-0.500000,0
GRID,5519,0,1.230000,5.155848,-0.500000,0
GRID,5520,0,1.230000,4.984436,-0.500000,0
GRID,5521,0,1.230000,4.813024,-0.500000,0
GRID,5522,0,1.230000,4.641612,-0.500000,0
GRID,5523,0,1.230000,4.470200,-0.500000,0
GRID,5524,0,1.230000,4.298788,-0.500000,0
GRID,5525,0,1.230000,4.127376,-0.500000,0
GRID,5526,0,1.230000,3.955964,-0.500000,0
GRID,5527,0,1.230000,3.784552,-0.500000,0
GRID,5528,0,1.230000,3.613140,-0.500000,0
GRID,5529,0,1.230000,3.441728,-0.500000,0
GRID,5530,0,1.230000,3.270316,-0.500000,0
GRID,5531,0,1.230000,3.098904,-0.500000,0
GRID,5532,0,1.230000,2.927492,-0.500000,0
GRID,5533,0,1.230000,2.756080,-0.500000,0
GRID,5534,0,1.230000,2.584668,-0.500000,0
GRID,5535,0,1.230000,2.413256,-0.500000,0
GRID,5536,0,1.230000,2.241844,-0.500000,0
GRID,5537,0,1.230000,2.070432,-0.500000,0
GRID,5538,0,1.230000,1.899020,-0.500000,0
GRID,5539,0,1.230000,1.727608,-0.500000,0
GRID,5540,0,1.580000,8.755500,-0.500000,0
GRID,5541,0,1.580000,1.616400,-0.500000,0
GRID,5542,0,1.580000,8.584088,-0.500000,0
GRID,5543,0,1.580000,8.412676,-0.500000,0
GRID,5544,0,1.580000,8.241264,-0.500000,0
GRID,5545,0,1.580000,8.069852,-0.500000,0
GRID,5546,0,1.580000,7.898440,-0.500000,0
GRID,5547,0,1.580000,7.727028,-0.500000,0
GRID,5548,0,1.580000,7.555616,-0.500000,0
GRID,5549,0,1.580000,7.384204,-0.500000,0
GRID,5550,0,1.580000,7.212792,-0.500000,0
GRID,5551,0,1.580000,7.041380,-0.500000,0
GRID,5552,0,1.580000,6.869968,-0.500000,0
GRID,5553,0,1.580000,6.698556,-0.500000,0
GRID,5554,0,1.580000,6.527144,-0.500000,0
GRID,5555,0,1.580000,6.355732,-0.500000,0
GRID,5556,0,1.580000,6.184320,-0.500000,0
GRID,5557,0,1.580000,6.012908,-0.500000,0
GRID,5558,0,1.580000,5.841496,-0.500000,0
GRID,5559,0,1.580000,5.670084,-0.500000,0
GRID,5560,0,1.580000,5.498672,-0.500000,0
GRID,5561,0,1.580000,5.327260,-0.500000,0
GRID,5562,0,1.580000,5.155848,-0.500000,0
GRID,5563,0,1.580000,4.984436,-0.500000,0
GRID,5564,0,1.580000,4.813024,-0.500000,0
GRID,5565,0,1.580000,4.641612,-0.500000,0
GRID,5566,0,1.580000,4.470200,-0.500000,0
GRID,5567,0,1.580000,4.298788,-0.500000,0
GRID,5568,0,1.580000,4.127376,-0.500000,0
GRID,5569,0,1.580000,3.955964,-0.500000,0
GRID,5570,0,1.580000,3.784552,-0.500000,0
GRID,5571,0,1.580000,3.613140,-0.500000,0
GRID,5572,0,1.580000,3.441728,-0.500000,0
GRID,5573,0,1.580000,3.270316,-0.500000,0
GRID,5574,0,1.580000,3.098904,-0.500000,0
GRID,5575,0,1.580000,2.927492,-0.500000,0
GRID,5576,0,1.580000,2.756080,-0.500000,0
GRID,5577,0,1.580000,2.584668,-0.500000,0
GRID,5578,0,1.580000,2.413256,-0.500000,0
GRID,5579,0,1.580000,2.241844,-0.500000,0
GRID,5580,0,1.580000,2.070432,-0.500000,0
GRID,5581,0,1.580000,1.899020,-0.500000,0
GRID,5582,0,1.580000,1.727608,-0.500000,0
GRID,5583,0,1.930000,8.755500,-0.500000,0
GRID,5584,0,1.930000,1.616400,-0.500000,0
GRID,5585,0,1.930000,8.584088,-0.500000,0
GRID,5586,0,1.930000,8.412676,-0.500000,0
GRID,5587,0,1.930000,8.241264,-0.500000,0
GRID,5588,0,1.930000,8.069852,-0.500000,0
GRID,5589,0,1.930000,7.898440,-0.500000,0
GRID,5590,0,1.930000,7.727028,-0.500000,0
GRID,5591,0,1.930000,7.555616,-0.500000,0
GRID,5592,0,1.930000,7.384204,-0.500000,0
GRID,5593,0,1.930000,7.212792,-0.500000,0
GRID,5594,0,1.930000,7.041380,-0.500000,0
GRID,5595,0,1.930000,6.869968,-0.500000,0
GRID,5596,0,1.930000,6.698556,-0.500000,0
GRID,5597,0,1.930000,6.527144,-0.500000,0
GRID,5598,0,1.930000,6.355732,-0.500000,0
GRID,5599,0,1.930000,6.184320,-0.500000,0
GRID,5600,0,1.930000,6.012908,-0.500000,0
GRID,5601,0,1.930000,5.841496,-0.500000,0
GRID,5602,0,1.930000,5.670084,-0.500000,0
GRID,5603,0,1.930000,5.498672,-0.500000,0
GRID,5604,0,1.930000,5.327260,-0.500000,0
GRID,5605,0,1.930000,5.155848,-0.500000,0
GRID,5606,0,1.930000,4.984436,-0.500000,0
GRID,5607,0,1.930000,4.813024,-0.500000,0
GRID,5608,0,1.930000,4.641612,-0.500000,0
GRID,5609,0,1.930000,4.470200,-0.500000,0
GRID,5610,0,1.930000,4.298788,-0.500000,0
GRID,5611,0,1.930000,4.127376,-0.500000,0
GRID,5612,0,1.930000,3.955964,-0.500000,0
GRID,5613,0,1.930000,3.784552,-0.500000,0
GRID,5614,0,1.930000,3.613140,-0.500000,0
GRID,5615,0,1.930000,3.441728,-0.500000,0
GRID,5616,0,1.930000,3.270316,-0.500000,0
GRID,5617,0,1.930000,3.098904,-0.500000,0
GRID,5618,0,1.930000,2.927492,-0.500000,0
GRID,5619,0,1.930000,2.756080,-0.500000,0
GRID,5620,0,1.930000,2.584668,-0.500000,0
GRID,5621,0,1.930000,2.413256,-0.500000,0
GRID,5622,0,1.930000,2.241844,-0.500000,0
GRID,5623,0,1.930000,2.070432,-0.500000,0
GRID,5624,0,1.930000,1.899020,-0.500000,0
GRID,5625,0,1.930000,1.727608,-0.500000,0
GRID,5626,0,2.280000,8.755500,-0.500000,0
GRID,5627,0,2.280000,1.616400,-0.500000,0
GRID,5628,0,2.280000,8.584088,-0.500000,0
GRID,5629,0,2.280000,8.412676,-0.500000,0
GRID,5630,0,2.280000,8.241264,-0.500000,0
GRID,5631,0,2.280000,8.069852,-0.500000,0
GRID,5632,0,2.280000,7.898440,-0.500000,0
GRID,5633,0,2.280000,7.727028,-0.500000,0
GRID,5634,0,2.280000,7.555616,-0.500000,0
GRID,5635,0,2.280000,7.384204,-0.500000,0
GRID,5636,0,2.280000,7.212792,-0.500000,0
GRID,5637,0,2.280000,7.041380,-0.500000,0
GRID,5638,0,2.280000,6.869968,-0.500000,0
GRID,5639,0,2.280000,6.698556,-0.500000,0
GRID,5640,0,2.280000,6.527144,-0.500000,0
GRID,5641,0,2.280000,6.355732,-0.500000,0
GRID,5642,0,2.280000,6.184320,-0.500000,0
GRID,5643,0,2.280000,6.012908,-0.500000,0
GRID,5644,0,2.280000,5.841496,-0.500000,0
GRID,5645,0,2.280000,5.670084,-0.500000,0
GRID,5646,0,2.280000,5.498672,-0.500000,0
GRID,5647,0,2.280000,5.327260,-0.500000,0
GRID,5648,0,2.280000,5.155848,-0.500000,0
GRID,5649,0,2.280000,4.984436,-0.500000,0
GRID,5650,0,2.280000,4.813024,-0.500000,0
GRID,5651,0,2.280000,4.641612,-0.500000,0
GRID,5652,0,2.280000,4.470200,-0.500000,0
GRID,5653,0,2.280000,4.298788,-0.500000,0
GRID,5654,0,2.280000,4.127376,-0.500000,0
GRID,5655,0,2.280000,3.955964,-0.500000,0
GRID,5656,0,2.280000,3.784552,-0.500000,0
GRID,5657,0,2.280000,3.613140,-0.500000,0
GRID,5658,0,2.280000,3.441728,-0.500000,0
GRID,5659,0,2.280000,3.270316,-0.500000,0
GRID,5660,0,2.280000,3.098904,-0.500000,0
GRID,5661,0,2.280000,2.927492,-0.500000,0
GRID,5662,0,2.280000,2.756080,-0.500000,0
GRID,5663,0,2.280000,2.584668,-0.500000,0
GRID,5664,0,2.280000,2.413256,-0.500000,0
GRID,5665,0,2.280000,2.241844,-0.500000,0
GRID,5666,0,2.280000,2.070432,-0.500000,0
GRID,5667,0,2.280000,1.899020,-0.500000,0
GRID,5668,0,2.280000,1.727608,-0.500000,0
GRID,5669,0,2.630000,8.755500,-0.500000,0
GRID,5670,0,2.630000,1.616400,-0.500000,0
GRID,5671,0,2.630000,8.584088,-0.500000,0
GRID,5672,0,2.630000,8.412676,-0.500000,0
GRID,5673,0,2.630000,8.241264,-0.500000,0
GRID,5674,0,2.630000,8.069852,-0.500000,0
GRID,5675,0,2.630000,7.898440,-0.500000,0
GRID,5676,0,2.630000,7.727028,-0.500000,0
GRID,5677,0,2.630000,7.555616,-0.500000,0
GRID,5678,0,2.630000,7.384204,-0.500000,0
GRID,5679,0,2.630000,7.212792,-0.500000,0
GRID,5680,0,2.630000,7.041380,-0.500000,0
GRID,5681,0,2.630000,6.869968,-0.500000,0
GRID,5682,0,2.630000,6.698556,-0.500000,0
GRID,5683,0,2.630000,6.527144,-0.500000,0
GRID,5684,0,2.630000,6.355732,-0.500000,0
GRID,5685,0,2.630000,6.184320,-0.500000,0
GRID,5686,0,2.630000,6.012908,-0.500000,0
GRID,5687,0,2.630000,5.841496,-0.500000,0
GRID,5688,0,2.630000,5.670084,-0.500000,0
GRID,5689,0,2.630000,5.498672,-0.500000,0
GRID,5690,0,2.630000,5.327260,-0.500000,0
GRID,5691,0,2.630000,5.155848,-0.500000,0
GRID,5692,0,2.630000,4.984436,-0.500000,0
GRID,5693,0,2.630000,4.813024,-0.500000,0
GRID,5694,0,2.630000,4.641612,-0.500000,0
GRID,5695,0,2.630000,4.470200,-0.500000,0
GRID,5696,0,2.630000,4.298788,-0.500000,0
GRID,5697,0,2.630000,4.127376,-0.500000,0
GRID,5698,0,2.630000,3.955964,-0.500000,0
GRID,5699,0,2.630000,3.784552,-0.500000,0
GRID,5700,0,2.630000,3.613140,-0.500000,0
GRID,5701,0,2.630000,3.441728,-0.500000,0
GRID,5702,0,2.630000,3.270316,-0.500000,0
GRID,5703,0,2.630000,3.098904,-0.500000,0
GRID,5704,0,2.630000,2.927492,-0.500000,0
GRID,5705,0,2.630000,2.756080,-0.500000,0
GRID,5706,0,2.630000,2.584668,-0.500000,0
GRID,5707,0,2.630000,2.413256,-0.500000,0
GRID,5708,0,2.630000,2.241844,-0.500000,0
GRID,5709,0,2.630000,2.070432,-0.500000,0
GRID,5710,0,2.630000,1.899020,-0.500000,0
GRID,5711,0,2.630000,1.727608,-0.500000,0
GRID,5712,0,2.980000,8.755500,-0.500000,0
GRID,5713,0,2.980000,1.616400,-0.500000,0
GRID,5714,0,2.980000,8.584088,-0.500000,0
GRID,5715,0,2.980000,8.412676,-0.500000,0
GRID,5716,0,2.980000,8.241264,-0.500000,0
GRID,5717,0,2.980000,8.069852,-0.500000,0
GRID,5718,0,2.980000,7.898440,-0.500000,0
GRID,5719,0,2.980000,7.727028,-0.500000,0
GRID,5720,0,2.980000,7.555616,-0.500000,0
GRID,5721,0,2.980000,7.384204,-0.500000,0
GRID,5722,0,2.980000,7.212792,-0.500000,0
GRID,5723,0,2.980000,7.041380,-0.500000,0
GRID,5724,0,2.980000,6.869968,-0.500000,0
GRID,5725,0,2.980000,6.698556,-0.500000,0
GRID,5726,0,2.980000,6.527144,-0.500000,0
GRID,5727,0,2.980000,6.355732,-0.500000,0
GRID,5728,0,2.980000,6.184320,-0.500000,0
GRID,5729,0,2.980000,6.012908,-0.500000,0
GRID,5730,0,2.980000,5.841496,-0.500000,0
GRID,5731,0,2.980000,5.670084,-0.500000,0
GRID,5732,0,2.980000,5.498672,-0.500000,0
GRID,5733,0,2.980000,5.327260,-0.500000,0
GRID,5734,0,2.980000,5.155848,-0.500000,0
GRID,5735,0,2.980000,4.984436,-0.500000,0
GRID,5736,0,2.980000,4.813024,-0.500000,0
GRID,5737,0,2.980000,4.641612,-0.500000,0
GRID,5738,0,2.980000,4.470200,-0.500000,0
GRID,5739,0,2.980000,4.298788,-0.500000,0
GRID,5740,0,2.980000,4.127376,-0.500000,0
GRID,5741,0,2.980000,3.955964,-0.500000,0
GRID,5742,0,2.980000,3.784552,-0.500000,0
GRID,5743,0,2.980000,3.613140,-0.500000,0
GRID,5744,0,2.980000,3.441728,-0.500000,0
GRID,5745,0,2.980000,3.270316,-0.500000,0
GRID,5746,0,2.980000,3.098904,-0.500000,0
GRID,5747,0,2.980000,2.927492,-0.500000,0
GRID,5748,0,2.980000,2.756080,-0.500000,0
GRID,5749,0,2.980000,2.584668,-0.500000,0
GRID,5750,0,2.980000,2.413256,-0.500000,0
GRID,5751,0,2.980000,2.241844,-0.500000,0
GRID,5752,0,2.980000,2.070432,-0.500000,0
GRID,5753,0,2.980000,1.899020,-0.500000,0
GRID,5754,0,2.980000,1.727608,-0.500000,0
ENDDATA
